ISO-10303-21;
HEADER;
/* Generated by software containing ST-Developer
 * from STEP Tools, Inc. (www.steptools.com) 
 */
/* OPTION: using custom renumber hook */

FILE_DESCRIPTION(
/* description */ ('STEP AP242 Edition 2',
'CAx-IF Rec.Pracs.---Representation and Presentation of Product Manufa
cturing Information (PMI)---4.0---2014-10-13',
'CAx-IF Rec.Pracs.---3D Tessellated Geometry---0.4---2014-09-14','2;1',
'CAx-IF Rec.Pracs.---User Defined Attributes---1.5---2016-08-15'),
/* implementation_level */ '2;1');

FILE_NAME(
/* name */ 'Cubby Legs - Cubby Legs Spacer',
/* time_stamp */ '2026-10-06T02:23:34Z',
/* author */ (''),
/* organization */ (''),
/* preprocessor_version */ 'ST-DEVELOPER v20',
/* originating_system */ 'ONSHAPE BY PTC INC, 1.221',
/* authorisation */ '  ');

FILE_SCHEMA (('AP242_MANAGED_MODEL_BASED_3D_ENGINEERING_MIM_LF { 1 0 10303 442 3 1 4 }'));
ENDSEC;

DATA;
#10=SHAPE_REPRESENTATION_RELATIONSHIP('','',#1387,#11);
#11=ADVANCED_BREP_SHAPE_REPRESENTATION('',(#1385),#2493);
#12=TOROIDAL_SURFACE('',#1554,0.006,0.001);
#13=TOROIDAL_SURFACE('',#1555,0.006,0.001);
#14=TOROIDAL_SURFACE('',#1556,0.006,0.001);
#15=(
BOUNDED_SURFACE()
B_SPLINE_SURFACE(3,2,((#2309,#2310,#2311),(#2312,#2313,#2314),(#2315,#2316,
#2317),(#2318,#2319,#2320),(#2321,#2322,#2323)),.UNSPECIFIED.,.F.,.F.,.F.)
B_SPLINE_SURFACE_WITH_KNOTS((4,1,4),(3,3),(1.5707963267949,2.35619449019234,
3.14159265358979),(0.,1.),.UNSPECIFIED.)
GEOMETRIC_REPRESENTATION_ITEM()
RATIONAL_B_SPLINE_SURFACE(((1.,0.707106781186538,1.),(1.,0.772556629838645,
1.),(1.,0.883832726394556,1.),(1.,0.923879532509978,1.),(1.,0.923879532511286,
1.)))
REPRESENTATION_ITEM('')
SURFACE()
);
#16=(
BOUNDED_SURFACE()
B_SPLINE_SURFACE(3,2,((#2325,#2326,#2327),(#2328,#2329,#2330),(#2331,#2332,
#2333),(#2334,#2335,#2336),(#2337,#2338,#2339)),.UNSPECIFIED.,.F.,.F.,.F.)
B_SPLINE_SURFACE_WITH_KNOTS((4,1,4),(3,3),(3.14159265358979,3.92699081698724,
4.71238898038469),(0.,1.),.UNSPECIFIED.)
GEOMETRIC_REPRESENTATION_ITEM()
RATIONAL_B_SPLINE_SURFACE(((1.,0.923879532511286,1.),(1.,0.923879532509978,
1.),(1.,0.88383272639433,1.),(1.,0.772556629839096,1.),(1.,0.707106781186538,
1.)))
REPRESENTATION_ITEM('')
SURFACE()
);
#17=(
BOUNDED_SURFACE()
B_SPLINE_SURFACE(3,2,((#2347,#2348,#2349),(#2350,#2351,#2352),(#2353,#2354,
#2355),(#2356,#2357,#2358),(#2359,#2360,#2361),(#2362,#2363,#2364),(#2365,
#2366,#2367)),.UNSPECIFIED.,.F.,.F.,.F.)
B_SPLINE_SURFACE_WITH_KNOTS((4,1,1,1,4),(3,3),(1.5707963267949,2.10368074750032,
2.63656516820575,3.16944958891118,3.7023340096166),(0.,1.),
 .UNSPECIFIED.)
GEOMETRIC_REPRESENTATION_ITEM()
RATIONAL_B_SPLINE_SURFACE(((1.,0.707106781186541,1.),(1.,0.751513817403066,
1.),(1.,0.831620599849586,1.),(1.,0.908372784776147,1.),(1.,0.932941914460053,
1.),(1.,0.912774847997969,1.),(1.,0.894097649164654,1.)))
REPRESENTATION_ITEM('')
SURFACE()
);
#18=(
BOUNDED_SURFACE()
B_SPLINE_SURFACE(3,2,((#2377,#2378,#2379),(#2380,#2381,#2382),(#2383,#2384,
#2385),(#2386,#2387,#2388),(#2389,#2390,#2391)),.UNSPECIFIED.,.F.,.F.,.F.)
B_SPLINE_SURFACE_WITH_KNOTS((4,1,4),(3,3),(0.,0.785398163397448,1.5707963267949),
(0.,1.),.UNSPECIFIED.)
GEOMETRIC_REPRESENTATION_ITEM()
RATIONAL_B_SPLINE_SURFACE(((1.,0.923879532511286,1.),(1.,0.923879532509978,
1.),(1.,0.883832726393632,1.),(1.,0.772556629840493,1.),(1.,0.707106781186536,
1.)))
REPRESENTATION_ITEM('')
SURFACE()
);
#19=(
BOUNDED_SURFACE()
B_SPLINE_SURFACE(3,2,((#2404,#2405,#2406),(#2407,#2408,#2409),(#2410,#2411,
#2412),(#2413,#2414,#2415),(#2416,#2417,#2418)),.UNSPECIFIED.,.F.,.F.,.F.)
B_SPLINE_SURFACE_WITH_KNOTS((4,1,4),(3,3),(4.71238898038469,5.49778714378214,
6.28318530717959),(0.,1.),.UNSPECIFIED.)
GEOMETRIC_REPRESENTATION_ITEM()
RATIONAL_B_SPLINE_SURFACE(((1.,0.707106781186538,1.),(1.,0.772556629838603,
1.),(1.,0.883832726394576,1.),(1.,0.923879532509978,1.),(1.,0.923879532511286,
1.)))
REPRESENTATION_ITEM('')
SURFACE()
);
#20=(
BOUNDED_SURFACE()
B_SPLINE_SURFACE(3,2,((#2433,#2434,#2435),(#2436,#2437,#2438),(#2439,#2440,
#2441),(#2442,#2443,#2444),(#2445,#2446,#2447),(#2448,#2449,#2450),(#2451,
#2452,#2453)),.UNSPECIFIED.,.F.,.F.,.F.)
B_SPLINE_SURFACE_WITH_KNOTS((4,1,1,1,4),(3,3),(5.72244395115278,6.2553283718582,
6.78821279256363,7.32109721326906,7.85398163397448),(0.,1.),
 .UNSPECIFIED.)
GEOMETRIC_REPRESENTATION_ITEM()
RATIONAL_B_SPLINE_SURFACE(((1.,0.894097649164655,1.),(1.,0.912774847998196,
1.),(1.,0.932941914459927,1.),(1.,0.908372784776256,1.),(1.,0.831620599849291,
1.),(1.,0.751513817403681,1.),(1.,0.707106781186543,1.)))
REPRESENTATION_ITEM('')
SURFACE()
);
#21=SPHERICAL_SURFACE('',#1458,0.001);
#22=SPHERICAL_SURFACE('',#1464,0.001);
#23=SPHERICAL_SURFACE('',#1500,0.001);
#24=SPHERICAL_SURFACE('',#1514,0.001);
#25=SPHERICAL_SURFACE('',#1517,0.001);
#26=SPHERICAL_SURFACE('',#1528,0.001);
#27=SPHERICAL_SURFACE('',#1531,0.001);
#28=SPHERICAL_SURFACE('',#1541,0.001);
#29=SPHERICAL_SURFACE('',#1543,0.001);
#30=SPHERICAL_SURFACE('',#1551,0.001);
#31=B_SPLINE_CURVE_WITH_KNOTS('',3,(#2222,#2223,#2224,#2225),
 .UNSPECIFIED.,.F.,.F.,(4,4),(0.,0.00114618354767029),.UNSPECIFIED.);
#32=B_SPLINE_CURVE_WITH_KNOTS('',3,(#2235,#2236,#2237,#2238),
 .UNSPECIFIED.,.F.,.F.,(4,4),(0.,0.00114515314707239),.UNSPECIFIED.);
#33=LINE('',#2023,#135);
#34=LINE('',#2025,#136);
#35=LINE('',#2027,#137);
#36=LINE('',#2031,#138);
#37=LINE('',#2035,#139);
#38=LINE('',#2037,#140);
#39=LINE('',#2039,#141);
#40=LINE('',#2041,#142);
#41=LINE('',#2043,#143);
#42=LINE('',#2045,#144);
#43=LINE('',#2047,#145);
#44=LINE('',#2049,#146);
#45=LINE('',#2051,#147);
#46=LINE('',#2055,#148);
#47=LINE('',#2057,#149);
#48=LINE('',#2062,#150);
#49=LINE('',#2063,#151);
#50=LINE('',#2066,#152);
#51=LINE('',#2068,#153);
#52=LINE('',#2072,#154);
#53=LINE('',#2079,#155);
#54=LINE('',#2083,#156);
#55=LINE('',#2085,#157);
#56=LINE('',#2087,#158);
#57=LINE('',#2089,#159);
#58=LINE('',#2091,#160);
#59=LINE('',#2092,#161);
#60=LINE('',#2094,#162);
#61=LINE('',#2097,#163);
#62=LINE('',#2099,#164);
#63=LINE('',#2103,#165);
#64=LINE('',#2107,#166);
#65=LINE('',#2109,#167);
#66=LINE('',#2111,#168);
#67=LINE('',#2113,#169);
#68=LINE('',#2115,#170);
#69=LINE('',#2118,#171);
#70=LINE('',#2120,#172);
#71=LINE('',#2122,#173);
#72=LINE('',#2124,#174);
#73=LINE('',#2127,#175);
#74=LINE('',#2129,#176);
#75=LINE('',#2131,#177);
#76=LINE('',#2133,#178);
#77=LINE('',#2135,#179);
#78=LINE('',#2137,#180);
#79=LINE('',#2141,#181);
#80=LINE('',#2145,#182);
#81=LINE('',#2148,#183);
#82=LINE('',#2150,#184);
#83=LINE('',#2152,#185);
#84=LINE('',#2157,#186);
#85=LINE('',#2162,#187);
#86=LINE('',#2164,#188);
#87=LINE('',#2165,#189);
#88=LINE('',#2167,#190);
#89=LINE('',#2169,#191);
#90=LINE('',#2172,#192);
#91=LINE('',#2175,#193);
#92=LINE('',#2177,#194);
#93=LINE('',#2179,#195);
#94=LINE('',#2181,#196);
#95=LINE('',#2183,#197);
#96=LINE('',#2185,#198);
#97=LINE('',#2188,#199);
#98=LINE('',#2190,#200);
#99=LINE('',#2192,#201);
#100=LINE('',#2194,#202);
#101=LINE('',#2197,#203);
#102=LINE('',#2199,#204);
#103=LINE('',#2201,#205);
#104=LINE('',#2203,#206);
#105=LINE('',#2206,#207);
#106=LINE('',#2208,#208);
#107=LINE('',#2210,#209);
#108=LINE('',#2212,#210);
#109=LINE('',#2215,#211);
#110=LINE('',#2217,#212);
#111=LINE('',#2219,#213);
#112=LINE('',#2221,#214);
#113=LINE('',#2227,#215);
#114=LINE('',#2229,#216);
#115=LINE('',#2231,#217);
#116=LINE('',#2233,#218);
#117=LINE('',#2240,#219);
#118=LINE('',#2242,#220);
#119=LINE('',#2244,#221);
#120=LINE('',#2246,#222);
#121=LINE('',#2250,#223);
#122=LINE('',#2252,#224);
#123=LINE('',#2254,#225);
#124=LINE('',#2256,#226);
#125=LINE('',#2259,#227);
#126=LINE('',#2262,#228);
#127=LINE('',#2263,#229);
#128=LINE('',#2265,#230);
#129=LINE('',#2267,#231);
#130=LINE('',#2269,#232);
#131=LINE('',#2271,#233);
#132=LINE('',#2273,#234);
#133=LINE('',#2275,#235);
#134=LINE('',#2277,#236);
#135=VECTOR('',#1587,1.);
#136=VECTOR('',#1588,1.);
#137=VECTOR('',#1589,1.);
#138=VECTOR('',#1592,1.);
#139=VECTOR('',#1595,1.);
#140=VECTOR('',#1596,1.);
#141=VECTOR('',#1597,1.);
#142=VECTOR('',#1598,1.);
#143=VECTOR('',#1599,1.);
#144=VECTOR('',#1600,1.);
#145=VECTOR('',#1601,1.);
#146=VECTOR('',#1602,1.);
#147=VECTOR('',#1603,1.);
#148=VECTOR('',#1606,1.);
#149=VECTOR('',#1609,1.);
#150=VECTOR('',#1612,1.);
#151=VECTOR('',#1613,1.);
#152=VECTOR('',#1614,1.);
#153=VECTOR('',#1615,1.);
#154=VECTOR('',#1618,1.);
#155=VECTOR('',#1625,1.);
#156=VECTOR('',#1628,1.);
#157=VECTOR('',#1631,1.);
#158=VECTOR('',#1632,1.);
#159=VECTOR('',#1633,1.);
#160=VECTOR('',#1636,1.);
#161=VECTOR('',#1637,1.);
#162=VECTOR('',#1640,1.);
#163=VECTOR('',#1641,1.);
#164=VECTOR('',#1642,1.);
#165=VECTOR('',#1645,1.);
#166=VECTOR('',#1648,1.);
#167=VECTOR('',#1649,1.);
#168=VECTOR('',#1650,1.);
#169=VECTOR('',#1651,1.);
#170=VECTOR('',#1654,1.);
#171=VECTOR('',#1655,1.);
#172=VECTOR('',#1656,1.);
#173=VECTOR('',#1657,1.);
#174=VECTOR('',#1660,1.);
#175=VECTOR('',#1661,1.);
#176=VECTOR('',#1662,1.);
#177=VECTOR('',#1663,1.);
#178=VECTOR('',#1664,1.);
#179=VECTOR('',#1665,1.);
#180=VECTOR('',#1666,1.);
#181=VECTOR('',#1669,1.);
#182=VECTOR('',#1674,1.);
#183=VECTOR('',#1675,1.);
#184=VECTOR('',#1676,1.);
#185=VECTOR('',#1677,1.);
#186=VECTOR('',#1684,1.);
#187=VECTOR('',#1691,1.);
#188=VECTOR('',#1692,1.);
#189=VECTOR('',#1693,1.);
#190=VECTOR('',#1694,1.);
#191=VECTOR('',#1697,1.);
#192=VECTOR('',#1698,1.);
#193=VECTOR('',#1703,1.);
#194=VECTOR('',#1704,1.);
#195=VECTOR('',#1705,1.);
#196=VECTOR('',#1706,1.);
#197=VECTOR('',#1707,1.);
#198=VECTOR('',#1710,1.);
#199=VECTOR('',#1711,1.);
#200=VECTOR('',#1712,1.);
#201=VECTOR('',#1713,1.);
#202=VECTOR('',#1716,1.);
#203=VECTOR('',#1717,1.);
#204=VECTOR('',#1718,1.);
#205=VECTOR('',#1719,1.);
#206=VECTOR('',#1722,1.);
#207=VECTOR('',#1723,1.);
#208=VECTOR('',#1724,1.);
#209=VECTOR('',#1725,1.);
#210=VECTOR('',#1728,1.);
#211=VECTOR('',#1729,1.);
#212=VECTOR('',#1730,1.);
#213=VECTOR('',#1731,1.);
#214=VECTOR('',#1734,1.);
#215=VECTOR('',#1735,1.);
#216=VECTOR('',#1738,1.);
#217=VECTOR('',#1739,1.);
#218=VECTOR('',#1740,1.);
#219=VECTOR('',#1743,1.);
#220=VECTOR('',#1744,1.);
#221=VECTOR('',#1745,1.);
#222=VECTOR('',#1748,1.);
#223=VECTOR('',#1751,1.);
#224=VECTOR('',#1754,1.);
#225=VECTOR('',#1755,1.);
#226=VECTOR('',#1758,1.);
#227=VECTOR('',#1763,1.);
#228=VECTOR('',#1764,1.);
#229=VECTOR('',#1765,1.);
#230=VECTOR('',#1768,1.);
#231=VECTOR('',#1769,1.);
#232=VECTOR('',#1772,1.);
#233=VECTOR('',#1773,1.);
#234=VECTOR('',#1774,1.);
#235=VECTOR('',#1777,1.);
#236=VECTOR('',#1778,1.);
#237=ELLIPSE('',#1402,0.00282842712474619,0.002);
#238=ELLIPSE('',#1403,0.00282842712474619,0.002);
#239=ELLIPSE('',#1404,0.00282842712474619,0.002);
#240=ELLIPSE('',#1405,0.00282842712474619,0.002);
#241=ELLIPSE('',#1408,0.00141421356237309,0.001);
#242=ELLIPSE('',#1409,0.00141421356237309,0.001);
#243=ELLIPSE('',#1416,0.00141421356237309,0.001);
#244=ELLIPSE('',#1417,0.00282842712474619,0.002);
#245=ELLIPSE('',#1420,0.00282842712474619,0.002);
#246=ELLIPSE('',#1421,0.0014142135623731,0.001);
#247=ELLIPSE('',#1468,0.00108239220029239,0.001);
#248=ELLIPSE('',#1470,0.00223606797749979,0.001);
#249=ELLIPSE('',#1475,0.00223606797749979,0.001);
#250=ELLIPSE('',#1479,0.0014142135623731,0.001);
#251=ELLIPSE('',#1483,0.00141421356237309,0.001);
#252=ELLIPSE('',#1484,0.0022360679774998,0.001);
#253=ELLIPSE('',#1486,0.00223606797749979,0.001);
#254=ELLIPSE('',#1490,0.00108239220029239,0.001);
#255=ELLIPSE('',#1492,0.00108239220029239,0.001);
#256=ELLIPSE('',#1497,0.00223606797749979,0.001);
#257=ELLIPSE('',#1504,0.00108239220029239,0.001);
#258=ELLIPSE('',#1519,0.00223606797749979,0.001);
#259=ELLIPSE('',#1527,0.00108239220029239,0.001);
#260=ELLIPSE('',#1550,0.00108239220029239,0.001);
#261=PLANE('',#1398);
#262=PLANE('',#1406);
#263=PLANE('',#1413);
#264=PLANE('',#1414);
#265=PLANE('',#1415);
#266=PLANE('',#1418);
#267=PLANE('',#1419);
#268=PLANE('',#1422);
#269=PLANE('',#1423);
#270=PLANE('',#1428);
#271=PLANE('',#1429);
#272=PLANE('',#1432);
#273=PLANE('',#1433);
#274=PLANE('',#1434);
#275=PLANE('',#1435);
#276=PLANE('',#1436);
#277=PLANE('',#1437);
#278=PLANE('',#1438);
#279=PLANE('',#1441);
#280=PLANE('',#1442);
#281=PLANE('',#1443);
#282=PLANE('',#1444);
#283=PLANE('',#1445);
#284=PLANE('',#1446);
#285=PLANE('',#1447);
#286=PLANE('',#1448);
#287=PLANE('',#1450);
#288=PLANE('',#1452);
#289=ORIENTED_EDGE('',*,*,#669,.F.);
#290=ORIENTED_EDGE('',*,*,#670,.T.);
#291=ORIENTED_EDGE('',*,*,#671,.F.);
#292=ORIENTED_EDGE('',*,*,#672,.T.);
#293=ORIENTED_EDGE('',*,*,#673,.F.);
#294=ORIENTED_EDGE('',*,*,#674,.T.);
#295=ORIENTED_EDGE('',*,*,#675,.T.);
#296=ORIENTED_EDGE('',*,*,#676,.T.);
#297=ORIENTED_EDGE('',*,*,#677,.T.);
#298=ORIENTED_EDGE('',*,*,#678,.F.);
#299=ORIENTED_EDGE('',*,*,#679,.T.);
#300=ORIENTED_EDGE('',*,*,#680,.T.);
#301=ORIENTED_EDGE('',*,*,#681,.T.);
#302=ORIENTED_EDGE('',*,*,#682,.F.);
#303=ORIENTED_EDGE('',*,*,#683,.T.);
#304=ORIENTED_EDGE('',*,*,#684,.F.);
#305=ORIENTED_EDGE('',*,*,#685,.T.);
#306=ORIENTED_EDGE('',*,*,#686,.T.);
#307=ORIENTED_EDGE('',*,*,#687,.T.);
#308=ORIENTED_EDGE('',*,*,#688,.T.);
#309=ORIENTED_EDGE('',*,*,#689,.T.);
#310=ORIENTED_EDGE('',*,*,#690,.T.);
#311=ORIENTED_EDGE('',*,*,#691,.T.);
#312=ORIENTED_EDGE('',*,*,#692,.T.);
#313=ORIENTED_EDGE('',*,*,#693,.T.);
#314=ORIENTED_EDGE('',*,*,#694,.F.);
#315=ORIENTED_EDGE('',*,*,#695,.T.);
#316=ORIENTED_EDGE('',*,*,#696,.T.);
#317=ORIENTED_EDGE('',*,*,#697,.F.);
#318=ORIENTED_EDGE('',*,*,#698,.F.);
#319=ORIENTED_EDGE('',*,*,#699,.T.);
#320=ORIENTED_EDGE('',*,*,#700,.T.);
#321=ORIENTED_EDGE('',*,*,#701,.F.);
#322=ORIENTED_EDGE('',*,*,#702,.T.);
#323=ORIENTED_EDGE('',*,*,#703,.F.);
#324=ORIENTED_EDGE('',*,*,#704,.T.);
#325=ORIENTED_EDGE('',*,*,#705,.T.);
#326=ORIENTED_EDGE('',*,*,#706,.F.);
#327=ORIENTED_EDGE('',*,*,#707,.T.);
#328=ORIENTED_EDGE('',*,*,#708,.T.);
#329=ORIENTED_EDGE('',*,*,#706,.T.);
#330=ORIENTED_EDGE('',*,*,#709,.F.);
#331=ORIENTED_EDGE('',*,*,#710,.F.);
#332=ORIENTED_EDGE('',*,*,#711,.F.);
#333=ORIENTED_EDGE('',*,*,#712,.T.);
#334=ORIENTED_EDGE('',*,*,#708,.F.);
#335=ORIENTED_EDGE('',*,*,#713,.T.);
#336=ORIENTED_EDGE('',*,*,#710,.T.);
#337=ORIENTED_EDGE('',*,*,#714,.T.);
#338=ORIENTED_EDGE('',*,*,#715,.T.);
#339=ORIENTED_EDGE('',*,*,#716,.T.);
#340=ORIENTED_EDGE('',*,*,#717,.T.);
#341=ORIENTED_EDGE('',*,*,#718,.F.);
#342=ORIENTED_EDGE('',*,*,#719,.T.);
#343=ORIENTED_EDGE('',*,*,#720,.T.);
#344=ORIENTED_EDGE('',*,*,#721,.T.);
#345=ORIENTED_EDGE('',*,*,#722,.T.);
#346=ORIENTED_EDGE('',*,*,#723,.T.);
#347=ORIENTED_EDGE('',*,*,#724,.T.);
#348=ORIENTED_EDGE('',*,*,#725,.T.);
#349=ORIENTED_EDGE('',*,*,#726,.T.);
#350=ORIENTED_EDGE('',*,*,#727,.T.);
#351=ORIENTED_EDGE('',*,*,#728,.F.);
#352=ORIENTED_EDGE('',*,*,#729,.T.);
#353=ORIENTED_EDGE('',*,*,#730,.T.);
#354=ORIENTED_EDGE('',*,*,#731,.T.);
#355=ORIENTED_EDGE('',*,*,#732,.T.);
#356=ORIENTED_EDGE('',*,*,#733,.T.);
#357=ORIENTED_EDGE('',*,*,#734,.T.);
#358=ORIENTED_EDGE('',*,*,#735,.T.);
#359=ORIENTED_EDGE('',*,*,#736,.T.);
#360=ORIENTED_EDGE('',*,*,#737,.T.);
#361=ORIENTED_EDGE('',*,*,#738,.F.);
#362=ORIENTED_EDGE('',*,*,#739,.T.);
#363=ORIENTED_EDGE('',*,*,#740,.T.);
#364=ORIENTED_EDGE('',*,*,#741,.T.);
#365=ORIENTED_EDGE('',*,*,#713,.F.);
#366=ORIENTED_EDGE('',*,*,#707,.F.);
#367=ORIENTED_EDGE('',*,*,#711,.T.);
#368=ORIENTED_EDGE('',*,*,#726,.F.);
#369=ORIENTED_EDGE('',*,*,#742,.T.);
#370=ORIENTED_EDGE('',*,*,#723,.F.);
#371=ORIENTED_EDGE('',*,*,#743,.T.);
#372=ORIENTED_EDGE('',*,*,#744,.T.);
#373=ORIENTED_EDGE('',*,*,#745,.T.);
#374=ORIENTED_EDGE('',*,*,#731,.F.);
#375=ORIENTED_EDGE('',*,*,#746,.T.);
#376=ORIENTED_EDGE('',*,*,#744,.F.);
#377=ORIENTED_EDGE('',*,*,#747,.T.);
#378=ORIENTED_EDGE('',*,*,#748,.T.);
#379=ORIENTED_EDGE('',*,*,#703,.T.);
#380=ORIENTED_EDGE('',*,*,#749,.T.);
#381=ORIENTED_EDGE('',*,*,#750,.T.);
#382=ORIENTED_EDGE('',*,*,#671,.T.);
#383=ORIENTED_EDGE('',*,*,#669,.T.);
#384=ORIENTED_EDGE('',*,*,#673,.T.);
#385=ORIENTED_EDGE('',*,*,#751,.T.);
#386=ORIENTED_EDGE('',*,*,#752,.T.);
#387=ORIENTED_EDGE('',*,*,#716,.F.);
#388=ORIENTED_EDGE('',*,*,#753,.T.);
#389=ORIENTED_EDGE('',*,*,#738,.T.);
#390=ORIENTED_EDGE('',*,*,#754,.T.);
#391=ORIENTED_EDGE('',*,*,#728,.T.);
#392=ORIENTED_EDGE('',*,*,#755,.T.);
#393=ORIENTED_EDGE('',*,*,#756,.T.);
#394=ORIENTED_EDGE('',*,*,#757,.T.);
#395=ORIENTED_EDGE('',*,*,#758,.T.);
#396=ORIENTED_EDGE('',*,*,#759,.T.);
#397=ORIENTED_EDGE('',*,*,#760,.T.);
#398=ORIENTED_EDGE('',*,*,#761,.T.);
#399=ORIENTED_EDGE('',*,*,#762,.T.);
#400=ORIENTED_EDGE('',*,*,#763,.T.);
#401=ORIENTED_EDGE('',*,*,#764,.T.);
#402=ORIENTED_EDGE('',*,*,#765,.T.);
#403=ORIENTED_EDGE('',*,*,#766,.T.);
#404=ORIENTED_EDGE('',*,*,#767,.T.);
#405=ORIENTED_EDGE('',*,*,#768,.T.);
#406=ORIENTED_EDGE('',*,*,#769,.T.);
#407=ORIENTED_EDGE('',*,*,#770,.T.);
#408=ORIENTED_EDGE('',*,*,#771,.T.);
#409=ORIENTED_EDGE('',*,*,#772,.T.);
#410=ORIENTED_EDGE('',*,*,#773,.T.);
#411=ORIENTED_EDGE('',*,*,#774,.F.);
#412=ORIENTED_EDGE('',*,*,#775,.T.);
#413=ORIENTED_EDGE('',*,*,#774,.T.);
#414=ORIENTED_EDGE('',*,*,#776,.T.);
#415=ORIENTED_EDGE('',*,*,#736,.F.);
#416=ORIENTED_EDGE('',*,*,#777,.T.);
#417=ORIENTED_EDGE('',*,*,#778,.T.);
#418=ORIENTED_EDGE('',*,*,#718,.T.);
#419=ORIENTED_EDGE('',*,*,#779,.T.);
#420=ORIENTED_EDGE('',*,*,#780,.F.);
#421=ORIENTED_EDGE('',*,*,#781,.T.);
#422=ORIENTED_EDGE('',*,*,#782,.T.);
#423=ORIENTED_EDGE('',*,*,#780,.T.);
#424=ORIENTED_EDGE('',*,*,#783,.T.);
#425=ORIENTED_EDGE('',*,*,#784,.T.);
#426=ORIENTED_EDGE('',*,*,#785,.T.);
#427=ORIENTED_EDGE('',*,*,#697,.T.);
#428=ORIENTED_EDGE('',*,*,#786,.F.);
#429=ORIENTED_EDGE('',*,*,#787,.F.);
#430=ORIENTED_EDGE('',*,*,#788,.T.);
#431=ORIENTED_EDGE('',*,*,#696,.F.);
#432=ORIENTED_EDGE('',*,*,#789,.F.);
#433=ORIENTED_EDGE('',*,*,#790,.T.);
#434=ORIENTED_EDGE('',*,*,#786,.T.);
#435=ORIENTED_EDGE('',*,*,#698,.T.);
#436=ORIENTED_EDGE('',*,*,#788,.F.);
#437=ORIENTED_EDGE('',*,*,#791,.F.);
#438=ORIENTED_EDGE('',*,*,#789,.T.);
#439=ORIENTED_EDGE('',*,*,#787,.T.);
#440=ORIENTED_EDGE('',*,*,#790,.F.);
#441=ORIENTED_EDGE('',*,*,#791,.T.);
#442=ORIENTED_EDGE('',*,*,#712,.F.);
#443=ORIENTED_EDGE('',*,*,#709,.T.);
#444=ORIENTED_EDGE('',*,*,#705,.F.);
#445=ORIENTED_EDGE('',*,*,#792,.T.);
#446=ORIENTED_EDGE('',*,*,#793,.T.);
#447=ORIENTED_EDGE('',*,*,#749,.F.);
#448=ORIENTED_EDGE('',*,*,#794,.T.);
#449=ORIENTED_EDGE('',*,*,#795,.T.);
#450=ORIENTED_EDGE('',*,*,#796,.T.);
#451=ORIENTED_EDGE('',*,*,#701,.T.);
#452=ORIENTED_EDGE('',*,*,#748,.F.);
#453=ORIENTED_EDGE('',*,*,#797,.T.);
#454=ORIENTED_EDGE('',*,*,#798,.T.);
#455=ORIENTED_EDGE('',*,*,#799,.T.);
#456=ORIENTED_EDGE('',*,*,#699,.F.);
#457=ORIENTED_EDGE('',*,*,#800,.T.);
#458=ORIENTED_EDGE('',*,*,#801,.T.);
#459=ORIENTED_EDGE('',*,*,#674,.F.);
#460=ORIENTED_EDGE('',*,*,#802,.T.);
#461=ORIENTED_EDGE('',*,*,#672,.F.);
#462=ORIENTED_EDGE('',*,*,#803,.T.);
#463=ORIENTED_EDGE('',*,*,#670,.F.);
#464=ORIENTED_EDGE('',*,*,#804,.T.);
#465=ORIENTED_EDGE('',*,*,#754,.F.);
#466=ORIENTED_EDGE('',*,*,#741,.F.);
#467=ORIENTED_EDGE('',*,*,#805,.F.);
#468=ORIENTED_EDGE('',*,*,#729,.F.);
#469=ORIENTED_EDGE('',*,*,#746,.F.);
#470=ORIENTED_EDGE('',*,*,#730,.F.);
#471=ORIENTED_EDGE('',*,*,#806,.F.);
#472=ORIENTED_EDGE('',*,*,#727,.F.);
#473=ORIENTED_EDGE('',*,*,#806,.T.);
#474=ORIENTED_EDGE('',*,*,#805,.T.);
#475=ORIENTED_EDGE('',*,*,#807,.F.);
#476=ORIENTED_EDGE('',*,*,#807,.T.);
#477=ORIENTED_EDGE('',*,*,#740,.F.);
#478=ORIENTED_EDGE('',*,*,#808,.F.);
#479=ORIENTED_EDGE('',*,*,#724,.F.);
#480=ORIENTED_EDGE('',*,*,#742,.F.);
#481=ORIENTED_EDGE('',*,*,#725,.F.);
#482=ORIENTED_EDGE('',*,*,#809,.F.);
#483=ORIENTED_EDGE('',*,*,#714,.F.);
#484=ORIENTED_EDGE('',*,*,#809,.T.);
#485=ORIENTED_EDGE('',*,*,#808,.T.);
#486=ORIENTED_EDGE('',*,*,#810,.F.);
#487=ORIENTED_EDGE('',*,*,#753,.F.);
#488=ORIENTED_EDGE('',*,*,#715,.F.);
#489=ORIENTED_EDGE('',*,*,#810,.T.);
#490=ORIENTED_EDGE('',*,*,#739,.F.);
#491=ORIENTED_EDGE('',*,*,#745,.F.);
#492=ORIENTED_EDGE('',*,*,#750,.F.);
#493=ORIENTED_EDGE('',*,*,#811,.F.);
#494=ORIENTED_EDGE('',*,*,#732,.F.);
#495=ORIENTED_EDGE('',*,*,#702,.F.);
#496=ORIENTED_EDGE('',*,*,#796,.F.);
#497=ORIENTED_EDGE('',*,*,#812,.F.);
#498=ORIENTED_EDGE('',*,*,#794,.F.);
#499=ORIENTED_EDGE('',*,*,#813,.F.);
#500=ORIENTED_EDGE('',*,*,#792,.F.);
#501=ORIENTED_EDGE('',*,*,#814,.F.);
#502=ORIENTED_EDGE('',*,*,#695,.F.);
#503=ORIENTED_EDGE('',*,*,#811,.T.);
#504=ORIENTED_EDGE('',*,*,#793,.F.);
#505=ORIENTED_EDGE('',*,*,#815,.F.);
#506=ORIENTED_EDGE('',*,*,#733,.F.);
#507=ORIENTED_EDGE('',*,*,#814,.T.);
#508=ORIENTED_EDGE('',*,*,#812,.T.);
#509=ORIENTED_EDGE('',*,*,#816,.F.);
#510=ORIENTED_EDGE('',*,*,#678,.T.);
#511=ORIENTED_EDGE('',*,*,#813,.T.);
#512=ORIENTED_EDGE('',*,*,#694,.T.);
#513=ORIENTED_EDGE('',*,*,#817,.F.);
#514=ORIENTED_EDGE('',*,*,#815,.T.);
#515=ORIENTED_EDGE('',*,*,#816,.T.);
#516=ORIENTED_EDGE('',*,*,#795,.F.);
#517=ORIENTED_EDGE('',*,*,#818,.F.);
#518=ORIENTED_EDGE('',*,*,#679,.F.);
#519=ORIENTED_EDGE('',*,*,#817,.T.);
#520=ORIENTED_EDGE('',*,*,#693,.F.);
#521=ORIENTED_EDGE('',*,*,#819,.F.);
#522=ORIENTED_EDGE('',*,*,#734,.F.);
#523=ORIENTED_EDGE('',*,*,#818,.T.);
#524=ORIENTED_EDGE('',*,*,#700,.F.);
#525=ORIENTED_EDGE('',*,*,#820,.F.);
#526=ORIENTED_EDGE('',*,*,#680,.F.);
#527=ORIENTED_EDGE('',*,*,#735,.F.);
#528=ORIENTED_EDGE('',*,*,#819,.T.);
#529=ORIENTED_EDGE('',*,*,#821,.F.);
#530=ORIENTED_EDGE('',*,*,#777,.F.);
#531=ORIENTED_EDGE('',*,*,#704,.F.);
#532=ORIENTED_EDGE('',*,*,#799,.F.);
#533=ORIENTED_EDGE('',*,*,#822,.F.);
#534=ORIENTED_EDGE('',*,*,#800,.F.);
#535=ORIENTED_EDGE('',*,*,#820,.T.);
#536=ORIENTED_EDGE('',*,*,#801,.F.);
#537=ORIENTED_EDGE('',*,*,#823,.F.);
#538=ORIENTED_EDGE('',*,*,#681,.F.);
#539=ORIENTED_EDGE('',*,*,#821,.T.);
#540=ORIENTED_EDGE('',*,*,#692,.F.);
#541=ORIENTED_EDGE('',*,*,#824,.F.);
#542=ORIENTED_EDGE('',*,*,#778,.F.);
#543=ORIENTED_EDGE('',*,*,#743,.F.);
#544=ORIENTED_EDGE('',*,*,#722,.F.);
#545=ORIENTED_EDGE('',*,*,#825,.F.);
#546=ORIENTED_EDGE('',*,*,#747,.F.);
#547=ORIENTED_EDGE('',*,*,#823,.T.);
#548=ORIENTED_EDGE('',*,*,#822,.T.);
#549=ORIENTED_EDGE('',*,*,#826,.F.);
#550=ORIENTED_EDGE('',*,*,#682,.T.);
#551=ORIENTED_EDGE('',*,*,#824,.T.);
#552=ORIENTED_EDGE('',*,*,#691,.F.);
#553=ORIENTED_EDGE('',*,*,#827,.F.);
#554=ORIENTED_EDGE('',*,*,#775,.F.);
#555=ORIENTED_EDGE('',*,*,#825,.T.);
#556=ORIENTED_EDGE('',*,*,#721,.F.);
#557=ORIENTED_EDGE('',*,*,#828,.F.);
#558=ORIENTED_EDGE('',*,*,#797,.F.);
#559=ORIENTED_EDGE('',*,*,#826,.T.);
#560=ORIENTED_EDGE('',*,*,#798,.F.);
#561=ORIENTED_EDGE('',*,*,#829,.F.);
#562=ORIENTED_EDGE('',*,*,#683,.F.);
#563=ORIENTED_EDGE('',*,*,#830,.F.);
#564=ORIENTED_EDGE('',*,*,#827,.T.);
#565=ORIENTED_EDGE('',*,*,#831,.F.);
#566=ORIENTED_EDGE('',*,*,#737,.F.);
#567=ORIENTED_EDGE('',*,*,#776,.F.);
#568=ORIENTED_EDGE('',*,*,#832,.F.);
#569=ORIENTED_EDGE('',*,*,#755,.F.);
#570=ORIENTED_EDGE('',*,*,#829,.T.);
#571=ORIENTED_EDGE('',*,*,#828,.T.);
#572=ORIENTED_EDGE('',*,*,#833,.F.);
#573=ORIENTED_EDGE('',*,*,#684,.T.);
#574=ORIENTED_EDGE('',*,*,#831,.T.);
#575=ORIENTED_EDGE('',*,*,#690,.F.);
#576=ORIENTED_EDGE('',*,*,#834,.F.);
#577=ORIENTED_EDGE('',*,*,#771,.F.);
#578=ORIENTED_EDGE('',*,*,#830,.T.);
#579=ORIENTED_EDGE('',*,*,#770,.F.);
#580=ORIENTED_EDGE('',*,*,#835,.F.);
#581=ORIENTED_EDGE('',*,*,#772,.F.);
#582=ORIENTED_EDGE('',*,*,#832,.T.);
#583=ORIENTED_EDGE('',*,*,#773,.F.);
#584=ORIENTED_EDGE('',*,*,#836,.F.);
#585=ORIENTED_EDGE('',*,*,#756,.F.);
#586=ORIENTED_EDGE('',*,*,#833,.T.);
#587=ORIENTED_EDGE('',*,*,#720,.F.);
#588=ORIENTED_EDGE('',*,*,#837,.F.);
#589=ORIENTED_EDGE('',*,*,#685,.F.);
#590=ORIENTED_EDGE('',*,*,#838,.F.);
#591=ORIENTED_EDGE('',*,*,#834,.T.);
#592=ORIENTED_EDGE('',*,*,#839,.F.);
#593=ORIENTED_EDGE('',*,*,#836,.T.);
#594=ORIENTED_EDGE('',*,*,#835,.T.);
#595=ORIENTED_EDGE('',*,*,#840,.F.);
#596=ORIENTED_EDGE('',*,*,#719,.F.);
#597=ORIENTED_EDGE('',*,*,#782,.F.);
#598=ORIENTED_EDGE('',*,*,#841,.F.);
#599=ORIENTED_EDGE('',*,*,#837,.T.);
#600=ORIENTED_EDGE('',*,*,#839,.T.);
#601=ORIENTED_EDGE('',*,*,#689,.F.);
#602=ORIENTED_EDGE('',*,*,#842,.F.);
#603=ORIENTED_EDGE('',*,*,#767,.F.);
#604=ORIENTED_EDGE('',*,*,#838,.T.);
#605=ORIENTED_EDGE('',*,*,#766,.F.);
#606=ORIENTED_EDGE('',*,*,#843,.F.);
#607=ORIENTED_EDGE('',*,*,#768,.F.);
#608=ORIENTED_EDGE('',*,*,#840,.T.);
#609=ORIENTED_EDGE('',*,*,#769,.F.);
#610=ORIENTED_EDGE('',*,*,#844,.F.);
#611=ORIENTED_EDGE('',*,*,#757,.F.);
#612=ORIENTED_EDGE('',*,*,#841,.T.);
#613=ORIENTED_EDGE('',*,*,#781,.F.);
#614=ORIENTED_EDGE('',*,*,#845,.F.);
#615=ORIENTED_EDGE('',*,*,#686,.F.);
#616=ORIENTED_EDGE('',*,*,#846,.F.);
#617=ORIENTED_EDGE('',*,*,#842,.T.);
#618=ORIENTED_EDGE('',*,*,#847,.F.);
#619=ORIENTED_EDGE('',*,*,#844,.T.);
#620=ORIENTED_EDGE('',*,*,#843,.T.);
#621=ORIENTED_EDGE('',*,*,#848,.F.);
#622=ORIENTED_EDGE('',*,*,#845,.T.);
#623=ORIENTED_EDGE('',*,*,#785,.F.);
#624=ORIENTED_EDGE('',*,*,#849,.F.);
#625=ORIENTED_EDGE('',*,*,#687,.F.);
#626=ORIENTED_EDGE('',*,*,#847,.T.);
#627=ORIENTED_EDGE('',*,*,#688,.F.);
#628=ORIENTED_EDGE('',*,*,#850,.F.);
#629=ORIENTED_EDGE('',*,*,#763,.F.);
#630=ORIENTED_EDGE('',*,*,#846,.T.);
#631=ORIENTED_EDGE('',*,*,#762,.F.);
#632=ORIENTED_EDGE('',*,*,#851,.F.);
#633=ORIENTED_EDGE('',*,*,#764,.F.);
#634=ORIENTED_EDGE('',*,*,#848,.T.);
#635=ORIENTED_EDGE('',*,*,#765,.F.);
#636=ORIENTED_EDGE('',*,*,#852,.F.);
#637=ORIENTED_EDGE('',*,*,#758,.F.);
#638=ORIENTED_EDGE('',*,*,#850,.T.);
#639=ORIENTED_EDGE('',*,*,#849,.T.);
#640=ORIENTED_EDGE('',*,*,#853,.F.);
#641=ORIENTED_EDGE('',*,*,#852,.T.);
#642=ORIENTED_EDGE('',*,*,#851,.T.);
#643=ORIENTED_EDGE('',*,*,#854,.F.);
#644=ORIENTED_EDGE('',*,*,#853,.T.);
#645=ORIENTED_EDGE('',*,*,#784,.F.);
#646=ORIENTED_EDGE('',*,*,#855,.F.);
#647=ORIENTED_EDGE('',*,*,#760,.F.);
#648=ORIENTED_EDGE('',*,*,#854,.T.);
#649=ORIENTED_EDGE('',*,*,#761,.F.);
#650=ORIENTED_EDGE('',*,*,#856,.F.);
#651=ORIENTED_EDGE('',*,*,#759,.F.);
#652=ORIENTED_EDGE('',*,*,#717,.F.);
#653=ORIENTED_EDGE('',*,*,#752,.F.);
#654=ORIENTED_EDGE('',*,*,#857,.F.);
#655=ORIENTED_EDGE('',*,*,#779,.F.);
#656=ORIENTED_EDGE('',*,*,#856,.T.);
#657=ORIENTED_EDGE('',*,*,#855,.T.);
#658=ORIENTED_EDGE('',*,*,#858,.F.);
#659=ORIENTED_EDGE('',*,*,#857,.T.);
#660=ORIENTED_EDGE('',*,*,#751,.F.);
#661=ORIENTED_EDGE('',*,*,#858,.T.);
#662=ORIENTED_EDGE('',*,*,#783,.F.);
#663=ORIENTED_EDGE('',*,*,#675,.F.);
#664=ORIENTED_EDGE('',*,*,#803,.F.);
#665=ORIENTED_EDGE('',*,*,#676,.F.);
#666=ORIENTED_EDGE('',*,*,#802,.F.);
#667=ORIENTED_EDGE('',*,*,#677,.F.);
#668=ORIENTED_EDGE('',*,*,#804,.F.);
#669=EDGE_CURVE('',#859,#859,#973,.T.);
#670=EDGE_CURVE('',#860,#860,#974,.T.);
#671=EDGE_CURVE('',#861,#861,#975,.T.);
#672=EDGE_CURVE('',#862,#862,#976,.T.);
#673=EDGE_CURVE('',#863,#863,#977,.T.);
#674=EDGE_CURVE('',#864,#864,#978,.T.);
#675=EDGE_CURVE('',#865,#865,#979,.F.);
#676=EDGE_CURVE('',#866,#866,#980,.F.);
#677=EDGE_CURVE('',#867,#867,#981,.F.);
#678=EDGE_CURVE('',#868,#869,#237,.T.);
#679=EDGE_CURVE('',#868,#870,#33,.T.);
#680=EDGE_CURVE('',#870,#871,#34,.F.);
#681=EDGE_CURVE('',#871,#872,#35,.F.);
#682=EDGE_CURVE('',#873,#872,#238,.T.);
#683=EDGE_CURVE('',#873,#874,#36,.T.);
#684=EDGE_CURVE('',#875,#874,#239,.T.);
#685=EDGE_CURVE('',#875,#876,#37,.T.);
#686=EDGE_CURVE('',#876,#877,#38,.F.);
#687=EDGE_CURVE('',#877,#878,#39,.T.);
#688=EDGE_CURVE('',#878,#879,#40,.F.);
#689=EDGE_CURVE('',#879,#880,#41,.T.);
#690=EDGE_CURVE('',#880,#881,#42,.F.);
#691=EDGE_CURVE('',#881,#882,#43,.F.);
#692=EDGE_CURVE('',#882,#883,#44,.T.);
#693=EDGE_CURVE('',#883,#884,#45,.F.);
#694=EDGE_CURVE('',#885,#884,#240,.T.);
#695=EDGE_CURVE('',#885,#869,#46,.F.);
#696=EDGE_CURVE('',#886,#887,#47,.T.);
#697=EDGE_CURVE('',#888,#887,#982,.T.);
#698=EDGE_CURVE('',#886,#888,#48,.T.);
#699=EDGE_CURVE('',#889,#890,#49,.T.);
#700=EDGE_CURVE('',#890,#891,#50,.T.);
#701=EDGE_CURVE('',#892,#891,#51,.T.);
#702=EDGE_CURVE('',#892,#893,#241,.T.);
#703=EDGE_CURVE('',#894,#893,#52,.T.);
#704=EDGE_CURVE('',#894,#889,#242,.T.);
#705=EDGE_CURVE('',#895,#896,#983,.T.);
#706=EDGE_CURVE('',#897,#896,#53,.T.);
#707=EDGE_CURVE('',#897,#898,#984,.F.);
#708=EDGE_CURVE('',#898,#895,#54,.T.);
#709=EDGE_CURVE('',#899,#896,#55,.T.);
#710=EDGE_CURVE('',#900,#899,#56,.T.);
#711=EDGE_CURVE('',#897,#900,#57,.T.);
#712=EDGE_CURVE('',#899,#895,#58,.T.);
#713=EDGE_CURVE('',#898,#900,#59,.T.);
#714=EDGE_CURVE('',#901,#902,#60,.F.);
#715=EDGE_CURVE('',#902,#903,#61,.F.);
#716=EDGE_CURVE('',#903,#904,#62,.T.);
#717=EDGE_CURVE('',#904,#905,#243,.T.);
#718=EDGE_CURVE('',#906,#905,#63,.T.);
#719=EDGE_CURVE('',#906,#907,#244,.T.);
#720=EDGE_CURVE('',#907,#908,#64,.F.);
#721=EDGE_CURVE('',#908,#909,#65,.T.);
#722=EDGE_CURVE('',#909,#910,#66,.T.);
#723=EDGE_CURVE('',#910,#901,#67,.T.);
#724=EDGE_CURVE('',#911,#912,#68,.F.);
#725=EDGE_CURVE('',#912,#913,#69,.T.);
#726=EDGE_CURVE('',#913,#914,#70,.T.);
#727=EDGE_CURVE('',#914,#911,#71,.F.);
#728=EDGE_CURVE('',#915,#916,#72,.T.);
#729=EDGE_CURVE('',#915,#917,#73,.F.);
#730=EDGE_CURVE('',#917,#918,#74,.T.);
#731=EDGE_CURVE('',#918,#919,#75,.T.);
#732=EDGE_CURVE('',#919,#920,#76,.F.);
#733=EDGE_CURVE('',#920,#921,#77,.T.);
#734=EDGE_CURVE('',#921,#922,#78,.T.);
#735=EDGE_CURVE('',#922,#923,#245,.T.);
#736=EDGE_CURVE('',#923,#924,#79,.T.);
#737=EDGE_CURVE('',#924,#916,#246,.T.);
#738=EDGE_CURVE('',#925,#926,#80,.T.);
#739=EDGE_CURVE('',#925,#927,#81,.T.);
#740=EDGE_CURVE('',#927,#928,#82,.T.);
#741=EDGE_CURVE('',#928,#926,#83,.T.);
#742=EDGE_CURVE('',#913,#901,#985,.F.);
#743=EDGE_CURVE('',#910,#929,#986,.F.);
#744=EDGE_CURVE('',#929,#930,#84,.T.);
#745=EDGE_CURVE('',#930,#919,#987,.F.);
#746=EDGE_CURVE('',#918,#914,#988,.F.);
#747=EDGE_CURVE('',#929,#931,#85,.F.);
#748=EDGE_CURVE('',#931,#894,#86,.T.);
#749=EDGE_CURVE('',#893,#932,#87,.T.);
#750=EDGE_CURVE('',#932,#930,#88,.T.);
#751=EDGE_CURVE('',#933,#934,#89,.F.);
#752=EDGE_CURVE('',#934,#904,#90,.T.);
#753=EDGE_CURVE('',#903,#925,#989,.T.);
#754=EDGE_CURVE('',#926,#915,#990,.T.);
#755=EDGE_CURVE('',#916,#935,#91,.F.);
#756=EDGE_CURVE('',#935,#936,#92,.T.);
#757=EDGE_CURVE('',#936,#937,#93,.T.);
#758=EDGE_CURVE('',#937,#938,#94,.F.);
#759=EDGE_CURVE('',#938,#933,#95,.T.);
#760=EDGE_CURVE('',#939,#940,#96,.T.);
#761=EDGE_CURVE('',#940,#941,#97,.F.);
#762=EDGE_CURVE('',#941,#942,#98,.F.);
#763=EDGE_CURVE('',#942,#939,#99,.T.);
#764=EDGE_CURVE('',#943,#944,#100,.T.);
#765=EDGE_CURVE('',#944,#945,#101,.T.);
#766=EDGE_CURVE('',#945,#946,#102,.F.);
#767=EDGE_CURVE('',#946,#943,#103,.F.);
#768=EDGE_CURVE('',#947,#948,#104,.T.);
#769=EDGE_CURVE('',#948,#949,#105,.F.);
#770=EDGE_CURVE('',#949,#950,#106,.F.);
#771=EDGE_CURVE('',#950,#947,#107,.T.);
#772=EDGE_CURVE('',#951,#952,#108,.T.);
#773=EDGE_CURVE('',#952,#953,#109,.F.);
#774=EDGE_CURVE('',#954,#953,#110,.T.);
#775=EDGE_CURVE('',#954,#951,#111,.T.);
#776=EDGE_CURVE('',#953,#924,#112,.T.);
#777=EDGE_CURVE('',#923,#955,#31,.T.);
#778=EDGE_CURVE('',#955,#954,#113,.F.);
#779=EDGE_CURVE('',#905,#956,#114,.F.);
#780=EDGE_CURVE('',#957,#956,#115,.T.);
#781=EDGE_CURVE('',#957,#958,#116,.T.);
#782=EDGE_CURVE('',#958,#906,#32,.F.);
#783=EDGE_CURVE('',#956,#959,#117,.T.);
#784=EDGE_CURVE('',#959,#960,#118,.F.);
#785=EDGE_CURVE('',#960,#957,#119,.F.);
#786=EDGE_CURVE('',#961,#887,#120,.T.);
#787=EDGE_CURVE('',#962,#961,#991,.T.);
#788=EDGE_CURVE('',#962,#888,#121,.T.);
#789=EDGE_CURVE('',#963,#886,#122,.T.);
#790=EDGE_CURVE('',#963,#961,#123,.T.);
#791=EDGE_CURVE('',#963,#962,#124,.T.);
#792=EDGE_CURVE('',#964,#965,#125,.T.);
#793=EDGE_CURVE('',#965,#932,#126,.F.);
#794=EDGE_CURVE('',#893,#964,#127,.T.);
#795=EDGE_CURVE('',#891,#966,#128,.F.);
#796=EDGE_CURVE('',#966,#892,#129,.F.);
#797=EDGE_CURVE('',#931,#967,#130,.F.);
#798=EDGE_CURVE('',#967,#968,#131,.F.);
#799=EDGE_CURVE('',#968,#894,#132,.T.);
#800=EDGE_CURVE('',#889,#969,#133,.F.);
#801=EDGE_CURVE('',#969,#890,#134,.T.);
#802=EDGE_CURVE('',#970,#970,#992,.T.);
#803=EDGE_CURVE('',#971,#971,#993,.T.);
#804=EDGE_CURVE('',#972,#972,#994,.T.);
#805=EDGE_CURVE('',#917,#928,#995,.T.);
#806=EDGE_CURVE('',#911,#917,#996,.T.);
#807=EDGE_CURVE('',#911,#928,#997,.F.);
#808=EDGE_CURVE('',#912,#927,#998,.T.);
#809=EDGE_CURVE('',#902,#912,#999,.T.);
#810=EDGE_CURVE('',#902,#927,#1000,.F.);
#811=EDGE_CURVE('',#920,#932,#247,.F.);
#812=EDGE_CURVE('',#964,#966,#248,.T.);
#813=EDGE_CURVE('',#965,#885,#1001,.T.);
#814=EDGE_CURVE('',#869,#964,#1002,.T.);
#815=EDGE_CURVE('',#921,#965,#249,.T.);
#816=EDGE_CURVE('',#868,#966,#1003,.F.);
#817=EDGE_CURVE('',#921,#884,#1004,.F.);
#818=EDGE_CURVE('',#870,#891,#250,.T.);
#819=EDGE_CURVE('',#922,#883,#1005,.T.);
#820=EDGE_CURVE('',#871,#890,#251,.T.);
#821=EDGE_CURVE('',#955,#883,#252,.T.);
#822=EDGE_CURVE('',#969,#968,#253,.T.);
#823=EDGE_CURVE('',#872,#969,#1006,.T.);
#824=EDGE_CURVE('',#954,#882,#254,.T.);
#825=EDGE_CURVE('',#931,#909,#255,.T.);
#826=EDGE_CURVE('',#873,#968,#1007,.F.);
#827=EDGE_CURVE('',#951,#881,#1008,.T.);
#828=EDGE_CURVE('',#967,#908,#256,.T.);
#829=EDGE_CURVE('',#874,#967,#1009,.T.);
#830=EDGE_CURVE('',#951,#950,#1010,.F.);
#831=EDGE_CURVE('',#950,#881,#1011,.F.);
#832=EDGE_CURVE('',#935,#953,#257,.F.);
#833=EDGE_CURVE('',#875,#908,#1012,.F.);
#834=EDGE_CURVE('',#947,#880,#1013,.T.);
#835=EDGE_CURVE('',#952,#949,#1014,.T.);
#836=EDGE_CURVE('',#936,#952,#1015,.T.);
#837=EDGE_CURVE('',#876,#907,#1016,.T.);
#838=EDGE_CURVE('',#947,#946,#1017,.F.);
#839=EDGE_CURVE('',#946,#880,#1018,.F.);
#840=EDGE_CURVE('',#936,#949,#1019,.F.);
#841=EDGE_CURVE('',#876,#958,#258,.T.);
#842=EDGE_CURVE('',#943,#879,#1020,.T.);
#843=EDGE_CURVE('',#948,#945,#1021,.T.);
#844=EDGE_CURVE('',#937,#948,#1022,.T.);
#845=EDGE_CURVE('',#877,#957,#259,.F.);
#846=EDGE_CURVE('',#943,#942,#1023,.F.);
#847=EDGE_CURVE('',#942,#879,#1024,.F.);
#848=EDGE_CURVE('',#937,#945,#1025,.F.);
#849=EDGE_CURVE('',#878,#960,#1026,.T.);
#850=EDGE_CURVE('',#939,#878,#1027,.T.);
#851=EDGE_CURVE('',#944,#941,#1028,.T.);
#852=EDGE_CURVE('',#938,#944,#1029,.T.);
#853=EDGE_CURVE('',#939,#960,#1030,.F.);
#854=EDGE_CURVE('',#938,#941,#1031,.F.);
#855=EDGE_CURVE('',#940,#959,#1032,.T.);
#856=EDGE_CURVE('',#933,#940,#1033,.T.);
#857=EDGE_CURVE('',#956,#934,#260,.T.);
#858=EDGE_CURVE('',#933,#959,#1034,.F.);
#859=VERTEX_POINT('',#2000);
#860=VERTEX_POINT('',#2002);
#861=VERTEX_POINT('',#2005);
#862=VERTEX_POINT('',#2007);
#863=VERTEX_POINT('',#2010);
#864=VERTEX_POINT('',#2012);
#865=VERTEX_POINT('',#2015);
#866=VERTEX_POINT('',#2017);
#867=VERTEX_POINT('',#2019);
#868=VERTEX_POINT('',#2021);
#869=VERTEX_POINT('',#2022);
#870=VERTEX_POINT('',#2024);
#871=VERTEX_POINT('',#2026);
#872=VERTEX_POINT('',#2028);
#873=VERTEX_POINT('',#2030);
#874=VERTEX_POINT('',#2032);
#875=VERTEX_POINT('',#2034);
#876=VERTEX_POINT('',#2036);
#877=VERTEX_POINT('',#2038);
#878=VERTEX_POINT('',#2040);
#879=VERTEX_POINT('',#2042);
#880=VERTEX_POINT('',#2044);
#881=VERTEX_POINT('',#2046);
#882=VERTEX_POINT('',#2048);
#883=VERTEX_POINT('',#2050);
#884=VERTEX_POINT('',#2052);
#885=VERTEX_POINT('',#2054);
#886=VERTEX_POINT('',#2058);
#887=VERTEX_POINT('',#2059);
#888=VERTEX_POINT('',#2061);
#889=VERTEX_POINT('',#2064);
#890=VERTEX_POINT('',#2065);
#891=VERTEX_POINT('',#2067);
#892=VERTEX_POINT('',#2069);
#893=VERTEX_POINT('',#2071);
#894=VERTEX_POINT('',#2073);
#895=VERTEX_POINT('',#2077);
#896=VERTEX_POINT('',#2078);
#897=VERTEX_POINT('',#2080);
#898=VERTEX_POINT('',#2082);
#899=VERTEX_POINT('',#2086);
#900=VERTEX_POINT('',#2088);
#901=VERTEX_POINT('',#2095);
#902=VERTEX_POINT('',#2096);
#903=VERTEX_POINT('',#2098);
#904=VERTEX_POINT('',#2100);
#905=VERTEX_POINT('',#2102);
#906=VERTEX_POINT('',#2104);
#907=VERTEX_POINT('',#2106);
#908=VERTEX_POINT('',#2108);
#909=VERTEX_POINT('',#2110);
#910=VERTEX_POINT('',#2112);
#911=VERTEX_POINT('',#2116);
#912=VERTEX_POINT('',#2117);
#913=VERTEX_POINT('',#2119);
#914=VERTEX_POINT('',#2121);
#915=VERTEX_POINT('',#2125);
#916=VERTEX_POINT('',#2126);
#917=VERTEX_POINT('',#2128);
#918=VERTEX_POINT('',#2130);
#919=VERTEX_POINT('',#2132);
#920=VERTEX_POINT('',#2134);
#921=VERTEX_POINT('',#2136);
#922=VERTEX_POINT('',#2138);
#923=VERTEX_POINT('',#2140);
#924=VERTEX_POINT('',#2142);
#925=VERTEX_POINT('',#2146);
#926=VERTEX_POINT('',#2147);
#927=VERTEX_POINT('',#2149);
#928=VERTEX_POINT('',#2151);
#929=VERTEX_POINT('',#2156);
#930=VERTEX_POINT('',#2158);
#931=VERTEX_POINT('',#2163);
#932=VERTEX_POINT('',#2166);
#933=VERTEX_POINT('',#2170);
#934=VERTEX_POINT('',#2171);
#935=VERTEX_POINT('',#2176);
#936=VERTEX_POINT('',#2178);
#937=VERTEX_POINT('',#2180);
#938=VERTEX_POINT('',#2182);
#939=VERTEX_POINT('',#2186);
#940=VERTEX_POINT('',#2187);
#941=VERTEX_POINT('',#2189);
#942=VERTEX_POINT('',#2191);
#943=VERTEX_POINT('',#2195);
#944=VERTEX_POINT('',#2196);
#945=VERTEX_POINT('',#2198);
#946=VERTEX_POINT('',#2200);
#947=VERTEX_POINT('',#2204);
#948=VERTEX_POINT('',#2205);
#949=VERTEX_POINT('',#2207);
#950=VERTEX_POINT('',#2209);
#951=VERTEX_POINT('',#2213);
#952=VERTEX_POINT('',#2214);
#953=VERTEX_POINT('',#2216);
#954=VERTEX_POINT('',#2218);
#955=VERTEX_POINT('',#2226);
#956=VERTEX_POINT('',#2230);
#957=VERTEX_POINT('',#2232);
#958=VERTEX_POINT('',#2234);
#959=VERTEX_POINT('',#2241);
#960=VERTEX_POINT('',#2243);
#961=VERTEX_POINT('',#2247);
#962=VERTEX_POINT('',#2249);
#963=VERTEX_POINT('',#2253);
#964=VERTEX_POINT('',#2260);
#965=VERTEX_POINT('',#2261);
#966=VERTEX_POINT('',#2266);
#967=VERTEX_POINT('',#2270);
#968=VERTEX_POINT('',#2272);
#969=VERTEX_POINT('',#2276);
#970=VERTEX_POINT('',#2280);
#971=VERTEX_POINT('',#2283);
#972=VERTEX_POINT('',#2286);
#973=CIRCLE('',#1390,0.0025);
#974=CIRCLE('',#1391,0.0025);
#975=CIRCLE('',#1393,0.0025);
#976=CIRCLE('',#1394,0.0025);
#977=CIRCLE('',#1396,0.0025);
#978=CIRCLE('',#1397,0.0025);
#979=CIRCLE('',#1399,0.006);
#980=CIRCLE('',#1400,0.006);
#981=CIRCLE('',#1401,0.006);
#982=CIRCLE('',#1407,0.005);
#983=CIRCLE('',#1411,0.0025);
#984=CIRCLE('',#1412,0.0025);
#985=CIRCLE('',#1424,0.001);
#986=CIRCLE('',#1425,0.001);
#987=CIRCLE('',#1426,0.001);
#988=CIRCLE('',#1427,0.001);
#989=CIRCLE('',#1430,0.001);
#990=CIRCLE('',#1431,0.001);
#991=CIRCLE('',#1440,0.005);
#992=CIRCLE('',#1449,0.005);
#993=CIRCLE('',#1451,0.005);
#994=CIRCLE('',#1453,0.005);
#995=CIRCLE('',#1455,0.001);
#996=CIRCLE('',#1457,0.001);
#997=CIRCLE('',#1459,0.001);
#998=CIRCLE('',#1461,0.001);
#999=CIRCLE('',#1463,0.001);
#1000=CIRCLE('',#1465,0.001);
#1001=CIRCLE('',#1472,0.001);
#1002=CIRCLE('',#1473,0.001);
#1003=CIRCLE('',#1476,0.001);
#1004=CIRCLE('',#1477,0.001);
#1005=CIRCLE('',#1481,0.001);
#1006=CIRCLE('',#1488,0.001);
#1007=CIRCLE('',#1493,0.001);
#1008=CIRCLE('',#1495,0.001);
#1009=CIRCLE('',#1499,0.001);
#1010=CIRCLE('',#1501,0.001);
#1011=CIRCLE('',#1502,0.001);
#1012=CIRCLE('',#1505,0.001);
#1013=CIRCLE('',#1507,0.001);
#1014=CIRCLE('',#1509,0.001);
#1015=CIRCLE('',#1511,0.001);
#1016=CIRCLE('',#1513,0.001);
#1017=CIRCLE('',#1515,0.001);
#1018=CIRCLE('',#1516,0.001);
#1019=CIRCLE('',#1518,0.001);
#1020=CIRCLE('',#1521,0.001);
#1021=CIRCLE('',#1523,0.001);
#1022=CIRCLE('',#1525,0.001);
#1023=CIRCLE('',#1529,0.001);
#1024=CIRCLE('',#1530,0.001);
#1025=CIRCLE('',#1532,0.001);
#1026=CIRCLE('',#1534,0.001);
#1027=CIRCLE('',#1536,0.001);
#1028=CIRCLE('',#1538,0.001);
#1029=CIRCLE('',#1540,0.001);
#1030=CIRCLE('',#1542,0.001);
#1031=CIRCLE('',#1544,0.001);
#1032=CIRCLE('',#1546,0.001);
#1033=CIRCLE('',#1548,0.001);
#1034=CIRCLE('',#1552,0.001);
#1035=EDGE_LOOP('',(#289));
#1036=EDGE_LOOP('',(#290));
#1037=EDGE_LOOP('',(#291));
#1038=EDGE_LOOP('',(#292));
#1039=EDGE_LOOP('',(#293));
#1040=EDGE_LOOP('',(#294));
#1041=EDGE_LOOP('',(#295));
#1042=EDGE_LOOP('',(#296));
#1043=EDGE_LOOP('',(#297));
#1044=EDGE_LOOP('',(#298,#299,#300,#301,#302,#303,#304,#305,#306,#307,#308,
#309,#310,#311,#312,#313,#314,#315));
#1045=EDGE_LOOP('',(#316,#317,#318));
#1046=EDGE_LOOP('',(#319,#320,#321,#322,#323,#324));
#1047=EDGE_LOOP('',(#325,#326,#327,#328));
#1048=EDGE_LOOP('',(#329,#330,#331,#332));
#1049=EDGE_LOOP('',(#333,#334,#335,#336));
#1050=EDGE_LOOP('',(#337,#338,#339,#340,#341,#342,#343,#344,#345,#346));
#1051=EDGE_LOOP('',(#347,#348,#349,#350));
#1052=EDGE_LOOP('',(#351,#352,#353,#354,#355,#356,#357,#358,#359,#360));
#1053=EDGE_LOOP('',(#361,#362,#363,#364));
#1054=EDGE_LOOP('',(#365,#366,#367));
#1055=EDGE_LOOP('',(#368,#369,#370,#371,#372,#373,#374,#375));
#1056=EDGE_LOOP('',(#376,#377,#378,#379,#380,#381));
#1057=EDGE_LOOP('',(#382));
#1058=EDGE_LOOP('',(#383));
#1059=EDGE_LOOP('',(#384));
#1060=EDGE_LOOP('',(#385,#386,#387,#388,#389,#390,#391,#392,#393,#394,#395,
#396));
#1061=EDGE_LOOP('',(#397,#398,#399,#400));
#1062=EDGE_LOOP('',(#401,#402,#403,#404));
#1063=EDGE_LOOP('',(#405,#406,#407,#408));
#1064=EDGE_LOOP('',(#409,#410,#411,#412));
#1065=EDGE_LOOP('',(#413,#414,#415,#416,#417));
#1066=EDGE_LOOP('',(#418,#419,#420,#421,#422));
#1067=EDGE_LOOP('',(#423,#424,#425,#426));
#1068=EDGE_LOOP('',(#427,#428,#429,#430));
#1069=EDGE_LOOP('',(#431,#432,#433,#434));
#1070=EDGE_LOOP('',(#435,#436,#437,#438));
#1071=EDGE_LOOP('',(#439,#440,#441));
#1072=EDGE_LOOP('',(#442,#443,#444));
#1073=EDGE_LOOP('',(#445,#446,#447,#448));
#1074=EDGE_LOOP('',(#449,#450,#451));
#1075=EDGE_LOOP('',(#452,#453,#454,#455));
#1076=EDGE_LOOP('',(#456,#457,#458));
#1077=EDGE_LOOP('',(#459));
#1078=EDGE_LOOP('',(#460));
#1079=EDGE_LOOP('',(#461));
#1080=EDGE_LOOP('',(#462));
#1081=EDGE_LOOP('',(#463));
#1082=EDGE_LOOP('',(#464));
#1083=EDGE_LOOP('',(#465,#466,#467,#468));
#1084=EDGE_LOOP('',(#469,#470,#471,#472));
#1085=EDGE_LOOP('',(#473,#474,#475));
#1086=EDGE_LOOP('',(#476,#477,#478,#479));
#1087=EDGE_LOOP('',(#480,#481,#482,#483));
#1088=EDGE_LOOP('',(#484,#485,#486));
#1089=EDGE_LOOP('',(#487,#488,#489,#490));
#1090=EDGE_LOOP('',(#491,#492,#493,#494));
#1091=EDGE_LOOP('',(#495,#496,#497,#498));
#1092=EDGE_LOOP('',(#499,#500,#501,#502));
#1093=EDGE_LOOP('',(#503,#504,#505,#506));
#1094=EDGE_LOOP('',(#507,#508,#509,#510));
#1095=EDGE_LOOP('',(#511,#512,#513,#514));
#1096=EDGE_LOOP('',(#515,#516,#517,#518));
#1097=EDGE_LOOP('',(#519,#520,#521,#522));
#1098=EDGE_LOOP('',(#523,#524,#525,#526));
#1099=EDGE_LOOP('',(#527,#528,#529,#530));
#1100=EDGE_LOOP('',(#531,#532,#533,#534));
#1101=EDGE_LOOP('',(#535,#536,#537,#538));
#1102=EDGE_LOOP('',(#539,#540,#541,#542));
#1103=EDGE_LOOP('',(#543,#544,#545,#546));
#1104=EDGE_LOOP('',(#547,#548,#549,#550));
#1105=EDGE_LOOP('',(#551,#552,#553,#554));
#1106=EDGE_LOOP('',(#555,#556,#557,#558));
#1107=EDGE_LOOP('',(#559,#560,#561,#562));
#1108=EDGE_LOOP('',(#563,#564,#565));
#1109=EDGE_LOOP('',(#566,#567,#568,#569));
#1110=EDGE_LOOP('',(#570,#571,#572,#573));
#1111=EDGE_LOOP('',(#574,#575,#576,#577));
#1112=EDGE_LOOP('',(#578,#579,#580,#581));
#1113=EDGE_LOOP('',(#582,#583,#584,#585));
#1114=EDGE_LOOP('',(#586,#587,#588,#589));
#1115=EDGE_LOOP('',(#590,#591,#592));
#1116=EDGE_LOOP('',(#593,#594,#595));
#1117=EDGE_LOOP('',(#596,#597,#598,#599));
#1118=EDGE_LOOP('',(#600,#601,#602,#603));
#1119=EDGE_LOOP('',(#604,#605,#606,#607));
#1120=EDGE_LOOP('',(#608,#609,#610,#611));
#1121=EDGE_LOOP('',(#612,#613,#614,#615));
#1122=EDGE_LOOP('',(#616,#617,#618));
#1123=EDGE_LOOP('',(#619,#620,#621));
#1124=EDGE_LOOP('',(#622,#623,#624,#625));
#1125=EDGE_LOOP('',(#626,#627,#628,#629));
#1126=EDGE_LOOP('',(#630,#631,#632,#633));
#1127=EDGE_LOOP('',(#634,#635,#636,#637));
#1128=EDGE_LOOP('',(#638,#639,#640));
#1129=EDGE_LOOP('',(#641,#642,#643));
#1130=EDGE_LOOP('',(#644,#645,#646,#647));
#1131=EDGE_LOOP('',(#648,#649,#650,#651));
#1132=EDGE_LOOP('',(#652,#653,#654,#655));
#1133=EDGE_LOOP('',(#656,#657,#658));
#1134=EDGE_LOOP('',(#659,#660,#661,#662));
#1135=EDGE_LOOP('',(#663));
#1136=EDGE_LOOP('',(#664));
#1137=EDGE_LOOP('',(#665));
#1138=EDGE_LOOP('',(#666));
#1139=EDGE_LOOP('',(#667));
#1140=EDGE_LOOP('',(#668));
#1141=FACE_BOUND('',#1035,.T.);
#1142=FACE_BOUND('',#1036,.T.);
#1143=FACE_BOUND('',#1037,.T.);
#1144=FACE_BOUND('',#1038,.T.);
#1145=FACE_BOUND('',#1039,.T.);
#1146=FACE_BOUND('',#1040,.T.);
#1147=FACE_BOUND('',#1041,.T.);
#1148=FACE_BOUND('',#1042,.T.);
#1149=FACE_BOUND('',#1043,.T.);
#1150=FACE_BOUND('',#1044,.T.);
#1151=FACE_BOUND('',#1045,.T.);
#1152=FACE_BOUND('',#1046,.T.);
#1153=FACE_BOUND('',#1047,.T.);
#1154=FACE_BOUND('',#1048,.T.);
#1155=FACE_BOUND('',#1049,.T.);
#1156=FACE_BOUND('',#1050,.T.);
#1157=FACE_BOUND('',#1051,.T.);
#1158=FACE_BOUND('',#1052,.T.);
#1159=FACE_BOUND('',#1053,.T.);
#1160=FACE_BOUND('',#1054,.T.);
#1161=FACE_BOUND('',#1055,.T.);
#1162=FACE_BOUND('',#1056,.T.);
#1163=FACE_BOUND('',#1057,.T.);
#1164=FACE_BOUND('',#1058,.T.);
#1165=FACE_BOUND('',#1059,.T.);
#1166=FACE_BOUND('',#1060,.T.);
#1167=FACE_BOUND('',#1061,.T.);
#1168=FACE_BOUND('',#1062,.T.);
#1169=FACE_BOUND('',#1063,.T.);
#1170=FACE_BOUND('',#1064,.T.);
#1171=FACE_BOUND('',#1065,.T.);
#1172=FACE_BOUND('',#1066,.T.);
#1173=FACE_BOUND('',#1067,.T.);
#1174=FACE_BOUND('',#1068,.T.);
#1175=FACE_BOUND('',#1069,.T.);
#1176=FACE_BOUND('',#1070,.T.);
#1177=FACE_BOUND('',#1071,.T.);
#1178=FACE_BOUND('',#1072,.T.);
#1179=FACE_BOUND('',#1073,.T.);
#1180=FACE_BOUND('',#1074,.T.);
#1181=FACE_BOUND('',#1075,.T.);
#1182=FACE_BOUND('',#1076,.T.);
#1183=FACE_BOUND('',#1077,.T.);
#1184=FACE_BOUND('',#1078,.T.);
#1185=FACE_BOUND('',#1079,.T.);
#1186=FACE_BOUND('',#1080,.T.);
#1187=FACE_BOUND('',#1081,.T.);
#1188=FACE_BOUND('',#1082,.T.);
#1189=FACE_BOUND('',#1083,.T.);
#1190=FACE_BOUND('',#1084,.T.);
#1191=FACE_BOUND('',#1085,.T.);
#1192=FACE_BOUND('',#1086,.T.);
#1193=FACE_BOUND('',#1087,.T.);
#1194=FACE_BOUND('',#1088,.T.);
#1195=FACE_BOUND('',#1089,.T.);
#1196=FACE_BOUND('',#1090,.T.);
#1197=FACE_BOUND('',#1091,.T.);
#1198=FACE_BOUND('',#1092,.T.);
#1199=FACE_BOUND('',#1093,.T.);
#1200=FACE_BOUND('',#1094,.T.);
#1201=FACE_BOUND('',#1095,.T.);
#1202=FACE_BOUND('',#1096,.T.);
#1203=FACE_BOUND('',#1097,.T.);
#1204=FACE_BOUND('',#1098,.T.);
#1205=FACE_BOUND('',#1099,.T.);
#1206=FACE_BOUND('',#1100,.T.);
#1207=FACE_BOUND('',#1101,.T.);
#1208=FACE_BOUND('',#1102,.T.);
#1209=FACE_BOUND('',#1103,.T.);
#1210=FACE_BOUND('',#1104,.T.);
#1211=FACE_BOUND('',#1105,.T.);
#1212=FACE_BOUND('',#1106,.T.);
#1213=FACE_BOUND('',#1107,.T.);
#1214=FACE_BOUND('',#1108,.T.);
#1215=FACE_BOUND('',#1109,.T.);
#1216=FACE_BOUND('',#1110,.T.);
#1217=FACE_BOUND('',#1111,.T.);
#1218=FACE_BOUND('',#1112,.T.);
#1219=FACE_BOUND('',#1113,.T.);
#1220=FACE_BOUND('',#1114,.T.);
#1221=FACE_BOUND('',#1115,.T.);
#1222=FACE_BOUND('',#1116,.T.);
#1223=FACE_BOUND('',#1117,.T.);
#1224=FACE_BOUND('',#1118,.T.);
#1225=FACE_BOUND('',#1119,.T.);
#1226=FACE_BOUND('',#1120,.T.);
#1227=FACE_BOUND('',#1121,.T.);
#1228=FACE_BOUND('',#1122,.T.);
#1229=FACE_BOUND('',#1123,.T.);
#1230=FACE_BOUND('',#1124,.T.);
#1231=FACE_BOUND('',#1125,.T.);
#1232=FACE_BOUND('',#1126,.T.);
#1233=FACE_BOUND('',#1127,.T.);
#1234=FACE_BOUND('',#1128,.T.);
#1235=FACE_BOUND('',#1129,.T.);
#1236=FACE_BOUND('',#1130,.T.);
#1237=FACE_BOUND('',#1131,.T.);
#1238=FACE_BOUND('',#1132,.T.);
#1239=FACE_BOUND('',#1133,.T.);
#1240=FACE_BOUND('',#1134,.T.);
#1241=FACE_BOUND('',#1135,.T.);
#1242=FACE_BOUND('',#1136,.T.);
#1243=FACE_BOUND('',#1137,.T.);
#1244=FACE_BOUND('',#1138,.T.);
#1245=FACE_BOUND('',#1139,.T.);
#1246=FACE_BOUND('',#1140,.T.);
#1247=CYLINDRICAL_SURFACE('',#1389,0.0025);
#1248=CYLINDRICAL_SURFACE('',#1392,0.0025);
#1249=CYLINDRICAL_SURFACE('',#1395,0.0025);
#1250=CYLINDRICAL_SURFACE('',#1410,0.0025);
#1251=CYLINDRICAL_SURFACE('',#1439,0.005);
#1252=CYLINDRICAL_SURFACE('',#1454,0.001);
#1253=CYLINDRICAL_SURFACE('',#1456,0.001);
#1254=CYLINDRICAL_SURFACE('',#1460,0.001);
#1255=CYLINDRICAL_SURFACE('',#1462,0.001);
#1256=CYLINDRICAL_SURFACE('',#1466,0.001);
#1257=CYLINDRICAL_SURFACE('',#1467,0.001);
#1258=CYLINDRICAL_SURFACE('',#1469,0.001);
#1259=CYLINDRICAL_SURFACE('',#1471,0.001);
#1260=CYLINDRICAL_SURFACE('',#1474,0.001);
#1261=CYLINDRICAL_SURFACE('',#1478,0.001);
#1262=CYLINDRICAL_SURFACE('',#1480,0.001);
#1263=CYLINDRICAL_SURFACE('',#1482,0.001);
#1264=CYLINDRICAL_SURFACE('',#1485,0.001);
#1265=CYLINDRICAL_SURFACE('',#1487,0.001);
#1266=CYLINDRICAL_SURFACE('',#1489,0.001);
#1267=CYLINDRICAL_SURFACE('',#1491,0.001);
#1268=CYLINDRICAL_SURFACE('',#1494,0.001);
#1269=CYLINDRICAL_SURFACE('',#1496,0.001);
#1270=CYLINDRICAL_SURFACE('',#1498,0.001);
#1271=CYLINDRICAL_SURFACE('',#1503,0.001);
#1272=CYLINDRICAL_SURFACE('',#1506,0.001);
#1273=CYLINDRICAL_SURFACE('',#1508,0.001);
#1274=CYLINDRICAL_SURFACE('',#1510,0.001);
#1275=CYLINDRICAL_SURFACE('',#1512,0.001);
#1276=CYLINDRICAL_SURFACE('',#1520,0.001);
#1277=CYLINDRICAL_SURFACE('',#1522,0.001);
#1278=CYLINDRICAL_SURFACE('',#1524,0.001);
#1279=CYLINDRICAL_SURFACE('',#1526,0.001);
#1280=CYLINDRICAL_SURFACE('',#1533,0.001);
#1281=CYLINDRICAL_SURFACE('',#1535,0.001);
#1282=CYLINDRICAL_SURFACE('',#1537,0.001);
#1283=CYLINDRICAL_SURFACE('',#1539,0.001);
#1284=CYLINDRICAL_SURFACE('',#1545,0.001);
#1285=CYLINDRICAL_SURFACE('',#1547,0.001);
#1286=CYLINDRICAL_SURFACE('',#1549,0.001);
#1287=CYLINDRICAL_SURFACE('',#1553,0.001);
#1288=ADVANCED_FACE('',(#1141,#1142),#1247,.F.);
#1289=ADVANCED_FACE('',(#1143,#1144),#1248,.F.);
#1290=ADVANCED_FACE('',(#1145,#1146),#1249,.F.);
#1291=ADVANCED_FACE('',(#1147,#1148,#1149,#1150),#261,.T.);
#1292=ADVANCED_FACE('',(#1151,#1152),#262,.F.);
#1293=ADVANCED_FACE('',(#1153),#1250,.F.);
#1294=ADVANCED_FACE('',(#1154),#263,.T.);
#1295=ADVANCED_FACE('',(#1155),#264,.F.);
#1296=ADVANCED_FACE('',(#1156),#265,.F.);
#1297=ADVANCED_FACE('',(#1157),#266,.F.);
#1298=ADVANCED_FACE('',(#1158),#267,.F.);
#1299=ADVANCED_FACE('',(#1159),#268,.T.);
#1300=ADVANCED_FACE('',(#1160,#1161),#269,.F.);
#1301=ADVANCED_FACE('',(#1162),#270,.T.);
#1302=ADVANCED_FACE('',(#1163,#1164,#1165,#1166),#271,.F.);
#1303=ADVANCED_FACE('',(#1167),#272,.T.);
#1304=ADVANCED_FACE('',(#1168),#273,.F.);
#1305=ADVANCED_FACE('',(#1169),#274,.T.);
#1306=ADVANCED_FACE('',(#1170),#275,.T.);
#1307=ADVANCED_FACE('',(#1171),#276,.F.);
#1308=ADVANCED_FACE('',(#1172),#277,.T.);
#1309=ADVANCED_FACE('',(#1173),#278,.F.);
#1310=ADVANCED_FACE('',(#1174),#1251,.F.);
#1311=ADVANCED_FACE('',(#1175),#279,.T.);
#1312=ADVANCED_FACE('',(#1176),#280,.F.);
#1313=ADVANCED_FACE('',(#1177,#1178),#281,.T.);
#1314=ADVANCED_FACE('',(#1179),#282,.T.);
#1315=ADVANCED_FACE('',(#1180),#283,.F.);
#1316=ADVANCED_FACE('',(#1181),#284,.T.);
#1317=ADVANCED_FACE('',(#1182),#285,.F.);
#1318=ADVANCED_FACE('',(#1183,#1184),#286,.T.);
#1319=ADVANCED_FACE('',(#1185,#1186),#287,.T.);
#1320=ADVANCED_FACE('',(#1187,#1188),#288,.T.);
#1321=ADVANCED_FACE('',(#1189),#1252,.T.);
#1322=ADVANCED_FACE('',(#1190),#1253,.T.);
#1323=ADVANCED_FACE('',(#1191),#21,.T.);
#1324=ADVANCED_FACE('',(#1192),#1254,.T.);
#1325=ADVANCED_FACE('',(#1193),#1255,.T.);
#1326=ADVANCED_FACE('',(#1194),#22,.T.);
#1327=ADVANCED_FACE('',(#1195),#1256,.T.);
#1328=ADVANCED_FACE('',(#1196),#1257,.T.);
#1329=ADVANCED_FACE('',(#1197),#1258,.T.);
#1330=ADVANCED_FACE('',(#1198),#1259,.F.);
#1331=ADVANCED_FACE('',(#1199),#1260,.T.);
#1332=ADVANCED_FACE('',(#1200),#15,.F.);
#1333=ADVANCED_FACE('',(#1201),#16,.F.);
#1334=ADVANCED_FACE('',(#1202),#1261,.F.);
#1335=ADVANCED_FACE('',(#1203),#1262,.F.);
#1336=ADVANCED_FACE('',(#1204),#1263,.F.);
#1337=ADVANCED_FACE('',(#1205),#17,.F.);
#1338=ADVANCED_FACE('',(#1206),#1264,.T.);
#1339=ADVANCED_FACE('',(#1207),#1265,.F.);
#1340=ADVANCED_FACE('',(#1208),#1266,.T.);
#1341=ADVANCED_FACE('',(#1209),#1267,.T.);
#1342=ADVANCED_FACE('',(#1210),#18,.F.);
#1343=ADVANCED_FACE('',(#1211),#1268,.T.);
#1344=ADVANCED_FACE('',(#1212),#1269,.T.);
#1345=ADVANCED_FACE('',(#1213),#1270,.F.);
#1346=ADVANCED_FACE('',(#1214),#23,.T.);
#1347=ADVANCED_FACE('',(#1215),#1271,.T.);
#1348=ADVANCED_FACE('',(#1216),#19,.F.);
#1349=ADVANCED_FACE('',(#1217),#1272,.T.);
#1350=ADVANCED_FACE('',(#1218),#1273,.T.);
#1351=ADVANCED_FACE('',(#1219),#1274,.T.);
#1352=ADVANCED_FACE('',(#1220),#1275,.F.);
#1353=ADVANCED_FACE('',(#1221),#24,.T.);
#1354=ADVANCED_FACE('',(#1222),#25,.T.);
#1355=ADVANCED_FACE('',(#1223),#20,.F.);
#1356=ADVANCED_FACE('',(#1224),#1276,.T.);
#1357=ADVANCED_FACE('',(#1225),#1277,.T.);
#1358=ADVANCED_FACE('',(#1226),#1278,.T.);
#1359=ADVANCED_FACE('',(#1227),#1279,.T.);
#1360=ADVANCED_FACE('',(#1228),#26,.T.);
#1361=ADVANCED_FACE('',(#1229),#27,.T.);
#1362=ADVANCED_FACE('',(#1230),#1280,.T.);
#1363=ADVANCED_FACE('',(#1231),#1281,.T.);
#1364=ADVANCED_FACE('',(#1232),#1282,.T.);
#1365=ADVANCED_FACE('',(#1233),#1283,.T.);
#1366=ADVANCED_FACE('',(#1234),#28,.T.);
#1367=ADVANCED_FACE('',(#1235),#29,.T.);
#1368=ADVANCED_FACE('',(#1236),#1284,.T.);
#1369=ADVANCED_FACE('',(#1237),#1285,.T.);
#1370=ADVANCED_FACE('',(#1238),#1286,.T.);
#1371=ADVANCED_FACE('',(#1239),#30,.T.);
#1372=ADVANCED_FACE('',(#1240),#1287,.T.);
#1373=ADVANCED_FACE('',(#1241,#1242),#12,.T.);
#1374=ADVANCED_FACE('',(#1243,#1244),#13,.T.);
#1375=ADVANCED_FACE('',(#1245,#1246),#14,.T.);
#1376=CLOSED_SHELL('',(#1288,#1289,#1290,#1291,#1292,#1293,#1294,#1295,
#1296,#1297,#1298,#1299,#1300,#1301,#1302,#1303,#1304,#1305,#1306,#1307,
#1308,#1309,#1310,#1311,#1312,#1313,#1314,#1315,#1316,#1317,#1318,#1319,
#1320,#1321,#1322,#1323,#1324,#1325,#1326,#1327,#1328,#1329,#1330,#1331,
#1332,#1333,#1334,#1335,#1336,#1337,#1338,#1339,#1340,#1341,#1342,#1343,
#1344,#1345,#1346,#1347,#1348,#1349,#1350,#1351,#1352,#1353,#1354,#1355,
#1356,#1357,#1358,#1359,#1360,#1361,#1362,#1363,#1364,#1365,#1366,#1367,
#1368,#1369,#1370,#1371,#1372,#1373,#1374,#1375));
#1377=STYLED_ITEM('',(#1378),#1385);
#1378=PRESENTATION_STYLE_ASSIGNMENT((#1379));
#1379=SURFACE_STYLE_USAGE(.BOTH.,#1380);
#1380=SURFACE_SIDE_STYLE('',(#1381));
#1381=SURFACE_STYLE_FILL_AREA(#1382);
#1382=FILL_AREA_STYLE('',(#1383));
#1383=FILL_AREA_STYLE_COLOUR('',#1384);
#1384=COLOUR_RGB('',0.647058823529412,0.647058823529412,0.647058823529412);
#1385=MANIFOLD_SOLID_BREP('Cubby Legs Spacer',#1376);
#1386=SHAPE_DEFINITION_REPRESENTATION(#2498,#1387);
#1387=SHAPE_REPRESENTATION('Cubby Legs Spacer',(#1388),#2493);
#1388=AXIS2_PLACEMENT_3D('',#1997,#1557,#1558);
#1389=AXIS2_PLACEMENT_3D('',#1998,#1559,#1560);
#1390=AXIS2_PLACEMENT_3D('',#1999,#1561,#1562);
#1391=AXIS2_PLACEMENT_3D('',#2001,#1563,#1564);
#1392=AXIS2_PLACEMENT_3D('',#2003,#1565,#1566);
#1393=AXIS2_PLACEMENT_3D('',#2004,#1567,#1568);
#1394=AXIS2_PLACEMENT_3D('',#2006,#1569,#1570);
#1395=AXIS2_PLACEMENT_3D('',#2008,#1571,#1572);
#1396=AXIS2_PLACEMENT_3D('',#2009,#1573,#1574);
#1397=AXIS2_PLACEMENT_3D('',#2011,#1575,#1576);
#1398=AXIS2_PLACEMENT_3D('',#2013,#1577,#1578);
#1399=AXIS2_PLACEMENT_3D('',#2014,#1579,#1580);
#1400=AXIS2_PLACEMENT_3D('',#2016,#1581,#1582);
#1401=AXIS2_PLACEMENT_3D('',#2018,#1583,#1584);
#1402=AXIS2_PLACEMENT_3D('',#2020,#1585,#1586);
#1403=AXIS2_PLACEMENT_3D('',#2029,#1590,#1591);
#1404=AXIS2_PLACEMENT_3D('',#2033,#1593,#1594);
#1405=AXIS2_PLACEMENT_3D('',#2053,#1604,#1605);
#1406=AXIS2_PLACEMENT_3D('',#2056,#1607,#1608);
#1407=AXIS2_PLACEMENT_3D('',#2060,#1610,#1611);
#1408=AXIS2_PLACEMENT_3D('',#2070,#1616,#1617);
#1409=AXIS2_PLACEMENT_3D('',#2074,#1619,#1620);
#1410=AXIS2_PLACEMENT_3D('',#2075,#1621,#1622);
#1411=AXIS2_PLACEMENT_3D('',#2076,#1623,#1624);
#1412=AXIS2_PLACEMENT_3D('',#2081,#1626,#1627);
#1413=AXIS2_PLACEMENT_3D('',#2084,#1629,#1630);
#1414=AXIS2_PLACEMENT_3D('',#2090,#1634,#1635);
#1415=AXIS2_PLACEMENT_3D('',#2093,#1638,#1639);
#1416=AXIS2_PLACEMENT_3D('',#2101,#1643,#1644);
#1417=AXIS2_PLACEMENT_3D('',#2105,#1646,#1647);
#1418=AXIS2_PLACEMENT_3D('',#2114,#1652,#1653);
#1419=AXIS2_PLACEMENT_3D('',#2123,#1658,#1659);
#1420=AXIS2_PLACEMENT_3D('',#2139,#1667,#1668);
#1421=AXIS2_PLACEMENT_3D('',#2143,#1670,#1671);
#1422=AXIS2_PLACEMENT_3D('',#2144,#1672,#1673);
#1423=AXIS2_PLACEMENT_3D('',#2153,#1678,#1679);
#1424=AXIS2_PLACEMENT_3D('',#2154,#1680,#1681);
#1425=AXIS2_PLACEMENT_3D('',#2155,#1682,#1683);
#1426=AXIS2_PLACEMENT_3D('',#2159,#1685,#1686);
#1427=AXIS2_PLACEMENT_3D('',#2160,#1687,#1688);
#1428=AXIS2_PLACEMENT_3D('',#2161,#1689,#1690);
#1429=AXIS2_PLACEMENT_3D('',#2168,#1695,#1696);
#1430=AXIS2_PLACEMENT_3D('',#2173,#1699,#1700);
#1431=AXIS2_PLACEMENT_3D('',#2174,#1701,#1702);
#1432=AXIS2_PLACEMENT_3D('',#2184,#1708,#1709);
#1433=AXIS2_PLACEMENT_3D('',#2193,#1714,#1715);
#1434=AXIS2_PLACEMENT_3D('',#2202,#1720,#1721);
#1435=AXIS2_PLACEMENT_3D('',#2211,#1726,#1727);
#1436=AXIS2_PLACEMENT_3D('',#2220,#1732,#1733);
#1437=AXIS2_PLACEMENT_3D('',#2228,#1736,#1737);
#1438=AXIS2_PLACEMENT_3D('',#2239,#1741,#1742);
#1439=AXIS2_PLACEMENT_3D('',#2245,#1746,#1747);
#1440=AXIS2_PLACEMENT_3D('',#2248,#1749,#1750);
#1441=AXIS2_PLACEMENT_3D('',#2251,#1752,#1753);
#1442=AXIS2_PLACEMENT_3D('',#2255,#1756,#1757);
#1443=AXIS2_PLACEMENT_3D('',#2257,#1759,#1760);
#1444=AXIS2_PLACEMENT_3D('',#2258,#1761,#1762);
#1445=AXIS2_PLACEMENT_3D('',#2264,#1766,#1767);
#1446=AXIS2_PLACEMENT_3D('',#2268,#1770,#1771);
#1447=AXIS2_PLACEMENT_3D('',#2274,#1775,#1776);
#1448=AXIS2_PLACEMENT_3D('',#2278,#1779,#1780);
#1449=AXIS2_PLACEMENT_3D('',#2279,#1781,#1782);
#1450=AXIS2_PLACEMENT_3D('',#2281,#1783,#1784);
#1451=AXIS2_PLACEMENT_3D('',#2282,#1785,#1786);
#1452=AXIS2_PLACEMENT_3D('',#2284,#1787,#1788);
#1453=AXIS2_PLACEMENT_3D('',#2285,#1789,#1790);
#1454=AXIS2_PLACEMENT_3D('',#2287,#1791,#1792);
#1455=AXIS2_PLACEMENT_3D('',#2288,#1793,#1794);
#1456=AXIS2_PLACEMENT_3D('',#2289,#1795,#1796);
#1457=AXIS2_PLACEMENT_3D('',#2290,#1797,#1798);
#1458=AXIS2_PLACEMENT_3D('',#2291,#1799,#1800);
#1459=AXIS2_PLACEMENT_3D('',#2292,#1801,#1802);
#1460=AXIS2_PLACEMENT_3D('',#2293,#1803,#1804);
#1461=AXIS2_PLACEMENT_3D('',#2294,#1805,#1806);
#1462=AXIS2_PLACEMENT_3D('',#2295,#1807,#1808);
#1463=AXIS2_PLACEMENT_3D('',#2296,#1809,#1810);
#1464=AXIS2_PLACEMENT_3D('',#2297,#1811,#1812);
#1465=AXIS2_PLACEMENT_3D('',#2298,#1813,#1814);
#1466=AXIS2_PLACEMENT_3D('',#2299,#1815,#1816);
#1467=AXIS2_PLACEMENT_3D('',#2300,#1817,#1818);
#1468=AXIS2_PLACEMENT_3D('',#2301,#1819,#1820);
#1469=AXIS2_PLACEMENT_3D('',#2302,#1821,#1822);
#1470=AXIS2_PLACEMENT_3D('',#2303,#1823,#1824);
#1471=AXIS2_PLACEMENT_3D('',#2304,#1825,#1826);
#1472=AXIS2_PLACEMENT_3D('',#2305,#1827,#1828);
#1473=AXIS2_PLACEMENT_3D('',#2306,#1829,#1830);
#1474=AXIS2_PLACEMENT_3D('',#2307,#1831,#1832);
#1475=AXIS2_PLACEMENT_3D('',#2308,#1833,#1834);
#1476=AXIS2_PLACEMENT_3D('',#2324,#1835,#1836);
#1477=AXIS2_PLACEMENT_3D('',#2340,#1837,#1838);
#1478=AXIS2_PLACEMENT_3D('',#2341,#1839,#1840);
#1479=AXIS2_PLACEMENT_3D('',#2342,#1841,#1842);
#1480=AXIS2_PLACEMENT_3D('',#2343,#1843,#1844);
#1481=AXIS2_PLACEMENT_3D('',#2344,#1845,#1846);
#1482=AXIS2_PLACEMENT_3D('',#2345,#1847,#1848);
#1483=AXIS2_PLACEMENT_3D('',#2346,#1849,#1850);
#1484=AXIS2_PLACEMENT_3D('',#2368,#1851,#1852);
#1485=AXIS2_PLACEMENT_3D('',#2369,#1853,#1854);
#1486=AXIS2_PLACEMENT_3D('',#2370,#1855,#1856);
#1487=AXIS2_PLACEMENT_3D('',#2371,#1857,#1858);
#1488=AXIS2_PLACEMENT_3D('',#2372,#1859,#1860);
#1489=AXIS2_PLACEMENT_3D('',#2373,#1861,#1862);
#1490=AXIS2_PLACEMENT_3D('',#2374,#1863,#1864);
#1491=AXIS2_PLACEMENT_3D('',#2375,#1865,#1866);
#1492=AXIS2_PLACEMENT_3D('',#2376,#1867,#1868);
#1493=AXIS2_PLACEMENT_3D('',#2392,#1869,#1870);
#1494=AXIS2_PLACEMENT_3D('',#2393,#1871,#1872);
#1495=AXIS2_PLACEMENT_3D('',#2394,#1873,#1874);
#1496=AXIS2_PLACEMENT_3D('',#2395,#1875,#1876);
#1497=AXIS2_PLACEMENT_3D('',#2396,#1877,#1878);
#1498=AXIS2_PLACEMENT_3D('',#2397,#1879,#1880);
#1499=AXIS2_PLACEMENT_3D('',#2398,#1881,#1882);
#1500=AXIS2_PLACEMENT_3D('',#2399,#1883,#1884);
#1501=AXIS2_PLACEMENT_3D('',#2400,#1885,#1886);
#1502=AXIS2_PLACEMENT_3D('',#2401,#1887,#1888);
#1503=AXIS2_PLACEMENT_3D('',#2402,#1889,#1890);
#1504=AXIS2_PLACEMENT_3D('',#2403,#1891,#1892);
#1505=AXIS2_PLACEMENT_3D('',#2419,#1893,#1894);
#1506=AXIS2_PLACEMENT_3D('',#2420,#1895,#1896);
#1507=AXIS2_PLACEMENT_3D('',#2421,#1897,#1898);
#1508=AXIS2_PLACEMENT_3D('',#2422,#1899,#1900);
#1509=AXIS2_PLACEMENT_3D('',#2423,#1901,#1902);
#1510=AXIS2_PLACEMENT_3D('',#2424,#1903,#1904);
#1511=AXIS2_PLACEMENT_3D('',#2425,#1905,#1906);
#1512=AXIS2_PLACEMENT_3D('',#2426,#1907,#1908);
#1513=AXIS2_PLACEMENT_3D('',#2427,#1909,#1910);
#1514=AXIS2_PLACEMENT_3D('',#2428,#1911,#1912);
#1515=AXIS2_PLACEMENT_3D('',#2429,#1913,#1914);
#1516=AXIS2_PLACEMENT_3D('',#2430,#1915,#1916);
#1517=AXIS2_PLACEMENT_3D('',#2431,#1917,#1918);
#1518=AXIS2_PLACEMENT_3D('',#2432,#1919,#1920);
#1519=AXIS2_PLACEMENT_3D('',#2454,#1921,#1922);
#1520=AXIS2_PLACEMENT_3D('',#2455,#1923,#1924);
#1521=AXIS2_PLACEMENT_3D('',#2456,#1925,#1926);
#1522=AXIS2_PLACEMENT_3D('',#2457,#1927,#1928);
#1523=AXIS2_PLACEMENT_3D('',#2458,#1929,#1930);
#1524=AXIS2_PLACEMENT_3D('',#2459,#1931,#1932);
#1525=AXIS2_PLACEMENT_3D('',#2460,#1933,#1934);
#1526=AXIS2_PLACEMENT_3D('',#2461,#1935,#1936);
#1527=AXIS2_PLACEMENT_3D('',#2462,#1937,#1938);
#1528=AXIS2_PLACEMENT_3D('',#2463,#1939,#1940);
#1529=AXIS2_PLACEMENT_3D('',#2464,#1941,#1942);
#1530=AXIS2_PLACEMENT_3D('',#2465,#1943,#1944);
#1531=AXIS2_PLACEMENT_3D('',#2466,#1945,#1946);
#1532=AXIS2_PLACEMENT_3D('',#2467,#1947,#1948);
#1533=AXIS2_PLACEMENT_3D('',#2468,#1949,#1950);
#1534=AXIS2_PLACEMENT_3D('',#2469,#1951,#1952);
#1535=AXIS2_PLACEMENT_3D('',#2470,#1953,#1954);
#1536=AXIS2_PLACEMENT_3D('',#2471,#1955,#1956);
#1537=AXIS2_PLACEMENT_3D('',#2472,#1957,#1958);
#1538=AXIS2_PLACEMENT_3D('',#2473,#1959,#1960);
#1539=AXIS2_PLACEMENT_3D('',#2474,#1961,#1962);
#1540=AXIS2_PLACEMENT_3D('',#2475,#1963,#1964);
#1541=AXIS2_PLACEMENT_3D('',#2476,#1965,#1966);
#1542=AXIS2_PLACEMENT_3D('',#2477,#1967,#1968);
#1543=AXIS2_PLACEMENT_3D('',#2478,#1969,#1970);
#1544=AXIS2_PLACEMENT_3D('',#2479,#1971,#1972);
#1545=AXIS2_PLACEMENT_3D('',#2480,#1973,#1974);
#1546=AXIS2_PLACEMENT_3D('',#2481,#1975,#1976);
#1547=AXIS2_PLACEMENT_3D('',#2482,#1977,#1978);
#1548=AXIS2_PLACEMENT_3D('',#2483,#1979,#1980);
#1549=AXIS2_PLACEMENT_3D('',#2484,#1981,#1982);
#1550=AXIS2_PLACEMENT_3D('',#2485,#1983,#1984);
#1551=AXIS2_PLACEMENT_3D('',#2486,#1985,#1986);
#1552=AXIS2_PLACEMENT_3D('',#2487,#1987,#1988);
#1553=AXIS2_PLACEMENT_3D('',#2488,#1989,#1990);
#1554=AXIS2_PLACEMENT_3D('',#2489,#1991,#1992);
#1555=AXIS2_PLACEMENT_3D('',#2490,#1993,#1994);
#1556=AXIS2_PLACEMENT_3D('',#2491,#1995,#1996);
#1557=DIRECTION('',(0.,0.,1.));
#1558=DIRECTION('',(1.,0.,0.));
#1559=DIRECTION('',(-7.93016446160826E-17,-1.,0.));
#1560=DIRECTION('',(1.,-7.93016446160826E-17,0.));
#1561=DIRECTION('',(7.93016446160826E-17,1.,0.));
#1562=DIRECTION('',(-1.,0.,0.));
#1563=DIRECTION('',(7.93016446160826E-17,1.,0.));
#1564=DIRECTION('',(-1.,0.,0.));
#1565=DIRECTION('',(-7.93016446160826E-17,-1.,0.));
#1566=DIRECTION('',(1.,-7.93016446160826E-17,0.));
#1567=DIRECTION('',(7.93016446160826E-17,1.,0.));
#1568=DIRECTION('',(-1.,0.,0.));
#1569=DIRECTION('',(7.93016446160826E-17,1.,0.));
#1570=DIRECTION('',(-1.,0.,0.));
#1571=DIRECTION('',(-7.93016446160826E-17,-1.,0.));
#1572=DIRECTION('',(1.,-7.93016446160826E-17,0.));
#1573=DIRECTION('',(7.93016446160826E-17,1.,0.));
#1574=DIRECTION('',(-1.,0.,0.));
#1575=DIRECTION('',(7.93016446160826E-17,1.,0.));
#1576=DIRECTION('',(-1.,0.,0.));
#1577=DIRECTION('',(7.93016446160826E-17,1.,0.));
#1578=DIRECTION('',(-1.,7.93016446160826E-17,0.));
#1579=DIRECTION('',(7.93016446160826E-17,1.,0.));
#1580=DIRECTION('',(-1.,7.93016446160826E-17,0.));
#1581=DIRECTION('',(7.93016446160826E-17,1.,0.));
#1582=DIRECTION('',(-1.,7.93016446160826E-17,0.));
#1583=DIRECTION('',(7.93016446160826E-17,1.,0.));
#1584=DIRECTION('',(-1.,7.93016446160826E-17,0.));
#1585=DIRECTION('',(7.93016446160826E-17,1.,0.));
#1586=DIRECTION('',(-1.,7.93016446160826E-17,0.));
#1587=DIRECTION('',(-1.,7.93016446160826E-17,0.));
#1588=DIRECTION('',(-4.95635278850516E-16,3.93046927425966E-32,-1.));
#1589=DIRECTION('',(-1.,7.93016446160826E-17,0.));
#1590=DIRECTION('',(7.93016446160826E-17,1.,0.));
#1591=DIRECTION('',(1.,-7.93016446160826E-17,0.));
#1592=DIRECTION('',(0.,0.,1.));
#1593=DIRECTION('',(7.93016446160826E-17,1.,0.));
#1594=DIRECTION('',(1.,-7.93016446160826E-17,0.));
#1595=DIRECTION('',(-1.,7.93016446160826E-17,0.));
#1596=DIRECTION('',(-0.707106781186548,5.60747306672777E-17,-0.707106781186548));
#1597=DIRECTION('',(0.,0.,1.));
#1598=DIRECTION('',(-1.,7.93016446160826E-17,0.));
#1599=DIRECTION('',(0.,0.,-1.));
#1600=DIRECTION('',(1.,-7.93016446160826E-17,0.));
#1601=DIRECTION('',(0.,0.,-1.));
#1602=DIRECTION('',(-0.707106781186548,5.60747306672777E-17,0.707106781186547));
#1603=DIRECTION('',(-1.,7.93016446160826E-17,0.));
#1604=DIRECTION('',(7.93016446160826E-17,1.,0.));
#1605=DIRECTION('',(-1.,7.93016446160826E-17,0.));
#1606=DIRECTION('',(0.,0.,-1.));
#1607=DIRECTION('',(-1.,7.93016446160826E-17,4.95635278850516E-16));
#1608=DIRECTION('',(4.95635278850516E-16,0.,1.));
#1609=DIRECTION('',(-4.06541797337763E-16,-0.707106781186547,-0.707106781186548));
#1610=DIRECTION('',(1.,-7.93016446160826E-17,-4.95635278850516E-16));
#1611=DIRECTION('',(0.,0.707106781186546,0.707106781186549));
#1612=DIRECTION('',(2.94392336003207E-16,-0.707106781186548,0.707106781186547));
#1613=DIRECTION('',(-7.93016446160826E-17,-1.,0.));
#1614=DIRECTION('',(-4.95635278850516E-16,3.93046927425966E-32,-1.));
#1615=DIRECTION('',(-7.93016446160826E-17,-1.,0.));
#1616=DIRECTION('',(-1.,7.93016446160826E-17,4.95635278850516E-16));
#1617=DIRECTION('',(7.93016446160824E-17,1.,-4.95635278850516E-16));
#1618=DIRECTION('',(-4.95635278850516E-16,3.93046927425966E-32,-1.));
#1619=DIRECTION('',(-1.,7.93016446160826E-17,4.95635278850516E-16));
#1620=DIRECTION('',(-7.93016446160824E-17,-1.,4.95635278850516E-16));
#1621=DIRECTION('',(1.,-7.93016446160826E-17,-4.95635278850516E-16));
#1622=DIRECTION('',(-4.95635278850516E-16,0.,-1.));
#1623=DIRECTION('',(1.,-7.93016446160826E-17,-4.95635278850516E-16));
#1624=DIRECTION('',(0.,-0.707106781186548,0.707106781186547));
#1625=DIRECTION('',(1.,-7.93016446160826E-17,-4.95635278850516E-16));
#1626=DIRECTION('',(1.,-7.93016446160826E-17,0.));
#1627=DIRECTION('',(7.93016446160826E-17,1.,0.));
#1628=DIRECTION('',(1.,-7.93016446160826E-17,-4.95635278850516E-16));
#1629=DIRECTION('',(2.94392336003207E-16,-0.707106781186548,0.707106781186547));
#1630=DIRECTION('',(0.,-0.707106781186547,-0.707106781186548));
#1631=DIRECTION('',(-4.06541797337763E-16,-0.707106781186547,-0.707106781186548));
#1632=DIRECTION('',(1.,-7.93016446160826E-17,-4.95635278850516E-16));
#1633=DIRECTION('',(5.60747306672776E-17,0.707106781186547,0.707106781186548));
#1634=DIRECTION('',(4.06541797337764E-16,0.707106781186547,0.707106781186549));
#1635=DIRECTION('',(0.,-0.707106781186549,0.707106781186547));
#1636=DIRECTION('',(2.94392336003207E-16,-0.707106781186549,0.707106781186547));
#1637=DIRECTION('',(5.60747306672778E-17,0.707106781186549,-0.707106781186547));
#1638=DIRECTION('',(0.,0.,-1.));
#1639=DIRECTION('',(-1.,0.,0.));
#1640=DIRECTION('',(-1.,7.93016446160826E-17,0.));
#1641=DIRECTION('',(-7.93016446160826E-17,-1.,0.));
#1642=DIRECTION('',(-1.,7.93016446160826E-17,0.));
#1643=DIRECTION('',(0.,0.,-1.));
#1644=DIRECTION('',(1.,-7.93016446160826E-17,0.));
#1645=DIRECTION('',(-7.93016446160826E-17,-1.,0.));
#1646=DIRECTION('',(0.,0.,-1.));
#1647=DIRECTION('',(-1.,7.93016446160826E-17,0.));
#1648=DIRECTION('',(-1.,7.93016446160826E-17,0.));
#1649=DIRECTION('',(-0.707106781186547,0.707106781186548,0.));
#1650=DIRECTION('',(-1.,7.93016446160826E-17,0.));
#1651=DIRECTION('',(-7.93016446160826E-17,-1.,0.));
#1652=DIRECTION('',(7.93016446160826E-17,1.,0.));
#1653=DIRECTION('',(-1.,7.93016446160826E-17,0.));
#1654=DIRECTION('',(0.,0.,-1.));
#1655=DIRECTION('',(-1.,7.93016446160826E-17,0.));
#1656=DIRECTION('',(0.,0.,-1.));
#1657=DIRECTION('',(-1.,7.93016446160826E-17,0.));
#1658=DIRECTION('',(0.,0.,1.));
#1659=DIRECTION('',(1.,0.,0.));
#1660=DIRECTION('',(-1.,7.93016446160826E-17,0.));
#1661=DIRECTION('',(7.93016446160826E-17,1.,0.));
#1662=DIRECTION('',(-1.,7.93016446160826E-17,0.));
#1663=DIRECTION('',(7.93016446160826E-17,1.,0.));
#1664=DIRECTION('',(-1.,7.93016446160826E-17,0.));
#1665=DIRECTION('',(0.707106781186547,-0.707106781186548,0.));
#1666=DIRECTION('',(-1.,7.93016446160826E-17,0.));
#1667=DIRECTION('',(0.,0.,1.));
#1668=DIRECTION('',(1.,-7.93016446160826E-17,0.));
#1669=DIRECTION('',(-7.93016446160826E-17,-1.,0.));
#1670=DIRECTION('',(0.,0.,1.));
#1671=DIRECTION('',(-1.,7.93016446160826E-17,0.));
#1672=DIRECTION('',(1.,-7.93016446160826E-17,0.));
#1673=DIRECTION('',(7.93016446160826E-17,1.,0.));
#1674=DIRECTION('',(0.,0.,-1.));
#1675=DIRECTION('',(-7.93016446160826E-17,-1.,0.));
#1676=DIRECTION('',(0.,0.,-1.));
#1677=DIRECTION('',(7.93016446160826E-17,1.,0.));
#1678=DIRECTION('',(1.,-7.93016446160826E-17,0.));
#1679=DIRECTION('',(7.93016446160826E-17,1.,0.));
#1680=DIRECTION('',(1.,-7.93016446160826E-17,0.));
#1681=DIRECTION('',(7.93016446160826E-17,1.,0.));
#1682=DIRECTION('',(1.,-7.93016446160826E-17,0.));
#1683=DIRECTION('',(7.93016446160826E-17,1.,0.));
#1684=DIRECTION('',(0.,0.,-1.));
#1685=DIRECTION('',(1.,-7.93016446160826E-17,0.));
#1686=DIRECTION('',(7.93016446160826E-17,1.,0.));
#1687=DIRECTION('',(1.,-7.93016446160826E-17,0.));
#1688=DIRECTION('',(7.93016446160826E-17,1.,0.));
#1689=DIRECTION('',(7.93016446160826E-17,1.,0.));
#1690=DIRECTION('',(-1.,7.93016446160826E-17,0.));
#1691=DIRECTION('',(-1.,7.93016446160826E-17,0.));
#1692=DIRECTION('',(-4.95635278850516E-16,3.93046927425966E-32,-1.));
#1693=DIRECTION('',(0.,0.,-1.));
#1694=DIRECTION('',(-1.,7.93016446160826E-17,0.));
#1695=DIRECTION('',(7.93016446160826E-17,1.,0.));
#1696=DIRECTION('',(-1.,7.93016446160826E-17,0.));
#1697=DIRECTION('',(0.,0.,1.));
#1698=DIRECTION('',(-0.707106781186548,5.60747306672777E-17,-0.707106781186548));
#1699=DIRECTION('',(7.93016446160826E-17,1.,0.));
#1700=DIRECTION('',(-1.,7.93016446160826E-17,0.));
#1701=DIRECTION('',(7.93016446160826E-17,1.,0.));
#1702=DIRECTION('',(-1.,7.93016446160826E-17,0.));
#1703=DIRECTION('',(-0.707106781186548,5.60747306672777E-17,0.707106781186547));
#1704=DIRECTION('',(0.,0.,-1.));
#1705=DIRECTION('',(1.,-7.93016446160826E-17,0.));
#1706=DIRECTION('',(0.,0.,-1.));
#1707=DIRECTION('',(-1.,7.93016446160826E-17,0.));
#1708=DIRECTION('',(0.,0.,1.));
#1709=DIRECTION('',(1.,0.,0.));
#1710=DIRECTION('',(-7.93016446160826E-17,-1.,0.));
#1711=DIRECTION('',(-1.,7.93016446160826E-17,0.));
#1712=DIRECTION('',(-7.93016446160826E-17,-1.,0.));
#1713=DIRECTION('',(-1.,7.93016446160826E-17,0.));
#1714=DIRECTION('',(-1.,7.93016446160826E-17,0.));
#1715=DIRECTION('',(-7.93016446160826E-17,-1.,0.));
#1716=DIRECTION('',(-7.93016446160826E-17,-1.,0.));
#1717=DIRECTION('',(0.,0.,-1.));
#1718=DIRECTION('',(-7.93016446160826E-17,-1.,0.));
#1719=DIRECTION('',(0.,0.,-1.));
#1720=DIRECTION('',(0.,0.,-1.));
#1721=DIRECTION('',(-1.,0.,0.));
#1722=DIRECTION('',(-7.93016446160826E-17,-1.,0.));
#1723=DIRECTION('',(1.,-7.93016446160826E-17,0.));
#1724=DIRECTION('',(-7.93016446160826E-17,-1.,0.));
#1725=DIRECTION('',(1.,-7.93016446160826E-17,0.));
#1726=DIRECTION('',(-1.,7.93016446160826E-17,0.));
#1727=DIRECTION('',(-7.93016446160826E-17,-1.,0.));
#1728=DIRECTION('',(-7.93016446160826E-17,-1.,0.));
#1729=DIRECTION('',(0.,0.,-1.));
#1730=DIRECTION('',(-7.93016446160826E-17,-1.,0.));
#1731=DIRECTION('',(0.,0.,-1.));
#1732=DIRECTION('',(0.707106781186547,-5.60747306672777E-17,0.707106781186548));
#1733=DIRECTION('',(0.707106781186548,0.,-0.707106781186547));
#1734=DIRECTION('',(-0.707106781186548,5.60747306672777E-17,0.707106781186547));
#1735=DIRECTION('',(-0.707106781186548,5.60747306672777E-17,0.707106781186547));
#1736=DIRECTION('',(-0.707106781186548,5.60747306672777E-17,0.707106781186548));
#1737=DIRECTION('',(0.707106781186548,0.,0.707106781186548));
#1738=DIRECTION('',(-0.707106781186548,5.60747306672777E-17,-0.707106781186548));
#1739=DIRECTION('',(-7.93016446160826E-17,-1.,0.));
#1740=DIRECTION('',(-0.707106781186548,5.60747306672777E-17,-0.707106781186548));
#1741=DIRECTION('',(1.,-7.93016446160826E-17,0.));
#1742=DIRECTION('',(7.93016446160826E-17,1.,0.));
#1743=DIRECTION('',(0.,0.,1.));
#1744=DIRECTION('',(-7.93016446160826E-17,-1.,0.));
#1745=DIRECTION('',(0.,0.,1.));
#1746=DIRECTION('',(1.,-7.93016446160826E-17,-4.95635278850516E-16));
#1747=DIRECTION('',(-4.95635278850516E-16,0.,-1.));
#1748=DIRECTION('',(1.,-7.93016446160826E-17,-4.95635278850516E-16));
#1749=DIRECTION('',(1.,-7.93016446160826E-17,-4.95635278850516E-16));
#1750=DIRECTION('',(0.,0.707106781186546,0.707106781186549));
#1751=DIRECTION('',(1.,-7.93016446160826E-17,-4.95635278850516E-16));
#1752=DIRECTION('',(2.94392336003207E-16,-0.707106781186548,0.707106781186547));
#1753=DIRECTION('',(0.,-0.707106781186547,-0.707106781186548));
#1754=DIRECTION('',(1.,-7.93016446160826E-17,-4.95635278850516E-16));
#1755=DIRECTION('',(-4.06541797337763E-16,-0.707106781186547,-0.707106781186548));
#1756=DIRECTION('',(4.06541797337763E-16,0.707106781186547,0.707106781186548));
#1757=DIRECTION('',(0.,-0.707106781186548,0.707106781186547));
#1758=DIRECTION('',(2.94392336003207E-16,-0.707106781186548,0.707106781186547));
#1759=DIRECTION('',(1.,-7.93016446160826E-17,-4.95635278850516E-16));
#1760=DIRECTION('',(7.93016446160826E-17,1.,-3.93046927425966E-32));
#1761=DIRECTION('',(0.707106781186548,0.707106781186547,0.));
#1762=DIRECTION('',(-0.707106781186547,0.707106781186548,0.));
#1763=DIRECTION('',(0.,0.,-1.));
#1764=DIRECTION('',(0.707106781186547,-0.707106781186548,0.));
#1765=DIRECTION('',(0.707106781186547,-0.707106781186548,0.));
#1766=DIRECTION('',(0.,0.,-1.));
#1767=DIRECTION('',(1.,0.,0.));
#1768=DIRECTION('',(-1.,7.93016446160826E-17,0.));
#1769=DIRECTION('',(0.707106781186547,-0.707106781186548,0.));
#1770=DIRECTION('',(0.707106781186548,0.707106781186547,0.));
#1771=DIRECTION('',(-0.707106781186547,0.707106781186548,0.));
#1772=DIRECTION('',(-0.707106781186547,0.707106781186548,0.));
#1773=DIRECTION('',(0.,0.,1.));
#1774=DIRECTION('',(-0.707106781186547,0.707106781186548,0.));
#1775=DIRECTION('',(0.,0.,1.));
#1776=DIRECTION('',(1.,0.,0.));
#1777=DIRECTION('',(-0.707106781186547,0.707106781186548,0.));
#1778=DIRECTION('',(-1.,7.93016446160826E-17,0.));
#1779=DIRECTION('',(7.93016446160826E-17,1.,0.));
#1780=DIRECTION('',(-1.,7.93016446160826E-17,0.));
#1781=DIRECTION('',(7.93016446160826E-17,1.,0.));
#1782=DIRECTION('',(-1.,0.,0.));
#1783=DIRECTION('',(7.93016446160826E-17,1.,0.));
#1784=DIRECTION('',(-1.,7.93016446160826E-17,0.));
#1785=DIRECTION('',(7.93016446160826E-17,1.,0.));
#1786=DIRECTION('',(-1.,0.,0.));
#1787=DIRECTION('',(7.93016446160826E-17,1.,0.));
#1788=DIRECTION('',(-1.,7.93016446160826E-17,0.));
#1789=DIRECTION('',(7.93016446160826E-17,1.,0.));
#1790=DIRECTION('',(-1.,0.,0.));
#1791=DIRECTION('',(-7.93016446160826E-17,-1.,0.));
#1792=DIRECTION('',(1.,-7.93016446160826E-17,0.));
#1793=DIRECTION('',(-3.46944695195361E-15,-1.,0.));
#1794=DIRECTION('',(1.,-3.46944695195361E-15,0.));
#1795=DIRECTION('',(-1.,7.93016446160826E-17,0.));
#1796=DIRECTION('',(-7.93016446160826E-17,-1.,0.));
#1797=DIRECTION('',(1.,0.,0.));
#1798=DIRECTION('',(0.,0.,-1.));
#1799=DIRECTION('',(0.,0.,-1.));
#1800=DIRECTION('',(-1.,0.,0.));
#1801=DIRECTION('',(0.,8.67361737988406E-16,-1.));
#1802=DIRECTION('',(0.,1.,8.67361737988406E-16));
#1803=DIRECTION('',(0.,0.,1.));
#1804=DIRECTION('',(1.,0.,0.));
#1805=DIRECTION('',(0.,0.,1.));
#1806=DIRECTION('',(1.,0.,0.));
#1807=DIRECTION('',(-1.,7.93016446160826E-17,0.));
#1808=DIRECTION('',(-7.93016446160826E-17,-1.,0.));
#1809=DIRECTION('',(1.,0.,0.));
#1810=DIRECTION('',(0.,0.,-1.));
#1811=DIRECTION('',(0.,-1.,0.));
#1812=DIRECTION('',(0.,0.,-1.));
#1813=DIRECTION('',(0.,-1.,3.46944695195361E-15));
#1814=DIRECTION('',(0.,-3.46944695195361E-15,-1.));
#1815=DIRECTION('',(7.93016446160826E-17,1.,0.));
#1816=DIRECTION('',(-1.,7.93016446160826E-17,0.));
#1817=DIRECTION('',(1.,-7.93016446160826E-17,0.));
#1818=DIRECTION('',(7.93016446160826E-17,1.,0.));
#1819=DIRECTION('',(-0.923879532511287,0.38268343236509,0.));
#1820=DIRECTION('',(0.38268343236509,0.923879532511287,0.));
#1821=DIRECTION('',(-0.707106781186547,0.707106781186548,0.));
#1822=DIRECTION('',(-0.707106781186548,-0.707106781186547,0.));
#1823=DIRECTION('',(-0.316227766016838,-0.948683298050514,0.));
#1824=DIRECTION('',(-0.948683298050514,0.316227766016838,0.));
#1825=DIRECTION('',(0.,0.,1.));
#1826=DIRECTION('',(1.,0.,0.));
#1827=DIRECTION('',(0.,0.,1.));
#1828=DIRECTION('',(1.,0.,0.));
#1829=DIRECTION('',(0.,0.,-1.));
#1830=DIRECTION('',(-1.,0.,0.));
#1831=DIRECTION('',(-0.707106781186547,0.707106781186548,0.));
#1832=DIRECTION('',(-0.707106781186548,-0.707106781186547,0.));
#1833=DIRECTION('',(-0.316227766016841,-0.948683298050513,0.));
#1834=DIRECTION('',(-0.948683298050513,0.316227766016841,0.));
#1835=DIRECTION('',(-1.,0.,0.));
#1836=DIRECTION('',(0.,0.,1.));
#1837=DIRECTION('',(-1.,0.,0.));
#1838=DIRECTION('',(0.,0.,1.));
#1839=DIRECTION('',(-1.,7.93016446160826E-17,0.));
#1840=DIRECTION('',(-7.93016446160826E-17,-1.,0.));
#1841=DIRECTION('',(0.707106781186547,-5.60747306672777E-17,-0.707106781186548));
#1842=DIRECTION('',(-0.707106781186548,5.60747306672777E-17,-0.707106781186547));
#1843=DIRECTION('',(-1.,7.93016446160826E-17,0.));
#1844=DIRECTION('',(-7.93016446160826E-17,-1.,0.));
#1845=DIRECTION('',(1.,0.,0.));
#1846=DIRECTION('',(0.,0.,-1.));
#1847=DIRECTION('',(-4.95635278850516E-16,3.93046927425966E-32,-1.));
#1848=DIRECTION('',(-1.,0.,4.95635278850516E-16));
#1849=DIRECTION('',(-0.707106781186548,5.60747306672777E-17,-0.707106781186547));
#1850=DIRECTION('',(0.707106781186547,-5.60747306672777E-17,-0.707106781186548));
#1851=DIRECTION('',(-0.316227766016838,2.5077381918405E-17,-0.948683298050514));
#1852=DIRECTION('',(0.948683298050514,0.,-0.316227766016838));
#1853=DIRECTION('',(0.707106781186547,-0.707106781186548,0.));
#1854=DIRECTION('',(0.707106781186548,0.707106781186547,0.));
#1855=DIRECTION('',(-0.31622776601684,-0.948683298050513,0.));
#1856=DIRECTION('',(0.948683298050513,-0.31622776601684,0.));
#1857=DIRECTION('',(-1.,7.93016446160826E-17,0.));
#1858=DIRECTION('',(-7.93016446160826E-17,-1.,0.));
#1859=DIRECTION('',(-1.,0.,0.));
#1860=DIRECTION('',(0.,0.,1.));
#1861=DIRECTION('',(0.707106781186548,-5.60747306672777E-17,-0.707106781186547));
#1862=DIRECTION('',(-0.707106781186547,0.,-0.707106781186548));
#1863=DIRECTION('',(0.38268343236509,-3.0347425553879E-17,-0.923879532511287));
#1864=DIRECTION('',(0.923879532511287,-7.32651663552826E-17,0.38268343236509));
#1865=DIRECTION('',(1.,-7.93016446160826E-17,0.));
#1866=DIRECTION('',(7.93016446160826E-17,1.,0.));
#1867=DIRECTION('',(0.923879532511287,-0.38268343236509,0.));
#1868=DIRECTION('',(-0.38268343236509,-0.923879532511287,0.));
#1869=DIRECTION('',(0.,0.,1.));
#1870=DIRECTION('',(1.,0.,0.));
#1871=DIRECTION('',(0.,0.,-1.));
#1872=DIRECTION('',(-1.,0.,0.));
#1873=DIRECTION('',(0.,0.,-1.));
#1874=DIRECTION('',(-1.,0.,0.));
#1875=DIRECTION('',(0.707106781186547,-0.707106781186548,0.));
#1876=DIRECTION('',(0.707106781186548,0.707106781186547,0.));
#1877=DIRECTION('',(-0.316227766016841,-0.948683298050513,0.));
#1878=DIRECTION('',(0.948683298050513,-0.316227766016841,0.));
#1879=DIRECTION('',(0.,0.,-1.));
#1880=DIRECTION('',(-1.,0.,0.));
#1881=DIRECTION('',(0.,0.,-1.));
#1882=DIRECTION('',(-1.,0.,0.));
#1883=DIRECTION('',(0.,1.,0.));
#1884=DIRECTION('',(0.,0.,1.));
#1885=DIRECTION('',(0.,1.,0.));
#1886=DIRECTION('',(0.,0.,1.));
#1887=DIRECTION('',(-1.,0.,0.));
#1888=DIRECTION('',(0.,0.,1.));
#1889=DIRECTION('',(-0.707106781186548,5.60747306672777E-17,0.707106781186547));
#1890=DIRECTION('',(0.707106781186547,0.,0.707106781186548));
#1891=DIRECTION('',(-0.38268343236509,3.0347425553879E-17,0.923879532511287));
#1892=DIRECTION('',(-0.923879532511287,7.32651663552826E-17,-0.38268343236509));
#1893=DIRECTION('',(-1.,0.,0.));
#1894=DIRECTION('',(0.,0.,1.));
#1895=DIRECTION('',(1.,-7.93016446160826E-17,0.));
#1896=DIRECTION('',(7.93016446160826E-17,1.,0.));
#1897=DIRECTION('',(1.,0.,0.));
#1898=DIRECTION('',(0.,0.,-1.));
#1899=DIRECTION('',(-7.93016446160826E-17,-1.,0.));
#1900=DIRECTION('',(1.,-7.93016446160826E-17,0.));
#1901=DIRECTION('',(0.,-1.,0.));
#1902=DIRECTION('',(0.,0.,-1.));
#1903=DIRECTION('',(0.,0.,1.));
#1904=DIRECTION('',(1.,0.,0.));
#1905=DIRECTION('',(0.,0.,-1.));
#1906=DIRECTION('',(-1.,0.,0.));
#1907=DIRECTION('',(-1.,7.93016446160826E-17,0.));
#1908=DIRECTION('',(-7.93016446160826E-17,-1.,0.));
#1909=DIRECTION('',(1.,0.,0.));
#1910=DIRECTION('',(0.,0.,-1.));
#1911=DIRECTION('',(0.,1.,0.));
#1912=DIRECTION('',(0.,0.,1.));
#1913=DIRECTION('',(0.,1.,0.));
#1914=DIRECTION('',(0.,0.,1.));
#1915=DIRECTION('',(0.,0.,-1.));
#1916=DIRECTION('',(-1.,0.,0.));
#1917=DIRECTION('',(-1.,0.,0.));
#1918=DIRECTION('',(0.,0.,1.));
#1919=DIRECTION('',(-1.,0.,0.));
#1920=DIRECTION('',(0.,0.,1.));
#1921=DIRECTION('',(-0.316227766016837,2.50773819184049E-17,0.948683298050514));
#1922=DIRECTION('',(-0.948683298050514,0.,-0.316227766016837));
#1923=DIRECTION('',(0.,0.,1.));
#1924=DIRECTION('',(1.,0.,0.));
#1925=DIRECTION('',(0.,0.,1.));
#1926=DIRECTION('',(1.,0.,0.));
#1927=DIRECTION('',(7.93016446160826E-17,1.,0.));
#1928=DIRECTION('',(-1.,7.93016446160826E-17,0.));
#1929=DIRECTION('',(0.,-1.,0.));
#1930=DIRECTION('',(0.,0.,-1.));
#1931=DIRECTION('',(-1.,7.93016446160826E-17,0.));
#1932=DIRECTION('',(-7.93016446160826E-17,-1.,0.));
#1933=DIRECTION('',(1.,0.,0.));
#1934=DIRECTION('',(0.,0.,-1.));
#1935=DIRECTION('',(-0.707106781186548,5.60747306672777E-17,-0.707106781186548));
#1936=DIRECTION('',(-0.707106781186548,0.,0.707106781186548));
#1937=DIRECTION('',(-0.38268343236509,3.0347425553879E-17,-0.923879532511287));
#1938=DIRECTION('',(-0.923879532511287,7.32651663552826E-17,0.38268343236509));
#1939=DIRECTION('',(0.,1.,0.));
#1940=DIRECTION('',(0.,0.,1.));
#1941=DIRECTION('',(0.,1.,0.));
#1942=DIRECTION('',(0.,0.,1.));
#1943=DIRECTION('',(1.,0.,0.));
#1944=DIRECTION('',(0.,0.,-1.));
#1945=DIRECTION('',(0.,0.,-1.));
#1946=DIRECTION('',(-1.,0.,0.));
#1947=DIRECTION('',(0.,0.,-1.));
#1948=DIRECTION('',(-1.,0.,0.));
#1949=DIRECTION('',(0.,0.,-1.));
#1950=DIRECTION('',(-1.,0.,0.));
#1951=DIRECTION('',(0.,0.,1.));
#1952=DIRECTION('',(1.,0.,0.));
#1953=DIRECTION('',(-1.,7.93016446160826E-17,0.));
#1954=DIRECTION('',(-7.93016446160826E-17,-1.,0.));
#1955=DIRECTION('',(-1.,0.,0.));
#1956=DIRECTION('',(0.,0.,1.));
#1957=DIRECTION('',(7.93016446160826E-17,1.,0.));
#1958=DIRECTION('',(-1.,7.93016446160826E-17,0.));
#1959=DIRECTION('',(0.,-1.,0.));
#1960=DIRECTION('',(0.,0.,-1.));
#1961=DIRECTION('',(0.,0.,-1.));
#1962=DIRECTION('',(-1.,0.,0.));
#1963=DIRECTION('',(0.,0.,1.));
#1964=DIRECTION('',(1.,0.,0.));
#1965=DIRECTION('',(0.,1.,0.));
#1966=DIRECTION('',(0.,0.,1.));
#1967=DIRECTION('',(0.,1.,0.));
#1968=DIRECTION('',(0.,0.,1.));
#1969=DIRECTION('',(1.,0.,0.));
#1970=DIRECTION('',(0.,0.,-1.));
#1971=DIRECTION('',(1.,0.,0.));
#1972=DIRECTION('',(0.,0.,-1.));
#1973=DIRECTION('',(7.93016446160826E-17,1.,0.));
#1974=DIRECTION('',(-1.,7.93016446160826E-17,0.));
#1975=DIRECTION('',(0.,-1.,0.));
#1976=DIRECTION('',(0.,0.,-1.));
#1977=DIRECTION('',(1.,-7.93016446160826E-17,0.));
#1978=DIRECTION('',(7.93016446160826E-17,1.,0.));
#1979=DIRECTION('',(-1.,0.,0.));
#1980=DIRECTION('',(0.,0.,1.));
#1981=DIRECTION('',(0.707106781186548,-5.60747306672777E-17,0.707106781186548));
#1982=DIRECTION('',(0.707106781186548,0.,-0.707106781186548));
#1983=DIRECTION('',(0.38268343236509,-3.0347425553879E-17,0.923879532511287));
#1984=DIRECTION('',(-0.923879532511287,7.32651663552826E-17,0.38268343236509));
#1985=DIRECTION('',(0.,0.,1.));
#1986=DIRECTION('',(1.,0.,0.));
#1987=DIRECTION('',(0.,0.,1.));
#1988=DIRECTION('',(1.,0.,0.));
#1989=DIRECTION('',(0.,0.,1.));
#1990=DIRECTION('',(1.,0.,0.));
#1991=DIRECTION('',(7.93016446160826E-17,1.,0.));
#1992=DIRECTION('',(-1.,7.93016446160826E-17,0.));
#1993=DIRECTION('',(7.93016446160826E-17,1.,0.));
#1994=DIRECTION('',(-1.,7.93016446160826E-17,0.));
#1995=DIRECTION('',(7.93016446160826E-17,1.,0.));
#1996=DIRECTION('',(-1.,7.93016446160826E-17,0.));
#1997=CARTESIAN_POINT('',(0.,0.,0.));
#1998=CARTESIAN_POINT('',(0.075,0.0427,0.038));
#1999=CARTESIAN_POINT('',(0.075,0.0377,0.038));
#2000=CARTESIAN_POINT('',(0.0725,0.0377,0.038));
#2001=CARTESIAN_POINT('',(0.075,0.0417,0.038));
#2002=CARTESIAN_POINT('',(0.0725,0.0417,0.038));
#2003=CARTESIAN_POINT('',(0.075,0.0427,-0.01));
#2004=CARTESIAN_POINT('',(0.075,0.0377,-0.01));
#2005=CARTESIAN_POINT('',(0.0725,0.0377,-0.01));
#2006=CARTESIAN_POINT('',(0.075,0.0417,-0.01));
#2007=CARTESIAN_POINT('',(0.0725,0.0417,-0.01));
#2008=CARTESIAN_POINT('',(0.075,0.0427,0.014));
#2009=CARTESIAN_POINT('',(0.075,0.0377,0.014));
#2010=CARTESIAN_POINT('',(0.0725,0.0377,0.014));
#2011=CARTESIAN_POINT('',(0.075,0.0417,0.014));
#2012=CARTESIAN_POINT('',(0.0725,0.0417,0.014));
#2013=CARTESIAN_POINT('',(0.065,0.0427,0.014));
#2014=CARTESIAN_POINT('',(0.075,0.0427,-0.01));
#2015=CARTESIAN_POINT('',(0.069,0.0427,-0.01));
#2016=CARTESIAN_POINT('',(0.075,0.0427,0.014));
#2017=CARTESIAN_POINT('',(0.069,0.0427,0.014));
#2018=CARTESIAN_POINT('',(0.075,0.0427,0.038));
#2019=CARTESIAN_POINT('',(0.069,0.0427,0.038));
#2020=CARTESIAN_POINT('',(0.0705857864376269,0.0427,0.004));
#2021=CARTESIAN_POINT('',(0.0705857864376269,0.0427,0.006));
#2022=CARTESIAN_POINT('',(0.0734142135623731,0.0427,0.004));
#2023=CARTESIAN_POINT('',(0.065,0.0427,0.006));
#2024=CARTESIAN_POINT('',(0.051,0.0427,0.006));
#2025=CARTESIAN_POINT('',(0.051,0.0427,0.014));
#2026=CARTESIAN_POINT('',(0.051,0.0427,0.022));
#2027=CARTESIAN_POINT('',(0.065,0.0427,0.022));
#2028=CARTESIAN_POINT('',(0.0705857864376269,0.0427,0.022));
#2029=CARTESIAN_POINT('',(0.0705857864376269,0.0427,0.024));
#2030=CARTESIAN_POINT('',(0.0734142135623731,0.0427,0.024));
#2031=CARTESIAN_POINT('',(0.0734142135623731,0.0427,0.028));
#2032=CARTESIAN_POINT('',(0.0734142135623731,0.0427,0.027));
#2033=CARTESIAN_POINT('',(0.0705857864376269,0.0427,0.027));
#2034=CARTESIAN_POINT('',(0.0705857864376269,0.0427,0.029));
#2035=CARTESIAN_POINT('',(0.065,0.0427,0.029));
#2036=CARTESIAN_POINT('',(0.0574142135623731,0.0427,0.029));
#2037=CARTESIAN_POINT('',(0.0537071067811865,0.0427,0.0252928932188135));
#2038=CARTESIAN_POINT('',(0.066,0.0427,0.0375857864376269));
#2039=CARTESIAN_POINT('',(0.066,0.0427,0.048));
#2040=CARTESIAN_POINT('',(0.066,0.0427,0.047));
#2041=CARTESIAN_POINT('',(0.065,0.0427,0.047));
#2042=CARTESIAN_POINT('',(0.084,0.0427,0.047));
#2043=CARTESIAN_POINT('',(0.084,0.0427,-0.02));
#2044=CARTESIAN_POINT('',(0.084,0.0427,-0.019));
#2045=CARTESIAN_POINT('',(0.065,0.0427,-0.019));
#2046=CARTESIAN_POINT('',(0.066,0.0427,-0.019));
#2047=CARTESIAN_POINT('',(0.066,0.0427,0.014));
#2048=CARTESIAN_POINT('',(0.066,0.0427,-0.00958578643762693));
#2049=CARTESIAN_POINT('',(0.0557071067811865,0.0427,0.000707106781186519));
#2050=CARTESIAN_POINT('',(0.0574142135623731,0.0427,-0.00100000000000003));
#2051=CARTESIAN_POINT('',(0.065,0.0427,-0.00100000000000003));
#2052=CARTESIAN_POINT('',(0.0705857864376269,0.0427,-0.00100000000000003));
#2053=CARTESIAN_POINT('',(0.0705857864376269,0.0427,0.000999999999999972));
#2054=CARTESIAN_POINT('',(0.0734142135623731,0.0427,0.000999999999999972));
#2055=CARTESIAN_POINT('',(0.0734142135623731,0.0427,0.005));
#2056=CARTESIAN_POINT('',(0.05,0.0657,0.014));
#2057=CARTESIAN_POINT('',(0.05,0.0571783008588991,0.0122322330470337));
#2058=CARTESIAN_POINT('',(0.05,0.0589460678118655,0.014));
#2059=CARTESIAN_POINT('',(0.05,0.0554105339059328,0.0104644660940673));
#2060=CARTESIAN_POINT('',(0.05,0.051875,0.014));
#2061=CARTESIAN_POINT('',(0.05,0.0554105339059327,0.0175355339059328));
#2062=CARTESIAN_POINT('',(0.05,0.0571783008588991,0.0157677669529664));
#2063=CARTESIAN_POINT('',(0.05,0.0657,0.023));
#2064=CARTESIAN_POINT('',(0.05,0.0642857864376269,0.023));
#2065=CARTESIAN_POINT('',(0.05,0.0437,0.023));
#2066=CARTESIAN_POINT('',(0.05,0.0437,0.014));
#2067=CARTESIAN_POINT('',(0.05,0.0437,0.005));
#2068=CARTESIAN_POINT('',(0.05,0.0657,0.005));
#2069=CARTESIAN_POINT('',(0.05,0.0642857864376269,0.005));
#2070=CARTESIAN_POINT('',(0.05,0.0642857864376269,0.004));
#2071=CARTESIAN_POINT('',(0.05,0.0657,0.004));
#2072=CARTESIAN_POINT('',(0.05,0.0657,0.014));
#2073=CARTESIAN_POINT('',(0.05,0.0657,0.024));
#2074=CARTESIAN_POINT('',(0.05,0.0642857864376269,0.024));
#2075=CARTESIAN_POINT('',(0.044998,0.051875,0.014));
#2076=CARTESIAN_POINT('',(0.049,0.051875,0.014));
#2077=CARTESIAN_POINT('',(0.049,0.0536427669529664,0.0157677669529664));
#2078=CARTESIAN_POINT('',(0.049,0.0536427669529664,0.0122322330470337));
#2079=CARTESIAN_POINT('',(0.044998,0.0536427669529664,0.0122322330470337));
#2080=CARTESIAN_POINT('',(0.045,0.0536427669529664,0.0122322330470337));
#2081=CARTESIAN_POINT('',(0.045,0.051875,0.014));
#2082=CARTESIAN_POINT('',(0.045,0.0536427669529664,0.0157677669529664));
#2083=CARTESIAN_POINT('',(0.044998,0.0536427669529664,0.0157677669529664));
#2084=CARTESIAN_POINT('',(0.044998,0.0545266504294496,0.0131161165235168));
#2085=CARTESIAN_POINT('',(0.049,0.0545266504294496,0.0131161165235168));
#2086=CARTESIAN_POINT('',(0.049,0.0554105339059328,0.014));
#2087=CARTESIAN_POINT('',(0.044998,0.0554105339059328,0.014));
#2088=CARTESIAN_POINT('',(0.045,0.0554105339059328,0.014));
#2089=CARTESIAN_POINT('',(0.045,0.0545266504294496,0.0131161165235168));
#2090=CARTESIAN_POINT('',(0.044998,0.0545266504294496,0.0148838834764832));
#2091=CARTESIAN_POINT('',(0.049,0.0545266504294496,0.0148838834764832));
#2092=CARTESIAN_POINT('',(0.045,0.0545266504294496,0.0148838834764832));
#2093=CARTESIAN_POINT('',(0.065,-1.58603289232165E-18,0.028));
#2094=CARTESIAN_POINT('',(0.065,0.0185,0.028));
#2095=CARTESIAN_POINT('',(0.045,0.0185,0.028));
#2096=CARTESIAN_POINT('',(0.064,0.0185,0.028));
#2097=CARTESIAN_POINT('',(0.064,0.0377,0.028));
#2098=CARTESIAN_POINT('',(0.064,0.0377,0.028));
#2099=CARTESIAN_POINT('',(0.065,0.0377,0.028));
#2100=CARTESIAN_POINT('',(0.0564142135623731,0.0377,0.028));
#2101=CARTESIAN_POINT('',(0.0564142135623731,0.0387,0.028));
#2102=CARTESIAN_POINT('',(0.055,0.0387,0.028));
#2103=CARTESIAN_POINT('',(0.055,0.0427,0.028));
#2104=CARTESIAN_POINT('',(0.055,0.0406579892334401,0.028));
#2105=CARTESIAN_POINT('',(0.0574142135623731,0.0417,0.028));
#2106=CARTESIAN_POINT('',(0.0574142135623731,0.0437,0.028));
#2107=CARTESIAN_POINT('',(0.065,0.0437,0.028));
#2108=CARTESIAN_POINT('',(0.0705857864376269,0.0437,0.028));
#2109=CARTESIAN_POINT('',(0.0492928932188135,0.0649928932188135,0.028));
#2110=CARTESIAN_POINT('',(0.0495857864376269,0.0647,0.028));
#2111=CARTESIAN_POINT('',(0.045,0.0647,0.028));
#2112=CARTESIAN_POINT('',(0.045,0.0647,0.028));
#2113=CARTESIAN_POINT('',(0.045,0.,0.028));
#2114=CARTESIAN_POINT('',(0.065,0.0175,0.00666514295339585));
#2115=CARTESIAN_POINT('',(0.064,0.0175,0.028));
#2116=CARTESIAN_POINT('',(0.064,0.0175,0.000999999999999972));
#2117=CARTESIAN_POINT('',(0.064,0.0175,0.027));
#2118=CARTESIAN_POINT('',(0.065,0.0175,0.027));
#2119=CARTESIAN_POINT('',(0.045,0.0175,0.027));
#2120=CARTESIAN_POINT('',(0.045,0.0175,0.00666514295339585));
#2121=CARTESIAN_POINT('',(0.045,0.0175,0.000999999999999972));
#2122=CARTESIAN_POINT('',(0.065,0.0175,0.000999999999999972));
#2123=CARTESIAN_POINT('',(0.065,-1.58603289232165E-18,-2.77555756156289E-17));
#2124=CARTESIAN_POINT('',(0.065,0.0377,-2.77555756156289E-17));
#2125=CARTESIAN_POINT('',(0.064,0.0377,-2.77555756156289E-17));
#2126=CARTESIAN_POINT('',(0.0564142135623731,0.0377,-2.77555756156289E-17));
#2127=CARTESIAN_POINT('',(0.064,0.0175,-2.77555756156289E-17));
#2128=CARTESIAN_POINT('',(0.064,0.0185,-2.77555756156289E-17));
#2129=CARTESIAN_POINT('',(0.065,0.0185,-2.77555756156289E-17));
#2130=CARTESIAN_POINT('',(0.045,0.0185,-2.77555756156289E-17));
#2131=CARTESIAN_POINT('',(0.045,0.,-2.77555756156289E-17));
#2132=CARTESIAN_POINT('',(0.045,0.0647,-2.77555756156289E-17));
#2133=CARTESIAN_POINT('',(0.05,0.0647,-2.77555756156289E-17));
#2134=CARTESIAN_POINT('',(0.0495857864376269,0.0647,-2.77555756156289E-17));
#2135=CARTESIAN_POINT('',(0.0722928932188135,0.0419928932188134,-2.77555756156289E-17));
#2136=CARTESIAN_POINT('',(0.0705857864376269,0.0437,-2.77555756156289E-17));
#2137=CARTESIAN_POINT('',(0.065,0.0437,-2.77555756156289E-17));
#2138=CARTESIAN_POINT('',(0.0574142135623731,0.0437,-2.77555756156289E-17));
#2139=CARTESIAN_POINT('',(0.0574142135623731,0.0417,-2.77555756156289E-17));
#2140=CARTESIAN_POINT('',(0.055,0.0406579892334401,-2.77555756156289E-17));
#2141=CARTESIAN_POINT('',(0.055,0.0427,-2.77555756156289E-17));
#2142=CARTESIAN_POINT('',(0.055,0.0387,-2.77555756156289E-17));
#2143=CARTESIAN_POINT('',(0.0564142135623731,0.0387,-2.77555756156289E-17));
#2144=CARTESIAN_POINT('',(0.065,0.0525,0.014));
#2145=CARTESIAN_POINT('',(0.065,0.0377,0.014));
#2146=CARTESIAN_POINT('',(0.065,0.0377,0.027));
#2147=CARTESIAN_POINT('',(0.065,0.0377,0.000999999999999973));
#2148=CARTESIAN_POINT('',(0.065,0.0175,0.027));
#2149=CARTESIAN_POINT('',(0.065,0.0185,0.027));
#2150=CARTESIAN_POINT('',(0.065,0.0185,-2.77555756156289E-17));
#2151=CARTESIAN_POINT('',(0.065,0.0185,0.000999999999999973));
#2152=CARTESIAN_POINT('',(0.065,0.0377,0.000999999999999973));
#2153=CARTESIAN_POINT('',(0.045,0.0525,0.014));
#2154=CARTESIAN_POINT('',(0.045,0.0185,0.027));
#2155=CARTESIAN_POINT('',(0.045,0.0647,0.027));
#2156=CARTESIAN_POINT('',(0.045,0.0657,0.027));
#2157=CARTESIAN_POINT('',(0.045,0.0657,0.014));
#2158=CARTESIAN_POINT('',(0.045,0.0657,0.000999999999999973));
#2159=CARTESIAN_POINT('',(0.045,0.0647,0.000999999999999973));
#2160=CARTESIAN_POINT('',(0.045,0.0185,0.000999999999999972));
#2161=CARTESIAN_POINT('',(0.065,0.0657,0.014));
#2162=CARTESIAN_POINT('',(0.05,0.0657,0.027));
#2163=CARTESIAN_POINT('',(0.05,0.0657,0.027));
#2164=CARTESIAN_POINT('',(0.05,0.0657,0.014));
#2165=CARTESIAN_POINT('',(0.05,0.0657,0.005));
#2166=CARTESIAN_POINT('',(0.05,0.0657,0.000999999999999972));
#2167=CARTESIAN_POINT('',(0.045,0.0657,0.000999999999999973));
#2168=CARTESIAN_POINT('',(0.065,0.0377,0.014));
#2169=CARTESIAN_POINT('',(0.066,0.0377,0.014));
#2170=CARTESIAN_POINT('',(0.066,0.0377,0.047));
#2171=CARTESIAN_POINT('',(0.066,0.0377,0.0375857864376269));
#2172=CARTESIAN_POINT('',(0.0557071067811865,0.0377,0.0272928932188135));
#2173=CARTESIAN_POINT('',(0.064,0.0377,0.027));
#2174=CARTESIAN_POINT('',(0.064,0.0377,0.000999999999999973));
#2175=CARTESIAN_POINT('',(0.0537071067811865,0.0377,0.00270710678118652));
#2176=CARTESIAN_POINT('',(0.066,0.0377,-0.00958578643762693));
#2177=CARTESIAN_POINT('',(0.066,0.0377,-0.02));
#2178=CARTESIAN_POINT('',(0.066,0.0377,-0.019));
#2179=CARTESIAN_POINT('',(0.085,0.0377,-0.019));
#2180=CARTESIAN_POINT('',(0.084,0.0377,-0.019));
#2181=CARTESIAN_POINT('',(0.084,0.0377,0.014));
#2182=CARTESIAN_POINT('',(0.084,0.0377,0.047));
#2183=CARTESIAN_POINT('',(0.065,0.0377,0.047));
#2184=CARTESIAN_POINT('',(0.075,0.0427,0.048));
#2185=CARTESIAN_POINT('',(0.066,0.0377,0.048));
#2186=CARTESIAN_POINT('',(0.066,0.0417,0.048));
#2187=CARTESIAN_POINT('',(0.066,0.0387,0.048));
#2188=CARTESIAN_POINT('',(0.085,0.0387,0.048));
#2189=CARTESIAN_POINT('',(0.084,0.0387,0.048));
#2190=CARTESIAN_POINT('',(0.084,0.0427,0.048));
#2191=CARTESIAN_POINT('',(0.084,0.0417,0.048));
#2192=CARTESIAN_POINT('',(0.075,0.0417,0.048));
#2193=CARTESIAN_POINT('',(0.085,0.0427,0.014));
#2194=CARTESIAN_POINT('',(0.085,0.0377,0.047));
#2195=CARTESIAN_POINT('',(0.085,0.0417,0.047));
#2196=CARTESIAN_POINT('',(0.085,0.0387,0.047));
#2197=CARTESIAN_POINT('',(0.085,0.0387,0.014));
#2198=CARTESIAN_POINT('',(0.085,0.0387,-0.019));
#2199=CARTESIAN_POINT('',(0.085,0.0427,-0.019));
#2200=CARTESIAN_POINT('',(0.085,0.0417,-0.019));
#2201=CARTESIAN_POINT('',(0.085,0.0417,0.048));
#2202=CARTESIAN_POINT('',(0.075,0.0427,-0.02));
#2203=CARTESIAN_POINT('',(0.084,0.0377,-0.02));
#2204=CARTESIAN_POINT('',(0.084,0.0417,-0.02));
#2205=CARTESIAN_POINT('',(0.084,0.0387,-0.02));
#2206=CARTESIAN_POINT('',(0.065,0.0387,-0.02));
#2207=CARTESIAN_POINT('',(0.066,0.0387,-0.02));
#2208=CARTESIAN_POINT('',(0.066,0.0427,-0.02));
#2209=CARTESIAN_POINT('',(0.066,0.0417,-0.02));
#2210=CARTESIAN_POINT('',(0.075,0.0417,-0.02));
#2211=CARTESIAN_POINT('',(0.065,0.0427,-0.015));
#2212=CARTESIAN_POINT('',(0.065,0.0427,-0.019));
#2213=CARTESIAN_POINT('',(0.065,0.0417,-0.019));
#2214=CARTESIAN_POINT('',(0.065,0.0387,-0.019));
#2215=CARTESIAN_POINT('',(0.065,0.0387,-0.01));
#2216=CARTESIAN_POINT('',(0.065,0.0387,-0.01));
#2217=CARTESIAN_POINT('',(0.065,0.0427,-0.01));
#2218=CARTESIAN_POINT('',(0.065,0.0417,-0.01));
#2219=CARTESIAN_POINT('',(0.065,0.0417,-0.015));
#2220=CARTESIAN_POINT('',(0.06,0.0427,-0.005));
#2221=CARTESIAN_POINT('',(0.06,0.0387,-0.005));
#2222=CARTESIAN_POINT('',(0.055,0.0406579892334401,-2.77555756156289E-17));
#2223=CARTESIAN_POINT('',(0.055,0.0410449369514318,-3.04405647771328E-17));
#2224=CARTESIAN_POINT('',(0.055102290736844,0.0414292378627819,-0.000102290736844115));
#2225=CARTESIAN_POINT('',(0.0552928932188134,0.0417,-0.000292893218813476));
#2226=CARTESIAN_POINT('',(0.0552928932188135,0.0417,-0.000292893218813482));
#2227=CARTESIAN_POINT('',(0.065,0.0417,-0.01));
#2228=CARTESIAN_POINT('',(0.06,0.0427,0.033));
#2229=CARTESIAN_POINT('',(0.065,0.0387,0.038));
#2230=CARTESIAN_POINT('',(0.065,0.0387,0.038));
#2231=CARTESIAN_POINT('',(0.065,0.0427,0.038));
#2232=CARTESIAN_POINT('',(0.065,0.0417,0.038));
#2233=CARTESIAN_POINT('',(0.06,0.0417,0.033));
#2234=CARTESIAN_POINT('',(0.0552928932188134,0.0417,0.0282928932188134));
#2235=CARTESIAN_POINT('',(0.055,0.0406579892334401,0.028));
#2236=CARTESIAN_POINT('',(0.055,0.0410451754108611,0.028));
#2237=CARTESIAN_POINT('',(0.0551024620854652,0.0414294812735213,0.0281024620854653));
#2238=CARTESIAN_POINT('',(0.0552928932188134,0.0417,0.0282928932188135));
#2239=CARTESIAN_POINT('',(0.065,0.0427,0.043));
#2240=CARTESIAN_POINT('',(0.065,0.0387,0.043));
#2241=CARTESIAN_POINT('',(0.065,0.0387,0.047));
#2242=CARTESIAN_POINT('',(0.065,0.0427,0.047));
#2243=CARTESIAN_POINT('',(0.065,0.0417,0.047));
#2244=CARTESIAN_POINT('',(0.065,0.0417,0.038));
#2245=CARTESIAN_POINT('',(0.049,0.051875,0.014));
#2246=CARTESIAN_POINT('',(0.049,0.0554105339059328,0.0104644660940673));
#2247=CARTESIAN_POINT('',(0.049,0.0554105339059328,0.0104644660940673));
#2248=CARTESIAN_POINT('',(0.049,0.051875,0.014));
#2249=CARTESIAN_POINT('',(0.049,0.0554105339059327,0.0175355339059328));
#2250=CARTESIAN_POINT('',(0.049,0.0554105339059327,0.0175355339059328));
#2251=CARTESIAN_POINT('',(0.049,0.0571783008588991,0.0122322330470337));
#2252=CARTESIAN_POINT('',(0.049,0.0589460678118655,0.014));
#2253=CARTESIAN_POINT('',(0.049,0.0589460678118655,0.014));
#2254=CARTESIAN_POINT('',(0.049,0.0571783008588991,0.0122322330470337));
#2255=CARTESIAN_POINT('',(0.049,0.0571783008588991,0.0157677669529664));
#2256=CARTESIAN_POINT('',(0.049,0.0571783008588991,0.0157677669529664));
#2257=CARTESIAN_POINT('',(0.049,0.0542,0.014));
#2258=CARTESIAN_POINT('',(0.0615,0.0542,0.005));
#2259=CARTESIAN_POINT('',(0.0727071067811865,0.0429928932188135,-2.77555756156289E-17));
#2260=CARTESIAN_POINT('',(0.0727071067811865,0.0429928932188135,0.004));
#2261=CARTESIAN_POINT('',(0.0727071067811865,0.0429928932188135,0.000999999999999972));
#2262=CARTESIAN_POINT('',(0.05,0.0657,0.000999999999999972));
#2263=CARTESIAN_POINT('',(0.073,0.0427,0.004));
#2264=CARTESIAN_POINT('',(0.059,0.0416,0.005));
#2265=CARTESIAN_POINT('',(0.059,0.0437,0.005));
#2266=CARTESIAN_POINT('',(0.0705857864376269,0.0437,0.005));
#2267=CARTESIAN_POINT('',(0.0492928932188135,0.0649928932188135,0.005));
#2268=CARTESIAN_POINT('',(0.0615,0.0542,0.023));
#2269=CARTESIAN_POINT('',(0.073,0.0427,0.027));
#2270=CARTESIAN_POINT('',(0.0727071067811865,0.0429928932188135,0.027));
#2271=CARTESIAN_POINT('',(0.0727071067811865,0.0429928932188135,0.023));
#2272=CARTESIAN_POINT('',(0.0727071067811865,0.0429928932188135,0.024));
#2273=CARTESIAN_POINT('',(0.05,0.0657,0.024));
#2274=CARTESIAN_POINT('',(0.059,0.0416,0.023));
#2275=CARTESIAN_POINT('',(0.0722928932188135,0.0419928932188134,0.023));
#2276=CARTESIAN_POINT('',(0.0705857864376269,0.0437,0.023));
#2277=CARTESIAN_POINT('',(0.059,0.0437,0.023));
#2278=CARTESIAN_POINT('',(0.0675,0.0417,0.014));
#2279=CARTESIAN_POINT('',(0.075,0.0417,0.014));
#2280=CARTESIAN_POINT('',(0.07,0.0417,0.014));
#2281=CARTESIAN_POINT('',(0.0675,0.0417,0.014));
#2282=CARTESIAN_POINT('',(0.075,0.0417,-0.01));
#2283=CARTESIAN_POINT('',(0.07,0.0417,-0.01));
#2284=CARTESIAN_POINT('',(0.0675,0.0417,0.014));
#2285=CARTESIAN_POINT('',(0.075,0.0417,0.038));
#2286=CARTESIAN_POINT('',(0.07,0.0417,0.038));
#2287=CARTESIAN_POINT('',(0.064,0.0525,0.000999999999999973));
#2288=CARTESIAN_POINT('',(0.064,0.0185,0.000999999999999972));
#2289=CARTESIAN_POINT('',(0.065,0.0185,0.000999999999999972));
#2290=CARTESIAN_POINT('',(0.064,0.0185,0.000999999999999972));
#2291=CARTESIAN_POINT('',(0.064,0.0185,0.000999999999999972));
#2292=CARTESIAN_POINT('',(0.064,0.0185,0.000999999999999973));
#2293=CARTESIAN_POINT('',(0.064,0.0185,0.014));
#2294=CARTESIAN_POINT('',(0.064,0.0185,0.027));
#2295=CARTESIAN_POINT('',(0.065,0.0185,0.027));
#2296=CARTESIAN_POINT('',(0.064,0.0185,0.027));
#2297=CARTESIAN_POINT('',(0.064,0.0185,0.027));
#2298=CARTESIAN_POINT('',(0.064,0.0185,0.027));
#2299=CARTESIAN_POINT('',(0.064,0.0525,0.027));
#2300=CARTESIAN_POINT('',(0.065,0.0647,0.000999999999999973));
#2301=CARTESIAN_POINT('',(0.0495857864376269,0.0647,0.000999999999999973));
#2302=CARTESIAN_POINT('',(0.0607928932188135,0.0534928932188135,0.004));
#2303=CARTESIAN_POINT('',(0.0705857864376269,0.0437,0.004));
#2304=CARTESIAN_POINT('',(0.0734142135623731,0.0437,0.005));
#2305=CARTESIAN_POINT('',(0.0734142135623731,0.0437,0.000999999999999972));
#2306=CARTESIAN_POINT('',(0.0734142135623731,0.0437,0.004));
#2307=CARTESIAN_POINT('',(0.0896428932188135,0.0246428932188135,0.000999999999999972));
#2308=CARTESIAN_POINT('',(0.0705857864376269,0.0437,0.000999999999999972));
#2309=CARTESIAN_POINT('',(0.0705857864376269,0.0437,0.005));
#2310=CARTESIAN_POINT('',(0.0705857864376269,0.0427,0.00499999999999997));
#2311=CARTESIAN_POINT('',(0.0705857864376269,0.0427,0.006));
#2312=CARTESIAN_POINT('',(0.0711411468280446,0.0435148798698668,0.00500000000000001));
#2313=CARTESIAN_POINT('',(0.0710940975403161,0.0427000000000029,0.00516943705185293));
#2314=CARTESIAN_POINT('',(0.0713262669581804,0.0427,0.00599999999999486));
#2315=CARTESIAN_POINT('',(0.0722474460706442,0.043146113455654,0.00478331385756541));
#2316=CARTESIAN_POINT('',(0.0723680021149154,0.0427,0.00514301749107673));
#2317=CARTESIAN_POINT('',(0.0728013326149861,0.0427,0.005566627715133));
#2318=CARTESIAN_POINT('',(0.0727071067811748,0.0429928932188253,0.00426179940961531));
#2319=CARTESIAN_POINT('',(0.0729999999999421,0.0426999999999975,0.00437024031075087));
#2320=CARTESIAN_POINT('',(0.0734142135623549,0.0427,0.00452359881923152));
#2321=CARTESIAN_POINT('',(0.0727071067811866,0.0429928932188135,0.004));
#2322=CARTESIAN_POINT('',(0.073,0.0427,0.004));
#2323=CARTESIAN_POINT('',(0.0734142135623731,0.0427,0.004));
#2324=CARTESIAN_POINT('',(0.0705857864376269,0.0437,0.006));
#2325=CARTESIAN_POINT('',(0.0727071067811866,0.0429928932188135,0.000999999999999972));
#2326=CARTESIAN_POINT('',(0.073,0.0427,0.000999999999999972));
#2327=CARTESIAN_POINT('',(0.0734142135623731,0.0427,0.000999999999999972));
#2328=CARTESIAN_POINT('',(0.0727071067811748,0.0429928932188253,0.000738200590384326));
#2329=CARTESIAN_POINT('',(0.0729999999999421,0.0426999999999975,0.000629759689249172));
#2330=CARTESIAN_POINT('',(0.0734142135623549,0.0427,0.00047640118076851));
#2331=CARTESIAN_POINT('',(0.0722474460706546,0.0431461134556539,0.00021668614243473));
#2332=CARTESIAN_POINT('',(0.0723680021149255,0.0427000000000003,-0.000143017491077042));
#2333=CARTESIAN_POINT('',(0.0728013326149966,0.0427,-0.000566627715133299));
#2334=CARTESIAN_POINT('',(0.0711411468280237,0.0435148798698669,-3.56795897049001E-17));
#2335=CARTESIAN_POINT('',(0.0710940975402937,0.0427000000000022,-0.000169437051852393));
#2336=CARTESIAN_POINT('',(0.0713262669581594,0.0427,-0.000999999999994408));
#2337=CARTESIAN_POINT('',(0.0705857864376269,0.0437,-2.7972416050126E-17));
#2338=CARTESIAN_POINT('',(0.0705857864376269,0.0427,-2.16840434497101E-19));
#2339=CARTESIAN_POINT('',(0.0705857864376269,0.0427,-0.00100000000000003));
#2340=CARTESIAN_POINT('',(0.0705857864376269,0.0437,-0.00100000000000003));
#2341=CARTESIAN_POINT('',(0.065,0.0437,0.006));
#2342=CARTESIAN_POINT('',(0.051,0.0437,0.006));
#2343=CARTESIAN_POINT('',(0.065,0.0437,-0.00100000000000003));
#2344=CARTESIAN_POINT('',(0.0574142135623731,0.0437,-0.00100000000000003));
#2345=CARTESIAN_POINT('',(0.051,0.0437,0.014));
#2346=CARTESIAN_POINT('',(0.051,0.0437,0.022));
#2347=CARTESIAN_POINT('',(0.0574142135623731,0.0437,-2.7972416050126E-17));
#2348=CARTESIAN_POINT('',(0.0574142135623731,0.0427,-2.1033522146219E-17));
#2349=CARTESIAN_POINT('',(0.0574142135623731,0.0427,-0.00100000000000004));
#2350=CARTESIAN_POINT('',(0.0569118052914823,0.0436999999999913,-2.7972416050126E-17));
#2351=CARTESIAN_POINT('',(0.0570596728673121,0.0428181802439852,-4.85275728746344E-15));
#2352=CARTESIAN_POINT('',(0.0570374073592102,0.0427,-0.000874397932277332));
#2353=CARTESIAN_POINT('',(0.0559077997428577,0.0435061635567474,-2.7972416050126E-17));
#2354=CARTESIAN_POINT('',(0.0562418846650647,0.0428889043982051,1.93896965533794E-15));
#2355=CARTESIAN_POINT('',(0.0562844031977342,0.0426030817783718,-0.000623396545121099));
#2356=CARTESIAN_POINT('',(0.0548188901807001,0.0427145713011057,-2.7972416050126E-17));
#2357=CARTESIAN_POINT('',(0.0552254908513843,0.0424325967699171,-3.42544128621578E-16));
#2358=CARTESIAN_POINT('',(0.0554677210261187,0.042207285650553,-0.000351169154582131));
#2359=CARTESIAN_POINT('',(0.0544499432483954,0.0416415291746028,-2.7972416050126E-17));
#2360=CARTESIAN_POINT('',(0.0548729983671093,0.0416566342956491,-5.56774119070565E-16));
#2361=CARTESIAN_POINT('',(0.0551910108268907,0.0416707645873026,-0.000258932421504302));
#2362=CARTESIAN_POINT('',(0.0547517408688527,0.0409372243978046,-2.7972416050126E-17));
#2363=CARTESIAN_POINT('',(0.0551573436000047,0.0411579241580986,1.45437200607167E-15));
#2364=CARTESIAN_POINT('',(0.0554173590422305,0.0413186121988994,-0.000334381826622716));
#2365=CARTESIAN_POINT('',(0.055018928712439,0.0406363716608523,-2.7972416050126E-17));
#2366=CARTESIAN_POINT('',(0.0553934679090721,0.0409690005785959,-3.06287113727155E-17));
#2367=CARTESIAN_POINT('',(0.0556177499249225,0.0411681858304262,-0.000401178787516508));
#2368=CARTESIAN_POINT('',(0.0574142135623731,0.0417,-0.00100000000000003));
#2369=CARTESIAN_POINT('',(0.0607928932188135,0.0534928932188135,0.024));
#2370=CARTESIAN_POINT('',(0.0705857864376269,0.0437,0.024));
#2371=CARTESIAN_POINT('',(0.059,0.0437,0.022));
#2372=CARTESIAN_POINT('',(0.0705857864376269,0.0437,0.022));
#2373=CARTESIAN_POINT('',(0.0537071067811865,0.0417,0.00270710678118652));
#2374=CARTESIAN_POINT('',(0.066,0.0417,-0.00958578643762693));
#2375=CARTESIAN_POINT('',(0.065,0.0647,0.027));
#2376=CARTESIAN_POINT('',(0.0495857864376269,0.0647,0.027));
#2377=CARTESIAN_POINT('',(0.0727071067811866,0.0429928932188135,0.024));
#2378=CARTESIAN_POINT('',(0.073,0.0427,0.024));
#2379=CARTESIAN_POINT('',(0.0734142135623731,0.0427,0.024));
#2380=CARTESIAN_POINT('',(0.0727071067811748,0.0429928932188253,0.0237382005903842));
#2381=CARTESIAN_POINT('',(0.0729999999999421,0.0426999999999975,0.0236297596892482));
#2382=CARTESIAN_POINT('',(0.0734142135623549,0.0427,0.0234764011807692));
#2383=CARTESIAN_POINT('',(0.0722474460706441,0.043146113455654,0.0232166861424349));
#2384=CARTESIAN_POINT('',(0.072368002114917,0.0427000000000004,0.0228569825089236));
#2385=CARTESIAN_POINT('',(0.0728013326149861,0.0427,0.022433372284866));
#2386=CARTESIAN_POINT('',(0.0711411468280446,0.0435148798698668,0.023));
#2387=CARTESIAN_POINT('',(0.0710940975403155,0.042700000000002,0.0228305629481476));
#2388=CARTESIAN_POINT('',(0.0713262669581804,0.0427,0.0220000000000064));
#2389=CARTESIAN_POINT('',(0.0705857864376269,0.0437,0.023));
#2390=CARTESIAN_POINT('',(0.0705857864376269,0.0427,0.023));
#2391=CARTESIAN_POINT('',(0.0705857864376269,0.0427,0.022));
#2392=CARTESIAN_POINT('',(0.0734142135623731,0.0437,0.024));
#2393=CARTESIAN_POINT('',(0.066,0.0417,-0.015));
#2394=CARTESIAN_POINT('',(0.066,0.0417,-0.019));
#2395=CARTESIAN_POINT('',(0.0896428932188135,0.0246428932188135,0.027));
#2396=CARTESIAN_POINT('',(0.0705857864376269,0.0437,0.027));
#2397=CARTESIAN_POINT('',(0.0734142135623731,0.0437,0.014));
#2398=CARTESIAN_POINT('',(0.0734142135623731,0.0437,0.027));
#2399=CARTESIAN_POINT('',(0.066,0.0417,-0.019));
#2400=CARTESIAN_POINT('',(0.066,0.0417,-0.019));
#2401=CARTESIAN_POINT('',(0.066,0.0417,-0.019));
#2402=CARTESIAN_POINT('',(0.0607071067811865,0.0387,-0.00429289321881348));
#2403=CARTESIAN_POINT('',(0.066,0.0387,-0.00958578643762693));
#2404=CARTESIAN_POINT('',(0.0705857864376269,0.0437,0.028));
#2405=CARTESIAN_POINT('',(0.0705857864376269,0.0427,0.028));
#2406=CARTESIAN_POINT('',(0.0705857864376269,0.0427,0.029));
#2407=CARTESIAN_POINT('',(0.0711411468280289,0.0435148798698669,0.028));
#2408=CARTESIAN_POINT('',(0.0710940975403026,0.0426999999999995,0.0281694370518551));
#2409=CARTESIAN_POINT('',(0.07132626695818,0.0427,0.0289999999999974));
#2410=CARTESIAN_POINT('',(0.072247446070652,0.0431461134556539,0.0277833138575664));
#2411=CARTESIAN_POINT('',(0.0723680021149213,0.0427000000000015,0.0281430174910765));
#2412=CARTESIAN_POINT('',(0.0728013326149863,0.0427,0.0285666277151315));
#2413=CARTESIAN_POINT('',(0.0727071067811748,0.0429928932188253,0.0272617994096133));
#2414=CARTESIAN_POINT('',(0.0729999999999421,0.0426999999999975,0.0273702403107495));
#2415=CARTESIAN_POINT('',(0.0734142135623549,0.0427,0.027523598819232));
#2416=CARTESIAN_POINT('',(0.0727071067811866,0.0429928932188135,0.027));
#2417=CARTESIAN_POINT('',(0.073,0.0427,0.027));
#2418=CARTESIAN_POINT('',(0.0734142135623731,0.0427,0.027));
#2419=CARTESIAN_POINT('',(0.0705857864376269,0.0437,0.029));
#2420=CARTESIAN_POINT('',(0.075,0.0417,-0.019));
#2421=CARTESIAN_POINT('',(0.084,0.0417,-0.019));
#2422=CARTESIAN_POINT('',(0.066,0.0427,-0.019));
#2423=CARTESIAN_POINT('',(0.066,0.0387,-0.019));
#2424=CARTESIAN_POINT('',(0.066,0.0387,0.014));
#2425=CARTESIAN_POINT('',(0.066,0.0387,-0.019));
#2426=CARTESIAN_POINT('',(0.065,0.0437,0.029));
#2427=CARTESIAN_POINT('',(0.0574142135623731,0.0437,0.029));
#2428=CARTESIAN_POINT('',(0.084,0.0417,-0.019));
#2429=CARTESIAN_POINT('',(0.084,0.0417,-0.019));
#2430=CARTESIAN_POINT('',(0.084,0.0417,-0.019));
#2431=CARTESIAN_POINT('',(0.066,0.0387,-0.019));
#2432=CARTESIAN_POINT('',(0.066,0.0387,-0.019));
#2433=CARTESIAN_POINT('',(0.055018928712439,0.0406363716608523,0.028));
#2434=CARTESIAN_POINT('',(0.0553934679090721,0.0409690005785959,0.028));
#2435=CARTESIAN_POINT('',(0.0556177499249225,0.0411681858304262,0.0284011787875165));
#2436=CARTESIAN_POINT('',(0.054751740868853,0.0409372243978043,0.028));
#2437=CARTESIAN_POINT('',(0.0551573436000069,0.0411579241580919,0.0279999999999971));
#2438=CARTESIAN_POINT('',(0.0554173590422303,0.0413186121988989,0.028334381826622));
#2439=CARTESIAN_POINT('',(0.0544499432483954,0.0416415291746029,0.028));
#2440=CARTESIAN_POINT('',(0.0548729983671085,0.0416566342956521,0.0280000000000012));
#2441=CARTESIAN_POINT('',(0.055191010826891,0.0416707645873029,0.0282589324215047));
#2442=CARTESIAN_POINT('',(0.0548188901806995,0.0427145713011057,0.028));
#2443=CARTESIAN_POINT('',(0.0552254908513835,0.0424325967699162,0.0279999999999999));
#2444=CARTESIAN_POINT('',(0.0554677210261179,0.042207285650553,0.0283511691545818));
#2445=CARTESIAN_POINT('',(0.05590779974286,0.0435061635567474,0.028));
#2446=CARTESIAN_POINT('',(0.0562418846650692,0.0428889043982057,0.027999999999999));
#2447=CARTESIAN_POINT('',(0.0562844031977374,0.0426030817783718,0.0286233965451219));
#2448=CARTESIAN_POINT('',(0.0569118052914774,0.0436999999999913,0.028));
#2449=CARTESIAN_POINT('',(0.0570596728673008,0.0428181802439845,0.0280000000000026));
#2450=CARTESIAN_POINT('',(0.0570374073592035,0.0427,0.0288743979322756));
#2451=CARTESIAN_POINT('',(0.0574142135623731,0.0437,0.028));
#2452=CARTESIAN_POINT('',(0.0574142135623731,0.0427,0.028));
#2453=CARTESIAN_POINT('',(0.0574142135623731,0.0427,0.029));
#2454=CARTESIAN_POINT('',(0.0574142135623731,0.0417,0.029));
#2455=CARTESIAN_POINT('',(0.084,0.0417,0.014));
#2456=CARTESIAN_POINT('',(0.084,0.0417,0.047));
#2457=CARTESIAN_POINT('',(0.084,0.0427,-0.019));
#2458=CARTESIAN_POINT('',(0.084,0.0387,-0.019));
#2459=CARTESIAN_POINT('',(0.065,0.0387,-0.019));
#2460=CARTESIAN_POINT('',(0.084,0.0387,-0.019));
#2461=CARTESIAN_POINT('',(0.0607071067811865,0.0417,0.0322928932188134));
#2462=CARTESIAN_POINT('',(0.066,0.0417,0.0375857864376269));
#2463=CARTESIAN_POINT('',(0.084,0.0417,0.047));
#2464=CARTESIAN_POINT('',(0.084,0.0417,0.047));
#2465=CARTESIAN_POINT('',(0.084,0.0417,0.047));
#2466=CARTESIAN_POINT('',(0.084,0.0387,-0.019));
#2467=CARTESIAN_POINT('',(0.084,0.0387,-0.019));
#2468=CARTESIAN_POINT('',(0.066,0.0417,0.014));
#2469=CARTESIAN_POINT('',(0.066,0.0417,0.047));
#2470=CARTESIAN_POINT('',(0.075,0.0417,0.047));
#2471=CARTESIAN_POINT('',(0.066,0.0417,0.047));
#2472=CARTESIAN_POINT('',(0.084,0.0427,0.047));
#2473=CARTESIAN_POINT('',(0.084,0.0387,0.047));
#2474=CARTESIAN_POINT('',(0.084,0.0387,0.014));
#2475=CARTESIAN_POINT('',(0.084,0.0387,0.047));
#2476=CARTESIAN_POINT('',(0.066,0.0417,0.047));
#2477=CARTESIAN_POINT('',(0.066,0.0417,0.047));
#2478=CARTESIAN_POINT('',(0.084,0.0387,0.047));
#2479=CARTESIAN_POINT('',(0.084,0.0387,0.047));
#2480=CARTESIAN_POINT('',(0.066,0.0427,0.047));
#2481=CARTESIAN_POINT('',(0.066,0.0387,0.047));
#2482=CARTESIAN_POINT('',(0.065,0.0387,0.047));
#2483=CARTESIAN_POINT('',(0.066,0.0387,0.047));
#2484=CARTESIAN_POINT('',(0.0537071067811865,0.0387,0.0252928932188135));
#2485=CARTESIAN_POINT('',(0.066,0.0387,0.037585786437627));
#2486=CARTESIAN_POINT('',(0.066,0.0387,0.047));
#2487=CARTESIAN_POINT('',(0.066,0.0387,0.047));
#2488=CARTESIAN_POINT('',(0.066,0.0387,0.043));
#2489=CARTESIAN_POINT('',(0.075,0.0417,-0.01));
#2490=CARTESIAN_POINT('',(0.075,0.0417,0.014));
#2491=CARTESIAN_POINT('',(0.075,0.0417,0.038));
#2492=MECHANICAL_DESIGN_GEOMETRIC_PRESENTATION_REPRESENTATION('',(#1377),
#2493);
#2493=(
GEOMETRIC_REPRESENTATION_CONTEXT(3)
GLOBAL_UNCERTAINTY_ASSIGNED_CONTEXT((#2494))
GLOBAL_UNIT_ASSIGNED_CONTEXT((#2497,#2496,#2495))
REPRESENTATION_CONTEXT('Cubby Legs Spacer','TOP_LEVEL_ASSEMBLY_PART')
);
#2494=UNCERTAINTY_MEASURE_WITH_UNIT(LENGTH_MEASURE(2.E-5),#2497,
'DISTANCE_ACCURACY_VALUE','Maximum Tolerance applied to model');
#2495=(
NAMED_UNIT(*)
SI_UNIT($,.STERADIAN.)
SOLID_ANGLE_UNIT()
);
#2496=(
NAMED_UNIT(*)
PLANE_ANGLE_UNIT()
SI_UNIT($,.RADIAN.)
);
#2497=(
LENGTH_UNIT()
NAMED_UNIT(*)
SI_UNIT($,.METRE.)
);
#2498=PRODUCT_DEFINITION_SHAPE('','',#2499);
#2499=PRODUCT_DEFINITION('','',#2501,#2500);
#2500=PRODUCT_DEFINITION_CONTEXT('',#2507,'design');
#2501=PRODUCT_DEFINITION_FORMATION_WITH_SPECIFIED_SOURCE('','',#2503,
 .NOT_KNOWN.);
#2502=PRODUCT_RELATED_PRODUCT_CATEGORY('','',(#2503));
#2503=PRODUCT('Cubby Legs Spacer','Cubby Legs Spacer',
'Cubby Legs Spacer',(#2505));
#2504=PRODUCT_CATEGORY('','');
#2505=PRODUCT_CONTEXT('',#2507,'mechanical');
#2506=APPLICATION_PROTOCOL_DEFINITION('international standard',
'ap242_managed_model_based_3d_engineering',2020,#2507);
#2507=APPLICATION_CONTEXT('managed model based 3d engineering');
ENDSEC;
END-ISO-10303-21;
