ISO-10303-21;
HEADER;
/* Generated by software containing ST-Developer
 * from STEP Tools, Inc. (www.steptools.com) 
 */
/* OPTION: using custom renumber hook */

FILE_DESCRIPTION(
/* description */ ('STEP AP242 Edition 2',
'CAx-IF Rec.Pracs.---Representation and Presentation of Product Manufa
cturing Information (PMI)---4.0---2014-10-13',
'CAx-IF Rec.Pracs.---3D Tessellated Geometry---0.4---2014-09-14','2;1',
'CAx-IF Rec.Pracs.---User Defined Attributes---1.5---2016-08-15'),
/* implementation_level */ '2;1');

FILE_NAME(
/* name */ 'Cubby Legs - Cubby Legs',
/* time_stamp */ '2026-10-06T02:18:53Z',
/* author */ (''),
/* organization */ (''),
/* preprocessor_version */ 'ST-DEVELOPER v20',
/* originating_system */ 'ONSHAPE BY PTC INC, 1.221',
/* authorisation */ '  ');

FILE_SCHEMA (('AP242_MANAGED_MODEL_BASED_3D_ENGINEERING_MIM_LF { 1 0 10303 442 3 1 4 }'));
ENDSEC;

DATA;
#10=SHAPE_REPRESENTATION_RELATIONSHIP('','',#1644,#11);
#11=ADVANCED_BREP_SHAPE_REPRESENTATION('',(#1642),#2678);
#12=TOROIDAL_SURFACE('',#1747,0.00100000000000007,0.001);
#13=TOROIDAL_SURFACE('',#1748,0.00100000000000007,0.001);
#14=B_SPLINE_CURVE_WITH_KNOTS('',3,(#2635,#2636,#2637,#2638,#2639),
 .UNSPECIFIED.,.F.,.F.,(4,1,4),(0.,0.00082311070973278,0.00164622141946556),
 .UNSPECIFIED.);
#15=B_SPLINE_CURVE_WITH_KNOTS('',3,(#2641,#2642,#2643,#2644,#2645),
 .UNSPECIFIED.,.F.,.F.,(4,1,4),(0.,0.000823110709732799,0.0016462214194656),
 .UNSPECIFIED.);
#16=B_SPLINE_CURVE_WITH_KNOTS('',3,(#2647,#2648,#2649,#2650,#2651),
 .UNSPECIFIED.,.F.,.F.,(4,1,4),(0.,0.000823110709732778,0.00164622141946556),
 .UNSPECIFIED.);
#17=B_SPLINE_CURVE_WITH_KNOTS('',3,(#2653,#2654,#2655,#2656,#2657),
 .UNSPECIFIED.,.F.,.F.,(4,1,4),(0.,0.000823110709732777,0.00164622141946555),
 .UNSPECIFIED.);
#18=ELLIPSE('',#1671,0.00282842712474629,0.00200000000000007);
#19=ELLIPSE('',#1677,0.00282842712474629,0.00200000000000007);
#20=ELLIPSE('',#1725,0.00223606797749979,0.001);
#21=ELLIPSE('',#1726,0.00166666666666667,0.001);
#22=ELLIPSE('',#1728,0.00223606797749979,0.001);
#23=ELLIPSE('',#1731,0.00223606797749979,0.001);
#24=ELLIPSE('',#1732,0.00166666666666667,0.001);
#25=ELLIPSE('',#1734,0.00223606797749979,0.001);
#26=ELLIPSE('',#1737,0.00316227766016838,0.001);
#27=ELLIPSE('',#1738,0.00316227766016838,0.001);
#28=ELLIPSE('',#1740,0.00125,0.001);
#29=ELLIPSE('',#1743,0.00141421356237309,0.001);
#30=ELLIPSE('',#1744,0.00141421356237309,0.001);
#31=ELLIPSE('',#1750,0.00141421356237309,0.001);
#32=ELLIPSE('',#1752,0.00141421356237309,0.001);
#33=ELLIPSE('',#1754,0.00141421356237309,0.001);
#34=ELLIPSE('',#1756,0.00141421356237309,0.001);
#35=ELLIPSE('',#1758,0.00141421356237309,0.001);
#36=ELLIPSE('',#1760,0.00141421356237309,0.001);
#37=ELLIPSE('',#1762,0.00105409255338946,0.001);
#38=ELLIPSE('',#1764,0.00105409255338946,0.001);
#39=ELLIPSE('',#1766,0.00125,0.001);
#40=CIRCLE('',#1649,0.0025);
#41=CIRCLE('',#1650,0.0025);
#42=CIRCLE('',#1661,0.00425);
#43=CIRCLE('',#1663,0.0025);
#44=CIRCLE('',#1666,0.00100000000000007);
#45=CIRCLE('',#1667,0.00100000000000007);
#46=CIRCLE('',#1670,0.00200000000000007);
#47=CIRCLE('',#1676,0.00200000000000007);
#48=CIRCLE('',#1680,0.0025);
#49=CIRCLE('',#1682,0.00425);
#50=CIRCLE('',#1687,0.0025);
#51=CIRCLE('',#1691,0.00425);
#52=CIRCLE('',#1715,0.0025);
#53=CIRCLE('',#1720,0.00425);
#54=CYLINDRICAL_SURFACE('',#1648,0.0025);
#55=CYLINDRICAL_SURFACE('',#1669,0.00200000000000007);
#56=CYLINDRICAL_SURFACE('',#1675,0.00200000000000007);
#57=CYLINDRICAL_SURFACE('',#1686,0.0025);
#58=CYLINDRICAL_SURFACE('',#1690,0.00425);
#59=CYLINDRICAL_SURFACE('',#1718,0.0025);
#60=CYLINDRICAL_SURFACE('',#1719,0.00425);
#61=CYLINDRICAL_SURFACE('',#1724,0.001);
#62=CYLINDRICAL_SURFACE('',#1727,0.001);
#63=CYLINDRICAL_SURFACE('',#1729,0.001);
#64=CYLINDRICAL_SURFACE('',#1730,0.001);
#65=CYLINDRICAL_SURFACE('',#1733,0.001);
#66=CYLINDRICAL_SURFACE('',#1735,0.001);
#67=CYLINDRICAL_SURFACE('',#1736,0.001);
#68=CYLINDRICAL_SURFACE('',#1739,0.001);
#69=CYLINDRICAL_SURFACE('',#1741,0.001);
#70=CYLINDRICAL_SURFACE('',#1742,0.001);
#71=CYLINDRICAL_SURFACE('',#1745,0.001);
#72=CYLINDRICAL_SURFACE('',#1746,0.001);
#73=CYLINDRICAL_SURFACE('',#1749,0.001);
#74=CYLINDRICAL_SURFACE('',#1751,0.001);
#75=CYLINDRICAL_SURFACE('',#1753,0.001);
#76=CYLINDRICAL_SURFACE('',#1755,0.001);
#77=CYLINDRICAL_SURFACE('',#1757,0.001);
#78=CYLINDRICAL_SURFACE('',#1759,0.001);
#79=CYLINDRICAL_SURFACE('',#1761,0.001);
#80=CYLINDRICAL_SURFACE('',#1763,0.001);
#81=CYLINDRICAL_SURFACE('',#1765,0.001);
#82=CYLINDRICAL_SURFACE('',#1767,0.001);
#83=ORIENTED_EDGE('',*,*,#541,.T.);
#84=ORIENTED_EDGE('',*,*,#542,.T.);
#85=ORIENTED_EDGE('',*,*,#543,.F.);
#86=ORIENTED_EDGE('',*,*,#544,.T.);
#87=ORIENTED_EDGE('',*,*,#545,.F.);
#88=ORIENTED_EDGE('',*,*,#546,.F.);
#89=ORIENTED_EDGE('',*,*,#547,.F.);
#90=ORIENTED_EDGE('',*,*,#543,.T.);
#91=ORIENTED_EDGE('',*,*,#548,.F.);
#92=ORIENTED_EDGE('',*,*,#541,.F.);
#93=ORIENTED_EDGE('',*,*,#549,.F.);
#94=ORIENTED_EDGE('',*,*,#546,.T.);
#95=ORIENTED_EDGE('',*,*,#550,.F.);
#96=ORIENTED_EDGE('',*,*,#551,.F.);
#97=ORIENTED_EDGE('',*,*,#552,.F.);
#98=ORIENTED_EDGE('',*,*,#553,.F.);
#99=ORIENTED_EDGE('',*,*,#554,.F.);
#100=ORIENTED_EDGE('',*,*,#555,.F.);
#101=ORIENTED_EDGE('',*,*,#556,.T.);
#102=ORIENTED_EDGE('',*,*,#557,.T.);
#103=ORIENTED_EDGE('',*,*,#558,.F.);
#104=ORIENTED_EDGE('',*,*,#559,.F.);
#105=ORIENTED_EDGE('',*,*,#560,.T.);
#106=ORIENTED_EDGE('',*,*,#561,.T.);
#107=ORIENTED_EDGE('',*,*,#562,.F.);
#108=ORIENTED_EDGE('',*,*,#563,.T.);
#109=ORIENTED_EDGE('',*,*,#564,.T.);
#110=ORIENTED_EDGE('',*,*,#565,.T.);
#111=ORIENTED_EDGE('',*,*,#566,.T.);
#112=ORIENTED_EDGE('',*,*,#567,.F.);
#113=ORIENTED_EDGE('',*,*,#568,.T.);
#114=ORIENTED_EDGE('',*,*,#569,.T.);
#115=ORIENTED_EDGE('',*,*,#570,.F.);
#116=ORIENTED_EDGE('',*,*,#571,.T.);
#117=ORIENTED_EDGE('',*,*,#572,.T.);
#118=ORIENTED_EDGE('',*,*,#573,.T.);
#119=ORIENTED_EDGE('',*,*,#568,.F.);
#120=ORIENTED_EDGE('',*,*,#574,.T.);
#121=ORIENTED_EDGE('',*,*,#575,.T.);
#122=ORIENTED_EDGE('',*,*,#576,.T.);
#123=ORIENTED_EDGE('',*,*,#577,.F.);
#124=ORIENTED_EDGE('',*,*,#578,.T.);
#125=ORIENTED_EDGE('',*,*,#579,.T.);
#126=ORIENTED_EDGE('',*,*,#580,.T.);
#127=ORIENTED_EDGE('',*,*,#575,.F.);
#128=ORIENTED_EDGE('',*,*,#581,.T.);
#129=ORIENTED_EDGE('',*,*,#582,.F.);
#130=ORIENTED_EDGE('',*,*,#564,.F.);
#131=ORIENTED_EDGE('',*,*,#583,.F.);
#132=ORIENTED_EDGE('',*,*,#584,.T.);
#133=ORIENTED_EDGE('',*,*,#562,.T.);
#134=ORIENTED_EDGE('',*,*,#585,.T.);
#135=ORIENTED_EDGE('',*,*,#584,.F.);
#136=ORIENTED_EDGE('',*,*,#586,.T.);
#137=ORIENTED_EDGE('',*,*,#587,.T.);
#138=ORIENTED_EDGE('',*,*,#588,.T.);
#139=ORIENTED_EDGE('',*,*,#589,.F.);
#140=ORIENTED_EDGE('',*,*,#590,.T.);
#141=ORIENTED_EDGE('',*,*,#591,.F.);
#142=ORIENTED_EDGE('',*,*,#587,.F.);
#143=ORIENTED_EDGE('',*,*,#592,.F.);
#144=ORIENTED_EDGE('',*,*,#593,.T.);
#145=ORIENTED_EDGE('',*,*,#594,.T.);
#146=ORIENTED_EDGE('',*,*,#595,.F.);
#147=ORIENTED_EDGE('',*,*,#596,.F.);
#148=ORIENTED_EDGE('',*,*,#597,.T.);
#149=ORIENTED_EDGE('',*,*,#598,.T.);
#150=ORIENTED_EDGE('',*,*,#599,.F.);
#151=ORIENTED_EDGE('',*,*,#600,.T.);
#152=ORIENTED_EDGE('',*,*,#601,.T.);
#153=ORIENTED_EDGE('',*,*,#602,.F.);
#154=ORIENTED_EDGE('',*,*,#572,.F.);
#155=ORIENTED_EDGE('',*,*,#603,.F.);
#156=ORIENTED_EDGE('',*,*,#570,.T.);
#157=ORIENTED_EDGE('',*,*,#604,.F.);
#158=ORIENTED_EDGE('',*,*,#605,.T.);
#159=ORIENTED_EDGE('',*,*,#606,.T.);
#160=ORIENTED_EDGE('',*,*,#607,.T.);
#161=ORIENTED_EDGE('',*,*,#608,.F.);
#162=ORIENTED_EDGE('',*,*,#609,.F.);
#163=ORIENTED_EDGE('',*,*,#610,.T.);
#164=ORIENTED_EDGE('',*,*,#611,.T.);
#165=ORIENTED_EDGE('',*,*,#612,.F.);
#166=ORIENTED_EDGE('',*,*,#613,.F.);
#167=ORIENTED_EDGE('',*,*,#563,.F.);
#168=ORIENTED_EDGE('',*,*,#586,.F.);
#169=ORIENTED_EDGE('',*,*,#583,.T.);
#170=ORIENTED_EDGE('',*,*,#571,.F.);
#171=ORIENTED_EDGE('',*,*,#603,.T.);
#172=ORIENTED_EDGE('',*,*,#574,.F.);
#173=ORIENTED_EDGE('',*,*,#590,.F.);
#174=ORIENTED_EDGE('',*,*,#614,.F.);
#175=ORIENTED_EDGE('',*,*,#592,.T.);
#176=ORIENTED_EDGE('',*,*,#613,.T.);
#177=ORIENTED_EDGE('',*,*,#615,.T.);
#178=ORIENTED_EDGE('',*,*,#581,.F.);
#179=ORIENTED_EDGE('',*,*,#578,.F.);
#180=ORIENTED_EDGE('',*,*,#616,.T.);
#181=ORIENTED_EDGE('',*,*,#617,.F.);
#182=ORIENTED_EDGE('',*,*,#618,.T.);
#183=ORIENTED_EDGE('',*,*,#619,.T.);
#184=ORIENTED_EDGE('',*,*,#620,.T.);
#185=ORIENTED_EDGE('',*,*,#621,.T.);
#186=ORIENTED_EDGE('',*,*,#622,.T.);
#187=ORIENTED_EDGE('',*,*,#623,.T.);
#188=ORIENTED_EDGE('',*,*,#624,.T.);
#189=ORIENTED_EDGE('',*,*,#625,.T.);
#190=ORIENTED_EDGE('',*,*,#626,.T.);
#191=ORIENTED_EDGE('',*,*,#627,.T.);
#192=ORIENTED_EDGE('',*,*,#628,.T.);
#193=ORIENTED_EDGE('',*,*,#629,.T.);
#194=ORIENTED_EDGE('',*,*,#630,.T.);
#195=ORIENTED_EDGE('',*,*,#631,.T.);
#196=ORIENTED_EDGE('',*,*,#632,.T.);
#197=ORIENTED_EDGE('',*,*,#633,.T.);
#198=ORIENTED_EDGE('',*,*,#634,.T.);
#199=ORIENTED_EDGE('',*,*,#635,.T.);
#200=ORIENTED_EDGE('',*,*,#636,.T.);
#201=ORIENTED_EDGE('',*,*,#637,.T.);
#202=ORIENTED_EDGE('',*,*,#638,.T.);
#203=ORIENTED_EDGE('',*,*,#639,.T.);
#204=ORIENTED_EDGE('',*,*,#640,.T.);
#205=ORIENTED_EDGE('',*,*,#641,.T.);
#206=ORIENTED_EDGE('',*,*,#642,.T.);
#207=ORIENTED_EDGE('',*,*,#643,.T.);
#208=ORIENTED_EDGE('',*,*,#644,.T.);
#209=ORIENTED_EDGE('',*,*,#645,.T.);
#210=ORIENTED_EDGE('',*,*,#646,.T.);
#211=ORIENTED_EDGE('',*,*,#647,.T.);
#212=ORIENTED_EDGE('',*,*,#648,.T.);
#213=ORIENTED_EDGE('',*,*,#649,.F.);
#214=ORIENTED_EDGE('',*,*,#650,.F.);
#215=ORIENTED_EDGE('',*,*,#649,.T.);
#216=ORIENTED_EDGE('',*,*,#651,.T.);
#217=ORIENTED_EDGE('',*,*,#652,.F.);
#218=ORIENTED_EDGE('',*,*,#653,.F.);
#219=ORIENTED_EDGE('',*,*,#652,.T.);
#220=ORIENTED_EDGE('',*,*,#654,.T.);
#221=ORIENTED_EDGE('',*,*,#655,.F.);
#222=ORIENTED_EDGE('',*,*,#656,.T.);
#223=ORIENTED_EDGE('',*,*,#657,.T.);
#224=ORIENTED_EDGE('',*,*,#658,.T.);
#225=ORIENTED_EDGE('',*,*,#659,.F.);
#226=ORIENTED_EDGE('',*,*,#660,.F.);
#227=ORIENTED_EDGE('',*,*,#661,.T.);
#228=ORIENTED_EDGE('',*,*,#662,.T.);
#229=ORIENTED_EDGE('',*,*,#663,.F.);
#230=ORIENTED_EDGE('',*,*,#664,.T.);
#231=ORIENTED_EDGE('',*,*,#659,.T.);
#232=ORIENTED_EDGE('',*,*,#665,.T.);
#233=ORIENTED_EDGE('',*,*,#661,.F.);
#234=ORIENTED_EDGE('',*,*,#666,.T.);
#235=ORIENTED_EDGE('',*,*,#667,.T.);
#236=ORIENTED_EDGE('',*,*,#668,.T.);
#237=ORIENTED_EDGE('',*,*,#657,.F.);
#238=ORIENTED_EDGE('',*,*,#618,.F.);
#239=ORIENTED_EDGE('',*,*,#663,.T.);
#240=ORIENTED_EDGE('',*,*,#669,.T.);
#241=ORIENTED_EDGE('',*,*,#647,.F.);
#242=ORIENTED_EDGE('',*,*,#620,.F.);
#243=ORIENTED_EDGE('',*,*,#670,.T.);
#244=ORIENTED_EDGE('',*,*,#671,.F.);
#245=ORIENTED_EDGE('',*,*,#672,.F.);
#246=ORIENTED_EDGE('',*,*,#673,.T.);
#247=ORIENTED_EDGE('',*,*,#674,.T.);
#248=ORIENTED_EDGE('',*,*,#675,.F.);
#249=ORIENTED_EDGE('',*,*,#676,.F.);
#250=ORIENTED_EDGE('',*,*,#605,.F.);
#251=ORIENTED_EDGE('',*,*,#677,.T.);
#252=ORIENTED_EDGE('',*,*,#593,.F.);
#253=ORIENTED_EDGE('',*,*,#614,.T.);
#254=ORIENTED_EDGE('',*,*,#589,.T.);
#255=ORIENTED_EDGE('',*,*,#678,.T.);
#256=ORIENTED_EDGE('',*,*,#560,.F.);
#257=ORIENTED_EDGE('',*,*,#679,.F.);
#258=ORIENTED_EDGE('',*,*,#680,.F.);
#259=ORIENTED_EDGE('',*,*,#681,.T.);
#260=ORIENTED_EDGE('',*,*,#682,.F.);
#261=ORIENTED_EDGE('',*,*,#655,.T.);
#262=ORIENTED_EDGE('',*,*,#683,.T.);
#263=ORIENTED_EDGE('',*,*,#610,.F.);
#264=ORIENTED_EDGE('',*,*,#622,.F.);
#265=ORIENTED_EDGE('',*,*,#549,.T.);
#266=ORIENTED_EDGE('',*,*,#544,.F.);
#267=ORIENTED_EDGE('',*,*,#547,.T.);
#268=ORIENTED_EDGE('',*,*,#684,.T.);
#269=ORIENTED_EDGE('',*,*,#685,.T.);
#270=ORIENTED_EDGE('',*,*,#667,.F.);
#271=ORIENTED_EDGE('',*,*,#617,.T.);
#272=ORIENTED_EDGE('',*,*,#686,.T.);
#273=ORIENTED_EDGE('',*,*,#687,.F.);
#274=ORIENTED_EDGE('',*,*,#671,.T.);
#275=ORIENTED_EDGE('',*,*,#688,.T.);
#276=ORIENTED_EDGE('',*,*,#689,.T.);
#277=ORIENTED_EDGE('',*,*,#690,.F.);
#278=ORIENTED_EDGE('',*,*,#672,.T.);
#279=ORIENTED_EDGE('',*,*,#687,.T.);
#280=ORIENTED_EDGE('',*,*,#690,.T.);
#281=ORIENTED_EDGE('',*,*,#691,.F.);
#282=ORIENTED_EDGE('',*,*,#688,.F.);
#283=ORIENTED_EDGE('',*,*,#670,.F.);
#284=ORIENTED_EDGE('',*,*,#680,.T.);
#285=ORIENTED_EDGE('',*,*,#692,.F.);
#286=ORIENTED_EDGE('',*,*,#693,.F.);
#287=ORIENTED_EDGE('',*,*,#694,.T.);
#288=ORIENTED_EDGE('',*,*,#682,.T.);
#289=ORIENTED_EDGE('',*,*,#695,.F.);
#290=ORIENTED_EDGE('',*,*,#696,.F.);
#291=ORIENTED_EDGE('',*,*,#692,.T.);
#292=ORIENTED_EDGE('',*,*,#681,.F.);
#293=ORIENTED_EDGE('',*,*,#694,.F.);
#294=ORIENTED_EDGE('',*,*,#697,.T.);
#295=ORIENTED_EDGE('',*,*,#695,.T.);
#296=ORIENTED_EDGE('',*,*,#689,.F.);
#297=ORIENTED_EDGE('',*,*,#686,.F.);
#298=ORIENTED_EDGE('',*,*,#691,.T.);
#299=ORIENTED_EDGE('',*,*,#693,.T.);
#300=ORIENTED_EDGE('',*,*,#696,.T.);
#301=ORIENTED_EDGE('',*,*,#697,.F.);
#302=ORIENTED_EDGE('',*,*,#660,.T.);
#303=ORIENTED_EDGE('',*,*,#666,.F.);
#304=ORIENTED_EDGE('',*,*,#664,.F.);
#305=ORIENTED_EDGE('',*,*,#619,.F.);
#306=ORIENTED_EDGE('',*,*,#650,.T.);
#307=ORIENTED_EDGE('',*,*,#653,.T.);
#308=ORIENTED_EDGE('',*,*,#656,.F.);
#309=ORIENTED_EDGE('',*,*,#621,.F.);
#310=ORIENTED_EDGE('',*,*,#698,.T.);
#311=ORIENTED_EDGE('',*,*,#699,.T.);
#312=ORIENTED_EDGE('',*,*,#684,.F.);
#313=ORIENTED_EDGE('',*,*,#616,.F.);
#314=ORIENTED_EDGE('',*,*,#577,.T.);
#315=ORIENTED_EDGE('',*,*,#601,.F.);
#316=ORIENTED_EDGE('',*,*,#612,.T.);
#317=ORIENTED_EDGE('',*,*,#700,.T.);
#318=ORIENTED_EDGE('',*,*,#701,.F.);
#319=ORIENTED_EDGE('',*,*,#566,.F.);
#320=ORIENTED_EDGE('',*,*,#579,.F.);
#321=ORIENTED_EDGE('',*,*,#615,.F.);
#322=ORIENTED_EDGE('',*,*,#702,.T.);
#323=ORIENTED_EDGE('',*,*,#703,.T.);
#324=ORIENTED_EDGE('',*,*,#597,.F.);
#325=ORIENTED_EDGE('',*,*,#704,.F.);
#326=ORIENTED_EDGE('',*,*,#599,.T.);
#327=ORIENTED_EDGE('',*,*,#705,.T.);
#328=ORIENTED_EDGE('',*,*,#702,.F.);
#329=ORIENTED_EDGE('',*,*,#706,.F.);
#330=ORIENTED_EDGE('',*,*,#707,.T.);
#331=ORIENTED_EDGE('',*,*,#708,.T.);
#332=ORIENTED_EDGE('',*,*,#698,.F.);
#333=ORIENTED_EDGE('',*,*,#709,.F.);
#334=ORIENTED_EDGE('',*,*,#701,.T.);
#335=ORIENTED_EDGE('',*,*,#710,.T.);
#336=ORIENTED_EDGE('',*,*,#707,.F.);
#337=ORIENTED_EDGE('',*,*,#711,.F.);
#338=ORIENTED_EDGE('',*,*,#712,.T.);
#339=ORIENTED_EDGE('',*,*,#713,.T.);
#340=ORIENTED_EDGE('',*,*,#556,.F.);
#341=ORIENTED_EDGE('',*,*,#714,.T.);
#342=ORIENTED_EDGE('',*,*,#558,.T.);
#343=ORIENTED_EDGE('',*,*,#715,.T.);
#344=ORIENTED_EDGE('',*,*,#712,.F.);
#345=ORIENTED_EDGE('',*,*,#716,.F.);
#346=ORIENTED_EDGE('',*,*,#717,.T.);
#347=ORIENTED_EDGE('',*,*,#718,.T.);
#348=ORIENTED_EDGE('',*,*,#673,.F.);
#349=ORIENTED_EDGE('',*,*,#719,.F.);
#350=ORIENTED_EDGE('',*,*,#675,.T.);
#351=ORIENTED_EDGE('',*,*,#720,.T.);
#352=ORIENTED_EDGE('',*,*,#717,.F.);
#353=ORIENTED_EDGE('',*,*,#721,.T.);
#354=ORIENTED_EDGE('',*,*,#704,.T.);
#355=ORIENTED_EDGE('',*,*,#606,.F.);
#356=ORIENTED_EDGE('',*,*,#676,.T.);
#357=ORIENTED_EDGE('',*,*,#721,.F.);
#358=ORIENTED_EDGE('',*,*,#719,.T.);
#359=ORIENTED_EDGE('',*,*,#679,.T.);
#360=ORIENTED_EDGE('',*,*,#559,.T.);
#361=ORIENTED_EDGE('',*,*,#716,.T.);
#362=ORIENTED_EDGE('',*,*,#714,.F.);
#363=ORIENTED_EDGE('',*,*,#567,.T.);
#364=ORIENTED_EDGE('',*,*,#711,.T.);
#365=ORIENTED_EDGE('',*,*,#709,.T.);
#366=ORIENTED_EDGE('',*,*,#600,.F.);
#367=ORIENTED_EDGE('',*,*,#706,.T.);
#368=ORIENTED_EDGE('',*,*,#573,.F.);
#369=ORIENTED_EDGE('',*,*,#602,.T.);
#370=ORIENTED_EDGE('',*,*,#576,.F.);
#371=ORIENTED_EDGE('',*,*,#580,.F.);
#372=ORIENTED_EDGE('',*,*,#565,.F.);
#373=ORIENTED_EDGE('',*,*,#582,.T.);
#374=ORIENTED_EDGE('',*,*,#585,.F.);
#375=ORIENTED_EDGE('',*,*,#561,.F.);
#376=ORIENTED_EDGE('',*,*,#678,.F.);
#377=ORIENTED_EDGE('',*,*,#588,.F.);
#378=ORIENTED_EDGE('',*,*,#591,.T.);
#379=ORIENTED_EDGE('',*,*,#677,.F.);
#380=ORIENTED_EDGE('',*,*,#604,.T.);
#381=ORIENTED_EDGE('',*,*,#569,.F.);
#382=ORIENTED_EDGE('',*,*,#550,.T.);
#383=ORIENTED_EDGE('',*,*,#722,.F.);
#384=ORIENTED_EDGE('',*,*,#723,.F.);
#385=ORIENTED_EDGE('',*,*,#724,.T.);
#386=ORIENTED_EDGE('',*,*,#555,.T.);
#387=ORIENTED_EDGE('',*,*,#725,.F.);
#388=ORIENTED_EDGE('',*,*,#726,.F.);
#389=ORIENTED_EDGE('',*,*,#722,.T.);
#390=ORIENTED_EDGE('',*,*,#554,.T.);
#391=ORIENTED_EDGE('',*,*,#727,.F.);
#392=ORIENTED_EDGE('',*,*,#728,.F.);
#393=ORIENTED_EDGE('',*,*,#725,.T.);
#394=ORIENTED_EDGE('',*,*,#553,.T.);
#395=ORIENTED_EDGE('',*,*,#729,.F.);
#396=ORIENTED_EDGE('',*,*,#730,.F.);
#397=ORIENTED_EDGE('',*,*,#727,.T.);
#398=ORIENTED_EDGE('',*,*,#552,.T.);
#399=ORIENTED_EDGE('',*,*,#731,.F.);
#400=ORIENTED_EDGE('',*,*,#732,.F.);
#401=ORIENTED_EDGE('',*,*,#729,.T.);
#402=ORIENTED_EDGE('',*,*,#551,.T.);
#403=ORIENTED_EDGE('',*,*,#724,.F.);
#404=ORIENTED_EDGE('',*,*,#733,.F.);
#405=ORIENTED_EDGE('',*,*,#731,.T.);
#406=ORIENTED_EDGE('',*,*,#723,.T.);
#407=ORIENTED_EDGE('',*,*,#726,.T.);
#408=ORIENTED_EDGE('',*,*,#728,.T.);
#409=ORIENTED_EDGE('',*,*,#730,.T.);
#410=ORIENTED_EDGE('',*,*,#732,.T.);
#411=ORIENTED_EDGE('',*,*,#733,.T.);
#412=ORIENTED_EDGE('',*,*,#734,.T.);
#413=ORIENTED_EDGE('',*,*,#735,.F.);
#414=ORIENTED_EDGE('',*,*,#736,.F.);
#415=ORIENTED_EDGE('',*,*,#734,.F.);
#416=ORIENTED_EDGE('',*,*,#737,.T.);
#417=ORIENTED_EDGE('',*,*,#609,.T.);
#418=ORIENTED_EDGE('',*,*,#738,.F.);
#419=ORIENTED_EDGE('',*,*,#739,.T.);
#420=ORIENTED_EDGE('',*,*,#607,.F.);
#421=ORIENTED_EDGE('',*,*,#737,.F.);
#422=ORIENTED_EDGE('',*,*,#736,.T.);
#423=ORIENTED_EDGE('',*,*,#735,.T.);
#424=ORIENTED_EDGE('',*,*,#738,.T.);
#425=ORIENTED_EDGE('',*,*,#608,.T.);
#426=ORIENTED_EDGE('',*,*,#739,.F.);
#427=ORIENTED_EDGE('',*,*,#595,.T.);
#428=ORIENTED_EDGE('',*,*,#740,.F.);
#429=ORIENTED_EDGE('',*,*,#741,.F.);
#430=ORIENTED_EDGE('',*,*,#742,.T.);
#431=ORIENTED_EDGE('',*,*,#594,.F.);
#432=ORIENTED_EDGE('',*,*,#743,.F.);
#433=ORIENTED_EDGE('',*,*,#744,.T.);
#434=ORIENTED_EDGE('',*,*,#740,.T.);
#435=ORIENTED_EDGE('',*,*,#596,.T.);
#436=ORIENTED_EDGE('',*,*,#742,.F.);
#437=ORIENTED_EDGE('',*,*,#745,.F.);
#438=ORIENTED_EDGE('',*,*,#743,.T.);
#439=ORIENTED_EDGE('',*,*,#542,.F.);
#440=ORIENTED_EDGE('',*,*,#548,.T.);
#441=ORIENTED_EDGE('',*,*,#545,.T.);
#442=ORIENTED_EDGE('',*,*,#741,.T.);
#443=ORIENTED_EDGE('',*,*,#744,.F.);
#444=ORIENTED_EDGE('',*,*,#745,.T.);
#445=ORIENTED_EDGE('',*,*,#746,.F.);
#446=ORIENTED_EDGE('',*,*,#713,.F.);
#447=ORIENTED_EDGE('',*,*,#747,.F.);
#448=ORIENTED_EDGE('',*,*,#625,.F.);
#449=ORIENTED_EDGE('',*,*,#747,.T.);
#450=ORIENTED_EDGE('',*,*,#715,.F.);
#451=ORIENTED_EDGE('',*,*,#748,.F.);
#452=ORIENTED_EDGE('',*,*,#623,.F.);
#453=ORIENTED_EDGE('',*,*,#746,.T.);
#454=ORIENTED_EDGE('',*,*,#624,.F.);
#455=ORIENTED_EDGE('',*,*,#748,.T.);
#456=ORIENTED_EDGE('',*,*,#557,.F.);
#457=ORIENTED_EDGE('',*,*,#749,.F.);
#458=ORIENTED_EDGE('',*,*,#626,.F.);
#459=ORIENTED_EDGE('',*,*,#750,.F.);
#460=ORIENTED_EDGE('',*,*,#705,.F.);
#461=ORIENTED_EDGE('',*,*,#750,.T.);
#462=ORIENTED_EDGE('',*,*,#628,.F.);
#463=ORIENTED_EDGE('',*,*,#751,.F.);
#464=ORIENTED_EDGE('',*,*,#703,.F.);
#465=ORIENTED_EDGE('',*,*,#749,.T.);
#466=ORIENTED_EDGE('',*,*,#598,.F.);
#467=ORIENTED_EDGE('',*,*,#751,.T.);
#468=ORIENTED_EDGE('',*,*,#627,.F.);
#469=ORIENTED_EDGE('',*,*,#752,.F.);
#470=ORIENTED_EDGE('',*,*,#629,.F.);
#471=ORIENTED_EDGE('',*,*,#753,.F.);
#472=ORIENTED_EDGE('',*,*,#674,.F.);
#473=ORIENTED_EDGE('',*,*,#753,.T.);
#474=ORIENTED_EDGE('',*,*,#631,.F.);
#475=ORIENTED_EDGE('',*,*,#754,.F.);
#476=ORIENTED_EDGE('',*,*,#720,.F.);
#477=ORIENTED_EDGE('',*,*,#752,.T.);
#478=ORIENTED_EDGE('',*,*,#718,.F.);
#479=ORIENTED_EDGE('',*,*,#754,.T.);
#480=ORIENTED_EDGE('',*,*,#630,.F.);
#481=ORIENTED_EDGE('',*,*,#755,.F.);
#482=ORIENTED_EDGE('',*,*,#637,.F.);
#483=ORIENTED_EDGE('',*,*,#756,.F.);
#484=ORIENTED_EDGE('',*,*,#669,.F.);
#485=ORIENTED_EDGE('',*,*,#756,.T.);
#486=ORIENTED_EDGE('',*,*,#636,.F.);
#487=ORIENTED_EDGE('',*,*,#757,.F.);
#488=ORIENTED_EDGE('',*,*,#648,.F.);
#489=ORIENTED_EDGE('',*,*,#755,.T.);
#490=ORIENTED_EDGE('',*,*,#662,.F.);
#491=ORIENTED_EDGE('',*,*,#758,.F.);
#492=ORIENTED_EDGE('',*,*,#638,.F.);
#493=ORIENTED_EDGE('',*,*,#757,.T.);
#494=ORIENTED_EDGE('',*,*,#635,.F.);
#495=ORIENTED_EDGE('',*,*,#759,.F.);
#496=ORIENTED_EDGE('',*,*,#651,.F.);
#497=ORIENTED_EDGE('',*,*,#758,.T.);
#498=ORIENTED_EDGE('',*,*,#665,.F.);
#499=ORIENTED_EDGE('',*,*,#760,.F.);
#500=ORIENTED_EDGE('',*,*,#639,.F.);
#501=ORIENTED_EDGE('',*,*,#759,.T.);
#502=ORIENTED_EDGE('',*,*,#634,.F.);
#503=ORIENTED_EDGE('',*,*,#761,.F.);
#504=ORIENTED_EDGE('',*,*,#654,.F.);
#505=ORIENTED_EDGE('',*,*,#760,.T.);
#506=ORIENTED_EDGE('',*,*,#658,.F.);
#507=ORIENTED_EDGE('',*,*,#762,.F.);
#508=ORIENTED_EDGE('',*,*,#640,.F.);
#509=ORIENTED_EDGE('',*,*,#761,.T.);
#510=ORIENTED_EDGE('',*,*,#633,.F.);
#511=ORIENTED_EDGE('',*,*,#763,.F.);
#512=ORIENTED_EDGE('',*,*,#683,.F.);
#513=ORIENTED_EDGE('',*,*,#762,.T.);
#514=ORIENTED_EDGE('',*,*,#668,.F.);
#515=ORIENTED_EDGE('',*,*,#764,.F.);
#516=ORIENTED_EDGE('',*,*,#641,.F.);
#517=ORIENTED_EDGE('',*,*,#763,.T.);
#518=ORIENTED_EDGE('',*,*,#632,.F.);
#519=ORIENTED_EDGE('',*,*,#765,.F.);
#520=ORIENTED_EDGE('',*,*,#611,.F.);
#521=ORIENTED_EDGE('',*,*,#764,.T.);
#522=ORIENTED_EDGE('',*,*,#685,.F.);
#523=ORIENTED_EDGE('',*,*,#766,.F.);
#524=ORIENTED_EDGE('',*,*,#642,.F.);
#525=ORIENTED_EDGE('',*,*,#765,.T.);
#526=ORIENTED_EDGE('',*,*,#646,.F.);
#527=ORIENTED_EDGE('',*,*,#767,.F.);
#528=ORIENTED_EDGE('',*,*,#700,.F.);
#529=ORIENTED_EDGE('',*,*,#766,.T.);
#530=ORIENTED_EDGE('',*,*,#699,.F.);
#531=ORIENTED_EDGE('',*,*,#768,.F.);
#532=ORIENTED_EDGE('',*,*,#643,.F.);
#533=ORIENTED_EDGE('',*,*,#767,.T.);
#534=ORIENTED_EDGE('',*,*,#645,.F.);
#535=ORIENTED_EDGE('',*,*,#769,.F.);
#536=ORIENTED_EDGE('',*,*,#710,.F.);
#537=ORIENTED_EDGE('',*,*,#768,.T.);
#538=ORIENTED_EDGE('',*,*,#708,.F.);
#539=ORIENTED_EDGE('',*,*,#769,.T.);
#540=ORIENTED_EDGE('',*,*,#644,.F.);
#541=EDGE_CURVE('',#770,#771,#912,.T.);
#542=EDGE_CURVE('',#771,#772,#913,.T.);
#543=EDGE_CURVE('',#773,#772,#914,.T.);
#544=EDGE_CURVE('',#773,#770,#915,.T.);
#545=EDGE_CURVE('',#774,#772,#916,.T.);
#546=EDGE_CURVE('',#775,#774,#917,.T.);
#547=EDGE_CURVE('',#773,#775,#918,.T.);
#548=EDGE_CURVE('',#771,#774,#40,.T.);
#549=EDGE_CURVE('',#775,#770,#41,.F.);
#550=EDGE_CURVE('',#776,#777,#919,.T.);
#551=EDGE_CURVE('',#778,#776,#920,.T.);
#552=EDGE_CURVE('',#779,#778,#921,.T.);
#553=EDGE_CURVE('',#780,#779,#922,.T.);
#554=EDGE_CURVE('',#781,#780,#923,.T.);
#555=EDGE_CURVE('',#777,#781,#924,.T.);
#556=EDGE_CURVE('',#782,#783,#925,.T.);
#557=EDGE_CURVE('',#783,#784,#926,.T.);
#558=EDGE_CURVE('',#785,#784,#927,.T.);
#559=EDGE_CURVE('',#786,#785,#928,.T.);
#560=EDGE_CURVE('',#786,#787,#929,.T.);
#561=EDGE_CURVE('',#787,#788,#930,.T.);
#562=EDGE_CURVE('',#789,#788,#931,.T.);
#563=EDGE_CURVE('',#789,#790,#932,.T.);
#564=EDGE_CURVE('',#790,#791,#933,.T.);
#565=EDGE_CURVE('',#791,#792,#934,.T.);
#566=EDGE_CURVE('',#792,#793,#935,.T.);
#567=EDGE_CURVE('',#782,#793,#936,.T.);
#568=EDGE_CURVE('',#794,#795,#937,.T.);
#569=EDGE_CURVE('',#795,#796,#938,.T.);
#570=EDGE_CURVE('',#797,#796,#939,.T.);
#571=EDGE_CURVE('',#797,#794,#940,.T.);
#572=EDGE_CURVE('',#798,#799,#941,.T.);
#573=EDGE_CURVE('',#799,#795,#942,.T.);
#574=EDGE_CURVE('',#794,#798,#943,.T.);
#575=EDGE_CURVE('',#800,#801,#944,.T.);
#576=EDGE_CURVE('',#801,#802,#945,.T.);
#577=EDGE_CURVE('',#803,#802,#946,.T.);
#578=EDGE_CURVE('',#803,#800,#947,.T.);
#579=EDGE_CURVE('',#804,#792,#948,.T.);
#580=EDGE_CURVE('',#792,#801,#949,.T.);
#581=EDGE_CURVE('',#800,#804,#950,.T.);
#582=EDGE_CURVE('',#791,#805,#951,.T.);
#583=EDGE_CURVE('',#806,#790,#952,.T.);
#584=EDGE_CURVE('',#806,#805,#953,.T.);
#585=EDGE_CURVE('',#788,#805,#954,.T.);
#586=EDGE_CURVE('',#806,#789,#955,.T.);
#587=EDGE_CURVE('',#807,#808,#956,.T.);
#588=EDGE_CURVE('',#808,#809,#957,.T.);
#589=EDGE_CURVE('',#810,#809,#958,.T.);
#590=EDGE_CURVE('',#810,#807,#959,.T.);
#591=EDGE_CURVE('',#808,#811,#960,.T.);
#592=EDGE_CURVE('',#812,#807,#961,.T.);
#593=EDGE_CURVE('',#812,#811,#962,.T.);
#594=EDGE_CURVE('',#813,#814,#963,.T.);
#595=EDGE_CURVE('',#815,#814,#42,.T.);
#596=EDGE_CURVE('',#813,#815,#964,.T.);
#597=EDGE_CURVE('',#816,#817,#965,.T.);
#598=EDGE_CURVE('',#817,#818,#966,.F.);
#599=EDGE_CURVE('',#819,#818,#967,.T.);
#600=EDGE_CURVE('',#819,#820,#968,.T.);
#601=EDGE_CURVE('',#820,#802,#969,.T.);
#602=EDGE_CURVE('',#799,#802,#970,.T.);
#603=EDGE_CURVE('',#797,#798,#971,.T.);
#604=EDGE_CURVE('',#821,#796,#972,.T.);
#605=EDGE_CURVE('',#821,#822,#973,.T.);
#606=EDGE_CURVE('',#822,#816,#974,.T.);
#607=EDGE_CURVE('',#823,#824,#975,.T.);
#608=EDGE_CURVE('',#825,#824,#43,.T.);
#609=EDGE_CURVE('',#823,#825,#976,.T.);
#610=EDGE_CURVE('',#826,#827,#977,.T.);
#611=EDGE_CURVE('',#827,#828,#978,.F.);
#612=EDGE_CURVE('',#829,#828,#979,.T.);
#613=EDGE_CURVE('',#826,#829,#980,.T.);
#614=EDGE_CURVE('',#812,#810,#981,.T.);
#615=EDGE_CURVE('',#829,#804,#982,.T.);
#616=EDGE_CURVE('',#803,#830,#983,.T.);
#617=EDGE_CURVE('',#831,#830,#984,.T.);
#618=EDGE_CURVE('',#831,#832,#985,.T.);
#619=EDGE_CURVE('',#832,#833,#986,.T.);
#620=EDGE_CURVE('',#833,#834,#987,.T.);
#621=EDGE_CURVE('',#834,#835,#988,.T.);
#622=EDGE_CURVE('',#835,#826,#989,.T.);
#623=EDGE_CURVE('',#836,#837,#990,.T.);
#624=EDGE_CURVE('',#837,#838,#991,.F.);
#625=EDGE_CURVE('',#838,#836,#992,.F.);
#626=EDGE_CURVE('',#839,#840,#993,.T.);
#627=EDGE_CURVE('',#840,#841,#994,.T.);
#628=EDGE_CURVE('',#841,#839,#995,.T.);
#629=EDGE_CURVE('',#842,#843,#996,.F.);
#630=EDGE_CURVE('',#843,#844,#997,.T.);
#631=EDGE_CURVE('',#844,#842,#998,.F.);
#632=EDGE_CURVE('',#845,#846,#999,.T.);
#633=EDGE_CURVE('',#846,#847,#1000,.T.);
#634=EDGE_CURVE('',#847,#848,#1001,.F.);
#635=EDGE_CURVE('',#848,#849,#44,.T.);
#636=EDGE_CURVE('',#849,#850,#1002,.T.);
#637=EDGE_CURVE('',#850,#851,#1003,.T.);
#638=EDGE_CURVE('',#851,#852,#1004,.F.);
#639=EDGE_CURVE('',#852,#853,#45,.T.);
#640=EDGE_CURVE('',#853,#854,#1005,.T.);
#641=EDGE_CURVE('',#854,#855,#1006,.T.);
#642=EDGE_CURVE('',#855,#856,#1007,.F.);
#643=EDGE_CURVE('',#856,#857,#1008,.T.);
#644=EDGE_CURVE('',#857,#858,#1009,.T.);
#645=EDGE_CURVE('',#858,#859,#1010,.T.);
#646=EDGE_CURVE('',#859,#845,#1011,.T.);
#647=EDGE_CURVE('',#834,#860,#1012,.T.);
#648=EDGE_CURVE('',#860,#861,#1013,.F.);
#649=EDGE_CURVE('',#862,#861,#1014,.T.);
#650=EDGE_CURVE('',#834,#862,#1015,.T.);
#651=EDGE_CURVE('',#861,#863,#46,.F.);
#652=EDGE_CURVE('',#864,#863,#1016,.T.);
#653=EDGE_CURVE('',#862,#864,#18,.T.);
#654=EDGE_CURVE('',#863,#865,#1017,.T.);
#655=EDGE_CURVE('',#835,#865,#1018,.T.);
#656=EDGE_CURVE('',#835,#864,#1019,.T.);
#657=EDGE_CURVE('',#832,#866,#1020,.T.);
#658=EDGE_CURVE('',#866,#867,#1021,.F.);
#659=EDGE_CURVE('',#868,#867,#1022,.T.);
#660=EDGE_CURVE('',#832,#868,#1023,.T.);
#661=EDGE_CURVE('',#869,#870,#1024,.T.);
#662=EDGE_CURVE('',#870,#871,#1025,.T.);
#663=EDGE_CURVE('',#833,#871,#1026,.T.);
#664=EDGE_CURVE('',#833,#869,#1027,.T.);
#665=EDGE_CURVE('',#867,#870,#47,.F.);
#666=EDGE_CURVE('',#869,#868,#19,.F.);
#667=EDGE_CURVE('',#831,#872,#1028,.T.);
#668=EDGE_CURVE('',#872,#866,#1029,.F.);
#669=EDGE_CURVE('',#871,#860,#1030,.F.);
#670=EDGE_CURVE('',#873,#874,#1031,.T.);
#671=EDGE_CURVE('',#875,#874,#1032,.T.);
#672=EDGE_CURVE('',#873,#875,#48,.F.);
#673=EDGE_CURVE('',#876,#877,#1033,.T.);
#674=EDGE_CURVE('',#877,#878,#1034,.T.);
#675=EDGE_CURVE('',#879,#878,#1035,.T.);
#676=EDGE_CURVE('',#822,#879,#1036,.T.);
#677=EDGE_CURVE('',#821,#811,#1037,.T.);
#678=EDGE_CURVE('',#809,#787,#1038,.T.);
#679=EDGE_CURVE('',#876,#786,#1039,.T.);
#680=EDGE_CURVE('',#880,#881,#1040,.T.);
#681=EDGE_CURVE('',#880,#882,#1041,.T.);
#682=EDGE_CURVE('',#881,#882,#49,.T.);
#683=EDGE_CURVE('',#865,#827,#1042,.F.);
#684=EDGE_CURVE('',#830,#883,#1043,.T.);
#685=EDGE_CURVE('',#883,#872,#1044,.T.);
#686=EDGE_CURVE('',#884,#885,#1045,.T.);
#687=EDGE_CURVE('',#875,#885,#1046,.T.);
#688=EDGE_CURVE('',#874,#884,#1047,.T.);
#689=EDGE_CURVE('',#885,#886,#50,.T.);
#690=EDGE_CURVE('',#873,#886,#1048,.T.);
#691=EDGE_CURVE('',#884,#886,#1049,.T.);
#692=EDGE_CURVE('',#887,#881,#1050,.T.);
#693=EDGE_CURVE('',#888,#887,#1051,.T.);
#694=EDGE_CURVE('',#888,#880,#1052,.T.);
#695=EDGE_CURVE('',#889,#882,#1053,.T.);
#696=EDGE_CURVE('',#887,#889,#51,.T.);
#697=EDGE_CURVE('',#888,#889,#1054,.T.);
#698=EDGE_CURVE('',#820,#890,#1055,.T.);
#699=EDGE_CURVE('',#890,#883,#1056,.F.);
#700=EDGE_CURVE('',#828,#891,#1057,.F.);
#701=EDGE_CURVE('',#793,#891,#1058,.T.);
#702=EDGE_CURVE('',#892,#893,#1059,.T.);
#703=EDGE_CURVE('',#893,#817,#1060,.F.);
#704=EDGE_CURVE('',#892,#816,#1061,.T.);
#705=EDGE_CURVE('',#818,#893,#1062,.F.);
#706=EDGE_CURVE('',#819,#892,#1063,.T.);
#707=EDGE_CURVE('',#894,#895,#1064,.T.);
#708=EDGE_CURVE('',#895,#890,#1065,.F.);
#709=EDGE_CURVE('',#894,#820,#1066,.T.);
#710=EDGE_CURVE('',#891,#895,#1067,.F.);
#711=EDGE_CURVE('',#793,#894,#1068,.T.);
#712=EDGE_CURVE('',#896,#897,#1069,.T.);
#713=EDGE_CURVE('',#897,#783,#1070,.T.);
#714=EDGE_CURVE('',#782,#896,#1071,.T.);
#715=EDGE_CURVE('',#784,#897,#1072,.F.);
#716=EDGE_CURVE('',#785,#896,#1073,.T.);
#717=EDGE_CURVE('',#898,#899,#1074,.T.);
#718=EDGE_CURVE('',#899,#877,#1075,.F.);
#719=EDGE_CURVE('',#898,#876,#1076,.T.);
#720=EDGE_CURVE('',#878,#899,#1077,.T.);
#721=EDGE_CURVE('',#898,#879,#1078,.T.);
#722=EDGE_CURVE('',#900,#777,#1079,.T.);
#723=EDGE_CURVE('',#901,#900,#1080,.T.);
#724=EDGE_CURVE('',#901,#776,#1081,.T.);
#725=EDGE_CURVE('',#902,#781,#1082,.T.);
#726=EDGE_CURVE('',#900,#902,#1083,.T.);
#727=EDGE_CURVE('',#903,#780,#1084,.T.);
#728=EDGE_CURVE('',#902,#903,#1085,.T.);
#729=EDGE_CURVE('',#904,#779,#1086,.T.);
#730=EDGE_CURVE('',#903,#904,#1087,.T.);
#731=EDGE_CURVE('',#905,#778,#1088,.T.);
#732=EDGE_CURVE('',#904,#905,#1089,.T.);
#733=EDGE_CURVE('',#905,#901,#1090,.T.);
#734=EDGE_CURVE('',#906,#907,#1091,.T.);
#735=EDGE_CURVE('',#908,#907,#52,.T.);
#736=EDGE_CURVE('',#906,#908,#1092,.T.);
#737=EDGE_CURVE('',#906,#823,#1093,.T.);
#738=EDGE_CURVE('',#907,#825,#1094,.T.);
#739=EDGE_CURVE('',#908,#824,#1095,.T.);
#740=EDGE_CURVE('',#909,#814,#1096,.T.);
#741=EDGE_CURVE('',#910,#909,#53,.T.);
#742=EDGE_CURVE('',#910,#815,#1097,.T.);
#743=EDGE_CURVE('',#911,#813,#1098,.T.);
#744=EDGE_CURVE('',#911,#909,#1099,.T.);
#745=EDGE_CURVE('',#911,#910,#1100,.T.);
#746=EDGE_CURVE('',#783,#838,#20,.T.);
#747=EDGE_CURVE('',#836,#897,#21,.T.);
#748=EDGE_CURVE('',#837,#784,#22,.F.);
#749=EDGE_CURVE('',#840,#818,#23,.F.);
#750=EDGE_CURVE('',#893,#839,#24,.F.);
#751=EDGE_CURVE('',#817,#841,#25,.T.);
#752=EDGE_CURVE('',#843,#877,#26,.T.);
#753=EDGE_CURVE('',#878,#842,#27,.F.);
#754=EDGE_CURVE('',#899,#844,#28,.F.);
#755=EDGE_CURVE('',#851,#871,#29,.F.);
#756=EDGE_CURVE('',#860,#850,#30,.T.);
#757=EDGE_CURVE('',#861,#849,#14,.T.);
#758=EDGE_CURVE('',#852,#870,#15,.F.);
#759=EDGE_CURVE('',#863,#848,#16,.T.);
#760=EDGE_CURVE('',#853,#867,#17,.F.);
#761=EDGE_CURVE('',#865,#847,#31,.T.);
#762=EDGE_CURVE('',#854,#866,#32,.F.);
#763=EDGE_CURVE('',#827,#846,#33,.T.);
#764=EDGE_CURVE('',#855,#872,#34,.F.);
#765=EDGE_CURVE('',#828,#845,#35,.F.);
#766=EDGE_CURVE('',#856,#883,#36,.T.);
#767=EDGE_CURVE('',#891,#859,#37,.F.);
#768=EDGE_CURVE('',#857,#890,#38,.T.);
#769=EDGE_CURVE('',#895,#858,#39,.F.);
#770=VERTEX_POINT('',#2206);
#771=VERTEX_POINT('',#2207);
#772=VERTEX_POINT('',#2209);
#773=VERTEX_POINT('',#2211);
#774=VERTEX_POINT('',#2215);
#775=VERTEX_POINT('',#2217);
#776=VERTEX_POINT('',#2224);
#777=VERTEX_POINT('',#2225);
#778=VERTEX_POINT('',#2227);
#779=VERTEX_POINT('',#2229);
#780=VERTEX_POINT('',#2231);
#781=VERTEX_POINT('',#2233);
#782=VERTEX_POINT('',#2236);
#783=VERTEX_POINT('',#2237);
#784=VERTEX_POINT('',#2239);
#785=VERTEX_POINT('',#2241);
#786=VERTEX_POINT('',#2243);
#787=VERTEX_POINT('',#2245);
#788=VERTEX_POINT('',#2247);
#789=VERTEX_POINT('',#2249);
#790=VERTEX_POINT('',#2251);
#791=VERTEX_POINT('',#2253);
#792=VERTEX_POINT('',#2255);
#793=VERTEX_POINT('',#2257);
#794=VERTEX_POINT('',#2261);
#795=VERTEX_POINT('',#2262);
#796=VERTEX_POINT('',#2264);
#797=VERTEX_POINT('',#2266);
#798=VERTEX_POINT('',#2270);
#799=VERTEX_POINT('',#2271);
#800=VERTEX_POINT('',#2276);
#801=VERTEX_POINT('',#2277);
#802=VERTEX_POINT('',#2279);
#803=VERTEX_POINT('',#2281);
#804=VERTEX_POINT('',#2285);
#805=VERTEX_POINT('',#2290);
#806=VERTEX_POINT('',#2292);
#807=VERTEX_POINT('',#2299);
#808=VERTEX_POINT('',#2300);
#809=VERTEX_POINT('',#2302);
#810=VERTEX_POINT('',#2304);
#811=VERTEX_POINT('',#2308);
#812=VERTEX_POINT('',#2310);
#813=VERTEX_POINT('',#2314);
#814=VERTEX_POINT('',#2315);
#815=VERTEX_POINT('',#2317);
#816=VERTEX_POINT('',#2320);
#817=VERTEX_POINT('',#2321);
#818=VERTEX_POINT('',#2323);
#819=VERTEX_POINT('',#2325);
#820=VERTEX_POINT('',#2327);
#821=VERTEX_POINT('',#2332);
#822=VERTEX_POINT('',#2334);
#823=VERTEX_POINT('',#2338);
#824=VERTEX_POINT('',#2339);
#825=VERTEX_POINT('',#2341);
#826=VERTEX_POINT('',#2344);
#827=VERTEX_POINT('',#2345);
#828=VERTEX_POINT('',#2347);
#829=VERTEX_POINT('',#2349);
#830=VERTEX_POINT('',#2355);
#831=VERTEX_POINT('',#2357);
#832=VERTEX_POINT('',#2359);
#833=VERTEX_POINT('',#2361);
#834=VERTEX_POINT('',#2363);
#835=VERTEX_POINT('',#2365);
#836=VERTEX_POINT('',#2369);
#837=VERTEX_POINT('',#2370);
#838=VERTEX_POINT('',#2372);
#839=VERTEX_POINT('',#2375);
#840=VERTEX_POINT('',#2376);
#841=VERTEX_POINT('',#2378);
#842=VERTEX_POINT('',#2381);
#843=VERTEX_POINT('',#2382);
#844=VERTEX_POINT('',#2384);
#845=VERTEX_POINT('',#2387);
#846=VERTEX_POINT('',#2388);
#847=VERTEX_POINT('',#2390);
#848=VERTEX_POINT('',#2392);
#849=VERTEX_POINT('',#2394);
#850=VERTEX_POINT('',#2396);
#851=VERTEX_POINT('',#2398);
#852=VERTEX_POINT('',#2400);
#853=VERTEX_POINT('',#2402);
#854=VERTEX_POINT('',#2404);
#855=VERTEX_POINT('',#2406);
#856=VERTEX_POINT('',#2408);
#857=VERTEX_POINT('',#2410);
#858=VERTEX_POINT('',#2412);
#859=VERTEX_POINT('',#2414);
#860=VERTEX_POINT('',#2418);
#861=VERTEX_POINT('',#2420);
#862=VERTEX_POINT('',#2422);
#863=VERTEX_POINT('',#2426);
#864=VERTEX_POINT('',#2428);
#865=VERTEX_POINT('',#2432);
#866=VERTEX_POINT('',#2437);
#867=VERTEX_POINT('',#2439);
#868=VERTEX_POINT('',#2441);
#869=VERTEX_POINT('',#2445);
#870=VERTEX_POINT('',#2446);
#871=VERTEX_POINT('',#2448);
#872=VERTEX_POINT('',#2456);
#873=VERTEX_POINT('',#2461);
#874=VERTEX_POINT('',#2462);
#875=VERTEX_POINT('',#2464);
#876=VERTEX_POINT('',#2468);
#877=VERTEX_POINT('',#2469);
#878=VERTEX_POINT('',#2471);
#879=VERTEX_POINT('',#2473);
#880=VERTEX_POINT('',#2479);
#881=VERTEX_POINT('',#2480);
#882=VERTEX_POINT('',#2482);
#883=VERTEX_POINT('',#2488);
#884=VERTEX_POINT('',#2492);
#885=VERTEX_POINT('',#2493);
#886=VERTEX_POINT('',#2498);
#887=VERTEX_POINT('',#2504);
#888=VERTEX_POINT('',#2506);
#889=VERTEX_POINT('',#2510);
#890=VERTEX_POINT('',#2519);
#891=VERTEX_POINT('',#2523);
#892=VERTEX_POINT('',#2527);
#893=VERTEX_POINT('',#2528);
#894=VERTEX_POINT('',#2536);
#895=VERTEX_POINT('',#2537);
#896=VERTEX_POINT('',#2545);
#897=VERTEX_POINT('',#2546);
#898=VERTEX_POINT('',#2554);
#899=VERTEX_POINT('',#2555);
#900=VERTEX_POINT('',#2565);
#901=VERTEX_POINT('',#2567);
#902=VERTEX_POINT('',#2571);
#903=VERTEX_POINT('',#2575);
#904=VERTEX_POINT('',#2579);
#905=VERTEX_POINT('',#2583);
#906=VERTEX_POINT('',#2589);
#907=VERTEX_POINT('',#2590);
#908=VERTEX_POINT('',#2592);
#909=VERTEX_POINT('',#2602);
#910=VERTEX_POINT('',#2604);
#911=VERTEX_POINT('',#2608);
#912=LINE('',#2205,#1101);
#913=LINE('',#2208,#1102);
#914=LINE('',#2210,#1103);
#915=LINE('',#2212,#1104);
#916=LINE('',#2214,#1105);
#917=LINE('',#2216,#1106);
#918=LINE('',#2218,#1107);
#919=LINE('',#2223,#1108);
#920=LINE('',#2226,#1109);
#921=LINE('',#2228,#1110);
#922=LINE('',#2230,#1111);
#923=LINE('',#2232,#1112);
#924=LINE('',#2234,#1113);
#925=LINE('',#2235,#1114);
#926=LINE('',#2238,#1115);
#927=LINE('',#2240,#1116);
#928=LINE('',#2242,#1117);
#929=LINE('',#2244,#1118);
#930=LINE('',#2246,#1119);
#931=LINE('',#2248,#1120);
#932=LINE('',#2250,#1121);
#933=LINE('',#2252,#1122);
#934=LINE('',#2254,#1123);
#935=LINE('',#2256,#1124);
#936=LINE('',#2258,#1125);
#937=LINE('',#2260,#1126);
#938=LINE('',#2263,#1127);
#939=LINE('',#2265,#1128);
#940=LINE('',#2267,#1129);
#941=LINE('',#2269,#1130);
#942=LINE('',#2272,#1131);
#943=LINE('',#2273,#1132);
#944=LINE('',#2275,#1133);
#945=LINE('',#2278,#1134);
#946=LINE('',#2280,#1135);
#947=LINE('',#2282,#1136);
#948=LINE('',#2284,#1137);
#949=LINE('',#2286,#1138);
#950=LINE('',#2287,#1139);
#951=LINE('',#2289,#1140);
#952=LINE('',#2291,#1141);
#953=LINE('',#2293,#1142);
#954=LINE('',#2295,#1143);
#955=LINE('',#2296,#1144);
#956=LINE('',#2298,#1145);
#957=LINE('',#2301,#1146);
#958=LINE('',#2303,#1147);
#959=LINE('',#2305,#1148);
#960=LINE('',#2307,#1149);
#961=LINE('',#2309,#1150);
#962=LINE('',#2311,#1151);
#963=LINE('',#2313,#1152);
#964=LINE('',#2318,#1153);
#965=LINE('',#2319,#1154);
#966=LINE('',#2322,#1155);
#967=LINE('',#2324,#1156);
#968=LINE('',#2326,#1157);
#969=LINE('',#2328,#1158);
#970=LINE('',#2329,#1159);
#971=LINE('',#2330,#1160);
#972=LINE('',#2331,#1161);
#973=LINE('',#2333,#1162);
#974=LINE('',#2335,#1163);
#975=LINE('',#2337,#1164);
#976=LINE('',#2342,#1165);
#977=LINE('',#2343,#1166);
#978=LINE('',#2346,#1167);
#979=LINE('',#2348,#1168);
#980=LINE('',#2350,#1169);
#981=LINE('',#2352,#1170);
#982=LINE('',#2353,#1171);
#983=LINE('',#2354,#1172);
#984=LINE('',#2356,#1173);
#985=LINE('',#2358,#1174);
#986=LINE('',#2360,#1175);
#987=LINE('',#2362,#1176);
#988=LINE('',#2364,#1177);
#989=LINE('',#2366,#1178);
#990=LINE('',#2368,#1179);
#991=LINE('',#2371,#1180);
#992=LINE('',#2373,#1181);
#993=LINE('',#2374,#1182);
#994=LINE('',#2377,#1183);
#995=LINE('',#2379,#1184);
#996=LINE('',#2380,#1185);
#997=LINE('',#2383,#1186);
#998=LINE('',#2385,#1187);
#999=LINE('',#2386,#1188);
#1000=LINE('',#2389,#1189);
#1001=LINE('',#2391,#1190);
#1002=LINE('',#2395,#1191);
#1003=LINE('',#2397,#1192);
#1004=LINE('',#2399,#1193);
#1005=LINE('',#2403,#1194);
#1006=LINE('',#2405,#1195);
#1007=LINE('',#2407,#1196);
#1008=LINE('',#2409,#1197);
#1009=LINE('',#2411,#1198);
#1010=LINE('',#2413,#1199);
#1011=LINE('',#2415,#1200);
#1012=LINE('',#2417,#1201);
#1013=LINE('',#2419,#1202);
#1014=LINE('',#2421,#1203);
#1015=LINE('',#2423,#1204);
#1016=LINE('',#2427,#1205);
#1017=LINE('',#2431,#1206);
#1018=LINE('',#2433,#1207);
#1019=LINE('',#2434,#1208);
#1020=LINE('',#2436,#1209);
#1021=LINE('',#2438,#1210);
#1022=LINE('',#2440,#1211);
#1023=LINE('',#2442,#1212);
#1024=LINE('',#2444,#1213);
#1025=LINE('',#2447,#1214);
#1026=LINE('',#2449,#1215);
#1027=LINE('',#2450,#1216);
#1028=LINE('',#2455,#1217);
#1029=LINE('',#2457,#1218);
#1030=LINE('',#2459,#1219);
#1031=LINE('',#2460,#1220);
#1032=LINE('',#2463,#1221);
#1033=LINE('',#2467,#1222);
#1034=LINE('',#2470,#1223);
#1035=LINE('',#2472,#1224);
#1036=LINE('',#2474,#1225);
#1037=LINE('',#2475,#1226);
#1038=LINE('',#2476,#1227);
#1039=LINE('',#2477,#1228);
#1040=LINE('',#2478,#1229);
#1041=LINE('',#2481,#1230);
#1042=LINE('',#2485,#1231);
#1043=LINE('',#2487,#1232);
#1044=LINE('',#2489,#1233);
#1045=LINE('',#2491,#1234);
#1046=LINE('',#2494,#1235);
#1047=LINE('',#2495,#1236);
#1048=LINE('',#2499,#1237);
#1049=LINE('',#2501,#1238);
#1050=LINE('',#2503,#1239);
#1051=LINE('',#2505,#1240);
#1052=LINE('',#2507,#1241);
#1053=LINE('',#2509,#1242);
#1054=LINE('',#2513,#1243);
#1055=LINE('',#2518,#1244);
#1056=LINE('',#2520,#1245);
#1057=LINE('',#2522,#1246);
#1058=LINE('',#2524,#1247);
#1059=LINE('',#2526,#1248);
#1060=LINE('',#2529,#1249);
#1061=LINE('',#2530,#1250);
#1062=LINE('',#2532,#1251);
#1063=LINE('',#2533,#1252);
#1064=LINE('',#2535,#1253);
#1065=LINE('',#2538,#1254);
#1066=LINE('',#2539,#1255);
#1067=LINE('',#2541,#1256);
#1068=LINE('',#2542,#1257);
#1069=LINE('',#2544,#1258);
#1070=LINE('',#2547,#1259);
#1071=LINE('',#2548,#1260);
#1072=LINE('',#2550,#1261);
#1073=LINE('',#2551,#1262);
#1074=LINE('',#2553,#1263);
#1075=LINE('',#2556,#1264);
#1076=LINE('',#2557,#1265);
#1077=LINE('',#2559,#1266);
#1078=LINE('',#2560,#1267);
#1079=LINE('',#2564,#1268);
#1080=LINE('',#2566,#1269);
#1081=LINE('',#2568,#1270);
#1082=LINE('',#2570,#1271);
#1083=LINE('',#2572,#1272);
#1084=LINE('',#2574,#1273);
#1085=LINE('',#2576,#1274);
#1086=LINE('',#2578,#1275);
#1087=LINE('',#2580,#1276);
#1088=LINE('',#2582,#1277);
#1089=LINE('',#2584,#1278);
#1090=LINE('',#2586,#1279);
#1091=LINE('',#2588,#1280);
#1092=LINE('',#2593,#1281);
#1093=LINE('',#2595,#1282);
#1094=LINE('',#2596,#1283);
#1095=LINE('',#2598,#1284);
#1096=LINE('',#2601,#1285);
#1097=LINE('',#2605,#1286);
#1098=LINE('',#2607,#1287);
#1099=LINE('',#2609,#1288);
#1100=LINE('',#2611,#1289);
#1101=VECTOR('',#1772,1.);
#1102=VECTOR('',#1773,1.);
#1103=VECTOR('',#1774,1.);
#1104=VECTOR('',#1775,1.);
#1105=VECTOR('',#1778,1.);
#1106=VECTOR('',#1779,1.);
#1107=VECTOR('',#1780,1.);
#1108=VECTOR('',#1789,1.);
#1109=VECTOR('',#1790,1.);
#1110=VECTOR('',#1791,1.);
#1111=VECTOR('',#1792,1.);
#1112=VECTOR('',#1793,1.);
#1113=VECTOR('',#1794,1.);
#1114=VECTOR('',#1795,1.);
#1115=VECTOR('',#1796,1.);
#1116=VECTOR('',#1797,1.);
#1117=VECTOR('',#1798,1.);
#1118=VECTOR('',#1799,1.);
#1119=VECTOR('',#1800,1.);
#1120=VECTOR('',#1801,1.);
#1121=VECTOR('',#1802,1.);
#1122=VECTOR('',#1803,1.);
#1123=VECTOR('',#1804,1.);
#1124=VECTOR('',#1805,1.);
#1125=VECTOR('',#1806,1.);
#1126=VECTOR('',#1809,1.);
#1127=VECTOR('',#1810,1.);
#1128=VECTOR('',#1811,1.);
#1129=VECTOR('',#1812,1.);
#1130=VECTOR('',#1815,1.);
#1131=VECTOR('',#1816,1.);
#1132=VECTOR('',#1817,1.);
#1133=VECTOR('',#1820,1.);
#1134=VECTOR('',#1821,1.);
#1135=VECTOR('',#1822,1.);
#1136=VECTOR('',#1823,1.);
#1137=VECTOR('',#1826,1.);
#1138=VECTOR('',#1827,1.);
#1139=VECTOR('',#1828,1.);
#1140=VECTOR('',#1831,1.);
#1141=VECTOR('',#1832,1.);
#1142=VECTOR('',#1833,1.);
#1143=VECTOR('',#1836,1.);
#1144=VECTOR('',#1837,1.);
#1145=VECTOR('',#1840,1.);
#1146=VECTOR('',#1841,1.);
#1147=VECTOR('',#1842,1.);
#1148=VECTOR('',#1843,1.);
#1149=VECTOR('',#1846,1.);
#1150=VECTOR('',#1847,1.);
#1151=VECTOR('',#1848,1.);
#1152=VECTOR('',#1851,1.);
#1153=VECTOR('',#1854,1.);
#1154=VECTOR('',#1855,1.);
#1155=VECTOR('',#1856,1.);
#1156=VECTOR('',#1857,1.);
#1157=VECTOR('',#1858,1.);
#1158=VECTOR('',#1859,1.);
#1159=VECTOR('',#1860,1.);
#1160=VECTOR('',#1861,1.);
#1161=VECTOR('',#1862,1.);
#1162=VECTOR('',#1863,1.);
#1163=VECTOR('',#1864,1.);
#1164=VECTOR('',#1867,1.);
#1165=VECTOR('',#1870,1.);
#1166=VECTOR('',#1871,1.);
#1167=VECTOR('',#1872,1.);
#1168=VECTOR('',#1873,1.);
#1169=VECTOR('',#1874,1.);
#1170=VECTOR('',#1877,1.);
#1171=VECTOR('',#1878,1.);
#1172=VECTOR('',#1879,1.);
#1173=VECTOR('',#1880,1.);
#1174=VECTOR('',#1881,1.);
#1175=VECTOR('',#1882,1.);
#1176=VECTOR('',#1883,1.);
#1177=VECTOR('',#1884,1.);
#1178=VECTOR('',#1885,1.);
#1179=VECTOR('',#1888,1.);
#1180=VECTOR('',#1889,1.);
#1181=VECTOR('',#1890,1.);
#1182=VECTOR('',#1891,1.);
#1183=VECTOR('',#1892,1.);
#1184=VECTOR('',#1893,1.);
#1185=VECTOR('',#1894,1.);
#1186=VECTOR('',#1895,1.);
#1187=VECTOR('',#1896,1.);
#1188=VECTOR('',#1897,1.);
#1189=VECTOR('',#1898,1.);
#1190=VECTOR('',#1899,1.);
#1191=VECTOR('',#1902,1.);
#1192=VECTOR('',#1903,1.);
#1193=VECTOR('',#1904,1.);
#1194=VECTOR('',#1907,1.);
#1195=VECTOR('',#1908,1.);
#1196=VECTOR('',#1909,1.);
#1197=VECTOR('',#1910,1.);
#1198=VECTOR('',#1911,1.);
#1199=VECTOR('',#1912,1.);
#1200=VECTOR('',#1913,1.);
#1201=VECTOR('',#1916,1.);
#1202=VECTOR('',#1917,1.);
#1203=VECTOR('',#1918,1.);
#1204=VECTOR('',#1919,1.);
#1205=VECTOR('',#1924,1.);
#1206=VECTOR('',#1929,1.);
#1207=VECTOR('',#1930,1.);
#1208=VECTOR('',#1931,1.);
#1209=VECTOR('',#1934,1.);
#1210=VECTOR('',#1935,1.);
#1211=VECTOR('',#1936,1.);
#1212=VECTOR('',#1937,1.);
#1213=VECTOR('',#1940,1.);
#1214=VECTOR('',#1941,1.);
#1215=VECTOR('',#1942,1.);
#1216=VECTOR('',#1943,1.);
#1217=VECTOR('',#1952,1.);
#1218=VECTOR('',#1953,1.);
#1219=VECTOR('',#1956,1.);
#1220=VECTOR('',#1957,1.);
#1221=VECTOR('',#1958,1.);
#1222=VECTOR('',#1963,1.);
#1223=VECTOR('',#1964,1.);
#1224=VECTOR('',#1965,1.);
#1225=VECTOR('',#1966,1.);
#1226=VECTOR('',#1967,1.);
#1227=VECTOR('',#1968,1.);
#1228=VECTOR('',#1969,1.);
#1229=VECTOR('',#1970,1.);
#1230=VECTOR('',#1971,1.);
#1231=VECTOR('',#1976,1.);
#1232=VECTOR('',#1979,1.);
#1233=VECTOR('',#1980,1.);
#1234=VECTOR('',#1983,1.);
#1235=VECTOR('',#1984,1.);
#1236=VECTOR('',#1985,1.);
#1237=VECTOR('',#1990,1.);
#1238=VECTOR('',#1993,1.);
#1239=VECTOR('',#1996,1.);
#1240=VECTOR('',#1997,1.);
#1241=VECTOR('',#1998,1.);
#1242=VECTOR('',#2001,1.);
#1243=VECTOR('',#2006,1.);
#1244=VECTOR('',#2015,1.);
#1245=VECTOR('',#2016,1.);
#1246=VECTOR('',#2019,1.);
#1247=VECTOR('',#2020,1.);
#1248=VECTOR('',#2023,1.);
#1249=VECTOR('',#2024,1.);
#1250=VECTOR('',#2025,1.);
#1251=VECTOR('',#2028,1.);
#1252=VECTOR('',#2029,1.);
#1253=VECTOR('',#2032,1.);
#1254=VECTOR('',#2033,1.);
#1255=VECTOR('',#2034,1.);
#1256=VECTOR('',#2037,1.);
#1257=VECTOR('',#2038,1.);
#1258=VECTOR('',#2041,1.);
#1259=VECTOR('',#2042,1.);
#1260=VECTOR('',#2043,1.);
#1261=VECTOR('',#2046,1.);
#1262=VECTOR('',#2047,1.);
#1263=VECTOR('',#2050,1.);
#1264=VECTOR('',#2051,1.);
#1265=VECTOR('',#2052,1.);
#1266=VECTOR('',#2055,1.);
#1267=VECTOR('',#2056,1.);
#1268=VECTOR('',#2063,1.);
#1269=VECTOR('',#2064,1.);
#1270=VECTOR('',#2065,1.);
#1271=VECTOR('',#2068,1.);
#1272=VECTOR('',#2069,1.);
#1273=VECTOR('',#2072,1.);
#1274=VECTOR('',#2073,1.);
#1275=VECTOR('',#2076,1.);
#1276=VECTOR('',#2077,1.);
#1277=VECTOR('',#2080,1.);
#1278=VECTOR('',#2081,1.);
#1279=VECTOR('',#2084,1.);
#1280=VECTOR('',#2087,1.);
#1281=VECTOR('',#2090,1.);
#1282=VECTOR('',#2093,1.);
#1283=VECTOR('',#2094,1.);
#1284=VECTOR('',#2097,1.);
#1285=VECTOR('',#2102,1.);
#1286=VECTOR('',#2105,1.);
#1287=VECTOR('',#2108,1.);
#1288=VECTOR('',#2109,1.);
#1289=VECTOR('',#2112,1.);
#1290=EDGE_LOOP('',(#83,#84,#85,#86));
#1291=EDGE_LOOP('',(#87,#88,#89,#90));
#1292=EDGE_LOOP('',(#91,#92,#93,#94));
#1293=EDGE_LOOP('',(#95,#96,#97,#98,#99,#100));
#1294=EDGE_LOOP('',(#101,#102,#103,#104,#105,#106,#107,#108,#109,#110,#111,
#112));
#1295=EDGE_LOOP('',(#113,#114,#115,#116));
#1296=EDGE_LOOP('',(#117,#118,#119,#120));
#1297=EDGE_LOOP('',(#121,#122,#123,#124));
#1298=EDGE_LOOP('',(#125,#126,#127,#128));
#1299=EDGE_LOOP('',(#129,#130,#131,#132));
#1300=EDGE_LOOP('',(#133,#134,#135,#136));
#1301=EDGE_LOOP('',(#137,#138,#139,#140));
#1302=EDGE_LOOP('',(#141,#142,#143,#144));
#1303=EDGE_LOOP('',(#145,#146,#147));
#1304=EDGE_LOOP('',(#148,#149,#150,#151,#152,#153,#154,#155,#156,#157,#158,
#159));
#1305=EDGE_LOOP('',(#160,#161,#162));
#1306=EDGE_LOOP('',(#163,#164,#165,#166));
#1307=EDGE_LOOP('',(#167,#168,#169));
#1308=EDGE_LOOP('',(#170,#171,#172));
#1309=EDGE_LOOP('',(#173,#174,#175));
#1310=EDGE_LOOP('',(#176,#177,#178,#179,#180,#181,#182,#183,#184,#185,#186));
#1311=EDGE_LOOP('',(#187,#188,#189));
#1312=EDGE_LOOP('',(#190,#191,#192));
#1313=EDGE_LOOP('',(#193,#194,#195));
#1314=EDGE_LOOP('',(#196,#197,#198,#199,#200,#201,#202,#203,#204,#205,#206,
#207,#208,#209,#210));
#1315=EDGE_LOOP('',(#211,#212,#213,#214));
#1316=EDGE_LOOP('',(#215,#216,#217,#218));
#1317=EDGE_LOOP('',(#219,#220,#221,#222));
#1318=EDGE_LOOP('',(#223,#224,#225,#226));
#1319=EDGE_LOOP('',(#227,#228,#229,#230));
#1320=EDGE_LOOP('',(#231,#232,#233,#234));
#1321=EDGE_LOOP('',(#235,#236,#237,#238));
#1322=EDGE_LOOP('',(#239,#240,#241,#242));
#1323=EDGE_LOOP('',(#243,#244,#245));
#1324=EDGE_LOOP('',(#246,#247,#248,#249,#250,#251,#252,#253,#254,#255,#256,
#257));
#1325=EDGE_LOOP('',(#258,#259,#260));
#1326=EDGE_LOOP('',(#261,#262,#263,#264));
#1327=EDGE_LOOP('',(#265,#266,#267));
#1328=EDGE_LOOP('',(#268,#269,#270,#271));
#1329=EDGE_LOOP('',(#272,#273,#274,#275));
#1330=EDGE_LOOP('',(#276,#277,#278,#279));
#1331=EDGE_LOOP('',(#280,#281,#282,#283));
#1332=EDGE_LOOP('',(#284,#285,#286,#287));
#1333=EDGE_LOOP('',(#288,#289,#290,#291));
#1334=EDGE_LOOP('',(#292,#293,#294,#295));
#1335=EDGE_LOOP('',(#296,#297,#298));
#1336=EDGE_LOOP('',(#299,#300,#301));
#1337=EDGE_LOOP('',(#302,#303,#304,#305));
#1338=EDGE_LOOP('',(#306,#307,#308,#309));
#1339=EDGE_LOOP('',(#310,#311,#312,#313,#314,#315));
#1340=EDGE_LOOP('',(#316,#317,#318,#319,#320,#321));
#1341=EDGE_LOOP('',(#322,#323,#324,#325));
#1342=EDGE_LOOP('',(#326,#327,#328,#329));
#1343=EDGE_LOOP('',(#330,#331,#332,#333));
#1344=EDGE_LOOP('',(#334,#335,#336,#337));
#1345=EDGE_LOOP('',(#338,#339,#340,#341));
#1346=EDGE_LOOP('',(#342,#343,#344,#345));
#1347=EDGE_LOOP('',(#346,#347,#348,#349));
#1348=EDGE_LOOP('',(#350,#351,#352,#353));
#1349=EDGE_LOOP('',(#354,#355,#356,#357,#358,#359,#360,#361,#362,#363,#364,
#365,#366,#367));
#1350=EDGE_LOOP('',(#368,#369,#370,#371,#372,#373,#374,#375,#376,#377,#378,
#379,#380,#381));
#1351=EDGE_LOOP('',(#382,#383,#384,#385));
#1352=EDGE_LOOP('',(#386,#387,#388,#389));
#1353=EDGE_LOOP('',(#390,#391,#392,#393));
#1354=EDGE_LOOP('',(#394,#395,#396,#397));
#1355=EDGE_LOOP('',(#398,#399,#400,#401));
#1356=EDGE_LOOP('',(#402,#403,#404,#405));
#1357=EDGE_LOOP('',(#406,#407,#408,#409,#410,#411));
#1358=EDGE_LOOP('',(#412,#413,#414));
#1359=EDGE_LOOP('',(#415,#416,#417,#418));
#1360=EDGE_LOOP('',(#419,#420,#421,#422));
#1361=EDGE_LOOP('',(#423,#424,#425,#426));
#1362=EDGE_LOOP('',(#427,#428,#429,#430));
#1363=EDGE_LOOP('',(#431,#432,#433,#434));
#1364=EDGE_LOOP('',(#435,#436,#437,#438));
#1365=EDGE_LOOP('',(#439,#440,#441));
#1366=EDGE_LOOP('',(#442,#443,#444));
#1367=EDGE_LOOP('',(#445,#446,#447,#448));
#1368=EDGE_LOOP('',(#449,#450,#451,#452));
#1369=EDGE_LOOP('',(#453,#454,#455,#456));
#1370=EDGE_LOOP('',(#457,#458,#459,#460));
#1371=EDGE_LOOP('',(#461,#462,#463,#464));
#1372=EDGE_LOOP('',(#465,#466,#467,#468));
#1373=EDGE_LOOP('',(#469,#470,#471,#472));
#1374=EDGE_LOOP('',(#473,#474,#475,#476));
#1375=EDGE_LOOP('',(#477,#478,#479,#480));
#1376=EDGE_LOOP('',(#481,#482,#483,#484));
#1377=EDGE_LOOP('',(#485,#486,#487,#488));
#1378=EDGE_LOOP('',(#489,#490,#491,#492));
#1379=EDGE_LOOP('',(#493,#494,#495,#496));
#1380=EDGE_LOOP('',(#497,#498,#499,#500));
#1381=EDGE_LOOP('',(#501,#502,#503,#504));
#1382=EDGE_LOOP('',(#505,#506,#507,#508));
#1383=EDGE_LOOP('',(#509,#510,#511,#512));
#1384=EDGE_LOOP('',(#513,#514,#515,#516));
#1385=EDGE_LOOP('',(#517,#518,#519,#520));
#1386=EDGE_LOOP('',(#521,#522,#523,#524));
#1387=EDGE_LOOP('',(#525,#526,#527,#528));
#1388=EDGE_LOOP('',(#529,#530,#531,#532));
#1389=EDGE_LOOP('',(#533,#534,#535,#536));
#1390=EDGE_LOOP('',(#537,#538,#539,#540));
#1391=FACE_BOUND('',#1290,.T.);
#1392=FACE_BOUND('',#1291,.T.);
#1393=FACE_BOUND('',#1292,.T.);
#1394=FACE_BOUND('',#1293,.T.);
#1395=FACE_BOUND('',#1294,.T.);
#1396=FACE_BOUND('',#1295,.T.);
#1397=FACE_BOUND('',#1296,.T.);
#1398=FACE_BOUND('',#1297,.T.);
#1399=FACE_BOUND('',#1298,.T.);
#1400=FACE_BOUND('',#1299,.T.);
#1401=FACE_BOUND('',#1300,.T.);
#1402=FACE_BOUND('',#1301,.T.);
#1403=FACE_BOUND('',#1302,.T.);
#1404=FACE_BOUND('',#1303,.T.);
#1405=FACE_BOUND('',#1304,.T.);
#1406=FACE_BOUND('',#1305,.T.);
#1407=FACE_BOUND('',#1306,.T.);
#1408=FACE_BOUND('',#1307,.T.);
#1409=FACE_BOUND('',#1308,.T.);
#1410=FACE_BOUND('',#1309,.T.);
#1411=FACE_BOUND('',#1310,.T.);
#1412=FACE_BOUND('',#1311,.T.);
#1413=FACE_BOUND('',#1312,.T.);
#1414=FACE_BOUND('',#1313,.T.);
#1415=FACE_BOUND('',#1314,.T.);
#1416=FACE_BOUND('',#1315,.T.);
#1417=FACE_BOUND('',#1316,.T.);
#1418=FACE_BOUND('',#1317,.T.);
#1419=FACE_BOUND('',#1318,.T.);
#1420=FACE_BOUND('',#1319,.T.);
#1421=FACE_BOUND('',#1320,.T.);
#1422=FACE_BOUND('',#1321,.T.);
#1423=FACE_BOUND('',#1322,.T.);
#1424=FACE_BOUND('',#1323,.T.);
#1425=FACE_BOUND('',#1324,.T.);
#1426=FACE_BOUND('',#1325,.T.);
#1427=FACE_BOUND('',#1326,.T.);
#1428=FACE_BOUND('',#1327,.T.);
#1429=FACE_BOUND('',#1328,.T.);
#1430=FACE_BOUND('',#1329,.T.);
#1431=FACE_BOUND('',#1330,.T.);
#1432=FACE_BOUND('',#1331,.T.);
#1433=FACE_BOUND('',#1332,.T.);
#1434=FACE_BOUND('',#1333,.T.);
#1435=FACE_BOUND('',#1334,.T.);
#1436=FACE_BOUND('',#1335,.T.);
#1437=FACE_BOUND('',#1336,.T.);
#1438=FACE_BOUND('',#1337,.T.);
#1439=FACE_BOUND('',#1338,.T.);
#1440=FACE_BOUND('',#1339,.T.);
#1441=FACE_BOUND('',#1340,.T.);
#1442=FACE_BOUND('',#1341,.T.);
#1443=FACE_BOUND('',#1342,.T.);
#1444=FACE_BOUND('',#1343,.T.);
#1445=FACE_BOUND('',#1344,.T.);
#1446=FACE_BOUND('',#1345,.T.);
#1447=FACE_BOUND('',#1346,.T.);
#1448=FACE_BOUND('',#1347,.T.);
#1449=FACE_BOUND('',#1348,.T.);
#1450=FACE_BOUND('',#1349,.T.);
#1451=FACE_BOUND('',#1350,.T.);
#1452=FACE_BOUND('',#1351,.T.);
#1453=FACE_BOUND('',#1352,.T.);
#1454=FACE_BOUND('',#1353,.T.);
#1455=FACE_BOUND('',#1354,.T.);
#1456=FACE_BOUND('',#1355,.T.);
#1457=FACE_BOUND('',#1356,.T.);
#1458=FACE_BOUND('',#1357,.T.);
#1459=FACE_BOUND('',#1358,.T.);
#1460=FACE_BOUND('',#1359,.T.);
#1461=FACE_BOUND('',#1360,.T.);
#1462=FACE_BOUND('',#1361,.T.);
#1463=FACE_BOUND('',#1362,.T.);
#1464=FACE_BOUND('',#1363,.T.);
#1465=FACE_BOUND('',#1364,.T.);
#1466=FACE_BOUND('',#1365,.T.);
#1467=FACE_BOUND('',#1366,.T.);
#1468=FACE_BOUND('',#1367,.T.);
#1469=FACE_BOUND('',#1368,.T.);
#1470=FACE_BOUND('',#1369,.T.);
#1471=FACE_BOUND('',#1370,.T.);
#1472=FACE_BOUND('',#1371,.T.);
#1473=FACE_BOUND('',#1372,.T.);
#1474=FACE_BOUND('',#1373,.T.);
#1475=FACE_BOUND('',#1374,.T.);
#1476=FACE_BOUND('',#1375,.T.);
#1477=FACE_BOUND('',#1376,.T.);
#1478=FACE_BOUND('',#1377,.T.);
#1479=FACE_BOUND('',#1378,.T.);
#1480=FACE_BOUND('',#1379,.T.);
#1481=FACE_BOUND('',#1380,.T.);
#1482=FACE_BOUND('',#1381,.T.);
#1483=FACE_BOUND('',#1382,.T.);
#1484=FACE_BOUND('',#1383,.T.);
#1485=FACE_BOUND('',#1384,.T.);
#1486=FACE_BOUND('',#1385,.T.);
#1487=FACE_BOUND('',#1386,.T.);
#1488=FACE_BOUND('',#1387,.T.);
#1489=FACE_BOUND('',#1388,.T.);
#1490=FACE_BOUND('',#1389,.T.);
#1491=FACE_BOUND('',#1390,.T.);
#1492=PLANE('',#1646);
#1493=PLANE('',#1647);
#1494=PLANE('',#1651);
#1495=PLANE('',#1652);
#1496=PLANE('',#1653);
#1497=PLANE('',#1654);
#1498=PLANE('',#1655);
#1499=PLANE('',#1656);
#1500=PLANE('',#1657);
#1501=PLANE('',#1658);
#1502=PLANE('',#1659);
#1503=PLANE('',#1660);
#1504=PLANE('',#1662);
#1505=PLANE('',#1664);
#1506=PLANE('',#1665);
#1507=PLANE('',#1668);
#1508=PLANE('',#1672);
#1509=PLANE('',#1673);
#1510=PLANE('',#1674);
#1511=PLANE('',#1678);
#1512=PLANE('',#1679);
#1513=PLANE('',#1681);
#1514=PLANE('',#1683);
#1515=PLANE('',#1684);
#1516=PLANE('',#1685);
#1517=PLANE('',#1688);
#1518=PLANE('',#1689);
#1519=PLANE('',#1692);
#1520=PLANE('',#1693);
#1521=PLANE('',#1694);
#1522=PLANE('',#1695);
#1523=PLANE('',#1696);
#1524=PLANE('',#1697);
#1525=PLANE('',#1698);
#1526=PLANE('',#1699);
#1527=PLANE('',#1700);
#1528=PLANE('',#1701);
#1529=PLANE('',#1702);
#1530=PLANE('',#1703);
#1531=PLANE('',#1704);
#1532=PLANE('',#1705);
#1533=PLANE('',#1706);
#1534=PLANE('',#1707);
#1535=PLANE('',#1708);
#1536=PLANE('',#1709);
#1537=PLANE('',#1710);
#1538=PLANE('',#1711);
#1539=PLANE('',#1712);
#1540=PLANE('',#1713);
#1541=PLANE('',#1714);
#1542=PLANE('',#1716);
#1543=PLANE('',#1717);
#1544=PLANE('',#1721);
#1545=PLANE('',#1722);
#1546=PLANE('',#1723);
#1547=ADVANCED_FACE('',(#1391),#1492,.T.);
#1548=ADVANCED_FACE('',(#1392),#1493,.F.);
#1549=ADVANCED_FACE('',(#1393),#54,.F.);
#1550=ADVANCED_FACE('',(#1394,#1395),#1494,.T.);
#1551=ADVANCED_FACE('',(#1396),#1495,.T.);
#1552=ADVANCED_FACE('',(#1397),#1496,.T.);
#1553=ADVANCED_FACE('',(#1398),#1497,.T.);
#1554=ADVANCED_FACE('',(#1399),#1498,.T.);
#1555=ADVANCED_FACE('',(#1400),#1499,.F.);
#1556=ADVANCED_FACE('',(#1401),#1500,.T.);
#1557=ADVANCED_FACE('',(#1402),#1501,.T.);
#1558=ADVANCED_FACE('',(#1403),#1502,.F.);
#1559=ADVANCED_FACE('',(#1404,#1405),#1503,.F.);
#1560=ADVANCED_FACE('',(#1406,#1407),#1504,.F.);
#1561=ADVANCED_FACE('',(#1408,#1409,#1410,#1411),#1505,.T.);
#1562=ADVANCED_FACE('',(#1412,#1413,#1414,#1415),#1506,.T.);
#1563=ADVANCED_FACE('',(#1416),#1507,.F.);
#1564=ADVANCED_FACE('',(#1417),#55,.T.);
#1565=ADVANCED_FACE('',(#1418),#1508,.T.);
#1566=ADVANCED_FACE('',(#1419),#1509,.F.);
#1567=ADVANCED_FACE('',(#1420),#1510,.T.);
#1568=ADVANCED_FACE('',(#1421),#56,.T.);
#1569=ADVANCED_FACE('',(#1422),#1511,.F.);
#1570=ADVANCED_FACE('',(#1423,#1424),#1512,.F.);
#1571=ADVANCED_FACE('',(#1425,#1426),#1513,.T.);
#1572=ADVANCED_FACE('',(#1427),#1514,.F.);
#1573=ADVANCED_FACE('',(#1428,#1429),#1515,.T.);
#1574=ADVANCED_FACE('',(#1430),#1516,.F.);
#1575=ADVANCED_FACE('',(#1431),#57,.F.);
#1576=ADVANCED_FACE('',(#1432),#1517,.T.);
#1577=ADVANCED_FACE('',(#1433),#1518,.F.);
#1578=ADVANCED_FACE('',(#1434),#58,.F.);
#1579=ADVANCED_FACE('',(#1435),#1519,.T.);
#1580=ADVANCED_FACE('',(#1436,#1437),#1520,.T.);
#1581=ADVANCED_FACE('',(#1438),#1521,.T.);
#1582=ADVANCED_FACE('',(#1439),#1522,.T.);
#1583=ADVANCED_FACE('',(#1440),#1523,.T.);
#1584=ADVANCED_FACE('',(#1441),#1524,.T.);
#1585=ADVANCED_FACE('',(#1442),#1525,.T.);
#1586=ADVANCED_FACE('',(#1443),#1526,.T.);
#1587=ADVANCED_FACE('',(#1444),#1527,.T.);
#1588=ADVANCED_FACE('',(#1445),#1528,.T.);
#1589=ADVANCED_FACE('',(#1446),#1529,.F.);
#1590=ADVANCED_FACE('',(#1447),#1530,.T.);
#1591=ADVANCED_FACE('',(#1448),#1531,.T.);
#1592=ADVANCED_FACE('',(#1449),#1532,.F.);
#1593=ADVANCED_FACE('',(#1450),#1533,.F.);
#1594=ADVANCED_FACE('',(#1451),#1534,.T.);
#1595=ADVANCED_FACE('',(#1452),#1535,.F.);
#1596=ADVANCED_FACE('',(#1453),#1536,.F.);
#1597=ADVANCED_FACE('',(#1454),#1537,.F.);
#1598=ADVANCED_FACE('',(#1455),#1538,.F.);
#1599=ADVANCED_FACE('',(#1456),#1539,.F.);
#1600=ADVANCED_FACE('',(#1457),#1540,.F.);
#1601=ADVANCED_FACE('',(#1458,#1459),#1541,.T.);
#1602=ADVANCED_FACE('',(#1460),#1542,.F.);
#1603=ADVANCED_FACE('',(#1461),#1543,.T.);
#1604=ADVANCED_FACE('',(#1462),#59,.F.);
#1605=ADVANCED_FACE('',(#1463),#60,.F.);
#1606=ADVANCED_FACE('',(#1464),#1544,.T.);
#1607=ADVANCED_FACE('',(#1465),#1545,.F.);
#1608=ADVANCED_FACE('',(#1466,#1467),#1546,.T.);
#1609=ADVANCED_FACE('',(#1468),#61,.T.);
#1610=ADVANCED_FACE('',(#1469),#62,.T.);
#1611=ADVANCED_FACE('',(#1470),#63,.T.);
#1612=ADVANCED_FACE('',(#1471),#64,.T.);
#1613=ADVANCED_FACE('',(#1472),#65,.T.);
#1614=ADVANCED_FACE('',(#1473),#66,.T.);
#1615=ADVANCED_FACE('',(#1474),#67,.T.);
#1616=ADVANCED_FACE('',(#1475),#68,.T.);
#1617=ADVANCED_FACE('',(#1476),#69,.T.);
#1618=ADVANCED_FACE('',(#1477),#70,.T.);
#1619=ADVANCED_FACE('',(#1478),#71,.T.);
#1620=ADVANCED_FACE('',(#1479),#72,.T.);
#1621=ADVANCED_FACE('',(#1480),#12,.T.);
#1622=ADVANCED_FACE('',(#1481),#13,.T.);
#1623=ADVANCED_FACE('',(#1482),#73,.T.);
#1624=ADVANCED_FACE('',(#1483),#74,.T.);
#1625=ADVANCED_FACE('',(#1484),#75,.T.);
#1626=ADVANCED_FACE('',(#1485),#76,.T.);
#1627=ADVANCED_FACE('',(#1486),#77,.T.);
#1628=ADVANCED_FACE('',(#1487),#78,.T.);
#1629=ADVANCED_FACE('',(#1488),#79,.T.);
#1630=ADVANCED_FACE('',(#1489),#80,.T.);
#1631=ADVANCED_FACE('',(#1490),#81,.T.);
#1632=ADVANCED_FACE('',(#1491),#82,.T.);
#1633=CLOSED_SHELL('',(#1547,#1548,#1549,#1550,#1551,#1552,#1553,#1554,
#1555,#1556,#1557,#1558,#1559,#1560,#1561,#1562,#1563,#1564,#1565,#1566,
#1567,#1568,#1569,#1570,#1571,#1572,#1573,#1574,#1575,#1576,#1577,#1578,
#1579,#1580,#1581,#1582,#1583,#1584,#1585,#1586,#1587,#1588,#1589,#1590,
#1591,#1592,#1593,#1594,#1595,#1596,#1597,#1598,#1599,#1600,#1601,#1602,
#1603,#1604,#1605,#1606,#1607,#1608,#1609,#1610,#1611,#1612,#1613,#1614,
#1615,#1616,#1617,#1618,#1619,#1620,#1621,#1622,#1623,#1624,#1625,#1626,
#1627,#1628,#1629,#1630,#1631,#1632));
#1634=STYLED_ITEM('',(#1635),#1642);
#1635=PRESENTATION_STYLE_ASSIGNMENT((#1636));
#1636=SURFACE_STYLE_USAGE(.BOTH.,#1637);
#1637=SURFACE_SIDE_STYLE('',(#1638));
#1638=SURFACE_STYLE_FILL_AREA(#1639);
#1639=FILL_AREA_STYLE('',(#1640));
#1640=FILL_AREA_STYLE_COLOUR('',#1641);
#1641=COLOUR_RGB('',0.615686274509804,0.811764705882353,0.929411764705882);
#1642=MANIFOLD_SOLID_BREP('Cubby Legs',#1633);
#1643=SHAPE_DEFINITION_REPRESENTATION(#2683,#1644);
#1644=SHAPE_REPRESENTATION('Cubby Legs',(#1645),#2678);
#1645=AXIS2_PLACEMENT_3D('',#2203,#1768,#1769);
#1646=AXIS2_PLACEMENT_3D('',#2204,#1770,#1771);
#1647=AXIS2_PLACEMENT_3D('',#2213,#1776,#1777);
#1648=AXIS2_PLACEMENT_3D('',#2219,#1781,#1782);
#1649=AXIS2_PLACEMENT_3D('',#2220,#1783,#1784);
#1650=AXIS2_PLACEMENT_3D('',#2221,#1785,#1786);
#1651=AXIS2_PLACEMENT_3D('',#2222,#1787,#1788);
#1652=AXIS2_PLACEMENT_3D('',#2259,#1807,#1808);
#1653=AXIS2_PLACEMENT_3D('',#2268,#1813,#1814);
#1654=AXIS2_PLACEMENT_3D('',#2274,#1818,#1819);
#1655=AXIS2_PLACEMENT_3D('',#2283,#1824,#1825);
#1656=AXIS2_PLACEMENT_3D('',#2288,#1829,#1830);
#1657=AXIS2_PLACEMENT_3D('',#2294,#1834,#1835);
#1658=AXIS2_PLACEMENT_3D('',#2297,#1838,#1839);
#1659=AXIS2_PLACEMENT_3D('',#2306,#1844,#1845);
#1660=AXIS2_PLACEMENT_3D('',#2312,#1849,#1850);
#1661=AXIS2_PLACEMENT_3D('',#2316,#1852,#1853);
#1662=AXIS2_PLACEMENT_3D('',#2336,#1865,#1866);
#1663=AXIS2_PLACEMENT_3D('',#2340,#1868,#1869);
#1664=AXIS2_PLACEMENT_3D('',#2351,#1875,#1876);
#1665=AXIS2_PLACEMENT_3D('',#2367,#1886,#1887);
#1666=AXIS2_PLACEMENT_3D('',#2393,#1900,#1901);
#1667=AXIS2_PLACEMENT_3D('',#2401,#1905,#1906);
#1668=AXIS2_PLACEMENT_3D('',#2416,#1914,#1915);
#1669=AXIS2_PLACEMENT_3D('',#2424,#1920,#1921);
#1670=AXIS2_PLACEMENT_3D('',#2425,#1922,#1923);
#1671=AXIS2_PLACEMENT_3D('',#2429,#1925,#1926);
#1672=AXIS2_PLACEMENT_3D('',#2430,#1927,#1928);
#1673=AXIS2_PLACEMENT_3D('',#2435,#1932,#1933);
#1674=AXIS2_PLACEMENT_3D('',#2443,#1938,#1939);
#1675=AXIS2_PLACEMENT_3D('',#2451,#1944,#1945);
#1676=AXIS2_PLACEMENT_3D('',#2452,#1946,#1947);
#1677=AXIS2_PLACEMENT_3D('',#2453,#1948,#1949);
#1678=AXIS2_PLACEMENT_3D('',#2454,#1950,#1951);
#1679=AXIS2_PLACEMENT_3D('',#2458,#1954,#1955);
#1680=AXIS2_PLACEMENT_3D('',#2465,#1959,#1960);
#1681=AXIS2_PLACEMENT_3D('',#2466,#1961,#1962);
#1682=AXIS2_PLACEMENT_3D('',#2483,#1972,#1973);
#1683=AXIS2_PLACEMENT_3D('',#2484,#1974,#1975);
#1684=AXIS2_PLACEMENT_3D('',#2486,#1977,#1978);
#1685=AXIS2_PLACEMENT_3D('',#2490,#1981,#1982);
#1686=AXIS2_PLACEMENT_3D('',#2496,#1986,#1987);
#1687=AXIS2_PLACEMENT_3D('',#2497,#1988,#1989);
#1688=AXIS2_PLACEMENT_3D('',#2500,#1991,#1992);
#1689=AXIS2_PLACEMENT_3D('',#2502,#1994,#1995);
#1690=AXIS2_PLACEMENT_3D('',#2508,#1999,#2000);
#1691=AXIS2_PLACEMENT_3D('',#2511,#2002,#2003);
#1692=AXIS2_PLACEMENT_3D('',#2512,#2004,#2005);
#1693=AXIS2_PLACEMENT_3D('',#2514,#2007,#2008);
#1694=AXIS2_PLACEMENT_3D('',#2515,#2009,#2010);
#1695=AXIS2_PLACEMENT_3D('',#2516,#2011,#2012);
#1696=AXIS2_PLACEMENT_3D('',#2517,#2013,#2014);
#1697=AXIS2_PLACEMENT_3D('',#2521,#2017,#2018);
#1698=AXIS2_PLACEMENT_3D('',#2525,#2021,#2022);
#1699=AXIS2_PLACEMENT_3D('',#2531,#2026,#2027);
#1700=AXIS2_PLACEMENT_3D('',#2534,#2030,#2031);
#1701=AXIS2_PLACEMENT_3D('',#2540,#2035,#2036);
#1702=AXIS2_PLACEMENT_3D('',#2543,#2039,#2040);
#1703=AXIS2_PLACEMENT_3D('',#2549,#2044,#2045);
#1704=AXIS2_PLACEMENT_3D('',#2552,#2048,#2049);
#1705=AXIS2_PLACEMENT_3D('',#2558,#2053,#2054);
#1706=AXIS2_PLACEMENT_3D('',#2561,#2057,#2058);
#1707=AXIS2_PLACEMENT_3D('',#2562,#2059,#2060);
#1708=AXIS2_PLACEMENT_3D('',#2563,#2061,#2062);
#1709=AXIS2_PLACEMENT_3D('',#2569,#2066,#2067);
#1710=AXIS2_PLACEMENT_3D('',#2573,#2070,#2071);
#1711=AXIS2_PLACEMENT_3D('',#2577,#2074,#2075);
#1712=AXIS2_PLACEMENT_3D('',#2581,#2078,#2079);
#1713=AXIS2_PLACEMENT_3D('',#2585,#2082,#2083);
#1714=AXIS2_PLACEMENT_3D('',#2587,#2085,#2086);
#1715=AXIS2_PLACEMENT_3D('',#2591,#2088,#2089);
#1716=AXIS2_PLACEMENT_3D('',#2594,#2091,#2092);
#1717=AXIS2_PLACEMENT_3D('',#2597,#2095,#2096);
#1718=AXIS2_PLACEMENT_3D('',#2599,#2098,#2099);
#1719=AXIS2_PLACEMENT_3D('',#2600,#2100,#2101);
#1720=AXIS2_PLACEMENT_3D('',#2603,#2103,#2104);
#1721=AXIS2_PLACEMENT_3D('',#2606,#2106,#2107);
#1722=AXIS2_PLACEMENT_3D('',#2610,#2110,#2111);
#1723=AXIS2_PLACEMENT_3D('',#2612,#2113,#2114);
#1724=AXIS2_PLACEMENT_3D('',#2613,#2115,#2116);
#1725=AXIS2_PLACEMENT_3D('',#2614,#2117,#2118);
#1726=AXIS2_PLACEMENT_3D('',#2615,#2119,#2120);
#1727=AXIS2_PLACEMENT_3D('',#2616,#2121,#2122);
#1728=AXIS2_PLACEMENT_3D('',#2617,#2123,#2124);
#1729=AXIS2_PLACEMENT_3D('',#2618,#2125,#2126);
#1730=AXIS2_PLACEMENT_3D('',#2619,#2127,#2128);
#1731=AXIS2_PLACEMENT_3D('',#2620,#2129,#2130);
#1732=AXIS2_PLACEMENT_3D('',#2621,#2131,#2132);
#1733=AXIS2_PLACEMENT_3D('',#2622,#2133,#2134);
#1734=AXIS2_PLACEMENT_3D('',#2623,#2135,#2136);
#1735=AXIS2_PLACEMENT_3D('',#2624,#2137,#2138);
#1736=AXIS2_PLACEMENT_3D('',#2625,#2139,#2140);
#1737=AXIS2_PLACEMENT_3D('',#2626,#2141,#2142);
#1738=AXIS2_PLACEMENT_3D('',#2627,#2143,#2144);
#1739=AXIS2_PLACEMENT_3D('',#2628,#2145,#2146);
#1740=AXIS2_PLACEMENT_3D('',#2629,#2147,#2148);
#1741=AXIS2_PLACEMENT_3D('',#2630,#2149,#2150);
#1742=AXIS2_PLACEMENT_3D('',#2631,#2151,#2152);
#1743=AXIS2_PLACEMENT_3D('',#2632,#2153,#2154);
#1744=AXIS2_PLACEMENT_3D('',#2633,#2155,#2156);
#1745=AXIS2_PLACEMENT_3D('',#2634,#2157,#2158);
#1746=AXIS2_PLACEMENT_3D('',#2640,#2159,#2160);
#1747=AXIS2_PLACEMENT_3D('',#2646,#2161,#2162);
#1748=AXIS2_PLACEMENT_3D('',#2652,#2163,#2164);
#1749=AXIS2_PLACEMENT_3D('',#2658,#2165,#2166);
#1750=AXIS2_PLACEMENT_3D('',#2659,#2167,#2168);
#1751=AXIS2_PLACEMENT_3D('',#2660,#2169,#2170);
#1752=AXIS2_PLACEMENT_3D('',#2661,#2171,#2172);
#1753=AXIS2_PLACEMENT_3D('',#2662,#2173,#2174);
#1754=AXIS2_PLACEMENT_3D('',#2663,#2175,#2176);
#1755=AXIS2_PLACEMENT_3D('',#2664,#2177,#2178);
#1756=AXIS2_PLACEMENT_3D('',#2665,#2179,#2180);
#1757=AXIS2_PLACEMENT_3D('',#2666,#2181,#2182);
#1758=AXIS2_PLACEMENT_3D('',#2667,#2183,#2184);
#1759=AXIS2_PLACEMENT_3D('',#2668,#2185,#2186);
#1760=AXIS2_PLACEMENT_3D('',#2669,#2187,#2188);
#1761=AXIS2_PLACEMENT_3D('',#2670,#2189,#2190);
#1762=AXIS2_PLACEMENT_3D('',#2671,#2191,#2192);
#1763=AXIS2_PLACEMENT_3D('',#2672,#2193,#2194);
#1764=AXIS2_PLACEMENT_3D('',#2673,#2195,#2196);
#1765=AXIS2_PLACEMENT_3D('',#2674,#2197,#2198);
#1766=AXIS2_PLACEMENT_3D('',#2675,#2199,#2200);
#1767=AXIS2_PLACEMENT_3D('',#2676,#2201,#2202);
#1768=DIRECTION('',(0.,0.,1.));
#1769=DIRECTION('',(1.,0.,0.));
#1770=DIRECTION('',(5.60747306672777E-17,0.707106781186548,-0.707106781186548));
#1771=DIRECTION('',(0.,0.707106781186548,0.707106781186548));
#1772=DIRECTION('',(-1.,7.93016446160826E-17,0.));
#1773=DIRECTION('',(6.33101797856361E-17,0.707106781186548,0.707106781186548));
#1774=DIRECTION('',(-1.,7.93016446160826E-17,0.));
#1775=DIRECTION('',(-5.60747306672777E-17,-0.707106781186548,-0.707106781186548));
#1776=DIRECTION('',(5.60747306672776E-17,0.707106781186546,0.707106781186549));
#1777=DIRECTION('',(0.,-0.707106781186549,0.707106781186546));
#1778=DIRECTION('',(-6.33101797856362E-17,-0.707106781186549,0.707106781186546));
#1779=DIRECTION('',(-1.,7.93016446160826E-17,0.));
#1780=DIRECTION('',(5.60747306672778E-17,0.707106781186549,-0.707106781186546));
#1781=DIRECTION('',(-1.,7.93016446160826E-17,0.));
#1782=DIRECTION('',(-7.93016446160826E-17,-1.,0.));
#1783=DIRECTION('',(1.,-8.95341148891255E-17,0.));
#1784=DIRECTION('',(8.95341148891256E-17,1.,0.));
#1785=DIRECTION('',(1.,-7.93016446160826E-17,0.));
#1786=DIRECTION('',(7.93016446160826E-17,1.,0.));
#1787=DIRECTION('',(1.,-8.95341148891255E-17,0.));
#1788=DIRECTION('',(8.95341148891256E-17,1.,0.));
#1789=DIRECTION('',(7.75388179993372E-17,0.866025403784438,-0.5));
#1790=DIRECTION('',(0.,0.,-1.));
#1791=DIRECTION('',(-7.75388179993373E-17,-0.866025403784439,-0.5));
#1792=DIRECTION('',(-7.75388179993372E-17,-0.866025403784437,0.5));
#1793=DIRECTION('',(2.69016815765888E-31,3.00462919747433E-15,1.));
#1794=DIRECTION('',(7.75388179993374E-17,0.86602540378444,0.5));
#1795=DIRECTION('',(0.,0.,-1.));
#1796=DIRECTION('',(8.95341148891256E-17,1.,0.));
#1797=DIRECTION('',(0.,0.,-1.));
#1798=DIRECTION('',(-7.93016446160826E-17,-1.,0.));
#1799=DIRECTION('',(0.,0.,1.));
#1800=DIRECTION('',(-7.93016446160826E-17,-1.,0.));
#1801=DIRECTION('',(0.,0.,-1.));
#1802=DIRECTION('',(-8.95341148891255E-17,-1.,0.));
#1803=DIRECTION('',(0.,0.,-1.));
#1804=DIRECTION('',(-7.93016446160826E-17,-1.,0.));
#1805=DIRECTION('',(0.,0.,-1.));
#1806=DIRECTION('',(-7.93016446160826E-17,-1.,0.));
#1807=DIRECTION('',(0.6,-0.8,0.));
#1808=DIRECTION('',(0.8,0.6,0.));
#1809=DIRECTION('',(0.,0.,-1.));
#1810=DIRECTION('',(0.8,0.6,0.));
#1811=DIRECTION('',(0.,0.,-1.));
#1812=DIRECTION('',(-0.8,-0.6,0.));
#1813=DIRECTION('',(0.6,0.8,0.));
#1814=DIRECTION('',(-0.8,0.6,0.));
#1815=DIRECTION('',(0.,0.,-1.));
#1816=DIRECTION('',(-0.8,0.6,0.));
#1817=DIRECTION('',(0.8,-0.6,0.));
#1818=DIRECTION('',(-0.6,-0.8,0.));
#1819=DIRECTION('',(0.8,-0.6,0.));
#1820=DIRECTION('',(0.,0.,-1.));
#1821=DIRECTION('',(0.8,-0.6,0.));
#1822=DIRECTION('',(0.,0.,-1.));
#1823=DIRECTION('',(-0.8,0.6,0.));
#1824=DIRECTION('',(0.6,-0.8,0.));
#1825=DIRECTION('',(0.8,0.6,0.));
#1826=DIRECTION('',(0.,0.,-1.));
#1827=DIRECTION('',(0.8,0.6,0.));
#1828=DIRECTION('',(-0.8,-0.6,0.));
#1829=DIRECTION('',(0.6,-0.8,0.));
#1830=DIRECTION('',(0.8,0.6,0.));
#1831=DIRECTION('',(0.8,0.6,0.));
#1832=DIRECTION('',(-0.8,-0.6,0.));
#1833=DIRECTION('',(0.,0.,-1.));
#1834=DIRECTION('',(-0.6,-0.8,0.));
#1835=DIRECTION('',(0.8,-0.6,0.));
#1836=DIRECTION('',(0.8,-0.6,0.));
#1837=DIRECTION('',(-0.8,0.6,0.));
#1838=DIRECTION('',(0.6,0.8,0.));
#1839=DIRECTION('',(-0.8,0.6,0.));
#1840=DIRECTION('',(0.,0.,-1.));
#1841=DIRECTION('',(-0.8,0.6,0.));
#1842=DIRECTION('',(0.,0.,-1.));
#1843=DIRECTION('',(0.8,-0.6,0.));
#1844=DIRECTION('',(0.6,-0.8,0.));
#1845=DIRECTION('',(0.8,0.6,0.));
#1846=DIRECTION('',(0.8,0.6,0.));
#1847=DIRECTION('',(-0.8,-0.6,0.));
#1848=DIRECTION('',(0.,0.,-1.));
#1849=DIRECTION('',(1.,-8.95341148891255E-17,0.));
#1850=DIRECTION('',(8.95341148891256E-17,1.,0.));
#1851=DIRECTION('',(-6.3310179785636E-17,-0.707106781186546,-0.707106781186549));
#1852=DIRECTION('',(-1.,8.95341148891256E-17,0.));
#1853=DIRECTION('',(0.,0.707106781186544,0.707106781186551));
#1854=DIRECTION('',(6.33101797856363E-17,0.70710678118655,-0.707106781186545));
#1855=DIRECTION('',(0.,0.,-1.));
#1856=DIRECTION('',(8.95341148891256E-17,1.,0.));
#1857=DIRECTION('',(0.,0.,-1.));
#1858=DIRECTION('',(-7.93016446160826E-17,-1.,0.));
#1859=DIRECTION('',(0.,0.,1.));
#1860=DIRECTION('',(-7.93016446160826E-17,-1.,0.));
#1861=DIRECTION('',(-8.95341148891255E-17,-1.,0.));
#1862=DIRECTION('',(-7.93016446160826E-17,-1.,0.));
#1863=DIRECTION('',(0.,0.,-1.));
#1864=DIRECTION('',(-7.93016446160826E-17,-1.,0.));
#1865=DIRECTION('',(1.,-7.93016446160826E-17,0.));
#1866=DIRECTION('',(7.93016446160826E-17,1.,0.));
#1867=DIRECTION('',(-5.60747306672777E-17,-0.707106781186548,-0.707106781186548));
#1868=DIRECTION('',(-1.,7.93016446160826E-17,0.));
#1869=DIRECTION('',(0.,0.707106781186547,0.707106781186548));
#1870=DIRECTION('',(5.60747306672778E-17,0.707106781186549,-0.707106781186546));
#1871=DIRECTION('',(0.,0.,-1.));
#1872=DIRECTION('',(7.93016446160826E-17,1.,0.));
#1873=DIRECTION('',(0.,0.,-1.));
#1874=DIRECTION('',(-7.93016446160826E-17,-1.,0.));
#1875=DIRECTION('',(0.,0.,1.));
#1876=DIRECTION('',(1.,0.,0.));
#1877=DIRECTION('',(-1.,0.,0.));
#1878=DIRECTION('',(1.,-7.93016446160826E-17,0.));
#1879=DIRECTION('',(1.,-7.93016446160826E-17,0.));
#1880=DIRECTION('',(-7.93016446160826E-17,-1.,0.));
#1881=DIRECTION('',(-1.,0.,0.));
#1882=DIRECTION('',(-1.,7.93016446160826E-17,0.));
#1883=DIRECTION('',(-1.,0.,0.));
#1884=DIRECTION('',(-1.,7.93016446160826E-17,0.));
#1885=DIRECTION('',(-1.,0.,0.));
#1886=DIRECTION('',(0.,0.,-1.));
#1887=DIRECTION('',(-1.,0.,0.));
#1888=DIRECTION('',(-0.8,0.6,0.));
#1889=DIRECTION('',(8.95341148891256E-17,1.,0.));
#1890=DIRECTION('',(-0.8,-0.6,0.));
#1891=DIRECTION('',(0.8,-0.6,0.));
#1892=DIRECTION('',(8.95341148891256E-17,1.,0.));
#1893=DIRECTION('',(-0.8,-0.6,0.));
#1894=DIRECTION('',(1.,0.,0.));
#1895=DIRECTION('',(0.8,-0.6,0.));
#1896=DIRECTION('',(-0.8,-0.6,0.));
#1897=DIRECTION('',(7.93016446160826E-17,1.,0.));
#1898=DIRECTION('',(1.,0.,0.));
#1899=DIRECTION('',(0.,-1.,0.));
#1900=DIRECTION('',(0.,0.,-1.));
#1901=DIRECTION('',(-1.,0.,0.));
#1902=DIRECTION('',(0.,-1.,0.));
#1903=DIRECTION('',(1.,0.,0.));
#1904=DIRECTION('',(0.,-1.,0.));
#1905=DIRECTION('',(0.,0.,-1.));
#1906=DIRECTION('',(-1.,0.,0.));
#1907=DIRECTION('',(0.,-1.,0.));
#1908=DIRECTION('',(1.,0.,0.));
#1909=DIRECTION('',(7.93016446160826E-17,1.,0.));
#1910=DIRECTION('',(-1.,7.93016446160826E-17,0.));
#1911=DIRECTION('',(-0.8,0.6,0.));
#1912=DIRECTION('',(-0.8,-0.6,0.));
#1913=DIRECTION('',(-1.,7.93016446160826E-17,0.));
#1914=DIRECTION('',(-1.,0.,0.));
#1915=DIRECTION('',(0.,0.,1.));
#1916=DIRECTION('',(0.,0.,-1.));
#1917=DIRECTION('',(0.,-1.,0.));
#1918=DIRECTION('',(0.,0.,-1.));
#1919=DIRECTION('',(0.,0.707106781186548,-0.707106781186548));
#1920=DIRECTION('',(0.,0.,-1.));
#1921=DIRECTION('',(-1.,0.,0.));
#1922=DIRECTION('',(0.,0.,-1.));
#1923=DIRECTION('',(-1.,0.,0.));
#1924=DIRECTION('',(0.,0.,-1.));
#1925=DIRECTION('',(5.60747306672777E-17,0.707106781186548,0.707106781186548));
#1926=DIRECTION('',(5.60747306672777E-17,0.707106781186548,-0.707106781186548));
#1927=DIRECTION('',(-1.,0.,0.));
#1928=DIRECTION('',(0.,0.,1.));
#1929=DIRECTION('',(0.,-1.,0.));
#1930=DIRECTION('',(0.,0.,-1.));
#1931=DIRECTION('',(0.,0.707106781186548,-0.707106781186548));
#1932=DIRECTION('',(-1.,0.,0.));
#1933=DIRECTION('',(0.,0.,1.));
#1934=DIRECTION('',(0.,0.,-1.));
#1935=DIRECTION('',(0.,-1.,0.));
#1936=DIRECTION('',(0.,0.,-1.));
#1937=DIRECTION('',(0.,0.707106781186548,-0.707106781186548));
#1938=DIRECTION('',(-1.,0.,0.));
#1939=DIRECTION('',(0.,0.,1.));
#1940=DIRECTION('',(0.,0.,-1.));
#1941=DIRECTION('',(0.,-1.,0.));
#1942=DIRECTION('',(0.,0.,-1.));
#1943=DIRECTION('',(0.,0.707106781186548,-0.707106781186548));
#1944=DIRECTION('',(0.,0.,-1.));
#1945=DIRECTION('',(-1.,0.,0.));
#1946=DIRECTION('',(0.,0.,-1.));
#1947=DIRECTION('',(-1.,0.,0.));
#1948=DIRECTION('',(5.60747306672777E-17,0.707106781186548,0.707106781186548));
#1949=DIRECTION('',(5.60747306672777E-17,0.707106781186548,-0.707106781186548));
#1950=DIRECTION('',(0.,-1.,0.));
#1951=DIRECTION('',(0.,0.,-1.));
#1952=DIRECTION('',(0.,0.,-1.));
#1953=DIRECTION('',(1.,0.,0.));
#1954=DIRECTION('',(0.,-1.,0.));
#1955=DIRECTION('',(0.,0.,-1.));
#1956=DIRECTION('',(1.,0.,0.));
#1957=DIRECTION('',(-0.707106781186546,0.,0.707106781186549));
#1958=DIRECTION('',(0.70710678118655,0.,0.707106781186546));
#1959=DIRECTION('',(0.,-1.,0.));
#1960=DIRECTION('',(0.,0.,-1.));
#1961=DIRECTION('',(0.,-1.,0.));
#1962=DIRECTION('',(0.,0.,-1.));
#1963=DIRECTION('',(0.,0.,-1.));
#1964=DIRECTION('',(1.,0.,0.));
#1965=DIRECTION('',(0.,0.,-1.));
#1966=DIRECTION('',(-1.,0.,0.));
#1967=DIRECTION('',(-1.,0.,0.));
#1968=DIRECTION('',(-1.,0.,0.));
#1969=DIRECTION('',(-1.,0.,0.));
#1970=DIRECTION('',(-0.70710678118655,0.,-0.707106781186545));
#1971=DIRECTION('',(0.707106781186547,0.,-0.707106781186549));
#1972=DIRECTION('',(0.,-1.,0.));
#1973=DIRECTION('',(-0.707106781186539,0.,0.707106781186556));
#1974=DIRECTION('',(0.,-1.,0.));
#1975=DIRECTION('',(0.,0.,-1.));
#1976=DIRECTION('',(1.,0.,0.));
#1977=DIRECTION('',(1.,-7.93016446160826E-17,0.));
#1978=DIRECTION('',(7.93016446160826E-17,1.,0.));
#1979=DIRECTION('',(0.,0.,-1.));
#1980=DIRECTION('',(7.93016446160826E-17,1.,0.));
#1981=DIRECTION('',(-0.707106781186546,0.,0.70710678118655));
#1982=DIRECTION('',(0.70710678118655,0.,0.707106781186546));
#1983=DIRECTION('',(-0.70710678118655,0.,-0.707106781186546));
#1984=DIRECTION('',(0.,-1.,0.));
#1985=DIRECTION('',(0.,-1.,0.));
#1986=DIRECTION('',(0.,-1.,0.));
#1987=DIRECTION('',(0.,0.,-1.));
#1988=DIRECTION('',(0.,-1.,0.));
#1989=DIRECTION('',(-0.707106781186544,0.,0.707106781186551));
#1990=DIRECTION('',(0.,-1.,0.));
#1991=DIRECTION('',(-0.707106781186549,0.,-0.707106781186546));
#1992=DIRECTION('',(-0.707106781186546,0.,0.707106781186549));
#1993=DIRECTION('',(0.707106781186546,0.,-0.707106781186549));
#1994=DIRECTION('',(-0.707106781186545,0.,0.70710678118655));
#1995=DIRECTION('',(0.70710678118655,0.,0.707106781186545));
#1996=DIRECTION('',(0.,-1.,0.));
#1997=DIRECTION('',(-0.70710678118655,0.,-0.707106781186545));
#1998=DIRECTION('',(0.,-1.,0.));
#1999=DIRECTION('',(0.,-1.,0.));
#2000=DIRECTION('',(0.,0.,-1.));
#2001=DIRECTION('',(0.,-1.,0.));
#2002=DIRECTION('',(0.,-1.,0.));
#2003=DIRECTION('',(-0.707106781186539,0.,0.707106781186556));
#2004=DIRECTION('',(-0.707106781186549,0.,-0.707106781186547));
#2005=DIRECTION('',(-0.707106781186547,0.,0.707106781186549));
#2006=DIRECTION('',(0.707106781186547,0.,-0.707106781186549));
#2007=DIRECTION('',(0.,-1.,0.));
#2008=DIRECTION('',(1.,0.,0.));
#2009=DIRECTION('',(5.60747306672777E-17,0.707106781186548,0.707106781186548));
#2010=DIRECTION('',(0.,-0.707106781186548,0.707106781186548));
#2011=DIRECTION('',(5.60747306672777E-17,0.707106781186548,0.707106781186548));
#2012=DIRECTION('',(0.,-0.707106781186548,0.707106781186548));
#2013=DIRECTION('',(-7.93016446160826E-17,-1.,0.));
#2014=DIRECTION('',(1.,-7.93016446160826E-17,0.));
#2015=DIRECTION('',(0.,0.,-1.));
#2016=DIRECTION('',(-1.,7.93016446160826E-17,0.));
#2017=DIRECTION('',(-7.93016446160826E-17,-1.,0.));
#2018=DIRECTION('',(1.,-7.93016446160826E-17,0.));
#2019=DIRECTION('',(-1.,7.93016446160826E-17,0.));
#2020=DIRECTION('',(0.,0.,-1.));
#2021=DIRECTION('',(0.6,-0.8,0.));
#2022=DIRECTION('',(0.8,0.6,0.));
#2023=DIRECTION('',(0.,0.,-1.));
#2024=DIRECTION('',(-0.8,-0.6,0.));
#2025=DIRECTION('',(0.8,0.6,0.));
#2026=DIRECTION('',(0.6,0.8,0.));
#2027=DIRECTION('',(-0.8,0.6,0.));
#2028=DIRECTION('',(0.8,-0.6,0.));
#2029=DIRECTION('',(-0.8,0.6,0.));
#2030=DIRECTION('',(-0.6,-0.8,0.));
#2031=DIRECTION('',(0.8,-0.6,0.));
#2032=DIRECTION('',(0.,0.,-1.));
#2033=DIRECTION('',(-0.8,0.6,0.));
#2034=DIRECTION('',(0.8,-0.6,0.));
#2035=DIRECTION('',(0.6,-0.8,0.));
#2036=DIRECTION('',(0.8,0.6,0.));
#2037=DIRECTION('',(-0.8,-0.6,0.));
#2038=DIRECTION('',(0.8,0.6,0.));
#2039=DIRECTION('',(0.6,-0.8,0.));
#2040=DIRECTION('',(0.8,0.6,0.));
#2041=DIRECTION('',(0.,0.,-1.));
#2042=DIRECTION('',(-0.8,-0.6,0.));
#2043=DIRECTION('',(0.8,0.6,0.));
#2044=DIRECTION('',(-0.6,-0.8,0.));
#2045=DIRECTION('',(0.8,-0.6,0.));
#2046=DIRECTION('',(-0.8,0.6,0.));
#2047=DIRECTION('',(0.8,-0.6,0.));
#2048=DIRECTION('',(0.6,0.8,0.));
#2049=DIRECTION('',(-0.8,0.6,0.));
#2050=DIRECTION('',(0.,0.,-1.));
#2051=DIRECTION('',(0.8,-0.6,0.));
#2052=DIRECTION('',(-0.8,0.6,0.));
#2053=DIRECTION('',(0.6,-0.8,0.));
#2054=DIRECTION('',(0.8,0.6,0.));
#2055=DIRECTION('',(-0.8,-0.6,0.));
#2056=DIRECTION('',(0.8,0.6,0.));
#2057=DIRECTION('',(0.,0.,-1.));
#2058=DIRECTION('',(-1.,0.,0.));
#2059=DIRECTION('',(0.,0.,-1.));
#2060=DIRECTION('',(-1.,0.,0.));
#2061=DIRECTION('',(-4.47670574445629E-17,-0.5,-0.866025403784438));
#2062=DIRECTION('',(0.,0.866025403784438,-0.5));
#2063=DIRECTION('',(1.,-8.95341148891256E-17,0.));
#2064=DIRECTION('',(7.75388179993372E-17,0.866025403784438,-0.5));
#2065=DIRECTION('',(1.,-8.95341148891256E-17,0.));
#2066=DIRECTION('',(4.47670574445626E-17,0.5,-0.86602540378444));
#2067=DIRECTION('',(0.,0.86602540378444,0.5));
#2068=DIRECTION('',(1.,-8.95341148891256E-17,0.));
#2069=DIRECTION('',(7.75388179993374E-17,0.86602540378444,0.5));
#2070=DIRECTION('',(8.95341148891256E-17,1.,-3.00462919747433E-15));
#2071=DIRECTION('',(0.,3.00462919747433E-15,1.));
#2072=DIRECTION('',(1.,-8.95341148891256E-17,0.));
#2073=DIRECTION('',(2.69016815765888E-31,3.00462919747433E-15,1.));
#2074=DIRECTION('',(4.4767057444563E-17,0.5,0.866025403784438));
#2075=DIRECTION('',(0.,-0.866025403784437,0.5));
#2076=DIRECTION('',(1.,-8.95341148891256E-17,0.));
#2077=DIRECTION('',(-7.75388179993372E-17,-0.866025403784437,0.5));
#2078=DIRECTION('',(-4.47670574445626E-17,-0.5,0.866025403784439));
#2079=DIRECTION('',(0.,-0.866025403784439,-0.5));
#2080=DIRECTION('',(1.,-8.95341148891256E-17,0.));
#2081=DIRECTION('',(-7.75388179993373E-17,-0.866025403784439,-0.5));
#2082=DIRECTION('',(-8.95341148891256E-17,-1.,0.));
#2083=DIRECTION('',(1.,-8.95341148891256E-17,0.));
#2084=DIRECTION('',(0.,0.,-1.));
#2085=DIRECTION('',(1.,-8.95341148891256E-17,0.));
#2086=DIRECTION('',(8.95341148891256E-17,1.,0.));
#2087=DIRECTION('',(6.33101797856362E-17,0.707106781186549,-0.707106781186546));
#2088=DIRECTION('',(1.,-8.95341148891256E-17,0.));
#2089=DIRECTION('',(0.,-0.707106781186549,0.707106781186547));
#2090=DIRECTION('',(-6.33101797856361E-17,-0.707106781186548,-0.707106781186548));
#2091=DIRECTION('',(5.60747306672776E-17,0.707106781186546,0.707106781186549));
#2092=DIRECTION('',(0.,-0.707106781186549,0.707106781186546));
#2093=DIRECTION('',(-1.,7.93016446160826E-17,0.));
#2094=DIRECTION('',(-1.,7.93016446160826E-17,0.));
#2095=DIRECTION('',(5.60747306672777E-17,0.707106781186548,-0.707106781186548));
#2096=DIRECTION('',(0.,0.707106781186548,0.707106781186548));
#2097=DIRECTION('',(-1.,7.93016446160826E-17,0.));
#2098=DIRECTION('',(-1.,7.93016446160826E-17,0.));
#2099=DIRECTION('',(-7.93016446160826E-17,-1.,0.));
#2100=DIRECTION('',(-1.,8.95341148891256E-17,0.));
#2101=DIRECTION('',(-8.95341148891256E-17,-1.,0.));
#2102=DIRECTION('',(-1.,8.95341148891256E-17,0.));
#2103=DIRECTION('',(-1.,8.95341148891256E-17,0.));
#2104=DIRECTION('',(0.,0.707106781186544,0.707106781186551));
#2105=DIRECTION('',(-1.,8.95341148891256E-17,0.));
#2106=DIRECTION('',(6.33101797856363E-17,0.707106781186549,-0.707106781186546));
#2107=DIRECTION('',(0.,0.707106781186546,0.707106781186549));
#2108=DIRECTION('',(-1.,8.95341148891256E-17,0.));
#2109=DIRECTION('',(-6.3310179785636E-17,-0.707106781186546,-0.707106781186549));
#2110=DIRECTION('',(6.33101797856359E-17,0.707106781186545,0.70710678118655));
#2111=DIRECTION('',(0.,-0.70710678118655,0.707106781186545));
#2112=DIRECTION('',(6.33101797856363E-17,0.70710678118655,-0.707106781186545));
#2113=DIRECTION('',(-1.,8.95341148891256E-17,0.));
#2114=DIRECTION('',(-8.95341148891256E-17,-1.,0.));
#2115=DIRECTION('',(0.8,0.6,0.));
#2116=DIRECTION('',(-0.6,0.8,0.));
#2117=DIRECTION('',(-0.894427190999916,0.447213595499958,0.));
#2118=DIRECTION('',(0.447213595499958,0.894427190999916,0.));
#2119=DIRECTION('',(0.,1.,0.));
#2120=DIRECTION('',(-1.,0.,0.));
#2121=DIRECTION('',(-0.8,0.6,0.));
#2122=DIRECTION('',(-0.6,-0.8,0.));
#2123=DIRECTION('',(0.894427190999916,0.447213595499958,0.));
#2124=DIRECTION('',(-0.447213595499958,0.894427190999916,0.));
#2125=DIRECTION('',(8.95341148891256E-17,1.,0.));
#2126=DIRECTION('',(-1.,8.95341148891256E-17,0.));
#2127=DIRECTION('',(0.8,-0.6,0.));
#2128=DIRECTION('',(0.6,0.8,0.));
#2129=DIRECTION('',(-0.894427190999916,-0.447213595499958,0.));
#2130=DIRECTION('',(0.447213595499958,-0.894427190999916,0.));
#2131=DIRECTION('',(0.,-1.,0.));
#2132=DIRECTION('',(1.,6.93889390390723E-17,0.));
#2133=DIRECTION('',(-0.8,-0.6,0.));
#2134=DIRECTION('',(0.6,-0.8,0.));
#2135=DIRECTION('',(0.894427190999916,-0.447213595499958,0.));
#2136=DIRECTION('',(-0.447213595499958,-0.894427190999916,0.));
#2137=DIRECTION('',(-8.95341148891256E-17,-1.,0.));
#2138=DIRECTION('',(1.,-8.95341148891256E-17,0.));
#2139=DIRECTION('',(1.,0.,0.));
#2140=DIRECTION('',(0.,0.,-1.));
#2141=DIRECTION('',(-0.316227766016838,-0.948683298050514,0.));
#2142=DIRECTION('',(0.948683298050514,-0.316227766016838,0.));
#2143=DIRECTION('',(-0.316227766016838,0.948683298050514,0.));
#2144=DIRECTION('',(0.948683298050514,0.316227766016838,0.));
#2145=DIRECTION('',(0.8,0.6,0.));
#2146=DIRECTION('',(-0.6,0.8,0.));
#2147=DIRECTION('',(1.,0.,0.));
#2148=DIRECTION('',(0.,-1.,0.));
#2149=DIRECTION('',(0.8,-0.6,0.));
#2150=DIRECTION('',(0.6,0.8,0.));
#2151=DIRECTION('',(-1.,0.,0.));
#2152=DIRECTION('',(0.,0.,1.));
#2153=DIRECTION('',(-0.707106781186548,-0.707106781186548,0.));
#2154=DIRECTION('',(-0.707106781186548,0.707106781186548,0.));
#2155=DIRECTION('',(-0.707106781186548,0.707106781186548,0.));
#2156=DIRECTION('',(-0.707106781186548,-0.707106781186548,0.));
#2157=DIRECTION('',(0.,1.,0.));
#2158=DIRECTION('',(0.,0.,1.));
#2159=DIRECTION('',(0.,-1.,0.));
#2160=DIRECTION('',(0.,0.,-1.));
#2161=DIRECTION('',(0.,0.,-1.));
#2162=DIRECTION('',(-1.,0.,0.));
#2163=DIRECTION('',(0.,0.,-1.));
#2164=DIRECTION('',(-1.,0.,0.));
#2165=DIRECTION('',(0.,-1.,0.));
#2166=DIRECTION('',(0.,0.,-1.));
#2167=DIRECTION('',(-0.707106781186548,-0.707106781186548,0.));
#2168=DIRECTION('',(0.707106781186548,-0.707106781186548,0.));
#2169=DIRECTION('',(0.,1.,0.));
#2170=DIRECTION('',(0.,0.,1.));
#2171=DIRECTION('',(-0.707106781186548,0.707106781186548,0.));
#2172=DIRECTION('',(0.707106781186548,0.707106781186548,0.));
#2173=DIRECTION('',(-1.,0.,0.));
#2174=DIRECTION('',(0.,0.,1.));
#2175=DIRECTION('',(-0.707106781186548,-0.707106781186548,0.));
#2176=DIRECTION('',(-0.707106781186548,0.707106781186548,0.));
#2177=DIRECTION('',(-1.,0.,0.));
#2178=DIRECTION('',(0.,0.,1.));
#2179=DIRECTION('',(-0.707106781186548,0.707106781186548,0.));
#2180=DIRECTION('',(-0.707106781186548,-0.707106781186548,0.));
#2181=DIRECTION('',(-7.93016446160826E-17,-1.,0.));
#2182=DIRECTION('',(1.,-7.93016446160826E-17,0.));
#2183=DIRECTION('',(-0.707106781186548,0.707106781186548,0.));
#2184=DIRECTION('',(-0.707106781186548,-0.707106781186548,0.));
#2185=DIRECTION('',(7.93016446160826E-17,1.,0.));
#2186=DIRECTION('',(-1.,7.93016446160826E-17,0.));
#2187=DIRECTION('',(-0.707106781186548,-0.707106781186548,0.));
#2188=DIRECTION('',(-0.707106781186548,0.707106781186548,0.));
#2189=DIRECTION('',(-1.,7.93016446160826E-17,0.));
#2190=DIRECTION('',(-7.93016446160826E-17,-1.,0.));
#2191=DIRECTION('',(-0.948683298050514,-0.316227766016838,0.));
#2192=DIRECTION('',(-0.316227766016838,0.948683298050514,0.));
#2193=DIRECTION('',(-1.,7.93016446160826E-17,0.));
#2194=DIRECTION('',(-7.93016446160826E-17,-1.,0.));
#2195=DIRECTION('',(-0.948683298050514,0.316227766016838,0.));
#2196=DIRECTION('',(-0.316227766016838,-0.948683298050514,0.));
#2197=DIRECTION('',(-0.8,-0.6,0.));
#2198=DIRECTION('',(0.6,-0.8,0.));
#2199=DIRECTION('',(-1.,0.,0.));
#2200=DIRECTION('',(0.,1.,0.));
#2201=DIRECTION('',(-0.8,0.6,0.));
#2202=DIRECTION('',(-0.6,-0.8,0.));
#2203=CARTESIAN_POINT('',(0.,0.,0.));
#2204=CARTESIAN_POINT('',(0.045002,0.0509911165235168,0.0166516504294496));
#2205=CARTESIAN_POINT('',(0.045002,0.0501072330470336,0.0157677669529664));
#2206=CARTESIAN_POINT('',(0.045,0.0501072330470336,0.0157677669529664));
#2207=CARTESIAN_POINT('',(0.0425,0.0501072330470336,0.0157677669529664));
#2208=CARTESIAN_POINT('',(0.0425,0.0311697330470336,-0.00316973304703362));
#2209=CARTESIAN_POINT('',(0.0425,0.051875,0.0175355339059328));
#2210=CARTESIAN_POINT('',(0.045002,0.051875,0.0175355339059328));
#2211=CARTESIAN_POINT('',(0.045,0.051875,0.0175355339059328));
#2212=CARTESIAN_POINT('',(0.045,0.0509911165235168,0.0166516504294496));
#2213=CARTESIAN_POINT('',(0.045002,0.0527588834764832,0.0166516504294496));
#2214=CARTESIAN_POINT('',(0.0425,0.0207052669529663,0.0487052669529664));
#2215=CARTESIAN_POINT('',(0.0425,0.0536427669529664,0.0157677669529664));
#2216=CARTESIAN_POINT('',(0.045002,0.0536427669529664,0.0157677669529664));
#2217=CARTESIAN_POINT('',(0.045,0.0536427669529664,0.0157677669529664));
#2218=CARTESIAN_POINT('',(0.045,0.0527588834764832,0.0166516504294496));
#2219=CARTESIAN_POINT('',(0.045002,0.051875,0.014));
#2220=CARTESIAN_POINT('',(0.0425,0.051875,0.014));
#2221=CARTESIAN_POINT('',(0.045,0.051875,0.014));
#2222=CARTESIAN_POINT('',(-0.04,0.,0.028));
#2223=CARTESIAN_POINT('',(-0.04,0.049875,0.0105358983848623));
#2224=CARTESIAN_POINT('',(-0.04,0.047875,0.0116905989232415));
#2225=CARTESIAN_POINT('',(-0.04,0.051875,0.00938119784648301));
#2226=CARTESIAN_POINT('',(-0.04,0.047875,0.014));
#2227=CARTESIAN_POINT('',(-0.04,0.047875,0.0163094010767585));
#2228=CARTESIAN_POINT('',(-0.04,0.049875,0.0174641016151378));
#2229=CARTESIAN_POINT('',(-0.04,0.051875,0.018618802153517));
#2230=CARTESIAN_POINT('',(-0.04,0.053875,0.0174641016151378));
#2231=CARTESIAN_POINT('',(-0.04,0.055875,0.0163094010767585));
#2232=CARTESIAN_POINT('',(-0.04,0.055875,0.014));
#2233=CARTESIAN_POINT('',(-0.04,0.055875,0.0116905989232415));
#2234=CARTESIAN_POINT('',(-0.04,0.053875,0.0105358983848623));
#2235=CARTESIAN_POINT('',(-0.04,0.02625,0.028002));
#2236=CARTESIAN_POINT('',(-0.04,0.02625,0.005));
#2237=CARTESIAN_POINT('',(-0.04,0.02625,0.000999999999999973));
#2238=CARTESIAN_POINT('',(-0.04,0.,0.000999999999999973));
#2239=CARTESIAN_POINT('',(-0.04,0.0775,0.00099999999999998));
#2240=CARTESIAN_POINT('',(-0.04,0.0775,0.028));
#2241=CARTESIAN_POINT('',(-0.04,0.0775,0.005));
#2242=CARTESIAN_POINT('',(-0.04,0.082502,0.005));
#2243=CARTESIAN_POINT('',(-0.04,0.0825,0.005));
#2244=CARTESIAN_POINT('',(-0.04,0.0825,0.028));
#2245=CARTESIAN_POINT('',(-0.04,0.0825,0.023));
#2246=CARTESIAN_POINT('',(-0.04,0.082502,0.023));
#2247=CARTESIAN_POINT('',(-0.04,0.0775,0.023));
#2248=CARTESIAN_POINT('',(-0.04,0.0775,0.028));
#2249=CARTESIAN_POINT('',(-0.04,0.0775,0.028));
#2250=CARTESIAN_POINT('',(-0.04,0.,0.028));
#2251=CARTESIAN_POINT('',(-0.04,0.02625,0.028));
#2252=CARTESIAN_POINT('',(-0.04,0.02625,0.028002));
#2253=CARTESIAN_POINT('',(-0.04,0.02625,0.023));
#2254=CARTESIAN_POINT('',(-0.04,0.082502,0.023));
#2255=CARTESIAN_POINT('',(-0.04,0.0175,0.023));
#2256=CARTESIAN_POINT('',(-0.04,0.0175,0.028));
#2257=CARTESIAN_POINT('',(-0.04,0.0175,0.005));
#2258=CARTESIAN_POINT('',(-0.04,0.082502,0.005));
#2259=CARTESIAN_POINT('',(0.0229166666666667,0.0646875,0.028002));
#2260=CARTESIAN_POINT('',(0.00583333333333336,0.051875,0.028002));
#2261=CARTESIAN_POINT('',(0.00583333333333336,0.051875,0.028));
#2262=CARTESIAN_POINT('',(0.00583333333333336,0.051875,0.023));
#2263=CARTESIAN_POINT('',(0.0229166666666667,0.0646875,0.023));
#2264=CARTESIAN_POINT('',(0.04,0.0775,0.023));
#2265=CARTESIAN_POINT('',(0.04,0.0775,0.028));
#2266=CARTESIAN_POINT('',(0.04,0.0775,0.028));
#2267=CARTESIAN_POINT('',(0.0229166666666667,0.0646875,0.028));
#2268=CARTESIAN_POINT('',(0.0229166666666667,0.0390625,0.028002));
#2269=CARTESIAN_POINT('',(0.04,0.02625,0.028002));
#2270=CARTESIAN_POINT('',(0.04,0.02625,0.028));
#2271=CARTESIAN_POINT('',(0.04,0.02625,0.023));
#2272=CARTESIAN_POINT('',(0.0229166666666667,0.0390625,0.023));
#2273=CARTESIAN_POINT('',(0.0229166666666667,0.0390625,0.028));
#2274=CARTESIAN_POINT('',(0.02,0.0325,0.028002));
#2275=CARTESIAN_POINT('',(5.55111512312578E-18,0.0475,0.028002));
#2276=CARTESIAN_POINT('',(5.55111512312578E-18,0.0475,0.028));
#2277=CARTESIAN_POINT('',(5.55111512312578E-18,0.0475,0.023));
#2278=CARTESIAN_POINT('',(0.02,0.0325,0.023));
#2279=CARTESIAN_POINT('',(0.04,0.0175,0.023));
#2280=CARTESIAN_POINT('',(0.04,0.0175,0.028));
#2281=CARTESIAN_POINT('',(0.04,0.0175,0.028));
#2282=CARTESIAN_POINT('',(0.02,0.0325,0.028));
#2283=CARTESIAN_POINT('',(-0.02,0.0325,0.028002));
#2284=CARTESIAN_POINT('',(-0.04,0.0175,0.028));
#2285=CARTESIAN_POINT('',(-0.04,0.0175,0.028));
#2286=CARTESIAN_POINT('',(-0.02,0.0325,0.023));
#2287=CARTESIAN_POINT('',(-0.02,0.0325,0.028));
#2288=CARTESIAN_POINT('',(-0.0229166666666667,0.0390625,0.028002));
#2289=CARTESIAN_POINT('',(-0.0229166666666667,0.0390625,0.023));
#2290=CARTESIAN_POINT('',(-0.00583333333333334,0.051875,0.023));
#2291=CARTESIAN_POINT('',(-0.0229166666666667,0.0390625,0.028));
#2292=CARTESIAN_POINT('',(-0.00583333333333334,0.051875,0.028));
#2293=CARTESIAN_POINT('',(-0.00583333333333334,0.051875,0.028002));
#2294=CARTESIAN_POINT('',(-0.0229166666666667,0.0646875,0.028002));
#2295=CARTESIAN_POINT('',(-0.0229166666666667,0.0646875,0.023));
#2296=CARTESIAN_POINT('',(-0.0229166666666667,0.0646875,0.028));
#2297=CARTESIAN_POINT('',(-0.0175,0.069375,0.028002));
#2298=CARTESIAN_POINT('',(1.21430643318376E-17,0.05625,0.028002));
#2299=CARTESIAN_POINT('',(1.21430643318376E-17,0.05625,0.028));
#2300=CARTESIAN_POINT('',(1.21430643318376E-17,0.05625,0.023));
#2301=CARTESIAN_POINT('',(-0.0175,0.069375,0.023));
#2302=CARTESIAN_POINT('',(-0.035,0.0825,0.023));
#2303=CARTESIAN_POINT('',(-0.035,0.0825,0.028));
#2304=CARTESIAN_POINT('',(-0.035,0.0825,0.028));
#2305=CARTESIAN_POINT('',(-0.0175,0.069375,0.028));
#2306=CARTESIAN_POINT('',(0.0175,0.069375,0.028002));
#2307=CARTESIAN_POINT('',(0.0175,0.069375,0.023));
#2308=CARTESIAN_POINT('',(0.035,0.0825,0.023));
#2309=CARTESIAN_POINT('',(0.0175,0.069375,0.028));
#2310=CARTESIAN_POINT('',(0.035,0.0825,0.028));
#2311=CARTESIAN_POINT('',(0.035,0.0825,0.028));
#2312=CARTESIAN_POINT('',(0.04,0.,0.028));
#2313=CARTESIAN_POINT('',(0.04,0.0503723980899786,0.0185078057300643));
#2314=CARTESIAN_POINT('',(0.04,0.051875,0.0200104076400857));
#2315=CARTESIAN_POINT('',(0.04,0.0488697961799572,0.0170052038200428));
#2316=CARTESIAN_POINT('',(0.04,0.051875,0.014));
#2317=CARTESIAN_POINT('',(0.04,0.0548802038200428,0.0170052038200428));
#2318=CARTESIAN_POINT('',(0.04,0.0533776019100214,0.0185078057300643));
#2319=CARTESIAN_POINT('',(0.04,0.0775,0.028));
#2320=CARTESIAN_POINT('',(0.04,0.0775,0.005));
#2321=CARTESIAN_POINT('',(0.04,0.0775,0.00099999999999998));
#2322=CARTESIAN_POINT('',(0.04,0.02625,0.000999999999999972));
#2323=CARTESIAN_POINT('',(0.04,0.02625,0.000999999999999973));
#2324=CARTESIAN_POINT('',(0.04,0.02625,0.028002));
#2325=CARTESIAN_POINT('',(0.04,0.02625,0.005));
#2326=CARTESIAN_POINT('',(0.04,0.082502,0.005));
#2327=CARTESIAN_POINT('',(0.04,0.0175,0.005));
#2328=CARTESIAN_POINT('',(0.04,0.0175,0.014));
#2329=CARTESIAN_POINT('',(0.04,0.082502,0.023));
#2330=CARTESIAN_POINT('',(0.04,0.,0.028));
#2331=CARTESIAN_POINT('',(0.04,0.082502,0.023));
#2332=CARTESIAN_POINT('',(0.04,0.0825,0.023));
#2333=CARTESIAN_POINT('',(0.04,0.0825,0.014));
#2334=CARTESIAN_POINT('',(0.04,0.0825,0.005));
#2335=CARTESIAN_POINT('',(0.04,0.082502,0.005));
#2336=CARTESIAN_POINT('',(-0.045,0.,0.028));
#2337=CARTESIAN_POINT('',(-0.045,0.0509911165235168,0.0166516504294496));
#2338=CARTESIAN_POINT('',(-0.045,0.051875,0.0175355339059328));
#2339=CARTESIAN_POINT('',(-0.045,0.0501072330470337,0.0157677669529664));
#2340=CARTESIAN_POINT('',(-0.045,0.051875,0.014));
#2341=CARTESIAN_POINT('',(-0.045,0.0536427669529664,0.0157677669529664));
#2342=CARTESIAN_POINT('',(-0.045,0.0527588834764832,0.0166516504294496));
#2343=CARTESIAN_POINT('',(-0.045,0.0875,0.028));
#2344=CARTESIAN_POINT('',(-0.045,0.0875,0.028));
#2345=CARTESIAN_POINT('',(-0.045,0.0875,0.00099999999999998));
#2346=CARTESIAN_POINT('',(-0.045,0.0175,0.000999999999999972));
#2347=CARTESIAN_POINT('',(-0.045,0.0175,0.000999999999999973));
#2348=CARTESIAN_POINT('',(-0.045,0.0175,0.028));
#2349=CARTESIAN_POINT('',(-0.045,0.0175,0.028));
#2350=CARTESIAN_POINT('',(-0.045,0.,0.028));
#2351=CARTESIAN_POINT('',(0.,1.38777878078145E-17,0.028));
#2352=CARTESIAN_POINT('',(1.04083408558608E-17,0.0825,0.028));
#2353=CARTESIAN_POINT('',(1.38777878078145E-18,0.0175,0.028));
#2354=CARTESIAN_POINT('',(1.38777878078145E-18,0.0175,0.028));
#2355=CARTESIAN_POINT('',(0.045,0.0175,0.028));
#2356=CARTESIAN_POINT('',(0.045,0.,0.028));
#2357=CARTESIAN_POINT('',(0.045,0.0875,0.028));
#2358=CARTESIAN_POINT('',(6.93889390390723E-18,0.0875,0.028));
#2359=CARTESIAN_POINT('',(0.0415,0.0875,0.028));
#2360=CARTESIAN_POINT('',(0.224344364684494,0.0875,0.028));
#2361=CARTESIAN_POINT('',(0.0385,0.0875,0.028));
#2362=CARTESIAN_POINT('',(6.93889390390723E-18,0.0875,0.028));
#2363=CARTESIAN_POINT('',(-0.0385,0.0875,0.028));
#2364=CARTESIAN_POINT('',(0.224344364684494,0.0875,0.028));
#2365=CARTESIAN_POINT('',(-0.0415,0.0875,0.028));
#2366=CARTESIAN_POINT('',(6.93889390390723E-18,0.0875,0.028));
#2367=CARTESIAN_POINT('',(-0.000348404049873352,0.212647606349233,-2.77555756156289E-17));
#2368=CARTESIAN_POINT('',(-0.0788938296395504,0.107920372229663,-2.77555756156289E-17));
#2369=CARTESIAN_POINT('',(-0.00416666666666666,0.051875,-2.77555756156289E-17));
#2370=CARTESIAN_POINT('',(-0.041,0.0795,-2.77555756156289E-17));
#2371=CARTESIAN_POINT('',(-0.041,0.212647606349233,-2.77555756156289E-17));
#2372=CARTESIAN_POINT('',(-0.041,0.02425,-2.77555756156289E-17));
#2373=CARTESIAN_POINT('',(-0.00523333333333335,0.051075,-2.77555756156289E-17));
#2374=CARTESIAN_POINT('',(-0.0758938296395504,0.111920372229663,-2.77555756156289E-17));
#2375=CARTESIAN_POINT('',(0.0041666666666667,0.051875,-2.77555756156289E-17));
#2376=CARTESIAN_POINT('',(0.041,0.02425,-2.77555756156289E-17));
#2377=CARTESIAN_POINT('',(0.041,0.0775,-2.77555756156289E-17));
#2378=CARTESIAN_POINT('',(0.041,0.0795,-2.77555756156289E-17));
#2379=CARTESIAN_POINT('',(0.0784478724557126,0.107585904341784,-2.77555756156289E-17));
#2380=CARTESIAN_POINT('',(-0.000348404049873352,0.0835,-2.77555756156289E-17));
#2381=CARTESIAN_POINT('',(0.038,0.0835,-2.77555756156289E-17));
#2382=CARTESIAN_POINT('',(-0.038,0.0835,-2.77555756156289E-17));
#2383=CARTESIAN_POINT('',(-0.0758938296395504,0.111920372229663,-2.77555756156289E-17));
#2384=CARTESIAN_POINT('',(2.60190451360313E-17,0.055,-2.77555756156289E-17));
#2385=CARTESIAN_POINT('',(0.0356,0.0817,-2.77555756156289E-17));
#2386=CARTESIAN_POINT('',(-0.044,0.0875,-2.77555756156289E-17));
#2387=CARTESIAN_POINT('',(-0.044,0.0185,-2.77555756156289E-17));
#2388=CARTESIAN_POINT('',(-0.044,0.0865,-2.77555756156289E-17));
#2389=CARTESIAN_POINT('',(-0.0415,0.0865,-2.77555756156289E-17));
#2390=CARTESIAN_POINT('',(-0.0405,0.0865,-2.77555756156289E-17));
#2391=CARTESIAN_POINT('',(-0.0405,0.212647606349233,-2.77555756156289E-17));
#2392=CARTESIAN_POINT('',(-0.0405,0.0886339745962155,-2.77555756156289E-17));
#2393=CARTESIAN_POINT('',(-0.04,0.0895,-2.77555756156289E-17));
#2394=CARTESIAN_POINT('',(-0.0395,0.0886339745962155,-2.77555756156289E-17));
#2395=CARTESIAN_POINT('',(-0.0395,0.0875,-2.77555756156289E-17));
#2396=CARTESIAN_POINT('',(-0.0395,0.0865,-2.77555756156289E-17));
#2397=CARTESIAN_POINT('',(0.0385,0.0865,-2.77555756156289E-17));
#2398=CARTESIAN_POINT('',(0.0395,0.0865,-2.77555756156289E-17));
#2399=CARTESIAN_POINT('',(0.0395,0.212647606349233,-2.77555756156289E-17));
#2400=CARTESIAN_POINT('',(0.0395,0.0886339745962155,-2.77555756156289E-17));
#2401=CARTESIAN_POINT('',(0.04,0.0895,-2.77555756156289E-17));
#2402=CARTESIAN_POINT('',(0.0405,0.0886339745962155,-2.77555756156289E-17));
#2403=CARTESIAN_POINT('',(0.0405,0.0875,-2.77555756156289E-17));
#2404=CARTESIAN_POINT('',(0.0405,0.0865,-2.77555756156289E-17));
#2405=CARTESIAN_POINT('',(0.045,0.0865,-2.77555756156289E-17));
#2406=CARTESIAN_POINT('',(0.044,0.0865,-2.77555756156289E-17));
#2407=CARTESIAN_POINT('',(0.044,0.212647606349233,-2.77555756156289E-17));
#2408=CARTESIAN_POINT('',(0.044,0.0185,-2.77555756156289E-17));
#2409=CARTESIAN_POINT('',(-0.000348404049873368,0.0185,-2.77555756156289E-17));
#2410=CARTESIAN_POINT('',(0.0403333333333334,0.0185,-2.77555756156289E-17));
#2411=CARTESIAN_POINT('',(-0.0788938296395504,0.107920372229663,-2.77555756156289E-17));
#2412=CARTESIAN_POINT('',(9.45062893683199E-19,0.04875,-2.77555756156289E-17));
#2413=CARTESIAN_POINT('',(0.0784478724557126,0.107585904341784,-2.77555756156289E-17));
#2414=CARTESIAN_POINT('',(-0.0403333333333334,0.0185,-2.77555756156289E-17));
#2415=CARTESIAN_POINT('',(-0.000348404049873368,0.0185,-2.77555756156289E-17));
#2416=CARTESIAN_POINT('',(-0.0385,0.0878385621722337,0.028002));
#2417=CARTESIAN_POINT('',(-0.0385,0.0875,0.028002));
#2418=CARTESIAN_POINT('',(-0.0385,0.0875,0.00099999999999998));
#2419=CARTESIAN_POINT('',(-0.0385,0.0881771243444676,0.000999999999999972));
#2420=CARTESIAN_POINT('',(-0.0385,0.0881771243444676,0.000999999999999973));
#2421=CARTESIAN_POINT('',(-0.0385,0.0881771243444676,0.028002));
#2422=CARTESIAN_POINT('',(-0.0385,0.0881771243444676,0.0273228756555324));
#2423=CARTESIAN_POINT('',(-0.0385,0.0876682810861169,0.0278317189138831));
#2424=CARTESIAN_POINT('',(-0.04,0.0895,0.028002));
#2425=CARTESIAN_POINT('',(-0.04,0.0895,0.000999999999999966));
#2426=CARTESIAN_POINT('',(-0.0415,0.0881771243444676,0.000999999999999973));
#2427=CARTESIAN_POINT('',(-0.0415,0.0881771243444676,0.028002));
#2428=CARTESIAN_POINT('',(-0.0415,0.0881771243444676,0.0273228756555324));
#2429=CARTESIAN_POINT('',(-0.04,0.0895,0.026));
#2430=CARTESIAN_POINT('',(-0.0415,0.0878385621722337,0.028002));
#2431=CARTESIAN_POINT('',(-0.0415,0.0878385621722337,0.000999999999999973));
#2432=CARTESIAN_POINT('',(-0.0415,0.0875,0.00099999999999998));
#2433=CARTESIAN_POINT('',(-0.0415,0.0875,0.028002));
#2434=CARTESIAN_POINT('',(-0.0415,0.0876682810861169,0.0278317189138831));
#2435=CARTESIAN_POINT('',(0.0415,0.0878385621722337,0.028002));
#2436=CARTESIAN_POINT('',(0.0415,0.0875,0.028002));
#2437=CARTESIAN_POINT('',(0.0415,0.0875,0.00099999999999998));
#2438=CARTESIAN_POINT('',(0.0415,0.0881771243444676,0.000999999999999972));
#2439=CARTESIAN_POINT('',(0.0415,0.0881771243444676,0.000999999999999973));
#2440=CARTESIAN_POINT('',(0.0415,0.0881771243444676,0.028002));
#2441=CARTESIAN_POINT('',(0.0415,0.0881771243444676,0.0273228756555324));
#2442=CARTESIAN_POINT('',(0.0415,0.0876682810861169,0.0278317189138831));
#2443=CARTESIAN_POINT('',(0.0385,0.0878385621722337,0.028002));
#2444=CARTESIAN_POINT('',(0.0385,0.0881771243444676,0.028002));
#2445=CARTESIAN_POINT('',(0.0385,0.0881771243444676,0.0273228756555324));
#2446=CARTESIAN_POINT('',(0.0385,0.0881771243444676,0.000999999999999973));
#2447=CARTESIAN_POINT('',(0.0385,0.0878385621722337,0.000999999999999973));
#2448=CARTESIAN_POINT('',(0.0385,0.0875,0.00099999999999998));
#2449=CARTESIAN_POINT('',(0.0385,0.0875,0.028002));
#2450=CARTESIAN_POINT('',(0.0385,0.0876682810861169,0.0278317189138831));
#2451=CARTESIAN_POINT('',(0.04,0.0895,0.028002));
#2452=CARTESIAN_POINT('',(0.04,0.0895,0.000999999999999966));
#2453=CARTESIAN_POINT('',(0.04,0.0895,0.026));
#2454=CARTESIAN_POINT('',(6.93889390390723E-18,0.0875,0.028));
#2455=CARTESIAN_POINT('',(0.045,0.0875,0.028));
#2456=CARTESIAN_POINT('',(0.045,0.0875,0.00099999999999998));
#2457=CARTESIAN_POINT('',(0.0415,0.0875,0.000999999999999972));
#2458=CARTESIAN_POINT('',(6.93889390390723E-18,0.0875,0.028));
#2459=CARTESIAN_POINT('',(-0.0385,0.0875,0.000999999999999972));
#2460=CARTESIAN_POINT('',(0.000883883476483199,0.0875,0.0166516504294496));
#2461=CARTESIAN_POINT('',(0.0017677669529664,0.0875,0.0157677669529664));
#2462=CARTESIAN_POINT('',(4.33680868994202E-18,0.0875,0.0175355339059328));
#2463=CARTESIAN_POINT('',(-0.000883883476483186,0.0875,0.0166516504294496));
#2464=CARTESIAN_POINT('',(-0.00176776695296636,0.0875,0.0157677669529664));
#2465=CARTESIAN_POINT('',(7.71163484399306E-18,0.0875,0.014));
#2466=CARTESIAN_POINT('',(1.04083408558608E-17,0.0825,0.028));
#2467=CARTESIAN_POINT('',(-0.035,0.0825,0.028));
#2468=CARTESIAN_POINT('',(-0.035,0.0825,0.005));
#2469=CARTESIAN_POINT('',(-0.035,0.0825,0.00099999999999998));
#2470=CARTESIAN_POINT('',(1.04083408558608E-17,0.0825,0.000999999999999973));
#2471=CARTESIAN_POINT('',(0.035,0.0825,0.00099999999999998));
#2472=CARTESIAN_POINT('',(0.035,0.0825,0.028));
#2473=CARTESIAN_POINT('',(0.035,0.0825,0.005));
#2474=CARTESIAN_POINT('',(5.1547655033346E-18,0.0825,0.005));
#2475=CARTESIAN_POINT('',(5.1547655033346E-18,0.0825,0.023));
#2476=CARTESIAN_POINT('',(5.1547655033346E-18,0.0825,0.023));
#2477=CARTESIAN_POINT('',(5.1547655033346E-18,0.0825,0.005));
#2478=CARTESIAN_POINT('',(-0.00150260191002141,0.0825,0.0185078057300643));
#2479=CARTESIAN_POINT('',(1.12757025938492E-17,0.0825,0.0200104076400857));
#2480=CARTESIAN_POINT('',(-0.00300520382004283,0.0825,0.0170052038200428));
#2481=CARTESIAN_POINT('',(0.00150260191002145,0.0825,0.0185078057300643));
#2482=CARTESIAN_POINT('',(0.00300520382004287,0.0825,0.0170052038200428));
#2483=CARTESIAN_POINT('',(1.56580167647922E-17,0.0825,0.014));
#2484=CARTESIAN_POINT('',(6.93889390390723E-18,0.0875,0.028));
#2485=CARTESIAN_POINT('',(-0.045,0.0875,0.000999999999999972));
#2486=CARTESIAN_POINT('',(0.045,0.,0.028));
#2487=CARTESIAN_POINT('',(0.045,0.0175,0.00666514295339585));
#2488=CARTESIAN_POINT('',(0.045,0.0175,0.000999999999999972));
#2489=CARTESIAN_POINT('',(0.045,0.,0.000999999999999973));
#2490=CARTESIAN_POINT('',(-0.000883883476483186,0.087502,0.0166516504294496));
#2491=CARTESIAN_POINT('',(-0.000883883476483186,0.0835,0.0166516504294496));
#2492=CARTESIAN_POINT('',(1.0842021724855E-19,0.0835,0.0175355339059328));
#2493=CARTESIAN_POINT('',(-0.00176776695296636,0.0835,0.0157677669529664));
#2494=CARTESIAN_POINT('',(-0.00176776695296636,0.087502,0.0157677669529664));
#2495=CARTESIAN_POINT('',(1.0842021724855E-19,0.087502,0.0175355339059328));
#2496=CARTESIAN_POINT('',(7.71163484399306E-18,0.087502,0.014));
#2497=CARTESIAN_POINT('',(7.71163484399306E-18,0.0835,0.014));
#2498=CARTESIAN_POINT('',(0.0017677669529664,0.0835,0.0157677669529664));
#2499=CARTESIAN_POINT('',(0.0017677669529664,0.087502,0.0157677669529664));
#2500=CARTESIAN_POINT('',(0.000883883476483199,0.087502,0.0166516504294496));
#2501=CARTESIAN_POINT('',(0.000883883476483199,0.0835,0.0166516504294496));
#2502=CARTESIAN_POINT('',(-0.00150260191002141,0.0835,0.0185078057300643));
#2503=CARTESIAN_POINT('',(-0.00300520382004283,0.0835,0.0170052038200428));
#2504=CARTESIAN_POINT('',(-0.00300520382004283,0.0835,0.0170052038200428));
#2505=CARTESIAN_POINT('',(-0.00150260191002141,0.0835,0.0185078057300643));
#2506=CARTESIAN_POINT('',(1.12757025938492E-17,0.0835,0.0200104076400857));
#2507=CARTESIAN_POINT('',(1.12757025938492E-17,0.0835,0.0200104076400857));
#2508=CARTESIAN_POINT('',(1.56580167647922E-17,0.0835,0.014));
#2509=CARTESIAN_POINT('',(0.00300520382004287,0.0835,0.0170052038200428));
#2510=CARTESIAN_POINT('',(0.00300520382004287,0.0835,0.0170052038200428));
#2511=CARTESIAN_POINT('',(1.56580167647922E-17,0.0835,0.014));
#2512=CARTESIAN_POINT('',(0.00150260191002145,0.0835,0.0185078057300643));
#2513=CARTESIAN_POINT('',(0.00150260191002145,0.0835,0.0185078057300643));
#2514=CARTESIAN_POINT('',(0.,0.0835,-0.062));
#2515=CARTESIAN_POINT('',(0.224344364684494,0.0895,0.026));
#2516=CARTESIAN_POINT('',(0.224344364684494,0.0895,0.026));
#2517=CARTESIAN_POINT('',(-0.227924155556905,0.0175,0.00666514295339585));
#2518=CARTESIAN_POINT('',(0.04,0.0175,0.028));
#2519=CARTESIAN_POINT('',(0.04,0.0175,0.000999999999999973));
#2520=CARTESIAN_POINT('',(-0.227924155556905,0.0175,0.000999999999999972));
#2521=CARTESIAN_POINT('',(-0.227924155556905,0.0175,0.00666514295339585));
#2522=CARTESIAN_POINT('',(-0.227924155556905,0.0175,0.000999999999999972));
#2523=CARTESIAN_POINT('',(-0.04,0.0175,0.000999999999999973));
#2524=CARTESIAN_POINT('',(-0.04,0.0175,0.028));
#2525=CARTESIAN_POINT('',(0.0229166666666667,0.0646875,0.028002));
#2526=CARTESIAN_POINT('',(0.00583333333333336,0.051875,0.028002));
#2527=CARTESIAN_POINT('',(0.00583333333333336,0.051875,0.005));
#2528=CARTESIAN_POINT('',(0.00583333333333336,0.051875,0.000999999999999973));
#2529=CARTESIAN_POINT('',(0.0229166666666667,0.0646875,0.000999999999999973));
#2530=CARTESIAN_POINT('',(0.0229166666666667,0.0646875,0.005));
#2531=CARTESIAN_POINT('',(0.0229166666666667,0.0390625,0.028002));
#2532=CARTESIAN_POINT('',(0.0229166666666667,0.0390625,0.000999999999999973));
#2533=CARTESIAN_POINT('',(0.0229166666666667,0.0390625,0.005));
#2534=CARTESIAN_POINT('',(0.02,0.0325,0.028002));
#2535=CARTESIAN_POINT('',(5.55111512312578E-18,0.0475,0.028002));
#2536=CARTESIAN_POINT('',(6.93889390390723E-18,0.0475,0.005));
#2537=CARTESIAN_POINT('',(5.55111512312578E-18,0.0475,0.000999999999999973));
#2538=CARTESIAN_POINT('',(0.02,0.0325,0.000999999999999973));
#2539=CARTESIAN_POINT('',(0.02,0.0325,0.005));
#2540=CARTESIAN_POINT('',(-0.02,0.0325,0.028002));
#2541=CARTESIAN_POINT('',(-0.02,0.0325,0.000999999999999973));
#2542=CARTESIAN_POINT('',(-0.02,0.0325,0.005));
#2543=CARTESIAN_POINT('',(-0.0229166666666667,0.0390625,0.028002));
#2544=CARTESIAN_POINT('',(-0.00583333333333334,0.051875,0.028002));
#2545=CARTESIAN_POINT('',(-0.00583333333333334,0.051875,0.005));
#2546=CARTESIAN_POINT('',(-0.00583333333333334,0.051875,0.000999999999999973));
#2547=CARTESIAN_POINT('',(-0.04,0.02625,0.000999999999999973));
#2548=CARTESIAN_POINT('',(-0.0229166666666667,0.0390625,0.005));
#2549=CARTESIAN_POINT('',(-0.0229166666666667,0.0646875,0.028002));
#2550=CARTESIAN_POINT('',(-0.0229166666666667,0.0646875,0.000999999999999973));
#2551=CARTESIAN_POINT('',(-0.0229166666666667,0.0646875,0.005));
#2552=CARTESIAN_POINT('',(-0.0175,0.069375,0.028002));
#2553=CARTESIAN_POINT('',(1.21430643318376E-17,0.05625,0.028002));
#2554=CARTESIAN_POINT('',(1.38777878078145E-17,0.05625,0.005));
#2555=CARTESIAN_POINT('',(1.21430643318376E-17,0.05625,0.000999999999999973));
#2556=CARTESIAN_POINT('',(-0.0175,0.069375,0.000999999999999973));
#2557=CARTESIAN_POINT('',(-0.0175,0.069375,0.005));
#2558=CARTESIAN_POINT('',(0.0175,0.069375,0.028002));
#2559=CARTESIAN_POINT('',(1.05167610731094E-17,0.05625,0.000999999999999973));
#2560=CARTESIAN_POINT('',(0.0175,0.069375,0.005));
#2561=CARTESIAN_POINT('',(5.1547655033346E-18,0.082502,0.005));
#2562=CARTESIAN_POINT('',(5.1547655033346E-18,0.082502,0.023));
#2563=CARTESIAN_POINT('',(-0.0425,0.049875,0.0105358983848623));
#2564=CARTESIAN_POINT('',(-0.0425,0.051875,0.00938119784648301));
#2565=CARTESIAN_POINT('',(-0.0425,0.051875,0.00938119784648301));
#2566=CARTESIAN_POINT('',(-0.0425,0.049875,0.0105358983848623));
#2567=CARTESIAN_POINT('',(-0.0425,0.047875,0.0116905989232415));
#2568=CARTESIAN_POINT('',(-0.0425,0.047875,0.0116905989232415));
#2569=CARTESIAN_POINT('',(-0.0425,0.053875,0.0105358983848623));
#2570=CARTESIAN_POINT('',(-0.0425,0.055875,0.0116905989232415));
#2571=CARTESIAN_POINT('',(-0.0425,0.055875,0.0116905989232415));
#2572=CARTESIAN_POINT('',(-0.0425,0.053875,0.0105358983848623));
#2573=CARTESIAN_POINT('',(-0.0425,0.055875,0.014));
#2574=CARTESIAN_POINT('',(-0.0425,0.055875,0.0163094010767585));
#2575=CARTESIAN_POINT('',(-0.0425,0.055875,0.0163094010767585));
#2576=CARTESIAN_POINT('',(-0.0425,0.055875,0.014));
#2577=CARTESIAN_POINT('',(-0.0425,0.053875,0.0174641016151378));
#2578=CARTESIAN_POINT('',(-0.0425,0.051875,0.018618802153517));
#2579=CARTESIAN_POINT('',(-0.0425,0.051875,0.018618802153517));
#2580=CARTESIAN_POINT('',(-0.0425,0.053875,0.0174641016151378));
#2581=CARTESIAN_POINT('',(-0.0425,0.049875,0.0174641016151378));
#2582=CARTESIAN_POINT('',(-0.0425,0.047875,0.0163094010767585));
#2583=CARTESIAN_POINT('',(-0.0425,0.047875,0.0163094010767585));
#2584=CARTESIAN_POINT('',(-0.0425,0.049875,0.0174641016151378));
#2585=CARTESIAN_POINT('',(-0.0425,0.047875,0.014));
#2586=CARTESIAN_POINT('',(-0.0425,0.047875,0.014));
#2587=CARTESIAN_POINT('',(-0.0425,0.05,0.014));
#2588=CARTESIAN_POINT('',(-0.0425,0.0527588834764832,0.0166516504294496));
#2589=CARTESIAN_POINT('',(-0.0425,0.051875,0.0175355339059328));
#2590=CARTESIAN_POINT('',(-0.0425,0.0536427669529664,0.0157677669529664));
#2591=CARTESIAN_POINT('',(-0.0425,0.051875,0.014));
#2592=CARTESIAN_POINT('',(-0.0425,0.0501072330470337,0.0157677669529664));
#2593=CARTESIAN_POINT('',(-0.0425,0.0509911165235168,0.0166516504294496));
#2594=CARTESIAN_POINT('',(0.045002,0.0527588834764832,0.0166516504294496));
#2595=CARTESIAN_POINT('',(0.045002,0.051875,0.0175355339059328));
#2596=CARTESIAN_POINT('',(0.045002,0.0536427669529664,0.0157677669529664));
#2597=CARTESIAN_POINT('',(0.045002,0.0509911165235168,0.0166516504294496));
#2598=CARTESIAN_POINT('',(0.045002,0.0501072330470336,0.0157677669529664));
#2599=CARTESIAN_POINT('',(0.045002,0.051875,0.014));
#2600=CARTESIAN_POINT('',(0.0425,0.051875,0.014));
#2601=CARTESIAN_POINT('',(0.0425,0.0488697961799572,0.0170052038200428));
#2602=CARTESIAN_POINT('',(0.0425,0.0488697961799572,0.0170052038200428));
#2603=CARTESIAN_POINT('',(0.0425,0.051875,0.014));
#2604=CARTESIAN_POINT('',(0.0425,0.0548802038200428,0.0170052038200428));
#2605=CARTESIAN_POINT('',(0.0425,0.0548802038200428,0.0170052038200428));
#2606=CARTESIAN_POINT('',(0.0425,0.0503723980899786,0.0185078057300643));
#2607=CARTESIAN_POINT('',(0.0425,0.051875,0.0200104076400856));
#2608=CARTESIAN_POINT('',(0.0425,0.051875,0.0200104076400856));
#2609=CARTESIAN_POINT('',(0.0425,0.0503723980899786,0.0185078057300643));
#2610=CARTESIAN_POINT('',(0.0425,0.0533776019100214,0.0185078057300643));
#2611=CARTESIAN_POINT('',(0.0425,0.0533776019100214,0.0185078057300643));
#2612=CARTESIAN_POINT('',(0.0425,0.05,0.014));
#2613=CARTESIAN_POINT('',(-0.0223166666666667,0.0382625,0.000999999999999973));
#2614=CARTESIAN_POINT('',(-0.041,0.02425,0.000999999999999973));
#2615=CARTESIAN_POINT('',(-0.00416666666666666,0.051875,0.000999999999999973));
#2616=CARTESIAN_POINT('',(-0.0788938296395504,0.107920372229663,0.000999999999999972));
#2617=CARTESIAN_POINT('',(-0.041,0.0795,0.000999999999999973));
#2618=CARTESIAN_POINT('',(-0.041,8.95341148891255E-20,0.000999999999999973));
#2619=CARTESIAN_POINT('',(-0.0758938296395504,0.111920372229663,0.000999999999999972));
#2620=CARTESIAN_POINT('',(0.041,0.02425,0.000999999999999972));
#2621=CARTESIAN_POINT('',(0.0041666666666667,0.051875,0.000999999999999972));
#2622=CARTESIAN_POINT('',(0.0784478724557126,0.107585904341784,0.000999999999999972));
#2623=CARTESIAN_POINT('',(0.041,0.0795,0.000999999999999972));
#2624=CARTESIAN_POINT('',(0.041,0.212647606349233,0.000999999999999972));
#2625=CARTESIAN_POINT('',(1.04083408558608E-17,0.0835,0.000999999999999973));
#2626=CARTESIAN_POINT('',(-0.038,0.0835,0.000999999999999973));
#2627=CARTESIAN_POINT('',(0.038,0.0835,0.000999999999999973));
#2628=CARTESIAN_POINT('',(0.0181,0.068575,0.000999999999999973));
#2629=CARTESIAN_POINT('',(3.81639164714897E-17,0.055,0.000999999999999973));
#2630=CARTESIAN_POINT('',(-0.0758938296395504,0.111920372229663,0.000999999999999972));
#2631=CARTESIAN_POINT('',(-0.000348404049873352,0.0865,0.000999999999999972));
#2632=CARTESIAN_POINT('',(0.0395,0.0865,0.000999999999999973));
#2633=CARTESIAN_POINT('',(-0.0395,0.0865,0.000999999999999972));
#2634=CARTESIAN_POINT('',(-0.0395,0.212647606349233,0.000999999999999972));
#2635=CARTESIAN_POINT('',(-0.0385,0.0881771243444676,0.000999999999999973));
#2636=CARTESIAN_POINT('',(-0.0385,0.0881771243444676,0.000721586337135199));
#2637=CARTESIAN_POINT('',(-0.0387467152345426,0.0882662161346467,0.000184144254535691));
#2638=CARTESIAN_POINT('',(-0.039262271516985,0.0884969903452961,-2.72791195827984E-17));
#2639=CARTESIAN_POINT('',(-0.0395,0.0886339745962155,-2.72791195827984E-17));
#2640=CARTESIAN_POINT('',(0.0395,0.0878385621722337,0.000999999999999973));
#2641=CARTESIAN_POINT('',(0.0385,0.0881771243444676,0.000999999999999973));
#2642=CARTESIAN_POINT('',(0.0385,0.0881771243444676,0.000721586337135199));
#2643=CARTESIAN_POINT('',(0.0387467152345405,0.0882662161346503,0.00018414425453569));
#2644=CARTESIAN_POINT('',(0.0392622715169891,0.0884969903452889,-3.11233965003558E-17));
#2645=CARTESIAN_POINT('',(0.0395,0.0886339745962155,-2.68454387138041E-17));
#2646=CARTESIAN_POINT('',(-0.04,0.0895,0.000999999999999973));
#2647=CARTESIAN_POINT('',(-0.0415,0.0881771243444676,0.000999999999999973));
#2648=CARTESIAN_POINT('',(-0.0415,0.0881771243444676,0.0007215863371352));
#2649=CARTESIAN_POINT('',(-0.0412532847654595,0.0882662161346504,0.000184144254535694));
#2650=CARTESIAN_POINT('',(-0.0407377284830108,0.0884969903452888,-3.1123396500357E-17));
#2651=CARTESIAN_POINT('',(-0.0405,0.0886339745962155,-2.68454387138041E-17));
#2652=CARTESIAN_POINT('',(0.04,0.0895,0.000999999999999973));
#2653=CARTESIAN_POINT('',(0.0415,0.0881771243444676,0.000999999999999973));
#2654=CARTESIAN_POINT('',(0.0415,0.0881771243444676,0.0007215863371352));
#2655=CARTESIAN_POINT('',(0.0412532847654572,0.0882662161346464,0.000184144254535692));
#2656=CARTESIAN_POINT('',(0.0407377284830154,0.0884969903452969,-2.72791195827984E-17));
#2657=CARTESIAN_POINT('',(0.0405,0.0886339745962155,-2.72791195827984E-17));
#2658=CARTESIAN_POINT('',(-0.0405,0.0878385621722337,0.000999999999999973));
#2659=CARTESIAN_POINT('',(-0.0405,0.0865,0.000999999999999973));
#2660=CARTESIAN_POINT('',(0.0405,0.212647606349233,0.000999999999999972));
#2661=CARTESIAN_POINT('',(0.0405,0.0865,0.000999999999999972));
#2662=CARTESIAN_POINT('',(-0.000348404049873352,0.0865,0.000999999999999972));
#2663=CARTESIAN_POINT('',(-0.044,0.0865,0.000999999999999972));
#2664=CARTESIAN_POINT('',(-0.000348404049873352,0.0865,0.000999999999999972));
#2665=CARTESIAN_POINT('',(0.044,0.0865,0.000999999999999973));
#2666=CARTESIAN_POINT('',(-0.044,0.212647606349233,0.000999999999999972));
#2667=CARTESIAN_POINT('',(-0.044,0.0185,0.000999999999999972));
#2668=CARTESIAN_POINT('',(0.044,7.93016446160826E-20,0.000999999999999973));
#2669=CARTESIAN_POINT('',(0.044,0.0185,0.000999999999999973));
#2670=CARTESIAN_POINT('',(-0.000348404049873368,0.0185,0.000999999999999972));
#2671=CARTESIAN_POINT('',(-0.0403333333333334,0.0185,0.000999999999999972));
#2672=CARTESIAN_POINT('',(-0.000348404049873368,0.0185,0.000999999999999972));
#2673=CARTESIAN_POINT('',(0.0403333333333333,0.0185,0.000999999999999972));
#2674=CARTESIAN_POINT('',(0.0784478724557126,0.107585904341784,0.000999999999999972));
#2675=CARTESIAN_POINT('',(6.93889390390723E-18,0.04875,0.000999999999999972));
#2676=CARTESIAN_POINT('',(-0.0788938296395504,0.107920372229663,0.000999999999999972));
#2677=MECHANICAL_DESIGN_GEOMETRIC_PRESENTATION_REPRESENTATION('',(#1634),
#2678);
#2678=(
GEOMETRIC_REPRESENTATION_CONTEXT(3)
GLOBAL_UNCERTAINTY_ASSIGNED_CONTEXT((#2679))
GLOBAL_UNIT_ASSIGNED_CONTEXT((#2682,#2681,#2680))
REPRESENTATION_CONTEXT('Cubby Legs','TOP_LEVEL_ASSEMBLY_PART')
);
#2679=UNCERTAINTY_MEASURE_WITH_UNIT(LENGTH_MEASURE(2.E-5),#2682,
'DISTANCE_ACCURACY_VALUE','Maximum Tolerance applied to model');
#2680=(
NAMED_UNIT(*)
SI_UNIT($,.STERADIAN.)
SOLID_ANGLE_UNIT()
);
#2681=(
NAMED_UNIT(*)
PLANE_ANGLE_UNIT()
SI_UNIT($,.RADIAN.)
);
#2682=(
LENGTH_UNIT()
NAMED_UNIT(*)
SI_UNIT($,.METRE.)
);
#2683=PRODUCT_DEFINITION_SHAPE('','',#2684);
#2684=PRODUCT_DEFINITION('','',#2686,#2685);
#2685=PRODUCT_DEFINITION_CONTEXT('',#2692,'design');
#2686=PRODUCT_DEFINITION_FORMATION_WITH_SPECIFIED_SOURCE('','',#2688,
 .NOT_KNOWN.);
#2687=PRODUCT_RELATED_PRODUCT_CATEGORY('','',(#2688));
#2688=PRODUCT('Cubby Legs','Cubby Legs','Cubby Legs',(#2690));
#2689=PRODUCT_CATEGORY('','');
#2690=PRODUCT_CONTEXT('',#2692,'mechanical');
#2691=APPLICATION_PROTOCOL_DEFINITION('international standard',
'ap242_managed_model_based_3d_engineering',2020,#2692);
#2692=APPLICATION_CONTEXT('managed model based 3d engineering');
ENDSEC;
END-ISO-10303-21;
