ISO-10303-21;
HEADER;
/* Generated by software containing ST-Developer
 * from STEP Tools, Inc. (www.steptools.com) 
 */
/* OPTION: using custom renumber hook */

FILE_DESCRIPTION(
/* description */ ('STEP AP242 Edition 2',
'CAx-IF Rec.Pracs.---Representation and Presentation of Product Manufa
cturing Information (PMI)---4.0---2014-10-13',
'CAx-IF Rec.Pracs.---3D Tessellated Geometry---0.4---2014-09-14','2;1',
'CAx-IF Rec.Pracs.---User Defined Attributes---1.5---2016-08-15'),
/* implementation_level */ '2;1');

FILE_NAME(
/* name */ 'Part Studio 1 - leadscrew block',
/* time_stamp */ '2026-08-27T00:16:21Z',
/* author */ (''),
/* organization */ (''),
/* preprocessor_version */ 'ST-DEVELOPER v20',
/* originating_system */ 'ONSHAPE BY PTC INC, 1.219',
/* authorisation */ '  ');

FILE_SCHEMA (('AP242_MANAGED_MODEL_BASED_3D_ENGINEERING_MIM_LF { 1 0 10303 442 3 1 4 }'));
ENDSEC;

DATA;
#10=SHAPE_REPRESENTATION_RELATIONSHIP('','',#2013,#11);
#11=ADVANCED_BREP_SHAPE_REPRESENTATION('',(#2011),#3389);
#12=DEGENERATE_TOROIDAL_SURFACE('',#2178,0.001,0.002,.T.);
#13=DEGENERATE_TOROIDAL_SURFACE('',#2182,0.000999999999999977,0.002,.T.);
#14=DEGENERATE_TOROIDAL_SURFACE('',#2191,0.001,0.002,.T.);
#15=DEGENERATE_TOROIDAL_SURFACE('',#2195,0.001,0.002,.T.);
#16=DEGENERATE_TOROIDAL_SURFACE('',#2200,0.00100000000000002,0.002,.T.);
#17=DEGENERATE_TOROIDAL_SURFACE('',#2207,0.001,0.002,.T.);
#18=DEGENERATE_TOROIDAL_SURFACE('',#2209,0.00100000000000002,0.002,.T.);
#19=DEGENERATE_TOROIDAL_SURFACE('',#2215,0.001,0.002,.T.);
#20=ELLIPSE('',#2062,0.0028284271247462,0.002);
#21=ELLIPSE('',#2063,0.0028284271247462,0.002);
#22=ELLIPSE('',#2094,0.00282842712474619,0.002);
#23=ELLIPSE('',#2095,0.00282842712474619,0.002);
#24=ELLIPSE('',#2166,0.00707106781186548,0.005);
#25=ELLIPSE('',#2175,0.00216478440058479,0.002);
#26=ELLIPSE('',#2185,0.00216478440058479,0.002);
#27=ELLIPSE('',#2188,0.00216478440058479,0.002);
#28=ELLIPSE('',#2198,0.00216478440058479,0.002);
#29=PLANE('',#2043);
#30=PLANE('',#2046);
#31=PLANE('',#2047);
#32=PLANE('',#2048);
#33=PLANE('',#2051);
#34=PLANE('',#2057);
#35=PLANE('',#2060);
#36=PLANE('',#2061);
#37=PLANE('',#2070);
#38=PLANE('',#2071);
#39=PLANE('',#2072);
#40=PLANE('',#2076);
#41=PLANE('',#2080);
#42=PLANE('',#2084);
#43=PLANE('',#2088);
#44=PLANE('',#2089);
#45=PLANE('',#2093);
#46=PLANE('',#2099);
#47=PLANE('',#2100);
#48=PLANE('',#2107);
#49=PLANE('',#2108);
#50=PLANE('',#2111);
#51=PLANE('',#2114);
#52=PLANE('',#2119);
#53=PLANE('',#2124);
#54=PLANE('',#2129);
#55=PLANE('',#2130);
#56=PLANE('',#2131);
#57=PLANE('',#2132);
#58=PLANE('',#2133);
#59=PLANE('',#2134);
#60=PLANE('',#2135);
#61=PLANE('',#2136);
#62=PLANE('',#2137);
#63=PLANE('',#2138);
#64=PLANE('',#2139);
#65=PLANE('',#2140);
#66=PLANE('',#2141);
#67=PLANE('',#2142);
#68=PLANE('',#2143);
#69=PLANE('',#2144);
#70=PLANE('',#2145);
#71=PLANE('',#2146);
#72=PLANE('',#2147);
#73=PLANE('',#2148);
#74=PLANE('',#2149);
#75=PLANE('',#2150);
#76=PLANE('',#2151);
#77=PLANE('',#2152);
#78=PLANE('',#2153);
#79=PLANE('',#2154);
#80=PLANE('',#2155);
#81=PLANE('',#2156);
#82=PLANE('',#2157);
#83=PLANE('',#2158);
#84=PLANE('',#2159);
#85=PLANE('',#2160);
#86=PLANE('',#2163);
#87=PLANE('',#2167);
#88=PLANE('',#2168);
#89=PLANE('',#2169);
#90=LINE('',#2847,#280);
#91=LINE('',#2851,#281);
#92=LINE('',#2855,#282);
#93=LINE('',#2859,#283);
#94=LINE('',#2863,#284);
#95=LINE('',#2867,#285);
#96=LINE('',#2871,#286);
#97=LINE('',#2875,#287);
#98=LINE('',#2877,#288);
#99=LINE('',#2880,#289);
#100=LINE('',#2882,#290);
#101=LINE('',#2886,#291);
#102=LINE('',#2889,#292);
#103=LINE('',#2892,#293);
#104=LINE('',#2893,#294);
#105=LINE('',#2895,#295);
#106=LINE('',#2897,#296);
#107=LINE('',#2899,#297);
#108=LINE('',#2901,#298);
#109=LINE('',#2903,#299);
#110=LINE('',#2905,#300);
#111=LINE('',#2906,#301);
#112=LINE('',#2908,#302);
#113=LINE('',#2910,#303);
#114=LINE('',#2912,#304);
#115=LINE('',#2914,#305);
#116=LINE('',#2916,#306);
#117=LINE('',#2918,#307);
#118=LINE('',#2919,#308);
#119=LINE('',#2921,#309);
#120=LINE('',#2923,#310);
#121=LINE('',#2925,#311);
#122=LINE('',#2927,#312);
#123=LINE('',#2929,#313);
#124=LINE('',#2931,#314);
#125=LINE('',#2932,#315);
#126=LINE('',#2934,#316);
#127=LINE('',#2936,#317);
#128=LINE('',#2938,#318);
#129=LINE('',#2940,#319);
#130=LINE('',#2942,#320);
#131=LINE('',#2945,#321);
#132=LINE('',#2947,#322);
#133=LINE('',#2949,#323);
#134=LINE('',#2950,#324);
#135=LINE('',#2952,#325);
#136=LINE('',#2954,#326);
#137=LINE('',#2956,#327);
#138=LINE('',#2958,#328);
#139=LINE('',#2960,#329);
#140=LINE('',#2962,#330);
#141=LINE('',#2966,#331);
#142=LINE('',#2968,#332);
#143=LINE('',#2970,#333);
#144=LINE('',#2982,#334);
#145=LINE('',#2984,#335);
#146=LINE('',#2985,#336);
#147=LINE('',#2987,#337);
#148=LINE('',#2991,#338);
#149=LINE('',#2994,#339);
#150=LINE('',#2997,#340);
#151=LINE('',#2999,#341);
#152=LINE('',#3001,#342);
#153=LINE('',#3004,#343);
#154=LINE('',#3007,#344);
#155=LINE('',#3009,#345);
#156=LINE('',#3017,#346);
#157=LINE('',#3021,#347);
#158=LINE('',#3024,#348);
#159=LINE('',#3026,#349);
#160=LINE('',#3028,#350);
#161=LINE('',#3030,#351);
#162=LINE('',#3031,#352);
#163=LINE('',#3033,#353);
#164=LINE('',#3035,#354);
#165=LINE('',#3038,#355);
#166=LINE('',#3040,#356);
#167=LINE('',#3042,#357);
#168=LINE('',#3044,#358);
#169=LINE('',#3047,#359);
#170=LINE('',#3049,#360);
#171=LINE('',#3051,#361);
#172=LINE('',#3055,#362);
#173=LINE('',#3059,#363);
#174=LINE('',#3061,#364);
#175=LINE('',#3063,#365);
#176=LINE('',#3067,#366);
#177=LINE('',#3071,#367);
#178=LINE('',#3073,#368);
#179=LINE('',#3075,#369);
#180=LINE('',#3079,#370);
#181=LINE('',#3083,#371);
#182=LINE('',#3085,#372);
#183=LINE('',#3087,#373);
#184=LINE('',#3091,#374);
#185=LINE('',#3095,#375);
#186=LINE('',#3097,#376);
#187=LINE('',#3099,#377);
#188=LINE('',#3101,#378);
#189=LINE('',#3104,#379);
#190=LINE('',#3106,#380);
#191=LINE('',#3108,#381);
#192=LINE('',#3112,#382);
#193=LINE('',#3116,#383);
#194=LINE('',#3118,#384);
#195=LINE('',#3120,#385);
#196=LINE('',#3122,#386);
#197=LINE('',#3126,#387);
#198=LINE('',#3130,#388);
#199=LINE('',#3132,#389);
#200=LINE('',#3136,#390);
#201=LINE('',#3140,#391);
#202=LINE('',#3141,#392);
#203=LINE('',#3145,#393);
#204=LINE('',#3149,#394);
#205=LINE('',#3153,#395);
#206=LINE('',#3157,#396);
#207=LINE('',#3160,#397);
#208=LINE('',#3161,#398);
#209=LINE('',#3163,#399);
#210=LINE('',#3165,#400);
#211=LINE('',#3167,#401);
#212=LINE('',#3171,#402);
#213=LINE('',#3173,#403);
#214=LINE('',#3175,#404);
#215=LINE('',#3179,#405);
#216=LINE('',#3182,#406);
#217=LINE('',#3186,#407);
#218=LINE('',#3190,#408);
#219=LINE('',#3192,#409);
#220=LINE('',#3198,#410);
#221=LINE('',#3203,#411);
#222=LINE('',#3207,#412);
#223=LINE('',#3211,#413);
#224=LINE('',#3220,#414);
#225=LINE('',#3222,#415);
#226=LINE('',#3224,#416);
#227=LINE('',#3226,#417);
#228=LINE('',#3228,#418);
#229=LINE('',#3230,#419);
#230=LINE('',#3232,#420);
#231=LINE('',#3234,#421);
#232=LINE('',#3236,#422);
#233=LINE('',#3238,#423);
#234=LINE('',#3240,#424);
#235=LINE('',#3242,#425);
#236=LINE('',#3244,#426);
#237=LINE('',#3247,#427);
#238=LINE('',#3249,#428);
#239=LINE('',#3251,#429);
#240=LINE('',#3253,#430);
#241=LINE('',#3255,#431);
#242=LINE('',#3257,#432);
#243=LINE('',#3259,#433);
#244=LINE('',#3261,#434);
#245=LINE('',#3263,#435);
#246=LINE('',#3265,#436);
#247=LINE('',#3267,#437);
#248=LINE('',#3269,#438);
#249=LINE('',#3271,#439);
#250=LINE('',#3274,#440);
#251=LINE('',#3276,#441);
#252=LINE('',#3278,#442);
#253=LINE('',#3280,#443);
#254=LINE('',#3282,#444);
#255=LINE('',#3284,#445);
#256=LINE('',#3286,#446);
#257=LINE('',#3288,#447);
#258=LINE('',#3290,#448);
#259=LINE('',#3292,#449);
#260=LINE('',#3294,#450);
#261=LINE('',#3296,#451);
#262=LINE('',#3298,#452);
#263=LINE('',#3301,#453);
#264=LINE('',#3303,#454);
#265=LINE('',#3305,#455);
#266=LINE('',#3307,#456);
#267=LINE('',#3309,#457);
#268=LINE('',#3311,#458);
#269=LINE('',#3313,#459);
#270=LINE('',#3315,#460);
#271=LINE('',#3317,#461);
#272=LINE('',#3319,#462);
#273=LINE('',#3321,#463);
#274=LINE('',#3323,#464);
#275=LINE('',#3325,#465);
#276=LINE('',#3337,#466);
#277=LINE('',#3338,#467);
#278=LINE('',#3340,#468);
#279=LINE('',#3341,#469);
#280=VECTOR('',#2260,1.);
#281=VECTOR('',#2263,1.);
#282=VECTOR('',#2266,1.);
#283=VECTOR('',#2269,1.);
#284=VECTOR('',#2272,1.);
#285=VECTOR('',#2275,1.);
#286=VECTOR('',#2278,1.);
#287=VECTOR('',#2281,1.);
#288=VECTOR('',#2284,1.);
#289=VECTOR('',#2285,1.);
#290=VECTOR('',#2286,1.);
#291=VECTOR('',#2289,1.);
#292=VECTOR('',#2292,1.);
#293=VECTOR('',#2293,1.);
#294=VECTOR('',#2294,1.);
#295=VECTOR('',#2295,1.);
#296=VECTOR('',#2296,1.);
#297=VECTOR('',#2297,1.);
#298=VECTOR('',#2298,1.);
#299=VECTOR('',#2299,1.);
#300=VECTOR('',#2300,1.);
#301=VECTOR('',#2301,1.);
#302=VECTOR('',#2302,1.);
#303=VECTOR('',#2303,1.);
#304=VECTOR('',#2304,1.);
#305=VECTOR('',#2305,1.);
#306=VECTOR('',#2306,1.);
#307=VECTOR('',#2307,1.);
#308=VECTOR('',#2308,1.);
#309=VECTOR('',#2309,1.);
#310=VECTOR('',#2310,1.);
#311=VECTOR('',#2311,1.);
#312=VECTOR('',#2312,1.);
#313=VECTOR('',#2313,1.);
#314=VECTOR('',#2314,1.);
#315=VECTOR('',#2315,1.);
#316=VECTOR('',#2316,1.);
#317=VECTOR('',#2317,1.);
#318=VECTOR('',#2318,1.);
#319=VECTOR('',#2319,1.);
#320=VECTOR('',#2322,1.);
#321=VECTOR('',#2323,1.);
#322=VECTOR('',#2324,1.);
#323=VECTOR('',#2325,1.);
#324=VECTOR('',#2326,1.);
#325=VECTOR('',#2329,1.);
#326=VECTOR('',#2330,1.);
#327=VECTOR('',#2333,1.);
#328=VECTOR('',#2334,1.);
#329=VECTOR('',#2335,1.);
#330=VECTOR('',#2336,1.);
#331=VECTOR('',#2341,1.);
#332=VECTOR('',#2344,1.);
#333=VECTOR('',#2345,1.);
#334=VECTOR('',#2360,1.);
#335=VECTOR('',#2361,1.);
#336=VECTOR('',#2362,1.);
#337=VECTOR('',#2363,1.);
#338=VECTOR('',#2366,1.);
#339=VECTOR('',#2371,1.);
#340=VECTOR('',#2372,1.);
#341=VECTOR('',#2373,1.);
#342=VECTOR('',#2374,1.);
#343=VECTOR('',#2377,1.);
#344=VECTOR('',#2380,1.);
#345=VECTOR('',#2383,1.);
#346=VECTOR('',#2392,1.);
#347=VECTOR('',#2397,1.);
#348=VECTOR('',#2398,1.);
#349=VECTOR('',#2399,1.);
#350=VECTOR('',#2400,1.);
#351=VECTOR('',#2401,1.);
#352=VECTOR('',#2402,1.);
#353=VECTOR('',#2403,1.);
#354=VECTOR('',#2406,1.);
#355=VECTOR('',#2407,1.);
#356=VECTOR('',#2408,1.);
#357=VECTOR('',#2409,1.);
#358=VECTOR('',#2412,1.);
#359=VECTOR('',#2413,1.);
#360=VECTOR('',#2414,1.);
#361=VECTOR('',#2415,1.);
#362=VECTOR('',#2420,1.);
#363=VECTOR('',#2425,1.);
#364=VECTOR('',#2426,1.);
#365=VECTOR('',#2427,1.);
#366=VECTOR('',#2432,1.);
#367=VECTOR('',#2437,1.);
#368=VECTOR('',#2438,1.);
#369=VECTOR('',#2439,1.);
#370=VECTOR('',#2444,1.);
#371=VECTOR('',#2449,1.);
#372=VECTOR('',#2450,1.);
#373=VECTOR('',#2451,1.);
#374=VECTOR('',#2456,1.);
#375=VECTOR('',#2461,1.);
#376=VECTOR('',#2462,1.);
#377=VECTOR('',#2463,1.);
#378=VECTOR('',#2466,1.);
#379=VECTOR('',#2467,1.);
#380=VECTOR('',#2468,1.);
#381=VECTOR('',#2469,1.);
#382=VECTOR('',#2474,1.);
#383=VECTOR('',#2479,1.);
#384=VECTOR('',#2480,1.);
#385=VECTOR('',#2481,1.);
#386=VECTOR('',#2482,1.);
#387=VECTOR('',#2485,1.);
#388=VECTOR('',#2488,1.);
#389=VECTOR('',#2489,1.);
#390=VECTOR('',#2494,1.);
#391=VECTOR('',#2499,1.);
#392=VECTOR('',#2500,1.);
#393=VECTOR('',#2507,1.);
#394=VECTOR('',#2510,1.);
#395=VECTOR('',#2513,1.);
#396=VECTOR('',#2520,1.);
#397=VECTOR('',#2521,1.);
#398=VECTOR('',#2522,1.);
#399=VECTOR('',#2525,1.);
#400=VECTOR('',#2526,1.);
#401=VECTOR('',#2527,1.);
#402=VECTOR('',#2532,1.);
#403=VECTOR('',#2535,1.);
#404=VECTOR('',#2536,1.);
#405=VECTOR('',#2543,1.);
#406=VECTOR('',#2544,1.);
#407=VECTOR('',#2547,1.);
#408=VECTOR('',#2550,1.);
#409=VECTOR('',#2551,1.);
#410=VECTOR('',#2558,1.);
#411=VECTOR('',#2561,1.);
#412=VECTOR('',#2564,1.);
#413=VECTOR('',#2567,1.);
#414=VECTOR('',#2582,1.);
#415=VECTOR('',#2583,1.);
#416=VECTOR('',#2584,1.);
#417=VECTOR('',#2587,1.);
#418=VECTOR('',#2588,1.);
#419=VECTOR('',#2591,1.);
#420=VECTOR('',#2594,1.);
#421=VECTOR('',#2595,1.);
#422=VECTOR('',#2598,1.);
#423=VECTOR('',#2599,1.);
#424=VECTOR('',#2602,1.);
#425=VECTOR('',#2603,1.);
#426=VECTOR('',#2606,1.);
#427=VECTOR('',#2611,1.);
#428=VECTOR('',#2612,1.);
#429=VECTOR('',#2613,1.);
#430=VECTOR('',#2616,1.);
#431=VECTOR('',#2619,1.);
#432=VECTOR('',#2620,1.);
#433=VECTOR('',#2623,1.);
#434=VECTOR('',#2624,1.);
#435=VECTOR('',#2627,1.);
#436=VECTOR('',#2628,1.);
#437=VECTOR('',#2631,1.);
#438=VECTOR('',#2632,1.);
#439=VECTOR('',#2635,1.);
#440=VECTOR('',#2640,1.);
#441=VECTOR('',#2641,1.);
#442=VECTOR('',#2642,1.);
#443=VECTOR('',#2645,1.);
#444=VECTOR('',#2648,1.);
#445=VECTOR('',#2649,1.);
#446=VECTOR('',#2652,1.);
#447=VECTOR('',#2653,1.);
#448=VECTOR('',#2656,1.);
#449=VECTOR('',#2657,1.);
#450=VECTOR('',#2660,1.);
#451=VECTOR('',#2661,1.);
#452=VECTOR('',#2664,1.);
#453=VECTOR('',#2669,1.);
#454=VECTOR('',#2670,1.);
#455=VECTOR('',#2673,1.);
#456=VECTOR('',#2674,1.);
#457=VECTOR('',#2677,1.);
#458=VECTOR('',#2678,1.);
#459=VECTOR('',#2681,1.);
#460=VECTOR('',#2682,1.);
#461=VECTOR('',#2685,1.);
#462=VECTOR('',#2686,1.);
#463=VECTOR('',#2689,1.);
#464=VECTOR('',#2690,1.);
#465=VECTOR('',#2693,1.);
#466=VECTOR('',#2712,1.);
#467=VECTOR('',#2713,1.);
#468=VECTOR('',#2716,1.);
#469=VECTOR('',#2717,1.);
#470=ORIENTED_EDGE('',*,*,#1034,.T.);
#471=ORIENTED_EDGE('',*,*,#1035,.F.);
#472=ORIENTED_EDGE('',*,*,#1036,.T.);
#473=ORIENTED_EDGE('',*,*,#1037,.F.);
#474=ORIENTED_EDGE('',*,*,#1038,.F.);
#475=ORIENTED_EDGE('',*,*,#1039,.T.);
#476=ORIENTED_EDGE('',*,*,#1040,.F.);
#477=ORIENTED_EDGE('',*,*,#1041,.T.);
#478=ORIENTED_EDGE('',*,*,#1042,.F.);
#479=ORIENTED_EDGE('',*,*,#1043,.T.);
#480=ORIENTED_EDGE('',*,*,#1044,.F.);
#481=ORIENTED_EDGE('',*,*,#1045,.T.);
#482=ORIENTED_EDGE('',*,*,#1046,.F.);
#483=ORIENTED_EDGE('',*,*,#1047,.T.);
#484=ORIENTED_EDGE('',*,*,#1048,.T.);
#485=ORIENTED_EDGE('',*,*,#1049,.T.);
#486=ORIENTED_EDGE('',*,*,#1050,.F.);
#487=ORIENTED_EDGE('',*,*,#1051,.T.);
#488=ORIENTED_EDGE('',*,*,#1052,.T.);
#489=ORIENTED_EDGE('',*,*,#1053,.T.);
#490=ORIENTED_EDGE('',*,*,#1054,.F.);
#491=ORIENTED_EDGE('',*,*,#1055,.T.);
#492=ORIENTED_EDGE('',*,*,#1056,.T.);
#493=ORIENTED_EDGE('',*,*,#1057,.T.);
#494=ORIENTED_EDGE('',*,*,#1058,.F.);
#495=ORIENTED_EDGE('',*,*,#1059,.T.);
#496=ORIENTED_EDGE('',*,*,#1060,.T.);
#497=ORIENTED_EDGE('',*,*,#1061,.T.);
#498=ORIENTED_EDGE('',*,*,#1062,.F.);
#499=ORIENTED_EDGE('',*,*,#1063,.F.);
#500=ORIENTED_EDGE('',*,*,#1064,.F.);
#501=ORIENTED_EDGE('',*,*,#1065,.T.);
#502=ORIENTED_EDGE('',*,*,#1066,.T.);
#503=ORIENTED_EDGE('',*,*,#1067,.T.);
#504=ORIENTED_EDGE('',*,*,#1068,.T.);
#505=ORIENTED_EDGE('',*,*,#1069,.F.);
#506=ORIENTED_EDGE('',*,*,#1070,.T.);
#507=ORIENTED_EDGE('',*,*,#1061,.F.);
#508=ORIENTED_EDGE('',*,*,#1071,.F.);
#509=ORIENTED_EDGE('',*,*,#1072,.F.);
#510=ORIENTED_EDGE('',*,*,#1073,.F.);
#511=ORIENTED_EDGE('',*,*,#1074,.F.);
#512=ORIENTED_EDGE('',*,*,#1075,.F.);
#513=ORIENTED_EDGE('',*,*,#1076,.F.);
#514=ORIENTED_EDGE('',*,*,#1077,.T.);
#515=ORIENTED_EDGE('',*,*,#1057,.F.);
#516=ORIENTED_EDGE('',*,*,#1078,.T.);
#517=ORIENTED_EDGE('',*,*,#1079,.F.);
#518=ORIENTED_EDGE('',*,*,#1080,.F.);
#519=ORIENTED_EDGE('',*,*,#1081,.F.);
#520=ORIENTED_EDGE('',*,*,#1082,.F.);
#521=ORIENTED_EDGE('',*,*,#1083,.F.);
#522=ORIENTED_EDGE('',*,*,#1084,.F.);
#523=ORIENTED_EDGE('',*,*,#1053,.F.);
#524=ORIENTED_EDGE('',*,*,#1085,.T.);
#525=ORIENTED_EDGE('',*,*,#1086,.F.);
#526=ORIENTED_EDGE('',*,*,#1087,.F.);
#527=ORIENTED_EDGE('',*,*,#1088,.F.);
#528=ORIENTED_EDGE('',*,*,#1089,.F.);
#529=ORIENTED_EDGE('',*,*,#1090,.F.);
#530=ORIENTED_EDGE('',*,*,#1091,.F.);
#531=ORIENTED_EDGE('',*,*,#1049,.F.);
#532=ORIENTED_EDGE('',*,*,#1092,.F.);
#533=ORIENTED_EDGE('',*,*,#1093,.F.);
#534=ORIENTED_EDGE('',*,*,#1094,.F.);
#535=ORIENTED_EDGE('',*,*,#1095,.F.);
#536=ORIENTED_EDGE('',*,*,#1096,.F.);
#537=ORIENTED_EDGE('',*,*,#1097,.T.);
#538=ORIENTED_EDGE('',*,*,#1098,.T.);
#539=ORIENTED_EDGE('',*,*,#1099,.F.);
#540=ORIENTED_EDGE('',*,*,#1100,.F.);
#541=ORIENTED_EDGE('',*,*,#1063,.T.);
#542=ORIENTED_EDGE('',*,*,#1101,.T.);
#543=ORIENTED_EDGE('',*,*,#1102,.F.);
#544=ORIENTED_EDGE('',*,*,#1103,.F.);
#545=ORIENTED_EDGE('',*,*,#1064,.T.);
#546=ORIENTED_EDGE('',*,*,#1100,.T.);
#547=ORIENTED_EDGE('',*,*,#1104,.T.);
#548=ORIENTED_EDGE('',*,*,#1105,.T.);
#549=ORIENTED_EDGE('',*,*,#1106,.T.);
#550=ORIENTED_EDGE('',*,*,#1107,.F.);
#551=ORIENTED_EDGE('',*,*,#1065,.F.);
#552=ORIENTED_EDGE('',*,*,#1103,.T.);
#553=ORIENTED_EDGE('',*,*,#1107,.T.);
#554=ORIENTED_EDGE('',*,*,#1108,.T.);
#555=ORIENTED_EDGE('',*,*,#1109,.F.);
#556=ORIENTED_EDGE('',*,*,#1066,.F.);
#557=ORIENTED_EDGE('',*,*,#1109,.T.);
#558=ORIENTED_EDGE('',*,*,#1110,.T.);
#559=ORIENTED_EDGE('',*,*,#1111,.F.);
#560=ORIENTED_EDGE('',*,*,#1067,.F.);
#561=ORIENTED_EDGE('',*,*,#1111,.T.);
#562=ORIENTED_EDGE('',*,*,#1112,.T.);
#563=ORIENTED_EDGE('',*,*,#1101,.F.);
#564=ORIENTED_EDGE('',*,*,#1068,.F.);
#565=ORIENTED_EDGE('',*,*,#1113,.T.);
#566=ORIENTED_EDGE('',*,*,#1114,.F.);
#567=ORIENTED_EDGE('',*,*,#1115,.T.);
#568=ORIENTED_EDGE('',*,*,#1116,.T.);
#569=ORIENTED_EDGE('',*,*,#1117,.T.);
#570=ORIENTED_EDGE('',*,*,#1114,.T.);
#571=ORIENTED_EDGE('',*,*,#1118,.T.);
#572=ORIENTED_EDGE('',*,*,#1119,.T.);
#573=ORIENTED_EDGE('',*,*,#1120,.T.);
#574=ORIENTED_EDGE('',*,*,#1121,.T.);
#575=ORIENTED_EDGE('',*,*,#1038,.T.);
#576=ORIENTED_EDGE('',*,*,#1040,.T.);
#577=ORIENTED_EDGE('',*,*,#1042,.T.);
#578=ORIENTED_EDGE('',*,*,#1044,.T.);
#579=ORIENTED_EDGE('',*,*,#1046,.T.);
#580=ORIENTED_EDGE('',*,*,#1113,.F.);
#581=ORIENTED_EDGE('',*,*,#1122,.T.);
#582=ORIENTED_EDGE('',*,*,#1123,.T.);
#583=ORIENTED_EDGE('',*,*,#1124,.F.);
#584=ORIENTED_EDGE('',*,*,#1125,.F.);
#585=ORIENTED_EDGE('',*,*,#1099,.T.);
#586=ORIENTED_EDGE('',*,*,#1126,.T.);
#587=ORIENTED_EDGE('',*,*,#1127,.T.);
#588=ORIENTED_EDGE('',*,*,#1128,.T.);
#589=ORIENTED_EDGE('',*,*,#1104,.F.);
#590=ORIENTED_EDGE('',*,*,#1129,.F.);
#591=ORIENTED_EDGE('',*,*,#1130,.T.);
#592=ORIENTED_EDGE('',*,*,#1131,.T.);
#593=ORIENTED_EDGE('',*,*,#1122,.F.);
#594=ORIENTED_EDGE('',*,*,#1132,.F.);
#595=ORIENTED_EDGE('',*,*,#1124,.T.);
#596=ORIENTED_EDGE('',*,*,#1133,.T.);
#597=ORIENTED_EDGE('',*,*,#1134,.F.);
#598=ORIENTED_EDGE('',*,*,#1135,.F.);
#599=ORIENTED_EDGE('',*,*,#1136,.F.);
#600=ORIENTED_EDGE('',*,*,#1137,.T.);
#601=ORIENTED_EDGE('',*,*,#1138,.F.);
#602=ORIENTED_EDGE('',*,*,#1139,.T.);
#603=ORIENTED_EDGE('',*,*,#1140,.F.);
#604=ORIENTED_EDGE('',*,*,#1134,.T.);
#605=ORIENTED_EDGE('',*,*,#1141,.T.);
#606=ORIENTED_EDGE('',*,*,#1142,.F.);
#607=ORIENTED_EDGE('',*,*,#1143,.F.);
#608=ORIENTED_EDGE('',*,*,#1144,.T.);
#609=ORIENTED_EDGE('',*,*,#1145,.T.);
#610=ORIENTED_EDGE('',*,*,#1146,.T.);
#611=ORIENTED_EDGE('',*,*,#1147,.F.);
#612=ORIENTED_EDGE('',*,*,#1148,.T.);
#613=ORIENTED_EDGE('',*,*,#1149,.T.);
#614=ORIENTED_EDGE('',*,*,#1150,.F.);
#615=ORIENTED_EDGE('',*,*,#1150,.T.);
#616=ORIENTED_EDGE('',*,*,#1151,.F.);
#617=ORIENTED_EDGE('',*,*,#1152,.F.);
#618=ORIENTED_EDGE('',*,*,#1153,.T.);
#619=ORIENTED_EDGE('',*,*,#1152,.T.);
#620=ORIENTED_EDGE('',*,*,#1154,.F.);
#621=ORIENTED_EDGE('',*,*,#1155,.F.);
#622=ORIENTED_EDGE('',*,*,#1156,.T.);
#623=ORIENTED_EDGE('',*,*,#1155,.T.);
#624=ORIENTED_EDGE('',*,*,#1157,.F.);
#625=ORIENTED_EDGE('',*,*,#1158,.F.);
#626=ORIENTED_EDGE('',*,*,#1159,.T.);
#627=ORIENTED_EDGE('',*,*,#1158,.T.);
#628=ORIENTED_EDGE('',*,*,#1160,.F.);
#629=ORIENTED_EDGE('',*,*,#1161,.F.);
#630=ORIENTED_EDGE('',*,*,#1162,.T.);
#631=ORIENTED_EDGE('',*,*,#1161,.T.);
#632=ORIENTED_EDGE('',*,*,#1163,.F.);
#633=ORIENTED_EDGE('',*,*,#1164,.F.);
#634=ORIENTED_EDGE('',*,*,#1165,.T.);
#635=ORIENTED_EDGE('',*,*,#1164,.T.);
#636=ORIENTED_EDGE('',*,*,#1166,.T.);
#637=ORIENTED_EDGE('',*,*,#1167,.F.);
#638=ORIENTED_EDGE('',*,*,#1168,.F.);
#639=ORIENTED_EDGE('',*,*,#1167,.T.);
#640=ORIENTED_EDGE('',*,*,#1169,.F.);
#641=ORIENTED_EDGE('',*,*,#1170,.F.);
#642=ORIENTED_EDGE('',*,*,#1171,.T.);
#643=ORIENTED_EDGE('',*,*,#1172,.T.);
#644=ORIENTED_EDGE('',*,*,#1173,.T.);
#645=ORIENTED_EDGE('',*,*,#1174,.F.);
#646=ORIENTED_EDGE('',*,*,#1170,.T.);
#647=ORIENTED_EDGE('',*,*,#1175,.F.);
#648=ORIENTED_EDGE('',*,*,#1176,.T.);
#649=ORIENTED_EDGE('',*,*,#1177,.T.);
#650=ORIENTED_EDGE('',*,*,#1178,.T.);
#651=ORIENTED_EDGE('',*,*,#1142,.T.);
#652=ORIENTED_EDGE('',*,*,#1179,.T.);
#653=ORIENTED_EDGE('',*,*,#1180,.F.);
#654=ORIENTED_EDGE('',*,*,#1181,.F.);
#655=ORIENTED_EDGE('',*,*,#1180,.T.);
#656=ORIENTED_EDGE('',*,*,#1182,.T.);
#657=ORIENTED_EDGE('',*,*,#1183,.F.);
#658=ORIENTED_EDGE('',*,*,#1184,.T.);
#659=ORIENTED_EDGE('',*,*,#1185,.F.);
#660=ORIENTED_EDGE('',*,*,#1186,.T.);
#661=ORIENTED_EDGE('',*,*,#1187,.T.);
#662=ORIENTED_EDGE('',*,*,#1188,.T.);
#663=ORIENTED_EDGE('',*,*,#1189,.T.);
#664=ORIENTED_EDGE('',*,*,#1190,.T.);
#665=ORIENTED_EDGE('',*,*,#1183,.T.);
#666=ORIENTED_EDGE('',*,*,#1191,.T.);
#667=ORIENTED_EDGE('',*,*,#1192,.F.);
#668=ORIENTED_EDGE('',*,*,#1193,.F.);
#669=ORIENTED_EDGE('',*,*,#1192,.T.);
#670=ORIENTED_EDGE('',*,*,#1194,.T.);
#671=ORIENTED_EDGE('',*,*,#1130,.F.);
#672=ORIENTED_EDGE('',*,*,#1195,.T.);
#673=ORIENTED_EDGE('',*,*,#1174,.T.);
#674=ORIENTED_EDGE('',*,*,#1196,.T.);
#675=ORIENTED_EDGE('',*,*,#1175,.T.);
#676=ORIENTED_EDGE('',*,*,#1197,.T.);
#677=ORIENTED_EDGE('',*,*,#1136,.T.);
#678=ORIENTED_EDGE('',*,*,#1181,.T.);
#679=ORIENTED_EDGE('',*,*,#1190,.F.);
#680=ORIENTED_EDGE('',*,*,#1198,.T.);
#681=ORIENTED_EDGE('',*,*,#1199,.T.);
#682=ORIENTED_EDGE('',*,*,#1200,.F.);
#683=ORIENTED_EDGE('',*,*,#1201,.T.);
#684=ORIENTED_EDGE('',*,*,#1202,.F.);
#685=ORIENTED_EDGE('',*,*,#1184,.F.);
#686=ORIENTED_EDGE('',*,*,#1193,.T.);
#687=ORIENTED_EDGE('',*,*,#1195,.F.);
#688=ORIENTED_EDGE('',*,*,#1132,.T.);
#689=ORIENTED_EDGE('',*,*,#1129,.T.);
#690=ORIENTED_EDGE('',*,*,#1102,.T.);
#691=ORIENTED_EDGE('',*,*,#1125,.T.);
#692=ORIENTED_EDGE('',*,*,#1135,.T.);
#693=ORIENTED_EDGE('',*,*,#1140,.T.);
#694=ORIENTED_EDGE('',*,*,#1203,.T.);
#695=ORIENTED_EDGE('',*,*,#1145,.F.);
#696=ORIENTED_EDGE('',*,*,#1204,.T.);
#697=ORIENTED_EDGE('',*,*,#1147,.T.);
#698=ORIENTED_EDGE('',*,*,#1153,.F.);
#699=ORIENTED_EDGE('',*,*,#1156,.F.);
#700=ORIENTED_EDGE('',*,*,#1159,.F.);
#701=ORIENTED_EDGE('',*,*,#1162,.F.);
#702=ORIENTED_EDGE('',*,*,#1165,.F.);
#703=ORIENTED_EDGE('',*,*,#1168,.T.);
#704=ORIENTED_EDGE('',*,*,#1171,.F.);
#705=ORIENTED_EDGE('',*,*,#1034,.F.);
#706=ORIENTED_EDGE('',*,*,#1036,.F.);
#707=ORIENTED_EDGE('',*,*,#1205,.T.);
#708=ORIENTED_EDGE('',*,*,#1206,.T.);
#709=ORIENTED_EDGE('',*,*,#1185,.T.);
#710=ORIENTED_EDGE('',*,*,#1202,.T.);
#711=ORIENTED_EDGE('',*,*,#1207,.F.);
#712=ORIENTED_EDGE('',*,*,#1189,.F.);
#713=ORIENTED_EDGE('',*,*,#1208,.T.);
#714=ORIENTED_EDGE('',*,*,#1209,.T.);
#715=ORIENTED_EDGE('',*,*,#1210,.T.);
#716=ORIENTED_EDGE('',*,*,#1198,.F.);
#717=ORIENTED_EDGE('',*,*,#1210,.F.);
#718=ORIENTED_EDGE('',*,*,#1211,.T.);
#719=ORIENTED_EDGE('',*,*,#1212,.T.);
#720=ORIENTED_EDGE('',*,*,#1199,.F.);
#721=ORIENTED_EDGE('',*,*,#1212,.F.);
#722=ORIENTED_EDGE('',*,*,#1213,.T.);
#723=ORIENTED_EDGE('',*,*,#1214,.T.);
#724=ORIENTED_EDGE('',*,*,#1200,.T.);
#725=ORIENTED_EDGE('',*,*,#1214,.F.);
#726=ORIENTED_EDGE('',*,*,#1215,.T.);
#727=ORIENTED_EDGE('',*,*,#1207,.T.);
#728=ORIENTED_EDGE('',*,*,#1201,.F.);
#729=ORIENTED_EDGE('',*,*,#1216,.T.);
#730=ORIENTED_EDGE('',*,*,#1217,.T.);
#731=ORIENTED_EDGE('',*,*,#1218,.T.);
#732=ORIENTED_EDGE('',*,*,#1219,.T.);
#733=ORIENTED_EDGE('',*,*,#1220,.T.);
#734=ORIENTED_EDGE('',*,*,#1221,.T.);
#735=ORIENTED_EDGE('',*,*,#1222,.T.);
#736=ORIENTED_EDGE('',*,*,#1223,.F.);
#737=ORIENTED_EDGE('',*,*,#1224,.F.);
#738=ORIENTED_EDGE('',*,*,#1225,.T.);
#739=ORIENTED_EDGE('',*,*,#1226,.T.);
#740=ORIENTED_EDGE('',*,*,#1227,.T.);
#741=ORIENTED_EDGE('',*,*,#1228,.T.);
#742=ORIENTED_EDGE('',*,*,#1229,.T.);
#743=ORIENTED_EDGE('',*,*,#1230,.T.);
#744=ORIENTED_EDGE('',*,*,#1231,.T.);
#745=ORIENTED_EDGE('',*,*,#1232,.T.);
#746=ORIENTED_EDGE('',*,*,#1177,.F.);
#747=ORIENTED_EDGE('',*,*,#1233,.T.);
#748=ORIENTED_EDGE('',*,*,#1172,.F.);
#749=ORIENTED_EDGE('',*,*,#1169,.T.);
#750=ORIENTED_EDGE('',*,*,#1166,.F.);
#751=ORIENTED_EDGE('',*,*,#1163,.T.);
#752=ORIENTED_EDGE('',*,*,#1160,.T.);
#753=ORIENTED_EDGE('',*,*,#1157,.T.);
#754=ORIENTED_EDGE('',*,*,#1154,.T.);
#755=ORIENTED_EDGE('',*,*,#1151,.T.);
#756=ORIENTED_EDGE('',*,*,#1149,.F.);
#757=ORIENTED_EDGE('',*,*,#1234,.T.);
#758=ORIENTED_EDGE('',*,*,#1143,.T.);
#759=ORIENTED_EDGE('',*,*,#1235,.T.);
#760=ORIENTED_EDGE('',*,*,#1138,.T.);
#761=ORIENTED_EDGE('',*,*,#1236,.T.);
#762=ORIENTED_EDGE('',*,*,#1087,.T.);
#763=ORIENTED_EDGE('',*,*,#1237,.F.);
#764=ORIENTED_EDGE('',*,*,#1238,.F.);
#765=ORIENTED_EDGE('',*,*,#1239,.T.);
#766=ORIENTED_EDGE('',*,*,#1086,.T.);
#767=ORIENTED_EDGE('',*,*,#1240,.F.);
#768=ORIENTED_EDGE('',*,*,#1241,.F.);
#769=ORIENTED_EDGE('',*,*,#1237,.T.);
#770=ORIENTED_EDGE('',*,*,#1085,.F.);
#771=ORIENTED_EDGE('',*,*,#1052,.F.);
#772=ORIENTED_EDGE('',*,*,#1242,.T.);
#773=ORIENTED_EDGE('',*,*,#1240,.T.);
#774=ORIENTED_EDGE('',*,*,#1091,.T.);
#775=ORIENTED_EDGE('',*,*,#1243,.F.);
#776=ORIENTED_EDGE('',*,*,#1244,.F.);
#777=ORIENTED_EDGE('',*,*,#1050,.T.);
#778=ORIENTED_EDGE('',*,*,#1090,.T.);
#779=ORIENTED_EDGE('',*,*,#1245,.F.);
#780=ORIENTED_EDGE('',*,*,#1246,.F.);
#781=ORIENTED_EDGE('',*,*,#1243,.T.);
#782=ORIENTED_EDGE('',*,*,#1089,.T.);
#783=ORIENTED_EDGE('',*,*,#1247,.F.);
#784=ORIENTED_EDGE('',*,*,#1248,.F.);
#785=ORIENTED_EDGE('',*,*,#1245,.T.);
#786=ORIENTED_EDGE('',*,*,#1088,.T.);
#787=ORIENTED_EDGE('',*,*,#1239,.F.);
#788=ORIENTED_EDGE('',*,*,#1249,.F.);
#789=ORIENTED_EDGE('',*,*,#1247,.T.);
#790=ORIENTED_EDGE('',*,*,#1039,.F.);
#791=ORIENTED_EDGE('',*,*,#1238,.T.);
#792=ORIENTED_EDGE('',*,*,#1241,.T.);
#793=ORIENTED_EDGE('',*,*,#1242,.F.);
#794=ORIENTED_EDGE('',*,*,#1051,.F.);
#795=ORIENTED_EDGE('',*,*,#1244,.T.);
#796=ORIENTED_EDGE('',*,*,#1246,.T.);
#797=ORIENTED_EDGE('',*,*,#1248,.T.);
#798=ORIENTED_EDGE('',*,*,#1249,.T.);
#799=ORIENTED_EDGE('',*,*,#1079,.T.);
#800=ORIENTED_EDGE('',*,*,#1250,.F.);
#801=ORIENTED_EDGE('',*,*,#1251,.F.);
#802=ORIENTED_EDGE('',*,*,#1252,.T.);
#803=ORIENTED_EDGE('',*,*,#1078,.F.);
#804=ORIENTED_EDGE('',*,*,#1056,.F.);
#805=ORIENTED_EDGE('',*,*,#1253,.T.);
#806=ORIENTED_EDGE('',*,*,#1250,.T.);
#807=ORIENTED_EDGE('',*,*,#1084,.T.);
#808=ORIENTED_EDGE('',*,*,#1254,.F.);
#809=ORIENTED_EDGE('',*,*,#1255,.F.);
#810=ORIENTED_EDGE('',*,*,#1054,.T.);
#811=ORIENTED_EDGE('',*,*,#1083,.T.);
#812=ORIENTED_EDGE('',*,*,#1256,.F.);
#813=ORIENTED_EDGE('',*,*,#1257,.F.);
#814=ORIENTED_EDGE('',*,*,#1254,.T.);
#815=ORIENTED_EDGE('',*,*,#1082,.T.);
#816=ORIENTED_EDGE('',*,*,#1258,.F.);
#817=ORIENTED_EDGE('',*,*,#1259,.F.);
#818=ORIENTED_EDGE('',*,*,#1256,.T.);
#819=ORIENTED_EDGE('',*,*,#1081,.T.);
#820=ORIENTED_EDGE('',*,*,#1260,.F.);
#821=ORIENTED_EDGE('',*,*,#1261,.F.);
#822=ORIENTED_EDGE('',*,*,#1258,.T.);
#823=ORIENTED_EDGE('',*,*,#1080,.T.);
#824=ORIENTED_EDGE('',*,*,#1252,.F.);
#825=ORIENTED_EDGE('',*,*,#1262,.F.);
#826=ORIENTED_EDGE('',*,*,#1260,.T.);
#827=ORIENTED_EDGE('',*,*,#1041,.F.);
#828=ORIENTED_EDGE('',*,*,#1251,.T.);
#829=ORIENTED_EDGE('',*,*,#1253,.F.);
#830=ORIENTED_EDGE('',*,*,#1055,.F.);
#831=ORIENTED_EDGE('',*,*,#1255,.T.);
#832=ORIENTED_EDGE('',*,*,#1257,.T.);
#833=ORIENTED_EDGE('',*,*,#1259,.T.);
#834=ORIENTED_EDGE('',*,*,#1261,.T.);
#835=ORIENTED_EDGE('',*,*,#1262,.T.);
#836=ORIENTED_EDGE('',*,*,#1072,.T.);
#837=ORIENTED_EDGE('',*,*,#1263,.F.);
#838=ORIENTED_EDGE('',*,*,#1264,.F.);
#839=ORIENTED_EDGE('',*,*,#1265,.T.);
#840=ORIENTED_EDGE('',*,*,#1071,.T.);
#841=ORIENTED_EDGE('',*,*,#1060,.F.);
#842=ORIENTED_EDGE('',*,*,#1266,.F.);
#843=ORIENTED_EDGE('',*,*,#1263,.T.);
#844=ORIENTED_EDGE('',*,*,#1077,.F.);
#845=ORIENTED_EDGE('',*,*,#1267,.F.);
#846=ORIENTED_EDGE('',*,*,#1268,.T.);
#847=ORIENTED_EDGE('',*,*,#1058,.T.);
#848=ORIENTED_EDGE('',*,*,#1076,.T.);
#849=ORIENTED_EDGE('',*,*,#1269,.F.);
#850=ORIENTED_EDGE('',*,*,#1270,.F.);
#851=ORIENTED_EDGE('',*,*,#1267,.T.);
#852=ORIENTED_EDGE('',*,*,#1075,.T.);
#853=ORIENTED_EDGE('',*,*,#1271,.F.);
#854=ORIENTED_EDGE('',*,*,#1272,.F.);
#855=ORIENTED_EDGE('',*,*,#1269,.T.);
#856=ORIENTED_EDGE('',*,*,#1074,.T.);
#857=ORIENTED_EDGE('',*,*,#1273,.F.);
#858=ORIENTED_EDGE('',*,*,#1274,.F.);
#859=ORIENTED_EDGE('',*,*,#1271,.T.);
#860=ORIENTED_EDGE('',*,*,#1073,.T.);
#861=ORIENTED_EDGE('',*,*,#1265,.F.);
#862=ORIENTED_EDGE('',*,*,#1275,.F.);
#863=ORIENTED_EDGE('',*,*,#1273,.T.);
#864=ORIENTED_EDGE('',*,*,#1045,.F.);
#865=ORIENTED_EDGE('',*,*,#1264,.T.);
#866=ORIENTED_EDGE('',*,*,#1266,.T.);
#867=ORIENTED_EDGE('',*,*,#1059,.F.);
#868=ORIENTED_EDGE('',*,*,#1268,.F.);
#869=ORIENTED_EDGE('',*,*,#1270,.T.);
#870=ORIENTED_EDGE('',*,*,#1272,.T.);
#871=ORIENTED_EDGE('',*,*,#1274,.T.);
#872=ORIENTED_EDGE('',*,*,#1275,.T.);
#873=ORIENTED_EDGE('',*,*,#1070,.F.);
#874=ORIENTED_EDGE('',*,*,#1276,.F.);
#875=ORIENTED_EDGE('',*,*,#1277,.T.);
#876=ORIENTED_EDGE('',*,*,#1062,.T.);
#877=ORIENTED_EDGE('',*,*,#1069,.T.);
#878=ORIENTED_EDGE('',*,*,#1278,.F.);
#879=ORIENTED_EDGE('',*,*,#1279,.F.);
#880=ORIENTED_EDGE('',*,*,#1276,.T.);
#881=ORIENTED_EDGE('',*,*,#1096,.T.);
#882=ORIENTED_EDGE('',*,*,#1280,.F.);
#883=ORIENTED_EDGE('',*,*,#1281,.F.);
#884=ORIENTED_EDGE('',*,*,#1278,.T.);
#885=ORIENTED_EDGE('',*,*,#1095,.T.);
#886=ORIENTED_EDGE('',*,*,#1282,.F.);
#887=ORIENTED_EDGE('',*,*,#1283,.F.);
#888=ORIENTED_EDGE('',*,*,#1280,.T.);
#889=ORIENTED_EDGE('',*,*,#1094,.T.);
#890=ORIENTED_EDGE('',*,*,#1284,.F.);
#891=ORIENTED_EDGE('',*,*,#1285,.F.);
#892=ORIENTED_EDGE('',*,*,#1282,.T.);
#893=ORIENTED_EDGE('',*,*,#1093,.T.);
#894=ORIENTED_EDGE('',*,*,#1286,.F.);
#895=ORIENTED_EDGE('',*,*,#1287,.F.);
#896=ORIENTED_EDGE('',*,*,#1284,.T.);
#897=ORIENTED_EDGE('',*,*,#1092,.T.);
#898=ORIENTED_EDGE('',*,*,#1048,.F.);
#899=ORIENTED_EDGE('',*,*,#1288,.F.);
#900=ORIENTED_EDGE('',*,*,#1286,.T.);
#901=ORIENTED_EDGE('',*,*,#1277,.F.);
#902=ORIENTED_EDGE('',*,*,#1279,.T.);
#903=ORIENTED_EDGE('',*,*,#1281,.T.);
#904=ORIENTED_EDGE('',*,*,#1283,.T.);
#905=ORIENTED_EDGE('',*,*,#1285,.T.);
#906=ORIENTED_EDGE('',*,*,#1287,.T.);
#907=ORIENTED_EDGE('',*,*,#1288,.T.);
#908=ORIENTED_EDGE('',*,*,#1047,.F.);
#909=ORIENTED_EDGE('',*,*,#1043,.F.);
#910=ORIENTED_EDGE('',*,*,#1289,.F.);
#911=ORIENTED_EDGE('',*,*,#1224,.T.);
#912=ORIENTED_EDGE('',*,*,#1037,.T.);
#913=ORIENTED_EDGE('',*,*,#1289,.T.);
#914=ORIENTED_EDGE('',*,*,#1290,.F.);
#915=ORIENTED_EDGE('',*,*,#1223,.T.);
#916=ORIENTED_EDGE('',*,*,#1291,.T.);
#917=ORIENTED_EDGE('',*,*,#1035,.T.);
#918=ORIENTED_EDGE('',*,*,#1290,.T.);
#919=ORIENTED_EDGE('',*,*,#1222,.F.);
#920=ORIENTED_EDGE('',*,*,#1292,.T.);
#921=ORIENTED_EDGE('',*,*,#1187,.F.);
#922=ORIENTED_EDGE('',*,*,#1293,.T.);
#923=ORIENTED_EDGE('',*,*,#1216,.F.);
#924=ORIENTED_EDGE('',*,*,#1291,.F.);
#925=ORIENTED_EDGE('',*,*,#1117,.F.);
#926=ORIENTED_EDGE('',*,*,#1294,.T.);
#927=ORIENTED_EDGE('',*,*,#1127,.F.);
#928=ORIENTED_EDGE('',*,*,#1295,.T.);
#929=ORIENTED_EDGE('',*,*,#1118,.F.);
#930=ORIENTED_EDGE('',*,*,#1196,.F.);
#931=ORIENTED_EDGE('',*,*,#1173,.F.);
#932=ORIENTED_EDGE('',*,*,#1233,.F.);
#933=ORIENTED_EDGE('',*,*,#1176,.F.);
#934=ORIENTED_EDGE('',*,*,#1197,.F.);
#935=ORIENTED_EDGE('',*,*,#1178,.F.);
#936=ORIENTED_EDGE('',*,*,#1236,.F.);
#937=ORIENTED_EDGE('',*,*,#1137,.F.);
#938=ORIENTED_EDGE('',*,*,#1204,.F.);
#939=ORIENTED_EDGE('',*,*,#1144,.F.);
#940=ORIENTED_EDGE('',*,*,#1234,.F.);
#941=ORIENTED_EDGE('',*,*,#1148,.F.);
#942=ORIENTED_EDGE('',*,*,#1203,.F.);
#943=ORIENTED_EDGE('',*,*,#1139,.F.);
#944=ORIENTED_EDGE('',*,*,#1235,.F.);
#945=ORIENTED_EDGE('',*,*,#1146,.F.);
#946=ORIENTED_EDGE('',*,*,#1186,.F.);
#947=ORIENTED_EDGE('',*,*,#1206,.F.);
#948=ORIENTED_EDGE('',*,*,#1296,.F.);
#949=ORIENTED_EDGE('',*,*,#1293,.F.);
#950=ORIENTED_EDGE('',*,*,#1296,.T.);
#951=ORIENTED_EDGE('',*,*,#1205,.F.);
#952=ORIENTED_EDGE('',*,*,#1297,.F.);
#953=ORIENTED_EDGE('',*,*,#1217,.F.);
#954=ORIENTED_EDGE('',*,*,#1297,.T.);
#955=ORIENTED_EDGE('',*,*,#1215,.F.);
#956=ORIENTED_EDGE('',*,*,#1298,.F.);
#957=ORIENTED_EDGE('',*,*,#1218,.F.);
#958=ORIENTED_EDGE('',*,*,#1298,.T.);
#959=ORIENTED_EDGE('',*,*,#1213,.F.);
#960=ORIENTED_EDGE('',*,*,#1299,.F.);
#961=ORIENTED_EDGE('',*,*,#1219,.F.);
#962=ORIENTED_EDGE('',*,*,#1299,.T.);
#963=ORIENTED_EDGE('',*,*,#1211,.F.);
#964=ORIENTED_EDGE('',*,*,#1300,.F.);
#965=ORIENTED_EDGE('',*,*,#1220,.F.);
#966=ORIENTED_EDGE('',*,*,#1300,.T.);
#967=ORIENTED_EDGE('',*,*,#1209,.F.);
#968=ORIENTED_EDGE('',*,*,#1301,.F.);
#969=ORIENTED_EDGE('',*,*,#1221,.F.);
#970=ORIENTED_EDGE('',*,*,#1188,.F.);
#971=ORIENTED_EDGE('',*,*,#1292,.F.);
#972=ORIENTED_EDGE('',*,*,#1301,.T.);
#973=ORIENTED_EDGE('',*,*,#1208,.F.);
#974=ORIENTED_EDGE('',*,*,#1126,.F.);
#975=ORIENTED_EDGE('',*,*,#1098,.F.);
#976=ORIENTED_EDGE('',*,*,#1302,.F.);
#977=ORIENTED_EDGE('',*,*,#1295,.F.);
#978=ORIENTED_EDGE('',*,*,#1302,.T.);
#979=ORIENTED_EDGE('',*,*,#1097,.F.);
#980=ORIENTED_EDGE('',*,*,#1303,.F.);
#981=ORIENTED_EDGE('',*,*,#1119,.F.);
#982=ORIENTED_EDGE('',*,*,#1303,.T.);
#983=ORIENTED_EDGE('',*,*,#1112,.F.);
#984=ORIENTED_EDGE('',*,*,#1304,.F.);
#985=ORIENTED_EDGE('',*,*,#1120,.F.);
#986=ORIENTED_EDGE('',*,*,#1304,.T.);
#987=ORIENTED_EDGE('',*,*,#1110,.F.);
#988=ORIENTED_EDGE('',*,*,#1305,.F.);
#989=ORIENTED_EDGE('',*,*,#1121,.F.);
#990=ORIENTED_EDGE('',*,*,#1305,.T.);
#991=ORIENTED_EDGE('',*,*,#1108,.F.);
#992=ORIENTED_EDGE('',*,*,#1306,.F.);
#993=ORIENTED_EDGE('',*,*,#1115,.F.);
#994=ORIENTED_EDGE('',*,*,#1306,.T.);
#995=ORIENTED_EDGE('',*,*,#1106,.F.);
#996=ORIENTED_EDGE('',*,*,#1307,.F.);
#997=ORIENTED_EDGE('',*,*,#1116,.F.);
#998=ORIENTED_EDGE('',*,*,#1128,.F.);
#999=ORIENTED_EDGE('',*,*,#1294,.F.);
#1000=ORIENTED_EDGE('',*,*,#1307,.T.);
#1001=ORIENTED_EDGE('',*,*,#1105,.F.);
#1002=ORIENTED_EDGE('',*,*,#1308,.F.);
#1003=ORIENTED_EDGE('',*,*,#1230,.F.);
#1004=ORIENTED_EDGE('',*,*,#1309,.F.);
#1005=ORIENTED_EDGE('',*,*,#1191,.F.);
#1006=ORIENTED_EDGE('',*,*,#1309,.T.);
#1007=ORIENTED_EDGE('',*,*,#1229,.F.);
#1008=ORIENTED_EDGE('',*,*,#1310,.F.);
#1009=ORIENTED_EDGE('',*,*,#1194,.F.);
#1010=ORIENTED_EDGE('',*,*,#1308,.T.);
#1011=ORIENTED_EDGE('',*,*,#1182,.F.);
#1012=ORIENTED_EDGE('',*,*,#1311,.F.);
#1013=ORIENTED_EDGE('',*,*,#1231,.F.);
#1014=ORIENTED_EDGE('',*,*,#1310,.T.);
#1015=ORIENTED_EDGE('',*,*,#1228,.F.);
#1016=ORIENTED_EDGE('',*,*,#1312,.F.);
#1017=ORIENTED_EDGE('',*,*,#1131,.F.);
#1018=ORIENTED_EDGE('',*,*,#1311,.T.);
#1019=ORIENTED_EDGE('',*,*,#1179,.F.);
#1020=ORIENTED_EDGE('',*,*,#1313,.F.);
#1021=ORIENTED_EDGE('',*,*,#1232,.F.);
#1022=ORIENTED_EDGE('',*,*,#1312,.T.);
#1023=ORIENTED_EDGE('',*,*,#1227,.F.);
#1024=ORIENTED_EDGE('',*,*,#1314,.F.);
#1025=ORIENTED_EDGE('',*,*,#1123,.F.);
#1026=ORIENTED_EDGE('',*,*,#1313,.T.);
#1027=ORIENTED_EDGE('',*,*,#1141,.F.);
#1028=ORIENTED_EDGE('',*,*,#1315,.F.);
#1029=ORIENTED_EDGE('',*,*,#1225,.F.);
#1030=ORIENTED_EDGE('',*,*,#1314,.T.);
#1031=ORIENTED_EDGE('',*,*,#1226,.F.);
#1032=ORIENTED_EDGE('',*,*,#1315,.T.);
#1033=ORIENTED_EDGE('',*,*,#1133,.F.);
#1034=EDGE_CURVE('',#1316,#1316,#1502,.T.);
#1035=EDGE_CURVE('',#1317,#1317,#1503,.T.);
#1036=EDGE_CURVE('',#1318,#1318,#1504,.T.);
#1037=EDGE_CURVE('',#1319,#1319,#1505,.T.);
#1038=EDGE_CURVE('',#1320,#1320,#1506,.T.);
#1039=EDGE_CURVE('',#1321,#1321,#1507,.T.);
#1040=EDGE_CURVE('',#1322,#1322,#1508,.T.);
#1041=EDGE_CURVE('',#1323,#1323,#1509,.T.);
#1042=EDGE_CURVE('',#1324,#1324,#1510,.T.);
#1043=EDGE_CURVE('',#1325,#1325,#1511,.T.);
#1044=EDGE_CURVE('',#1326,#1326,#1512,.T.);
#1045=EDGE_CURVE('',#1327,#1327,#1513,.T.);
#1046=EDGE_CURVE('',#1328,#1328,#1514,.T.);
#1047=EDGE_CURVE('',#1329,#1330,#1515,.T.);
#1048=EDGE_CURVE('',#1330,#1331,#90,.T.);
#1049=EDGE_CURVE('',#1331,#1332,#1516,.T.);
#1050=EDGE_CURVE('',#1333,#1332,#91,.T.);
#1051=EDGE_CURVE('',#1333,#1334,#1517,.T.);
#1052=EDGE_CURVE('',#1334,#1335,#92,.T.);
#1053=EDGE_CURVE('',#1335,#1336,#1518,.T.);
#1054=EDGE_CURVE('',#1337,#1336,#93,.T.);
#1055=EDGE_CURVE('',#1337,#1338,#1519,.T.);
#1056=EDGE_CURVE('',#1338,#1339,#94,.T.);
#1057=EDGE_CURVE('',#1339,#1340,#1520,.T.);
#1058=EDGE_CURVE('',#1341,#1340,#95,.T.);
#1059=EDGE_CURVE('',#1341,#1342,#1521,.T.);
#1060=EDGE_CURVE('',#1342,#1343,#96,.T.);
#1061=EDGE_CURVE('',#1343,#1344,#1522,.T.);
#1062=EDGE_CURVE('',#1329,#1344,#97,.T.);
#1063=EDGE_CURVE('',#1345,#1346,#98,.T.);
#1064=EDGE_CURVE('',#1347,#1345,#99,.T.);
#1065=EDGE_CURVE('',#1347,#1348,#100,.T.);
#1066=EDGE_CURVE('',#1348,#1349,#1523,.T.);
#1067=EDGE_CURVE('',#1349,#1350,#101,.T.);
#1068=EDGE_CURVE('',#1350,#1346,#1524,.T.);
#1069=EDGE_CURVE('',#1351,#1352,#102,.T.);
#1070=EDGE_CURVE('',#1351,#1344,#103,.T.);
#1071=EDGE_CURVE('',#1353,#1343,#104,.T.);
#1072=EDGE_CURVE('',#1354,#1353,#105,.T.);
#1073=EDGE_CURVE('',#1355,#1354,#106,.T.);
#1074=EDGE_CURVE('',#1356,#1355,#107,.T.);
#1075=EDGE_CURVE('',#1357,#1356,#108,.T.);
#1076=EDGE_CURVE('',#1358,#1357,#109,.T.);
#1077=EDGE_CURVE('',#1358,#1340,#110,.T.);
#1078=EDGE_CURVE('',#1339,#1359,#111,.T.);
#1079=EDGE_CURVE('',#1360,#1359,#112,.T.);
#1080=EDGE_CURVE('',#1361,#1360,#113,.T.);
#1081=EDGE_CURVE('',#1362,#1361,#114,.T.);
#1082=EDGE_CURVE('',#1363,#1362,#115,.T.);
#1083=EDGE_CURVE('',#1364,#1363,#116,.T.);
#1084=EDGE_CURVE('',#1336,#1364,#117,.T.);
#1085=EDGE_CURVE('',#1335,#1365,#118,.T.);
#1086=EDGE_CURVE('',#1366,#1365,#119,.T.);
#1087=EDGE_CURVE('',#1367,#1366,#120,.T.);
#1088=EDGE_CURVE('',#1368,#1367,#121,.T.);
#1089=EDGE_CURVE('',#1369,#1368,#122,.T.);
#1090=EDGE_CURVE('',#1370,#1369,#123,.T.);
#1091=EDGE_CURVE('',#1332,#1370,#124,.T.);
#1092=EDGE_CURVE('',#1371,#1331,#125,.T.);
#1093=EDGE_CURVE('',#1372,#1371,#126,.T.);
#1094=EDGE_CURVE('',#1373,#1372,#127,.T.);
#1095=EDGE_CURVE('',#1374,#1373,#128,.T.);
#1096=EDGE_CURVE('',#1352,#1374,#129,.T.);
#1097=EDGE_CURVE('',#1375,#1376,#130,.F.);
#1098=EDGE_CURVE('',#1376,#1377,#131,.F.);
#1099=EDGE_CURVE('',#1378,#1377,#132,.T.);
#1100=EDGE_CURVE('',#1345,#1378,#133,.T.);
#1101=EDGE_CURVE('',#1346,#1375,#134,.T.);
#1102=EDGE_CURVE('',#1379,#1378,#135,.T.);
#1103=EDGE_CURVE('',#1347,#1379,#136,.T.);
#1104=EDGE_CURVE('',#1379,#1380,#137,.T.);
#1105=EDGE_CURVE('',#1380,#1381,#138,.F.);
#1106=EDGE_CURVE('',#1381,#1382,#139,.T.);
#1107=EDGE_CURVE('',#1348,#1382,#140,.T.);
#1108=EDGE_CURVE('',#1382,#1383,#1525,.T.);
#1109=EDGE_CURVE('',#1349,#1383,#141,.T.);
#1110=EDGE_CURVE('',#1383,#1384,#142,.T.);
#1111=EDGE_CURVE('',#1350,#1384,#143,.T.);
#1112=EDGE_CURVE('',#1384,#1375,#1526,.T.);
#1113=EDGE_CURVE('',#1385,#1385,#1527,.T.);
#1114=EDGE_CURVE('',#1386,#1386,#1528,.T.);
#1115=EDGE_CURVE('',#1387,#1388,#1529,.F.);
#1116=EDGE_CURVE('',#1388,#1389,#144,.F.);
#1117=EDGE_CURVE('',#1389,#1386,#145,.T.);
#1118=EDGE_CURVE('',#1386,#1390,#146,.T.);
#1119=EDGE_CURVE('',#1390,#1391,#147,.T.);
#1120=EDGE_CURVE('',#1391,#1392,#1530,.F.);
#1121=EDGE_CURVE('',#1392,#1387,#148,.F.);
#1122=EDGE_CURVE('',#1393,#1394,#149,.T.);
#1123=EDGE_CURVE('',#1394,#1395,#150,.T.);
#1124=EDGE_CURVE('',#1396,#1395,#151,.T.);
#1125=EDGE_CURVE('',#1378,#1396,#152,.T.);
#1126=EDGE_CURVE('',#1377,#1397,#20,.T.);
#1127=EDGE_CURVE('',#1397,#1398,#153,.T.);
#1128=EDGE_CURVE('',#1398,#1380,#21,.T.);
#1129=EDGE_CURVE('',#1393,#1379,#154,.T.);
#1130=EDGE_CURVE('',#1399,#1400,#155,.T.);
#1131=EDGE_CURVE('',#1400,#1394,#1531,.F.);
#1132=EDGE_CURVE('',#1399,#1393,#1532,.T.);
#1133=EDGE_CURVE('',#1395,#1401,#1533,.F.);
#1134=EDGE_CURVE('',#1402,#1401,#156,.T.);
#1135=EDGE_CURVE('',#1396,#1402,#1534,.T.);
#1136=EDGE_CURVE('',#1403,#1404,#157,.T.);
#1137=EDGE_CURVE('',#1403,#1405,#158,.T.);
#1138=EDGE_CURVE('',#1406,#1405,#159,.T.);
#1139=EDGE_CURVE('',#1406,#1407,#160,.F.);
#1140=EDGE_CURVE('',#1402,#1407,#161,.T.);
#1141=EDGE_CURVE('',#1401,#1408,#162,.T.);
#1142=EDGE_CURVE('',#1404,#1408,#163,.T.);
#1143=EDGE_CURVE('',#1409,#1410,#164,.T.);
#1144=EDGE_CURVE('',#1409,#1411,#165,.F.);
#1145=EDGE_CURVE('',#1411,#1412,#166,.T.);
#1146=EDGE_CURVE('',#1412,#1410,#167,.T.);
#1147=EDGE_CURVE('',#1413,#1414,#168,.T.);
#1148=EDGE_CURVE('',#1413,#1415,#169,.T.);
#1149=EDGE_CURVE('',#1415,#1416,#170,.T.);
#1150=EDGE_CURVE('',#1414,#1416,#171,.T.);
#1151=EDGE_CURVE('',#1417,#1416,#1535,.T.);
#1152=EDGE_CURVE('',#1418,#1417,#172,.T.);
#1153=EDGE_CURVE('',#1418,#1414,#1536,.T.);
#1154=EDGE_CURVE('',#1419,#1417,#173,.T.);
#1155=EDGE_CURVE('',#1420,#1419,#174,.T.);
#1156=EDGE_CURVE('',#1420,#1418,#175,.T.);
#1157=EDGE_CURVE('',#1421,#1419,#1537,.T.);
#1158=EDGE_CURVE('',#1422,#1421,#176,.T.);
#1159=EDGE_CURVE('',#1422,#1420,#1538,.T.);
#1160=EDGE_CURVE('',#1423,#1421,#177,.T.);
#1161=EDGE_CURVE('',#1424,#1423,#178,.T.);
#1162=EDGE_CURVE('',#1424,#1422,#179,.T.);
#1163=EDGE_CURVE('',#1425,#1423,#1539,.T.);
#1164=EDGE_CURVE('',#1426,#1425,#180,.T.);
#1165=EDGE_CURVE('',#1426,#1424,#1540,.T.);
#1166=EDGE_CURVE('',#1425,#1427,#181,.T.);
#1167=EDGE_CURVE('',#1428,#1427,#182,.T.);
#1168=EDGE_CURVE('',#1426,#1428,#183,.T.);
#1169=EDGE_CURVE('',#1429,#1427,#1541,.T.);
#1170=EDGE_CURVE('',#1430,#1429,#184,.T.);
#1171=EDGE_CURVE('',#1430,#1428,#1542,.T.);
#1172=EDGE_CURVE('',#1429,#1431,#185,.T.);
#1173=EDGE_CURVE('',#1431,#1432,#186,.F.);
#1174=EDGE_CURVE('',#1430,#1432,#187,.T.);
#1175=EDGE_CURVE('',#1433,#1434,#188,.T.);
#1176=EDGE_CURVE('',#1433,#1435,#189,.T.);
#1177=EDGE_CURVE('',#1435,#1436,#190,.T.);
#1178=EDGE_CURVE('',#1436,#1434,#191,.F.);
#1179=EDGE_CURVE('',#1408,#1437,#1543,.F.);
#1180=EDGE_CURVE('',#1438,#1437,#192,.T.);
#1181=EDGE_CURVE('',#1404,#1438,#1544,.T.);
#1182=EDGE_CURVE('',#1437,#1439,#193,.F.);
#1183=EDGE_CURVE('',#1440,#1439,#194,.T.);
#1184=EDGE_CURVE('',#1440,#1441,#195,.T.);
#1185=EDGE_CURVE('',#1442,#1441,#196,.T.);
#1186=EDGE_CURVE('',#1442,#1443,#22,.F.);
#1187=EDGE_CURVE('',#1443,#1444,#197,.T.);
#1188=EDGE_CURVE('',#1444,#1445,#23,.F.);
#1189=EDGE_CURVE('',#1445,#1446,#198,.T.);
#1190=EDGE_CURVE('',#1446,#1438,#199,.T.);
#1191=EDGE_CURVE('',#1439,#1447,#1545,.F.);
#1192=EDGE_CURVE('',#1448,#1447,#200,.T.);
#1193=EDGE_CURVE('',#1440,#1448,#1546,.T.);
#1194=EDGE_CURVE('',#1447,#1400,#201,.F.);
#1195=EDGE_CURVE('',#1399,#1448,#202,.T.);
#1196=EDGE_CURVE('',#1432,#1433,#1547,.T.);
#1197=EDGE_CURVE('',#1434,#1403,#1548,.T.);
#1198=EDGE_CURVE('',#1446,#1449,#203,.T.);
#1199=EDGE_CURVE('',#1449,#1450,#1549,.T.);
#1200=EDGE_CURVE('',#1451,#1450,#204,.T.);
#1201=EDGE_CURVE('',#1451,#1452,#1550,.T.);
#1202=EDGE_CURVE('',#1441,#1452,#205,.T.);
#1203=EDGE_CURVE('',#1407,#1412,#1551,.T.);
#1204=EDGE_CURVE('',#1411,#1413,#1552,.T.);
#1205=EDGE_CURVE('',#1453,#1454,#206,.F.);
#1206=EDGE_CURVE('',#1454,#1442,#207,.T.);
#1207=EDGE_CURVE('',#1453,#1452,#208,.T.);
#1208=EDGE_CURVE('',#1445,#1455,#209,.T.);
#1209=EDGE_CURVE('',#1455,#1456,#210,.T.);
#1210=EDGE_CURVE('',#1456,#1449,#211,.T.);
#1211=EDGE_CURVE('',#1456,#1457,#1553,.T.);
#1212=EDGE_CURVE('',#1457,#1450,#212,.T.);
#1213=EDGE_CURVE('',#1457,#1458,#213,.F.);
#1214=EDGE_CURVE('',#1458,#1451,#214,.T.);
#1215=EDGE_CURVE('',#1458,#1453,#1554,.T.);
#1216=EDGE_CURVE('',#1459,#1460,#215,.T.);
#1217=EDGE_CURVE('',#1460,#1461,#216,.T.);
#1218=EDGE_CURVE('',#1461,#1462,#1555,.F.);
#1219=EDGE_CURVE('',#1462,#1463,#217,.T.);
#1220=EDGE_CURVE('',#1463,#1464,#1556,.F.);
#1221=EDGE_CURVE('',#1464,#1465,#218,.F.);
#1222=EDGE_CURVE('',#1465,#1466,#219,.T.);
#1223=EDGE_CURVE('',#1459,#1466,#1557,.T.);
#1224=EDGE_CURVE('',#1467,#1467,#1558,.T.);
#1225=EDGE_CURVE('',#1468,#1469,#220,.F.);
#1226=EDGE_CURVE('',#1469,#1470,#1559,.T.);
#1227=EDGE_CURVE('',#1470,#1471,#221,.F.);
#1228=EDGE_CURVE('',#1471,#1472,#1560,.T.);
#1229=EDGE_CURVE('',#1472,#1473,#222,.T.);
#1230=EDGE_CURVE('',#1473,#1474,#1561,.T.);
#1231=EDGE_CURVE('',#1474,#1475,#223,.T.);
#1232=EDGE_CURVE('',#1475,#1468,#1562,.T.);
#1233=EDGE_CURVE('',#1435,#1431,#1563,.T.);
#1234=EDGE_CURVE('',#1415,#1409,#1564,.T.);
#1235=EDGE_CURVE('',#1410,#1406,#1565,.T.);
#1236=EDGE_CURVE('',#1405,#1436,#1566,.T.);
#1237=EDGE_CURVE('',#1476,#1366,#224,.T.);
#1238=EDGE_CURVE('',#1477,#1476,#225,.T.);
#1239=EDGE_CURVE('',#1477,#1367,#226,.T.);
#1240=EDGE_CURVE('',#1478,#1365,#227,.T.);
#1241=EDGE_CURVE('',#1476,#1478,#228,.T.);
#1242=EDGE_CURVE('',#1334,#1478,#229,.T.);
#1243=EDGE_CURVE('',#1479,#1370,#230,.T.);
#1244=EDGE_CURVE('',#1333,#1479,#231,.T.);
#1245=EDGE_CURVE('',#1480,#1369,#232,.T.);
#1246=EDGE_CURVE('',#1479,#1480,#233,.T.);
#1247=EDGE_CURVE('',#1481,#1368,#234,.T.);
#1248=EDGE_CURVE('',#1480,#1481,#235,.T.);
#1249=EDGE_CURVE('',#1481,#1477,#236,.T.);
#1250=EDGE_CURVE('',#1482,#1359,#237,.T.);
#1251=EDGE_CURVE('',#1483,#1482,#238,.T.);
#1252=EDGE_CURVE('',#1483,#1360,#239,.T.);
#1253=EDGE_CURVE('',#1338,#1482,#240,.T.);
#1254=EDGE_CURVE('',#1484,#1364,#241,.T.);
#1255=EDGE_CURVE('',#1337,#1484,#242,.T.);
#1256=EDGE_CURVE('',#1485,#1363,#243,.T.);
#1257=EDGE_CURVE('',#1484,#1485,#244,.T.);
#1258=EDGE_CURVE('',#1486,#1362,#245,.T.);
#1259=EDGE_CURVE('',#1485,#1486,#246,.T.);
#1260=EDGE_CURVE('',#1487,#1361,#247,.T.);
#1261=EDGE_CURVE('',#1486,#1487,#248,.T.);
#1262=EDGE_CURVE('',#1487,#1483,#249,.T.);
#1263=EDGE_CURVE('',#1488,#1353,#250,.T.);
#1264=EDGE_CURVE('',#1489,#1488,#251,.T.);
#1265=EDGE_CURVE('',#1489,#1354,#252,.T.);
#1266=EDGE_CURVE('',#1488,#1342,#253,.T.);
#1267=EDGE_CURVE('',#1490,#1358,#254,.T.);
#1268=EDGE_CURVE('',#1490,#1341,#255,.T.);
#1269=EDGE_CURVE('',#1491,#1357,#256,.T.);
#1270=EDGE_CURVE('',#1490,#1491,#257,.T.);
#1271=EDGE_CURVE('',#1492,#1356,#258,.T.);
#1272=EDGE_CURVE('',#1491,#1492,#259,.T.);
#1273=EDGE_CURVE('',#1493,#1355,#260,.T.);
#1274=EDGE_CURVE('',#1492,#1493,#261,.T.);
#1275=EDGE_CURVE('',#1493,#1489,#262,.T.);
#1276=EDGE_CURVE('',#1494,#1351,#263,.T.);
#1277=EDGE_CURVE('',#1494,#1329,#264,.T.);
#1278=EDGE_CURVE('',#1495,#1352,#265,.T.);
#1279=EDGE_CURVE('',#1494,#1495,#266,.T.);
#1280=EDGE_CURVE('',#1496,#1374,#267,.T.);
#1281=EDGE_CURVE('',#1495,#1496,#268,.T.);
#1282=EDGE_CURVE('',#1497,#1373,#269,.T.);
#1283=EDGE_CURVE('',#1496,#1497,#270,.T.);
#1284=EDGE_CURVE('',#1498,#1372,#271,.T.);
#1285=EDGE_CURVE('',#1497,#1498,#272,.T.);
#1286=EDGE_CURVE('',#1499,#1371,#273,.T.);
#1287=EDGE_CURVE('',#1498,#1499,#274,.T.);
#1288=EDGE_CURVE('',#1499,#1330,#275,.T.);
#1289=EDGE_CURVE('',#1500,#1500,#1567,.T.);
#1290=EDGE_CURVE('',#1501,#1501,#1568,.T.);
#1291=EDGE_CURVE('',#1466,#1459,#24,.F.);
#1292=EDGE_CURVE('',#1465,#1444,#276,.F.);
#1293=EDGE_CURVE('',#1443,#1460,#277,.F.);
#1294=EDGE_CURVE('',#1389,#1398,#278,.F.);
#1295=EDGE_CURVE('',#1397,#1390,#279,.F.);
#1296=EDGE_CURVE('',#1460,#1454,#25,.F.);
#1297=EDGE_CURVE('',#1461,#1453,#1569,.T.);
#1298=EDGE_CURVE('',#1462,#1458,#1570,.T.);
#1299=EDGE_CURVE('',#1463,#1457,#1571,.T.);
#1300=EDGE_CURVE('',#1464,#1456,#1572,.T.);
#1301=EDGE_CURVE('',#1465,#1455,#26,.T.);
#1302=EDGE_CURVE('',#1390,#1376,#27,.F.);
#1303=EDGE_CURVE('',#1391,#1375,#1573,.T.);
#1304=EDGE_CURVE('',#1392,#1384,#1574,.T.);
#1305=EDGE_CURVE('',#1387,#1383,#1575,.T.);
#1306=EDGE_CURVE('',#1388,#1382,#1576,.T.);
#1307=EDGE_CURVE('',#1389,#1381,#28,.T.);
#1308=EDGE_CURVE('',#1474,#1439,#1577,.T.);
#1309=EDGE_CURVE('',#1447,#1473,#1578,.T.);
#1310=EDGE_CURVE('',#1400,#1472,#1579,.T.);
#1311=EDGE_CURVE('',#1475,#1437,#1580,.T.);
#1312=EDGE_CURVE('',#1394,#1471,#1581,.T.);
#1313=EDGE_CURVE('',#1468,#1408,#1582,.T.);
#1314=EDGE_CURVE('',#1395,#1470,#1583,.T.);
#1315=EDGE_CURVE('',#1469,#1401,#1584,.T.);
#1316=VERTEX_POINT('',#2813);
#1317=VERTEX_POINT('',#2815);
#1318=VERTEX_POINT('',#2818);
#1319=VERTEX_POINT('',#2820);
#1320=VERTEX_POINT('',#2823);
#1321=VERTEX_POINT('',#2825);
#1322=VERTEX_POINT('',#2828);
#1323=VERTEX_POINT('',#2830);
#1324=VERTEX_POINT('',#2833);
#1325=VERTEX_POINT('',#2835);
#1326=VERTEX_POINT('',#2838);
#1327=VERTEX_POINT('',#2840);
#1328=VERTEX_POINT('',#2843);
#1329=VERTEX_POINT('',#2845);
#1330=VERTEX_POINT('',#2846);
#1331=VERTEX_POINT('',#2848);
#1332=VERTEX_POINT('',#2850);
#1333=VERTEX_POINT('',#2852);
#1334=VERTEX_POINT('',#2854);
#1335=VERTEX_POINT('',#2856);
#1336=VERTEX_POINT('',#2858);
#1337=VERTEX_POINT('',#2860);
#1338=VERTEX_POINT('',#2862);
#1339=VERTEX_POINT('',#2864);
#1340=VERTEX_POINT('',#2866);
#1341=VERTEX_POINT('',#2868);
#1342=VERTEX_POINT('',#2870);
#1343=VERTEX_POINT('',#2872);
#1344=VERTEX_POINT('',#2874);
#1345=VERTEX_POINT('',#2878);
#1346=VERTEX_POINT('',#2879);
#1347=VERTEX_POINT('',#2881);
#1348=VERTEX_POINT('',#2883);
#1349=VERTEX_POINT('',#2885);
#1350=VERTEX_POINT('',#2887);
#1351=VERTEX_POINT('',#2890);
#1352=VERTEX_POINT('',#2891);
#1353=VERTEX_POINT('',#2894);
#1354=VERTEX_POINT('',#2896);
#1355=VERTEX_POINT('',#2898);
#1356=VERTEX_POINT('',#2900);
#1357=VERTEX_POINT('',#2902);
#1358=VERTEX_POINT('',#2904);
#1359=VERTEX_POINT('',#2907);
#1360=VERTEX_POINT('',#2909);
#1361=VERTEX_POINT('',#2911);
#1362=VERTEX_POINT('',#2913);
#1363=VERTEX_POINT('',#2915);
#1364=VERTEX_POINT('',#2917);
#1365=VERTEX_POINT('',#2920);
#1366=VERTEX_POINT('',#2922);
#1367=VERTEX_POINT('',#2924);
#1368=VERTEX_POINT('',#2926);
#1369=VERTEX_POINT('',#2928);
#1370=VERTEX_POINT('',#2930);
#1371=VERTEX_POINT('',#2933);
#1372=VERTEX_POINT('',#2935);
#1373=VERTEX_POINT('',#2937);
#1374=VERTEX_POINT('',#2939);
#1375=VERTEX_POINT('',#2943);
#1376=VERTEX_POINT('',#2944);
#1377=VERTEX_POINT('',#2946);
#1378=VERTEX_POINT('',#2948);
#1379=VERTEX_POINT('',#2953);
#1380=VERTEX_POINT('',#2957);
#1381=VERTEX_POINT('',#2959);
#1382=VERTEX_POINT('',#2961);
#1383=VERTEX_POINT('',#2965);
#1384=VERTEX_POINT('',#2969);
#1385=VERTEX_POINT('',#2975);
#1386=VERTEX_POINT('',#2977);
#1387=VERTEX_POINT('',#2980);
#1388=VERTEX_POINT('',#2981);
#1389=VERTEX_POINT('',#2983);
#1390=VERTEX_POINT('',#2986);
#1391=VERTEX_POINT('',#2988);
#1392=VERTEX_POINT('',#2990);
#1393=VERTEX_POINT('',#2995);
#1394=VERTEX_POINT('',#2996);
#1395=VERTEX_POINT('',#2998);
#1396=VERTEX_POINT('',#3000);
#1397=VERTEX_POINT('',#3003);
#1398=VERTEX_POINT('',#3005);
#1399=VERTEX_POINT('',#3010);
#1400=VERTEX_POINT('',#3011);
#1401=VERTEX_POINT('',#3016);
#1402=VERTEX_POINT('',#3018);
#1403=VERTEX_POINT('',#3022);
#1404=VERTEX_POINT('',#3023);
#1405=VERTEX_POINT('',#3025);
#1406=VERTEX_POINT('',#3027);
#1407=VERTEX_POINT('',#3029);
#1408=VERTEX_POINT('',#3032);
#1409=VERTEX_POINT('',#3036);
#1410=VERTEX_POINT('',#3037);
#1411=VERTEX_POINT('',#3039);
#1412=VERTEX_POINT('',#3041);
#1413=VERTEX_POINT('',#3045);
#1414=VERTEX_POINT('',#3046);
#1415=VERTEX_POINT('',#3048);
#1416=VERTEX_POINT('',#3050);
#1417=VERTEX_POINT('',#3054);
#1418=VERTEX_POINT('',#3056);
#1419=VERTEX_POINT('',#3060);
#1420=VERTEX_POINT('',#3062);
#1421=VERTEX_POINT('',#3066);
#1422=VERTEX_POINT('',#3068);
#1423=VERTEX_POINT('',#3072);
#1424=VERTEX_POINT('',#3074);
#1425=VERTEX_POINT('',#3078);
#1426=VERTEX_POINT('',#3080);
#1427=VERTEX_POINT('',#3084);
#1428=VERTEX_POINT('',#3086);
#1429=VERTEX_POINT('',#3090);
#1430=VERTEX_POINT('',#3092);
#1431=VERTEX_POINT('',#3096);
#1432=VERTEX_POINT('',#3098);
#1433=VERTEX_POINT('',#3102);
#1434=VERTEX_POINT('',#3103);
#1435=VERTEX_POINT('',#3105);
#1436=VERTEX_POINT('',#3107);
#1437=VERTEX_POINT('',#3111);
#1438=VERTEX_POINT('',#3113);
#1439=VERTEX_POINT('',#3117);
#1440=VERTEX_POINT('',#3119);
#1441=VERTEX_POINT('',#3121);
#1442=VERTEX_POINT('',#3123);
#1443=VERTEX_POINT('',#3125);
#1444=VERTEX_POINT('',#3127);
#1445=VERTEX_POINT('',#3129);
#1446=VERTEX_POINT('',#3131);
#1447=VERTEX_POINT('',#3135);
#1448=VERTEX_POINT('',#3137);
#1449=VERTEX_POINT('',#3146);
#1450=VERTEX_POINT('',#3148);
#1451=VERTEX_POINT('',#3150);
#1452=VERTEX_POINT('',#3152);
#1453=VERTEX_POINT('',#3158);
#1454=VERTEX_POINT('',#3159);
#1455=VERTEX_POINT('',#3164);
#1456=VERTEX_POINT('',#3166);
#1457=VERTEX_POINT('',#3170);
#1458=VERTEX_POINT('',#3174);
#1459=VERTEX_POINT('',#3180);
#1460=VERTEX_POINT('',#3181);
#1461=VERTEX_POINT('',#3183);
#1462=VERTEX_POINT('',#3185);
#1463=VERTEX_POINT('',#3187);
#1464=VERTEX_POINT('',#3189);
#1465=VERTEX_POINT('',#3191);
#1466=VERTEX_POINT('',#3193);
#1467=VERTEX_POINT('',#3196);
#1468=VERTEX_POINT('',#3199);
#1469=VERTEX_POINT('',#3200);
#1470=VERTEX_POINT('',#3202);
#1471=VERTEX_POINT('',#3204);
#1472=VERTEX_POINT('',#3206);
#1473=VERTEX_POINT('',#3208);
#1474=VERTEX_POINT('',#3210);
#1475=VERTEX_POINT('',#3212);
#1476=VERTEX_POINT('',#3221);
#1477=VERTEX_POINT('',#3223);
#1478=VERTEX_POINT('',#3227);
#1479=VERTEX_POINT('',#3233);
#1480=VERTEX_POINT('',#3237);
#1481=VERTEX_POINT('',#3241);
#1482=VERTEX_POINT('',#3248);
#1483=VERTEX_POINT('',#3250);
#1484=VERTEX_POINT('',#3256);
#1485=VERTEX_POINT('',#3260);
#1486=VERTEX_POINT('',#3264);
#1487=VERTEX_POINT('',#3268);
#1488=VERTEX_POINT('',#3275);
#1489=VERTEX_POINT('',#3277);
#1490=VERTEX_POINT('',#3283);
#1491=VERTEX_POINT('',#3287);
#1492=VERTEX_POINT('',#3291);
#1493=VERTEX_POINT('',#3295);
#1494=VERTEX_POINT('',#3302);
#1495=VERTEX_POINT('',#3306);
#1496=VERTEX_POINT('',#3310);
#1497=VERTEX_POINT('',#3314);
#1498=VERTEX_POINT('',#3318);
#1499=VERTEX_POINT('',#3322);
#1500=VERTEX_POINT('',#3329);
#1501=VERTEX_POINT('',#3333);
#1502=CIRCLE('',#2016,0.0025);
#1503=CIRCLE('',#2017,0.0025);
#1504=CIRCLE('',#2019,0.0025);
#1505=CIRCLE('',#2020,0.0025);
#1506=CIRCLE('',#2022,0.0015);
#1507=CIRCLE('',#2023,0.0015);
#1508=CIRCLE('',#2025,0.0015);
#1509=CIRCLE('',#2026,0.0015);
#1510=CIRCLE('',#2028,0.0015);
#1511=CIRCLE('',#2029,0.0015);
#1512=CIRCLE('',#2031,0.0015);
#1513=CIRCLE('',#2032,0.0015);
#1514=CIRCLE('',#2034,0.0051);
#1515=CIRCLE('',#2035,0.0051);
#1516=CIRCLE('',#2036,0.0051);
#1517=CIRCLE('',#2037,0.0051);
#1518=CIRCLE('',#2038,0.0051);
#1519=CIRCLE('',#2039,0.0051);
#1520=CIRCLE('',#2040,0.0051);
#1521=CIRCLE('',#2041,0.0051);
#1522=CIRCLE('',#2042,0.0051);
#1523=CIRCLE('',#2044,0.003);
#1524=CIRCLE('',#2045,0.003);
#1525=CIRCLE('',#2050,0.003);
#1526=CIRCLE('',#2053,0.003);
#1527=CIRCLE('',#2055,0.011);
#1528=CIRCLE('',#2056,0.011);
#1529=CIRCLE('',#2058,0.001);
#1530=CIRCLE('',#2059,0.001);
#1531=CIRCLE('',#2065,0.003);
#1532=CIRCLE('',#2066,0.003);
#1533=CIRCLE('',#2068,0.003);
#1534=CIRCLE('',#2069,0.003);
#1535=CIRCLE('',#2074,0.002);
#1536=CIRCLE('',#2075,0.002);
#1537=CIRCLE('',#2078,0.002);
#1538=CIRCLE('',#2079,0.002);
#1539=CIRCLE('',#2082,0.002);
#1540=CIRCLE('',#2083,0.002);
#1541=CIRCLE('',#2086,0.002);
#1542=CIRCLE('',#2087,0.002);
#1543=CIRCLE('',#2091,0.003);
#1544=CIRCLE('',#2092,0.003);
#1545=CIRCLE('',#2097,0.003);
#1546=CIRCLE('',#2098,0.003);
#1547=CIRCLE('',#2101,0.002);
#1548=CIRCLE('',#2102,0.002);
#1549=CIRCLE('',#2103,0.003);
#1550=CIRCLE('',#2104,0.003);
#1551=CIRCLE('',#2105,0.002);
#1552=CIRCLE('',#2106,0.002);
#1553=CIRCLE('',#2110,0.003);
#1554=CIRCLE('',#2113,0.003);
#1555=CIRCLE('',#2115,0.001);
#1556=CIRCLE('',#2116,0.000999999999999977);
#1557=CIRCLE('',#2117,0.005);
#1558=CIRCLE('',#2118,0.005);
#1559=CIRCLE('',#2120,0.001);
#1560=CIRCLE('',#2121,0.001);
#1561=CIRCLE('',#2122,0.00100000000000002);
#1562=CIRCLE('',#2123,0.00100000000000002);
#1563=CIRCLE('',#2125,0.002);
#1564=CIRCLE('',#2126,0.002);
#1565=CIRCLE('',#2127,0.002);
#1566=CIRCLE('',#2128,0.002);
#1567=CIRCLE('',#2162,0.005);
#1568=CIRCLE('',#2165,0.005);
#1569=CIRCLE('',#2177,0.002);
#1570=CIRCLE('',#2179,0.002);
#1571=CIRCLE('',#2181,0.002);
#1572=CIRCLE('',#2183,0.002);
#1573=CIRCLE('',#2190,0.002);
#1574=CIRCLE('',#2192,0.002);
#1575=CIRCLE('',#2194,0.002);
#1576=CIRCLE('',#2196,0.002);
#1577=CIRCLE('',#2201,0.002);
#1578=CIRCLE('',#2202,0.002);
#1579=CIRCLE('',#2204,0.002);
#1580=CIRCLE('',#2206,0.002);
#1581=CIRCLE('',#2208,0.002);
#1582=CIRCLE('',#2210,0.002);
#1583=CIRCLE('',#2212,0.002);
#1584=CIRCLE('',#2214,0.002);
#1585=EDGE_LOOP('',(#470));
#1586=EDGE_LOOP('',(#471));
#1587=EDGE_LOOP('',(#472));
#1588=EDGE_LOOP('',(#473));
#1589=EDGE_LOOP('',(#474));
#1590=EDGE_LOOP('',(#475));
#1591=EDGE_LOOP('',(#476));
#1592=EDGE_LOOP('',(#477));
#1593=EDGE_LOOP('',(#478));
#1594=EDGE_LOOP('',(#479));
#1595=EDGE_LOOP('',(#480));
#1596=EDGE_LOOP('',(#481));
#1597=EDGE_LOOP('',(#482));
#1598=EDGE_LOOP('',(#483,#484,#485,#486,#487,#488,#489,#490,#491,#492,#493,
#494,#495,#496,#497,#498));
#1599=EDGE_LOOP('',(#499,#500,#501,#502,#503,#504));
#1600=EDGE_LOOP('',(#505,#506,#507,#508,#509,#510,#511,#512,#513,#514,#515,
#516,#517,#518,#519,#520,#521,#522,#523,#524,#525,#526,#527,#528,#529,#530,
#531,#532,#533,#534,#535,#536));
#1601=EDGE_LOOP('',(#537,#538,#539,#540,#541,#542));
#1602=EDGE_LOOP('',(#543,#544,#545,#546));
#1603=EDGE_LOOP('',(#547,#548,#549,#550,#551,#552));
#1604=EDGE_LOOP('',(#553,#554,#555,#556));
#1605=EDGE_LOOP('',(#557,#558,#559,#560));
#1606=EDGE_LOOP('',(#561,#562,#563,#564));
#1607=EDGE_LOOP('',(#565));
#1608=EDGE_LOOP('',(#566));
#1609=EDGE_LOOP('',(#567,#568,#569,#570,#571,#572,#573,#574));
#1610=EDGE_LOOP('',(#575));
#1611=EDGE_LOOP('',(#576));
#1612=EDGE_LOOP('',(#577));
#1613=EDGE_LOOP('',(#578));
#1614=EDGE_LOOP('',(#579));
#1615=EDGE_LOOP('',(#580));
#1616=EDGE_LOOP('',(#581,#582,#583,#584,#585,#586,#587,#588,#589,#590));
#1617=EDGE_LOOP('',(#591,#592,#593,#594));
#1618=EDGE_LOOP('',(#595,#596,#597,#598));
#1619=EDGE_LOOP('',(#599,#600,#601,#602,#603,#604,#605,#606));
#1620=EDGE_LOOP('',(#607,#608,#609,#610));
#1621=EDGE_LOOP('',(#611,#612,#613,#614));
#1622=EDGE_LOOP('',(#615,#616,#617,#618));
#1623=EDGE_LOOP('',(#619,#620,#621,#622));
#1624=EDGE_LOOP('',(#623,#624,#625,#626));
#1625=EDGE_LOOP('',(#627,#628,#629,#630));
#1626=EDGE_LOOP('',(#631,#632,#633,#634));
#1627=EDGE_LOOP('',(#635,#636,#637,#638));
#1628=EDGE_LOOP('',(#639,#640,#641,#642));
#1629=EDGE_LOOP('',(#643,#644,#645,#646));
#1630=EDGE_LOOP('',(#647,#648,#649,#650));
#1631=EDGE_LOOP('',(#651,#652,#653,#654));
#1632=EDGE_LOOP('',(#655,#656,#657,#658,#659,#660,#661,#662,#663,#664));
#1633=EDGE_LOOP('',(#665,#666,#667,#668));
#1634=EDGE_LOOP('',(#669,#670,#671,#672));
#1635=EDGE_LOOP('',(#673,#674,#675,#676,#677,#678,#679,#680,#681,#682,#683,
#684,#685,#686,#687,#688,#689,#690,#691,#692,#693,#694,#695,#696,#697,#698,
#699,#700,#701,#702,#703,#704));
#1636=EDGE_LOOP('',(#705));
#1637=EDGE_LOOP('',(#706));
#1638=EDGE_LOOP('',(#707,#708,#709,#710,#711));
#1639=EDGE_LOOP('',(#712,#713,#714,#715,#716));
#1640=EDGE_LOOP('',(#717,#718,#719,#720));
#1641=EDGE_LOOP('',(#721,#722,#723,#724));
#1642=EDGE_LOOP('',(#725,#726,#727,#728));
#1643=EDGE_LOOP('',(#729,#730,#731,#732,#733,#734,#735,#736));
#1644=EDGE_LOOP('',(#737));
#1645=EDGE_LOOP('',(#738,#739,#740,#741,#742,#743,#744,#745));
#1646=EDGE_LOOP('',(#746,#747,#748,#749,#750,#751,#752,#753,#754,#755,#756,
#757,#758,#759,#760,#761));
#1647=EDGE_LOOP('',(#762,#763,#764,#765));
#1648=EDGE_LOOP('',(#766,#767,#768,#769));
#1649=EDGE_LOOP('',(#770,#771,#772,#773));
#1650=EDGE_LOOP('',(#774,#775,#776,#777));
#1651=EDGE_LOOP('',(#778,#779,#780,#781));
#1652=EDGE_LOOP('',(#782,#783,#784,#785));
#1653=EDGE_LOOP('',(#786,#787,#788,#789));
#1654=EDGE_LOOP('',(#790));
#1655=EDGE_LOOP('',(#791,#792,#793,#794,#795,#796,#797,#798));
#1656=EDGE_LOOP('',(#799,#800,#801,#802));
#1657=EDGE_LOOP('',(#803,#804,#805,#806));
#1658=EDGE_LOOP('',(#807,#808,#809,#810));
#1659=EDGE_LOOP('',(#811,#812,#813,#814));
#1660=EDGE_LOOP('',(#815,#816,#817,#818));
#1661=EDGE_LOOP('',(#819,#820,#821,#822));
#1662=EDGE_LOOP('',(#823,#824,#825,#826));
#1663=EDGE_LOOP('',(#827));
#1664=EDGE_LOOP('',(#828,#829,#830,#831,#832,#833,#834,#835));
#1665=EDGE_LOOP('',(#836,#837,#838,#839));
#1666=EDGE_LOOP('',(#840,#841,#842,#843));
#1667=EDGE_LOOP('',(#844,#845,#846,#847));
#1668=EDGE_LOOP('',(#848,#849,#850,#851));
#1669=EDGE_LOOP('',(#852,#853,#854,#855));
#1670=EDGE_LOOP('',(#856,#857,#858,#859));
#1671=EDGE_LOOP('',(#860,#861,#862,#863));
#1672=EDGE_LOOP('',(#864));
#1673=EDGE_LOOP('',(#865,#866,#867,#868,#869,#870,#871,#872));
#1674=EDGE_LOOP('',(#873,#874,#875,#876));
#1675=EDGE_LOOP('',(#877,#878,#879,#880));
#1676=EDGE_LOOP('',(#881,#882,#883,#884));
#1677=EDGE_LOOP('',(#885,#886,#887,#888));
#1678=EDGE_LOOP('',(#889,#890,#891,#892));
#1679=EDGE_LOOP('',(#893,#894,#895,#896));
#1680=EDGE_LOOP('',(#897,#898,#899,#900));
#1681=EDGE_LOOP('',(#901,#902,#903,#904,#905,#906,#907,#908));
#1682=EDGE_LOOP('',(#909));
#1683=EDGE_LOOP('',(#910));
#1684=EDGE_LOOP('',(#911));
#1685=EDGE_LOOP('',(#912));
#1686=EDGE_LOOP('',(#913));
#1687=EDGE_LOOP('',(#914));
#1688=EDGE_LOOP('',(#915,#916));
#1689=EDGE_LOOP('',(#917));
#1690=EDGE_LOOP('',(#918));
#1691=EDGE_LOOP('',(#919,#920,#921,#922,#923,#924));
#1692=EDGE_LOOP('',(#925,#926,#927,#928,#929));
#1693=EDGE_LOOP('',(#930,#931,#932,#933));
#1694=EDGE_LOOP('',(#934,#935,#936,#937));
#1695=EDGE_LOOP('',(#938,#939,#940,#941));
#1696=EDGE_LOOP('',(#942,#943,#944,#945));
#1697=EDGE_LOOP('',(#946,#947,#948,#949));
#1698=EDGE_LOOP('',(#950,#951,#952,#953));
#1699=EDGE_LOOP('',(#954,#955,#956,#957));
#1700=EDGE_LOOP('',(#958,#959,#960,#961));
#1701=EDGE_LOOP('',(#962,#963,#964,#965));
#1702=EDGE_LOOP('',(#966,#967,#968,#969));
#1703=EDGE_LOOP('',(#970,#971,#972,#973));
#1704=EDGE_LOOP('',(#974,#975,#976,#977));
#1705=EDGE_LOOP('',(#978,#979,#980,#981));
#1706=EDGE_LOOP('',(#982,#983,#984,#985));
#1707=EDGE_LOOP('',(#986,#987,#988,#989));
#1708=EDGE_LOOP('',(#990,#991,#992,#993));
#1709=EDGE_LOOP('',(#994,#995,#996,#997));
#1710=EDGE_LOOP('',(#998,#999,#1000,#1001));
#1711=EDGE_LOOP('',(#1002,#1003,#1004,#1005));
#1712=EDGE_LOOP('',(#1006,#1007,#1008,#1009));
#1713=EDGE_LOOP('',(#1010,#1011,#1012,#1013));
#1714=EDGE_LOOP('',(#1014,#1015,#1016,#1017));
#1715=EDGE_LOOP('',(#1018,#1019,#1020,#1021));
#1716=EDGE_LOOP('',(#1022,#1023,#1024,#1025));
#1717=EDGE_LOOP('',(#1026,#1027,#1028,#1029));
#1718=EDGE_LOOP('',(#1030,#1031,#1032,#1033));
#1719=FACE_BOUND('',#1585,.T.);
#1720=FACE_BOUND('',#1586,.T.);
#1721=FACE_BOUND('',#1587,.T.);
#1722=FACE_BOUND('',#1588,.T.);
#1723=FACE_BOUND('',#1589,.T.);
#1724=FACE_BOUND('',#1590,.T.);
#1725=FACE_BOUND('',#1591,.T.);
#1726=FACE_BOUND('',#1592,.T.);
#1727=FACE_BOUND('',#1593,.T.);
#1728=FACE_BOUND('',#1594,.T.);
#1729=FACE_BOUND('',#1595,.T.);
#1730=FACE_BOUND('',#1596,.T.);
#1731=FACE_BOUND('',#1597,.T.);
#1732=FACE_BOUND('',#1598,.T.);
#1733=FACE_BOUND('',#1599,.T.);
#1734=FACE_BOUND('',#1600,.T.);
#1735=FACE_BOUND('',#1601,.T.);
#1736=FACE_BOUND('',#1602,.T.);
#1737=FACE_BOUND('',#1603,.T.);
#1738=FACE_BOUND('',#1604,.T.);
#1739=FACE_BOUND('',#1605,.T.);
#1740=FACE_BOUND('',#1606,.T.);
#1741=FACE_BOUND('',#1607,.T.);
#1742=FACE_BOUND('',#1608,.T.);
#1743=FACE_BOUND('',#1609,.T.);
#1744=FACE_BOUND('',#1610,.T.);
#1745=FACE_BOUND('',#1611,.T.);
#1746=FACE_BOUND('',#1612,.T.);
#1747=FACE_BOUND('',#1613,.T.);
#1748=FACE_BOUND('',#1614,.T.);
#1749=FACE_BOUND('',#1615,.T.);
#1750=FACE_BOUND('',#1616,.T.);
#1751=FACE_BOUND('',#1617,.T.);
#1752=FACE_BOUND('',#1618,.T.);
#1753=FACE_BOUND('',#1619,.T.);
#1754=FACE_BOUND('',#1620,.T.);
#1755=FACE_BOUND('',#1621,.T.);
#1756=FACE_BOUND('',#1622,.T.);
#1757=FACE_BOUND('',#1623,.T.);
#1758=FACE_BOUND('',#1624,.T.);
#1759=FACE_BOUND('',#1625,.T.);
#1760=FACE_BOUND('',#1626,.T.);
#1761=FACE_BOUND('',#1627,.T.);
#1762=FACE_BOUND('',#1628,.T.);
#1763=FACE_BOUND('',#1629,.T.);
#1764=FACE_BOUND('',#1630,.T.);
#1765=FACE_BOUND('',#1631,.T.);
#1766=FACE_BOUND('',#1632,.T.);
#1767=FACE_BOUND('',#1633,.T.);
#1768=FACE_BOUND('',#1634,.T.);
#1769=FACE_BOUND('',#1635,.T.);
#1770=FACE_BOUND('',#1636,.T.);
#1771=FACE_BOUND('',#1637,.T.);
#1772=FACE_BOUND('',#1638,.T.);
#1773=FACE_BOUND('',#1639,.T.);
#1774=FACE_BOUND('',#1640,.T.);
#1775=FACE_BOUND('',#1641,.T.);
#1776=FACE_BOUND('',#1642,.T.);
#1777=FACE_BOUND('',#1643,.T.);
#1778=FACE_BOUND('',#1644,.T.);
#1779=FACE_BOUND('',#1645,.T.);
#1780=FACE_BOUND('',#1646,.T.);
#1781=FACE_BOUND('',#1647,.T.);
#1782=FACE_BOUND('',#1648,.T.);
#1783=FACE_BOUND('',#1649,.T.);
#1784=FACE_BOUND('',#1650,.T.);
#1785=FACE_BOUND('',#1651,.T.);
#1786=FACE_BOUND('',#1652,.T.);
#1787=FACE_BOUND('',#1653,.T.);
#1788=FACE_BOUND('',#1654,.T.);
#1789=FACE_BOUND('',#1655,.T.);
#1790=FACE_BOUND('',#1656,.T.);
#1791=FACE_BOUND('',#1657,.T.);
#1792=FACE_BOUND('',#1658,.T.);
#1793=FACE_BOUND('',#1659,.T.);
#1794=FACE_BOUND('',#1660,.T.);
#1795=FACE_BOUND('',#1661,.T.);
#1796=FACE_BOUND('',#1662,.T.);
#1797=FACE_BOUND('',#1663,.T.);
#1798=FACE_BOUND('',#1664,.T.);
#1799=FACE_BOUND('',#1665,.T.);
#1800=FACE_BOUND('',#1666,.T.);
#1801=FACE_BOUND('',#1667,.T.);
#1802=FACE_BOUND('',#1668,.T.);
#1803=FACE_BOUND('',#1669,.T.);
#1804=FACE_BOUND('',#1670,.T.);
#1805=FACE_BOUND('',#1671,.T.);
#1806=FACE_BOUND('',#1672,.T.);
#1807=FACE_BOUND('',#1673,.T.);
#1808=FACE_BOUND('',#1674,.T.);
#1809=FACE_BOUND('',#1675,.T.);
#1810=FACE_BOUND('',#1676,.T.);
#1811=FACE_BOUND('',#1677,.T.);
#1812=FACE_BOUND('',#1678,.T.);
#1813=FACE_BOUND('',#1679,.T.);
#1814=FACE_BOUND('',#1680,.T.);
#1815=FACE_BOUND('',#1681,.T.);
#1816=FACE_BOUND('',#1682,.T.);
#1817=FACE_BOUND('',#1683,.T.);
#1818=FACE_BOUND('',#1684,.T.);
#1819=FACE_BOUND('',#1685,.T.);
#1820=FACE_BOUND('',#1686,.T.);
#1821=FACE_BOUND('',#1687,.T.);
#1822=FACE_BOUND('',#1688,.T.);
#1823=FACE_BOUND('',#1689,.T.);
#1824=FACE_BOUND('',#1690,.T.);
#1825=FACE_BOUND('',#1691,.T.);
#1826=FACE_BOUND('',#1692,.T.);
#1827=FACE_BOUND('',#1693,.T.);
#1828=FACE_BOUND('',#1694,.T.);
#1829=FACE_BOUND('',#1695,.T.);
#1830=FACE_BOUND('',#1696,.T.);
#1831=FACE_BOUND('',#1697,.T.);
#1832=FACE_BOUND('',#1698,.T.);
#1833=FACE_BOUND('',#1699,.T.);
#1834=FACE_BOUND('',#1700,.T.);
#1835=FACE_BOUND('',#1701,.T.);
#1836=FACE_BOUND('',#1702,.T.);
#1837=FACE_BOUND('',#1703,.T.);
#1838=FACE_BOUND('',#1704,.T.);
#1839=FACE_BOUND('',#1705,.T.);
#1840=FACE_BOUND('',#1706,.T.);
#1841=FACE_BOUND('',#1707,.T.);
#1842=FACE_BOUND('',#1708,.T.);
#1843=FACE_BOUND('',#1709,.T.);
#1844=FACE_BOUND('',#1710,.T.);
#1845=FACE_BOUND('',#1711,.T.);
#1846=FACE_BOUND('',#1712,.T.);
#1847=FACE_BOUND('',#1713,.T.);
#1848=FACE_BOUND('',#1714,.T.);
#1849=FACE_BOUND('',#1715,.T.);
#1850=FACE_BOUND('',#1716,.T.);
#1851=FACE_BOUND('',#1717,.T.);
#1852=FACE_BOUND('',#1718,.T.);
#1853=CYLINDRICAL_SURFACE('',#2015,0.0025);
#1854=CYLINDRICAL_SURFACE('',#2018,0.0025);
#1855=CYLINDRICAL_SURFACE('',#2021,0.0015);
#1856=CYLINDRICAL_SURFACE('',#2024,0.0015);
#1857=CYLINDRICAL_SURFACE('',#2027,0.0015);
#1858=CYLINDRICAL_SURFACE('',#2030,0.0015);
#1859=CYLINDRICAL_SURFACE('',#2033,0.0051);
#1860=CYLINDRICAL_SURFACE('',#2049,0.003);
#1861=CYLINDRICAL_SURFACE('',#2052,0.003);
#1862=CYLINDRICAL_SURFACE('',#2054,0.011);
#1863=CYLINDRICAL_SURFACE('',#2064,0.003);
#1864=CYLINDRICAL_SURFACE('',#2067,0.003);
#1865=CYLINDRICAL_SURFACE('',#2073,0.002);
#1866=CYLINDRICAL_SURFACE('',#2077,0.002);
#1867=CYLINDRICAL_SURFACE('',#2081,0.002);
#1868=CYLINDRICAL_SURFACE('',#2085,0.002);
#1869=CYLINDRICAL_SURFACE('',#2090,0.003);
#1870=CYLINDRICAL_SURFACE('',#2096,0.003);
#1871=CYLINDRICAL_SURFACE('',#2109,0.003);
#1872=CYLINDRICAL_SURFACE('',#2112,0.003);
#1873=CYLINDRICAL_SURFACE('',#2161,0.005);
#1874=CYLINDRICAL_SURFACE('',#2164,0.005);
#1875=CYLINDRICAL_SURFACE('',#2170,0.002);
#1876=CYLINDRICAL_SURFACE('',#2171,0.002);
#1877=CYLINDRICAL_SURFACE('',#2172,0.002);
#1878=CYLINDRICAL_SURFACE('',#2173,0.002);
#1879=CYLINDRICAL_SURFACE('',#2174,0.002);
#1880=CYLINDRICAL_SURFACE('',#2176,0.002);
#1881=CYLINDRICAL_SURFACE('',#2180,0.002);
#1882=CYLINDRICAL_SURFACE('',#2184,0.002);
#1883=CYLINDRICAL_SURFACE('',#2186,0.002);
#1884=CYLINDRICAL_SURFACE('',#2187,0.002);
#1885=CYLINDRICAL_SURFACE('',#2189,0.002);
#1886=CYLINDRICAL_SURFACE('',#2193,0.002);
#1887=CYLINDRICAL_SURFACE('',#2197,0.002);
#1888=CYLINDRICAL_SURFACE('',#2199,0.002);
#1889=CYLINDRICAL_SURFACE('',#2203,0.002);
#1890=CYLINDRICAL_SURFACE('',#2205,0.002);
#1891=CYLINDRICAL_SURFACE('',#2211,0.002);
#1892=CYLINDRICAL_SURFACE('',#2213,0.002);
#1893=ADVANCED_FACE('',(#1719,#1720),#1853,.F.);
#1894=ADVANCED_FACE('',(#1721,#1722),#1854,.F.);
#1895=ADVANCED_FACE('',(#1723,#1724),#1855,.F.);
#1896=ADVANCED_FACE('',(#1725,#1726),#1856,.F.);
#1897=ADVANCED_FACE('',(#1727,#1728),#1857,.F.);
#1898=ADVANCED_FACE('',(#1729,#1730),#1858,.F.);
#1899=ADVANCED_FACE('',(#1731,#1732),#1859,.F.);
#1900=ADVANCED_FACE('',(#1733,#1734),#29,.T.);
#1901=ADVANCED_FACE('',(#1735),#30,.T.);
#1902=ADVANCED_FACE('',(#1736),#31,.T.);
#1903=ADVANCED_FACE('',(#1737),#32,.F.);
#1904=ADVANCED_FACE('',(#1738),#1860,.T.);
#1905=ADVANCED_FACE('',(#1739),#33,.F.);
#1906=ADVANCED_FACE('',(#1740),#1861,.T.);
#1907=ADVANCED_FACE('',(#1741,#1742),#1862,.F.);
#1908=ADVANCED_FACE('',(#1743),#34,.F.);
#1909=ADVANCED_FACE('',(#1744,#1745,#1746,#1747,#1748,#1749),#35,.F.);
#1910=ADVANCED_FACE('',(#1750),#36,.F.);
#1911=ADVANCED_FACE('',(#1751),#1863,.T.);
#1912=ADVANCED_FACE('',(#1752),#1864,.T.);
#1913=ADVANCED_FACE('',(#1753),#37,.F.);
#1914=ADVANCED_FACE('',(#1754),#38,.T.);
#1915=ADVANCED_FACE('',(#1755),#39,.F.);
#1916=ADVANCED_FACE('',(#1756),#1865,.F.);
#1917=ADVANCED_FACE('',(#1757),#40,.T.);
#1918=ADVANCED_FACE('',(#1758),#1866,.F.);
#1919=ADVANCED_FACE('',(#1759),#41,.T.);
#1920=ADVANCED_FACE('',(#1760),#1867,.F.);
#1921=ADVANCED_FACE('',(#1761),#42,.F.);
#1922=ADVANCED_FACE('',(#1762),#1868,.F.);
#1923=ADVANCED_FACE('',(#1763),#43,.F.);
#1924=ADVANCED_FACE('',(#1764),#44,.F.);
#1925=ADVANCED_FACE('',(#1765),#1869,.T.);
#1926=ADVANCED_FACE('',(#1766),#45,.T.);
#1927=ADVANCED_FACE('',(#1767),#1870,.T.);
#1928=ADVANCED_FACE('',(#1768),#46,.T.);
#1929=ADVANCED_FACE('',(#1769,#1770,#1771),#47,.T.);
#1930=ADVANCED_FACE('',(#1772),#48,.F.);
#1931=ADVANCED_FACE('',(#1773),#49,.T.);
#1932=ADVANCED_FACE('',(#1774),#1871,.T.);
#1933=ADVANCED_FACE('',(#1775),#50,.F.);
#1934=ADVANCED_FACE('',(#1776),#1872,.T.);
#1935=ADVANCED_FACE('',(#1777,#1778),#51,.F.);
#1936=ADVANCED_FACE('',(#1779),#52,.T.);
#1937=ADVANCED_FACE('',(#1780),#53,.F.);
#1938=ADVANCED_FACE('',(#1781),#54,.F.);
#1939=ADVANCED_FACE('',(#1782),#55,.F.);
#1940=ADVANCED_FACE('',(#1783),#56,.T.);
#1941=ADVANCED_FACE('',(#1784),#57,.F.);
#1942=ADVANCED_FACE('',(#1785),#58,.F.);
#1943=ADVANCED_FACE('',(#1786),#59,.F.);
#1944=ADVANCED_FACE('',(#1787),#60,.F.);
#1945=ADVANCED_FACE('',(#1788,#1789),#61,.T.);
#1946=ADVANCED_FACE('',(#1790),#62,.F.);
#1947=ADVANCED_FACE('',(#1791),#63,.T.);
#1948=ADVANCED_FACE('',(#1792),#64,.F.);
#1949=ADVANCED_FACE('',(#1793),#65,.F.);
#1950=ADVANCED_FACE('',(#1794),#66,.F.);
#1951=ADVANCED_FACE('',(#1795),#67,.F.);
#1952=ADVANCED_FACE('',(#1796),#68,.F.);
#1953=ADVANCED_FACE('',(#1797,#1798),#69,.T.);
#1954=ADVANCED_FACE('',(#1799),#70,.F.);
#1955=ADVANCED_FACE('',(#1800),#71,.F.);
#1956=ADVANCED_FACE('',(#1801),#72,.T.);
#1957=ADVANCED_FACE('',(#1802),#73,.F.);
#1958=ADVANCED_FACE('',(#1803),#74,.F.);
#1959=ADVANCED_FACE('',(#1804),#75,.F.);
#1960=ADVANCED_FACE('',(#1805),#76,.F.);
#1961=ADVANCED_FACE('',(#1806,#1807),#77,.T.);
#1962=ADVANCED_FACE('',(#1808),#78,.T.);
#1963=ADVANCED_FACE('',(#1809),#79,.F.);
#1964=ADVANCED_FACE('',(#1810),#80,.F.);
#1965=ADVANCED_FACE('',(#1811),#81,.F.);
#1966=ADVANCED_FACE('',(#1812),#82,.F.);
#1967=ADVANCED_FACE('',(#1813),#83,.F.);
#1968=ADVANCED_FACE('',(#1814),#84,.F.);
#1969=ADVANCED_FACE('',(#1815,#1816),#85,.T.);
#1970=ADVANCED_FACE('',(#1817,#1818),#1873,.F.);
#1971=ADVANCED_FACE('',(#1819,#1820),#86,.T.);
#1972=ADVANCED_FACE('',(#1821,#1822),#1874,.F.);
#1973=ADVANCED_FACE('',(#1823,#1824),#87,.T.);
#1974=ADVANCED_FACE('',(#1825),#88,.F.);
#1975=ADVANCED_FACE('',(#1826),#89,.T.);
#1976=ADVANCED_FACE('',(#1827),#1875,.T.);
#1977=ADVANCED_FACE('',(#1828),#1876,.T.);
#1978=ADVANCED_FACE('',(#1829),#1877,.T.);
#1979=ADVANCED_FACE('',(#1830),#1878,.T.);
#1980=ADVANCED_FACE('',(#1831),#1879,.T.);
#1981=ADVANCED_FACE('',(#1832),#1880,.T.);
#1982=ADVANCED_FACE('',(#1833),#12,.T.);
#1983=ADVANCED_FACE('',(#1834),#1881,.T.);
#1984=ADVANCED_FACE('',(#1835),#13,.T.);
#1985=ADVANCED_FACE('',(#1836),#1882,.T.);
#1986=ADVANCED_FACE('',(#1837),#1883,.T.);
#1987=ADVANCED_FACE('',(#1838),#1884,.T.);
#1988=ADVANCED_FACE('',(#1839),#1885,.T.);
#1989=ADVANCED_FACE('',(#1840),#14,.T.);
#1990=ADVANCED_FACE('',(#1841),#1886,.T.);
#1991=ADVANCED_FACE('',(#1842),#15,.T.);
#1992=ADVANCED_FACE('',(#1843),#1887,.T.);
#1993=ADVANCED_FACE('',(#1844),#1888,.T.);
#1994=ADVANCED_FACE('',(#1845),#16,.T.);
#1995=ADVANCED_FACE('',(#1846),#1889,.T.);
#1996=ADVANCED_FACE('',(#1847),#1890,.T.);
#1997=ADVANCED_FACE('',(#1848),#17,.T.);
#1998=ADVANCED_FACE('',(#1849),#18,.T.);
#1999=ADVANCED_FACE('',(#1850),#1891,.T.);
#2000=ADVANCED_FACE('',(#1851),#1892,.T.);
#2001=ADVANCED_FACE('',(#1852),#19,.T.);
#2002=CLOSED_SHELL('',(#1893,#1894,#1895,#1896,#1897,#1898,#1899,#1900,
#1901,#1902,#1903,#1904,#1905,#1906,#1907,#1908,#1909,#1910,#1911,#1912,
#1913,#1914,#1915,#1916,#1917,#1918,#1919,#1920,#1921,#1922,#1923,#1924,
#1925,#1926,#1927,#1928,#1929,#1930,#1931,#1932,#1933,#1934,#1935,#1936,
#1937,#1938,#1939,#1940,#1941,#1942,#1943,#1944,#1945,#1946,#1947,#1948,
#1949,#1950,#1951,#1952,#1953,#1954,#1955,#1956,#1957,#1958,#1959,#1960,
#1961,#1962,#1963,#1964,#1965,#1966,#1967,#1968,#1969,#1970,#1971,#1972,
#1973,#1974,#1975,#1976,#1977,#1978,#1979,#1980,#1981,#1982,#1983,#1984,
#1985,#1986,#1987,#1988,#1989,#1990,#1991,#1992,#1993,#1994,#1995,#1996,
#1997,#1998,#1999,#2000,#2001));
#2003=STYLED_ITEM('',(#2004),#2011);
#2004=PRESENTATION_STYLE_ASSIGNMENT((#2005));
#2005=SURFACE_STYLE_USAGE(.BOTH.,#2006);
#2006=SURFACE_SIDE_STYLE('',(#2007));
#2007=SURFACE_STYLE_FILL_AREA(#2008);
#2008=FILL_AREA_STYLE('',(#2009));
#2009=FILL_AREA_STYLE_COLOUR('',#2010);
#2010=COLOUR_RGB('',0.615686274509804,0.811764705882353,0.929411764705882);
#2011=MANIFOLD_SOLID_BREP('leadscrew block',#2002);
#2012=SHAPE_DEFINITION_REPRESENTATION(#3394,#2013);
#2013=SHAPE_REPRESENTATION('leadscrew block',(#2014),#3389);
#2014=AXIS2_PLACEMENT_3D('',#2810,#2216,#2217);
#2015=AXIS2_PLACEMENT_3D('',#2811,#2218,#2219);
#2016=AXIS2_PLACEMENT_3D('',#2812,#2220,#2221);
#2017=AXIS2_PLACEMENT_3D('',#2814,#2222,#2223);
#2018=AXIS2_PLACEMENT_3D('',#2816,#2224,#2225);
#2019=AXIS2_PLACEMENT_3D('',#2817,#2226,#2227);
#2020=AXIS2_PLACEMENT_3D('',#2819,#2228,#2229);
#2021=AXIS2_PLACEMENT_3D('',#2821,#2230,#2231);
#2022=AXIS2_PLACEMENT_3D('',#2822,#2232,#2233);
#2023=AXIS2_PLACEMENT_3D('',#2824,#2234,#2235);
#2024=AXIS2_PLACEMENT_3D('',#2826,#2236,#2237);
#2025=AXIS2_PLACEMENT_3D('',#2827,#2238,#2239);
#2026=AXIS2_PLACEMENT_3D('',#2829,#2240,#2241);
#2027=AXIS2_PLACEMENT_3D('',#2831,#2242,#2243);
#2028=AXIS2_PLACEMENT_3D('',#2832,#2244,#2245);
#2029=AXIS2_PLACEMENT_3D('',#2834,#2246,#2247);
#2030=AXIS2_PLACEMENT_3D('',#2836,#2248,#2249);
#2031=AXIS2_PLACEMENT_3D('',#2837,#2250,#2251);
#2032=AXIS2_PLACEMENT_3D('',#2839,#2252,#2253);
#2033=AXIS2_PLACEMENT_3D('',#2841,#2254,#2255);
#2034=AXIS2_PLACEMENT_3D('',#2842,#2256,#2257);
#2035=AXIS2_PLACEMENT_3D('',#2844,#2258,#2259);
#2036=AXIS2_PLACEMENT_3D('',#2849,#2261,#2262);
#2037=AXIS2_PLACEMENT_3D('',#2853,#2264,#2265);
#2038=AXIS2_PLACEMENT_3D('',#2857,#2267,#2268);
#2039=AXIS2_PLACEMENT_3D('',#2861,#2270,#2271);
#2040=AXIS2_PLACEMENT_3D('',#2865,#2273,#2274);
#2041=AXIS2_PLACEMENT_3D('',#2869,#2276,#2277);
#2042=AXIS2_PLACEMENT_3D('',#2873,#2279,#2280);
#2043=AXIS2_PLACEMENT_3D('',#2876,#2282,#2283);
#2044=AXIS2_PLACEMENT_3D('',#2884,#2287,#2288);
#2045=AXIS2_PLACEMENT_3D('',#2888,#2290,#2291);
#2046=AXIS2_PLACEMENT_3D('',#2941,#2320,#2321);
#2047=AXIS2_PLACEMENT_3D('',#2951,#2327,#2328);
#2048=AXIS2_PLACEMENT_3D('',#2955,#2331,#2332);
#2049=AXIS2_PLACEMENT_3D('',#2963,#2337,#2338);
#2050=AXIS2_PLACEMENT_3D('',#2964,#2339,#2340);
#2051=AXIS2_PLACEMENT_3D('',#2967,#2342,#2343);
#2052=AXIS2_PLACEMENT_3D('',#2971,#2346,#2347);
#2053=AXIS2_PLACEMENT_3D('',#2972,#2348,#2349);
#2054=AXIS2_PLACEMENT_3D('',#2973,#2350,#2351);
#2055=AXIS2_PLACEMENT_3D('',#2974,#2352,#2353);
#2056=AXIS2_PLACEMENT_3D('',#2976,#2354,#2355);
#2057=AXIS2_PLACEMENT_3D('',#2978,#2356,#2357);
#2058=AXIS2_PLACEMENT_3D('',#2979,#2358,#2359);
#2059=AXIS2_PLACEMENT_3D('',#2989,#2364,#2365);
#2060=AXIS2_PLACEMENT_3D('',#2992,#2367,#2368);
#2061=AXIS2_PLACEMENT_3D('',#2993,#2369,#2370);
#2062=AXIS2_PLACEMENT_3D('',#3002,#2375,#2376);
#2063=AXIS2_PLACEMENT_3D('',#3006,#2378,#2379);
#2064=AXIS2_PLACEMENT_3D('',#3008,#2381,#2382);
#2065=AXIS2_PLACEMENT_3D('',#3012,#2384,#2385);
#2066=AXIS2_PLACEMENT_3D('',#3013,#2386,#2387);
#2067=AXIS2_PLACEMENT_3D('',#3014,#2388,#2389);
#2068=AXIS2_PLACEMENT_3D('',#3015,#2390,#2391);
#2069=AXIS2_PLACEMENT_3D('',#3019,#2393,#2394);
#2070=AXIS2_PLACEMENT_3D('',#3020,#2395,#2396);
#2071=AXIS2_PLACEMENT_3D('',#3034,#2404,#2405);
#2072=AXIS2_PLACEMENT_3D('',#3043,#2410,#2411);
#2073=AXIS2_PLACEMENT_3D('',#3052,#2416,#2417);
#2074=AXIS2_PLACEMENT_3D('',#3053,#2418,#2419);
#2075=AXIS2_PLACEMENT_3D('',#3057,#2421,#2422);
#2076=AXIS2_PLACEMENT_3D('',#3058,#2423,#2424);
#2077=AXIS2_PLACEMENT_3D('',#3064,#2428,#2429);
#2078=AXIS2_PLACEMENT_3D('',#3065,#2430,#2431);
#2079=AXIS2_PLACEMENT_3D('',#3069,#2433,#2434);
#2080=AXIS2_PLACEMENT_3D('',#3070,#2435,#2436);
#2081=AXIS2_PLACEMENT_3D('',#3076,#2440,#2441);
#2082=AXIS2_PLACEMENT_3D('',#3077,#2442,#2443);
#2083=AXIS2_PLACEMENT_3D('',#3081,#2445,#2446);
#2084=AXIS2_PLACEMENT_3D('',#3082,#2447,#2448);
#2085=AXIS2_PLACEMENT_3D('',#3088,#2452,#2453);
#2086=AXIS2_PLACEMENT_3D('',#3089,#2454,#2455);
#2087=AXIS2_PLACEMENT_3D('',#3093,#2457,#2458);
#2088=AXIS2_PLACEMENT_3D('',#3094,#2459,#2460);
#2089=AXIS2_PLACEMENT_3D('',#3100,#2464,#2465);
#2090=AXIS2_PLACEMENT_3D('',#3109,#2470,#2471);
#2091=AXIS2_PLACEMENT_3D('',#3110,#2472,#2473);
#2092=AXIS2_PLACEMENT_3D('',#3114,#2475,#2476);
#2093=AXIS2_PLACEMENT_3D('',#3115,#2477,#2478);
#2094=AXIS2_PLACEMENT_3D('',#3124,#2483,#2484);
#2095=AXIS2_PLACEMENT_3D('',#3128,#2486,#2487);
#2096=AXIS2_PLACEMENT_3D('',#3133,#2490,#2491);
#2097=AXIS2_PLACEMENT_3D('',#3134,#2492,#2493);
#2098=AXIS2_PLACEMENT_3D('',#3138,#2495,#2496);
#2099=AXIS2_PLACEMENT_3D('',#3139,#2497,#2498);
#2100=AXIS2_PLACEMENT_3D('',#3142,#2501,#2502);
#2101=AXIS2_PLACEMENT_3D('',#3143,#2503,#2504);
#2102=AXIS2_PLACEMENT_3D('',#3144,#2505,#2506);
#2103=AXIS2_PLACEMENT_3D('',#3147,#2508,#2509);
#2104=AXIS2_PLACEMENT_3D('',#3151,#2511,#2512);
#2105=AXIS2_PLACEMENT_3D('',#3154,#2514,#2515);
#2106=AXIS2_PLACEMENT_3D('',#3155,#2516,#2517);
#2107=AXIS2_PLACEMENT_3D('',#3156,#2518,#2519);
#2108=AXIS2_PLACEMENT_3D('',#3162,#2523,#2524);
#2109=AXIS2_PLACEMENT_3D('',#3168,#2528,#2529);
#2110=AXIS2_PLACEMENT_3D('',#3169,#2530,#2531);
#2111=AXIS2_PLACEMENT_3D('',#3172,#2533,#2534);
#2112=AXIS2_PLACEMENT_3D('',#3176,#2537,#2538);
#2113=AXIS2_PLACEMENT_3D('',#3177,#2539,#2540);
#2114=AXIS2_PLACEMENT_3D('',#3178,#2541,#2542);
#2115=AXIS2_PLACEMENT_3D('',#3184,#2545,#2546);
#2116=AXIS2_PLACEMENT_3D('',#3188,#2548,#2549);
#2117=AXIS2_PLACEMENT_3D('',#3194,#2552,#2553);
#2118=AXIS2_PLACEMENT_3D('',#3195,#2554,#2555);
#2119=AXIS2_PLACEMENT_3D('',#3197,#2556,#2557);
#2120=AXIS2_PLACEMENT_3D('',#3201,#2559,#2560);
#2121=AXIS2_PLACEMENT_3D('',#3205,#2562,#2563);
#2122=AXIS2_PLACEMENT_3D('',#3209,#2565,#2566);
#2123=AXIS2_PLACEMENT_3D('',#3213,#2568,#2569);
#2124=AXIS2_PLACEMENT_3D('',#3214,#2570,#2571);
#2125=AXIS2_PLACEMENT_3D('',#3215,#2572,#2573);
#2126=AXIS2_PLACEMENT_3D('',#3216,#2574,#2575);
#2127=AXIS2_PLACEMENT_3D('',#3217,#2576,#2577);
#2128=AXIS2_PLACEMENT_3D('',#3218,#2578,#2579);
#2129=AXIS2_PLACEMENT_3D('',#3219,#2580,#2581);
#2130=AXIS2_PLACEMENT_3D('',#3225,#2585,#2586);
#2131=AXIS2_PLACEMENT_3D('',#3229,#2589,#2590);
#2132=AXIS2_PLACEMENT_3D('',#3231,#2592,#2593);
#2133=AXIS2_PLACEMENT_3D('',#3235,#2596,#2597);
#2134=AXIS2_PLACEMENT_3D('',#3239,#2600,#2601);
#2135=AXIS2_PLACEMENT_3D('',#3243,#2604,#2605);
#2136=AXIS2_PLACEMENT_3D('',#3245,#2607,#2608);
#2137=AXIS2_PLACEMENT_3D('',#3246,#2609,#2610);
#2138=AXIS2_PLACEMENT_3D('',#3252,#2614,#2615);
#2139=AXIS2_PLACEMENT_3D('',#3254,#2617,#2618);
#2140=AXIS2_PLACEMENT_3D('',#3258,#2621,#2622);
#2141=AXIS2_PLACEMENT_3D('',#3262,#2625,#2626);
#2142=AXIS2_PLACEMENT_3D('',#3266,#2629,#2630);
#2143=AXIS2_PLACEMENT_3D('',#3270,#2633,#2634);
#2144=AXIS2_PLACEMENT_3D('',#3272,#2636,#2637);
#2145=AXIS2_PLACEMENT_3D('',#3273,#2638,#2639);
#2146=AXIS2_PLACEMENT_3D('',#3279,#2643,#2644);
#2147=AXIS2_PLACEMENT_3D('',#3281,#2646,#2647);
#2148=AXIS2_PLACEMENT_3D('',#3285,#2650,#2651);
#2149=AXIS2_PLACEMENT_3D('',#3289,#2654,#2655);
#2150=AXIS2_PLACEMENT_3D('',#3293,#2658,#2659);
#2151=AXIS2_PLACEMENT_3D('',#3297,#2662,#2663);
#2152=AXIS2_PLACEMENT_3D('',#3299,#2665,#2666);
#2153=AXIS2_PLACEMENT_3D('',#3300,#2667,#2668);
#2154=AXIS2_PLACEMENT_3D('',#3304,#2671,#2672);
#2155=AXIS2_PLACEMENT_3D('',#3308,#2675,#2676);
#2156=AXIS2_PLACEMENT_3D('',#3312,#2679,#2680);
#2157=AXIS2_PLACEMENT_3D('',#3316,#2683,#2684);
#2158=AXIS2_PLACEMENT_3D('',#3320,#2687,#2688);
#2159=AXIS2_PLACEMENT_3D('',#3324,#2691,#2692);
#2160=AXIS2_PLACEMENT_3D('',#3326,#2694,#2695);
#2161=AXIS2_PLACEMENT_3D('',#3327,#2696,#2697);
#2162=AXIS2_PLACEMENT_3D('',#3328,#2698,#2699);
#2163=AXIS2_PLACEMENT_3D('',#3330,#2700,#2701);
#2164=AXIS2_PLACEMENT_3D('',#3331,#2702,#2703);
#2165=AXIS2_PLACEMENT_3D('',#3332,#2704,#2705);
#2166=AXIS2_PLACEMENT_3D('',#3334,#2706,#2707);
#2167=AXIS2_PLACEMENT_3D('',#3335,#2708,#2709);
#2168=AXIS2_PLACEMENT_3D('',#3336,#2710,#2711);
#2169=AXIS2_PLACEMENT_3D('',#3339,#2714,#2715);
#2170=AXIS2_PLACEMENT_3D('',#3342,#2718,#2719);
#2171=AXIS2_PLACEMENT_3D('',#3343,#2720,#2721);
#2172=AXIS2_PLACEMENT_3D('',#3344,#2722,#2723);
#2173=AXIS2_PLACEMENT_3D('',#3345,#2724,#2725);
#2174=AXIS2_PLACEMENT_3D('',#3346,#2726,#2727);
#2175=AXIS2_PLACEMENT_3D('',#3347,#2728,#2729);
#2176=AXIS2_PLACEMENT_3D('',#3348,#2730,#2731);
#2177=AXIS2_PLACEMENT_3D('',#3349,#2732,#2733);
#2178=AXIS2_PLACEMENT_3D('',#3350,#2734,#2735);
#2179=AXIS2_PLACEMENT_3D('',#3351,#2736,#2737);
#2180=AXIS2_PLACEMENT_3D('',#3352,#2738,#2739);
#2181=AXIS2_PLACEMENT_3D('',#3353,#2740,#2741);
#2182=AXIS2_PLACEMENT_3D('',#3354,#2742,#2743);
#2183=AXIS2_PLACEMENT_3D('',#3355,#2744,#2745);
#2184=AXIS2_PLACEMENT_3D('',#3356,#2746,#2747);
#2185=AXIS2_PLACEMENT_3D('',#3357,#2748,#2749);
#2186=AXIS2_PLACEMENT_3D('',#3358,#2750,#2751);
#2187=AXIS2_PLACEMENT_3D('',#3359,#2752,#2753);
#2188=AXIS2_PLACEMENT_3D('',#3360,#2754,#2755);
#2189=AXIS2_PLACEMENT_3D('',#3361,#2756,#2757);
#2190=AXIS2_PLACEMENT_3D('',#3362,#2758,#2759);
#2191=AXIS2_PLACEMENT_3D('',#3363,#2760,#2761);
#2192=AXIS2_PLACEMENT_3D('',#3364,#2762,#2763);
#2193=AXIS2_PLACEMENT_3D('',#3365,#2764,#2765);
#2194=AXIS2_PLACEMENT_3D('',#3366,#2766,#2767);
#2195=AXIS2_PLACEMENT_3D('',#3367,#2768,#2769);
#2196=AXIS2_PLACEMENT_3D('',#3368,#2770,#2771);
#2197=AXIS2_PLACEMENT_3D('',#3369,#2772,#2773);
#2198=AXIS2_PLACEMENT_3D('',#3370,#2774,#2775);
#2199=AXIS2_PLACEMENT_3D('',#3371,#2776,#2777);
#2200=AXIS2_PLACEMENT_3D('',#3372,#2778,#2779);
#2201=AXIS2_PLACEMENT_3D('',#3373,#2780,#2781);
#2202=AXIS2_PLACEMENT_3D('',#3374,#2782,#2783);
#2203=AXIS2_PLACEMENT_3D('',#3375,#2784,#2785);
#2204=AXIS2_PLACEMENT_3D('',#3376,#2786,#2787);
#2205=AXIS2_PLACEMENT_3D('',#3377,#2788,#2789);
#2206=AXIS2_PLACEMENT_3D('',#3378,#2790,#2791);
#2207=AXIS2_PLACEMENT_3D('',#3379,#2792,#2793);
#2208=AXIS2_PLACEMENT_3D('',#3380,#2794,#2795);
#2209=AXIS2_PLACEMENT_3D('',#3381,#2796,#2797);
#2210=AXIS2_PLACEMENT_3D('',#3382,#2798,#2799);
#2211=AXIS2_PLACEMENT_3D('',#3383,#2800,#2801);
#2212=AXIS2_PLACEMENT_3D('',#3384,#2802,#2803);
#2213=AXIS2_PLACEMENT_3D('',#3385,#2804,#2805);
#2214=AXIS2_PLACEMENT_3D('',#3386,#2806,#2807);
#2215=AXIS2_PLACEMENT_3D('',#3387,#2808,#2809);
#2216=DIRECTION('',(0.,0.,1.));
#2217=DIRECTION('',(1.,0.,0.));
#2218=DIRECTION('',(0.,1.,0.));
#2219=DIRECTION('',(1.,0.,0.));
#2220=DIRECTION('',(0.,1.,0.));
#2221=DIRECTION('',(1.,0.,0.));
#2222=DIRECTION('',(0.,1.,0.));
#2223=DIRECTION('',(1.,0.,0.));
#2224=DIRECTION('',(0.,1.,0.));
#2225=DIRECTION('',(1.,0.,0.));
#2226=DIRECTION('',(0.,1.,0.));
#2227=DIRECTION('',(1.,0.,0.));
#2228=DIRECTION('',(0.,1.,0.));
#2229=DIRECTION('',(1.,0.,0.));
#2230=DIRECTION('',(0.,-1.,0.));
#2231=DIRECTION('',(-1.,0.,0.));
#2232=DIRECTION('',(0.,1.,0.));
#2233=DIRECTION('',(1.,0.,0.));
#2234=DIRECTION('',(0.,1.,0.));
#2235=DIRECTION('',(1.,0.,0.));
#2236=DIRECTION('',(0.,-1.,0.));
#2237=DIRECTION('',(-1.,0.,0.));
#2238=DIRECTION('',(0.,1.,0.));
#2239=DIRECTION('',(1.,0.,0.));
#2240=DIRECTION('',(0.,1.,0.));
#2241=DIRECTION('',(1.,0.,0.));
#2242=DIRECTION('',(0.,-1.,0.));
#2243=DIRECTION('',(-1.,0.,0.));
#2244=DIRECTION('',(0.,1.,0.));
#2245=DIRECTION('',(1.,0.,0.));
#2246=DIRECTION('',(0.,1.,0.));
#2247=DIRECTION('',(1.,0.,0.));
#2248=DIRECTION('',(0.,-1.,0.));
#2249=DIRECTION('',(-1.,0.,0.));
#2250=DIRECTION('',(0.,1.,0.));
#2251=DIRECTION('',(1.,0.,0.));
#2252=DIRECTION('',(0.,1.,0.));
#2253=DIRECTION('',(1.,0.,0.));
#2254=DIRECTION('',(0.,-1.,0.));
#2255=DIRECTION('',(-1.,0.,0.));
#2256=DIRECTION('',(0.,1.,0.));
#2257=DIRECTION('',(1.,0.,0.));
#2258=DIRECTION('',(0.,1.,0.));
#2259=DIRECTION('',(1.,0.,0.));
#2260=DIRECTION('',(0.,1.,0.));
#2261=DIRECTION('',(0.,1.,0.));
#2262=DIRECTION('',(1.,0.,0.));
#2263=DIRECTION('',(0.,1.,0.));
#2264=DIRECTION('',(0.,1.,0.));
#2265=DIRECTION('',(1.,0.,0.));
#2266=DIRECTION('',(0.,1.,0.));
#2267=DIRECTION('',(0.,1.,0.));
#2268=DIRECTION('',(1.,0.,0.));
#2269=DIRECTION('',(0.,1.,0.));
#2270=DIRECTION('',(0.,1.,0.));
#2271=DIRECTION('',(1.,0.,0.));
#2272=DIRECTION('',(0.,1.,0.));
#2273=DIRECTION('',(0.,1.,0.));
#2274=DIRECTION('',(1.,0.,0.));
#2275=DIRECTION('',(0.,1.,0.));
#2276=DIRECTION('',(0.,1.,0.));
#2277=DIRECTION('',(1.,0.,0.));
#2278=DIRECTION('',(0.,1.,0.));
#2279=DIRECTION('',(0.,1.,0.));
#2280=DIRECTION('',(1.,0.,0.));
#2281=DIRECTION('',(0.,1.,0.));
#2282=DIRECTION('',(0.,1.,0.));
#2283=DIRECTION('',(1.,0.,0.));
#2284=DIRECTION('',(-1.,0.,0.));
#2285=DIRECTION('',(-5.78241158658936E-17,0.,1.));
#2286=DIRECTION('',(-1.,0.,0.));
#2287=DIRECTION('',(0.,1.,0.));
#2288=DIRECTION('',(1.,0.,0.));
#2289=DIRECTION('',(-7.2280144832367E-17,0.,1.));
#2290=DIRECTION('',(0.,1.,0.));
#2291=DIRECTION('',(1.,0.,0.));
#2292=DIRECTION('',(-0.866025403784439,0.,-0.5));
#2293=DIRECTION('',(1.,0.,0.));
#2294=DIRECTION('',(0.,0.,1.));
#2295=DIRECTION('',(0.5,0.,0.866025403784438));
#2296=DIRECTION('',(-0.5,0.,0.866025403784439));
#2297=DIRECTION('',(-1.,0.,1.07308185624083E-15));
#2298=DIRECTION('',(-0.5,0.,-0.866025403784438));
#2299=DIRECTION('',(0.5,0.,-0.866025403784439));
#2300=DIRECTION('',(0.,0.,1.));
#2301=DIRECTION('',(1.,0.,0.));
#2302=DIRECTION('',(-0.866025403784439,0.,0.5));
#2303=DIRECTION('',(-0.866025403784439,0.,-0.5));
#2304=DIRECTION('',(0.,0.,-1.));
#2305=DIRECTION('',(0.866025403784439,0.,-0.5));
#2306=DIRECTION('',(0.866025403784439,0.,0.5));
#2307=DIRECTION('',(1.,0.,0.));
#2308=DIRECTION('',(0.,0.,1.));
#2309=DIRECTION('',(-0.5,0.,-0.866025403784438));
#2310=DIRECTION('',(0.5,0.,-0.866025403784439));
#2311=DIRECTION('',(1.,0.,0.));
#2312=DIRECTION('',(0.5,0.,0.866025403784438));
#2313=DIRECTION('',(-0.5,0.,0.866025403784439));
#2314=DIRECTION('',(0.,0.,1.));
#2315=DIRECTION('',(1.,0.,0.));
#2316=DIRECTION('',(0.866025403784439,0.,-0.5));
#2317=DIRECTION('',(0.866025403784439,0.,0.5));
#2318=DIRECTION('',(0.,0.,1.));
#2319=DIRECTION('',(-0.866025403784439,0.,0.5));
#2320=DIRECTION('',(0.,0.,1.));
#2321=DIRECTION('',(0.,-1.,0.));
#2322=DIRECTION('',(-1.,0.,0.));
#2323=DIRECTION('',(-0.707106781186547,0.707106781186548,0.));
#2324=DIRECTION('',(0.,-1.,0.));
#2325=DIRECTION('',(0.,-1.,0.));
#2326=DIRECTION('',(0.,-1.,0.));
#2327=DIRECTION('',(1.,0.,5.78241158658936E-17));
#2328=DIRECTION('',(5.78241158658936E-17,0.,-1.));
#2329=DIRECTION('',(0.,0.,1.));
#2330=DIRECTION('',(0.,-1.,0.));
#2331=DIRECTION('',(0.,0.,1.));
#2332=DIRECTION('',(0.,-1.,0.));
#2333=DIRECTION('',(0.,-1.,0.));
#2334=DIRECTION('',(0.707106781186547,-0.707106781186548,0.));
#2335=DIRECTION('',(-1.,0.,0.));
#2336=DIRECTION('',(0.,-1.,0.));
#2337=DIRECTION('',(0.,-1.,0.));
#2338=DIRECTION('',(-1.,0.,0.));
#2339=DIRECTION('',(0.,1.,0.));
#2340=DIRECTION('',(1.,0.,0.));
#2341=DIRECTION('',(0.,-1.,0.));
#2342=DIRECTION('',(1.,0.,7.2280144832367E-17));
#2343=DIRECTION('',(7.2280144832367E-17,0.,-1.));
#2344=DIRECTION('',(-7.2280144832367E-17,0.,1.));
#2345=DIRECTION('',(0.,-1.,0.));
#2346=DIRECTION('',(0.,-1.,0.));
#2347=DIRECTION('',(-1.,0.,0.));
#2348=DIRECTION('',(0.,1.,0.));
#2349=DIRECTION('',(1.,0.,0.));
#2350=DIRECTION('',(0.,-1.,0.));
#2351=DIRECTION('',(-1.,0.,0.));
#2352=DIRECTION('',(0.,1.,0.));
#2353=DIRECTION('',(1.,0.,0.));
#2354=DIRECTION('',(0.,1.,0.));
#2355=DIRECTION('',(1.,0.,0.));
#2356=DIRECTION('',(0.,1.,0.));
#2357=DIRECTION('',(1.,0.,0.));
#2358=DIRECTION('',(0.,1.,0.));
#2359=DIRECTION('',(1.,0.,0.));
#2360=DIRECTION('',(-1.,0.,0.));
#2361=DIRECTION('',(0.,0.,1.));
#2362=DIRECTION('',(0.,0.,1.));
#2363=DIRECTION('',(-1.,0.,0.));
#2364=DIRECTION('',(0.,1.,0.));
#2365=DIRECTION('',(1.,0.,0.));
#2366=DIRECTION('',(-7.2280144832367E-17,0.,1.));
#2367=DIRECTION('',(0.,1.,0.));
#2368=DIRECTION('',(1.,0.,0.));
#2369=DIRECTION('',(1.,0.,0.));
#2370=DIRECTION('',(0.,-1.,0.));
#2371=DIRECTION('',(0.,-1.,0.));
#2372=DIRECTION('',(0.,0.,1.));
#2373=DIRECTION('',(0.,-1.,0.));
#2374=DIRECTION('',(0.,0.,1.));
#2375=DIRECTION('',(1.,0.,0.));
#2376=DIRECTION('',(0.,-1.,0.));
#2377=DIRECTION('',(0.,0.,-1.));
#2378=DIRECTION('',(1.,0.,0.));
#2379=DIRECTION('',(0.,-1.,0.));
#2380=DIRECTION('',(0.,0.,1.));
#2381=DIRECTION('',(0.,-1.,0.));
#2382=DIRECTION('',(-1.,0.,0.));
#2383=DIRECTION('',(0.,-1.,0.));
#2384=DIRECTION('',(0.,-1.,0.));
#2385=DIRECTION('',(-1.,0.,0.));
#2386=DIRECTION('',(0.,1.,0.));
#2387=DIRECTION('',(1.,0.,0.));
#2388=DIRECTION('',(0.,-1.,0.));
#2389=DIRECTION('',(-1.,0.,0.));
#2390=DIRECTION('',(0.,-1.,0.));
#2391=DIRECTION('',(-1.,0.,0.));
#2392=DIRECTION('',(0.,-1.,0.));
#2393=DIRECTION('',(0.,1.,0.));
#2394=DIRECTION('',(1.,0.,0.));
#2395=DIRECTION('',(0.,0.,-1.));
#2396=DIRECTION('',(0.,1.,0.));
#2397=DIRECTION('',(1.,0.,-4.7043348501066E-16));
#2398=DIRECTION('',(0.,-1.,0.));
#2399=DIRECTION('',(1.,0.,-4.7043348501066E-16));
#2400=DIRECTION('',(0.,-1.,0.));
#2401=DIRECTION('',(1.,0.,0.));
#2402=DIRECTION('',(1.,0.,0.));
#2403=DIRECTION('',(0.,-1.,0.));
#2404=DIRECTION('',(1.,0.,0.));
#2405=DIRECTION('',(0.,-1.,0.));
#2406=DIRECTION('',(0.,0.,1.));
#2407=DIRECTION('',(0.,-1.,0.));
#2408=DIRECTION('',(0.,0.,1.));
#2409=DIRECTION('',(0.,-1.,0.));
#2410=DIRECTION('',(3.22739251344521E-16,0.,1.));
#2411=DIRECTION('',(1.,0.,-3.22739251344521E-16));
#2412=DIRECTION('',(-1.,0.,3.22739251344521E-16));
#2413=DIRECTION('',(0.,-1.,0.));
#2414=DIRECTION('',(-1.,0.,3.22739251344521E-16));
#2415=DIRECTION('',(0.,-1.,0.));
#2416=DIRECTION('',(0.,-1.,0.));
#2417=DIRECTION('',(-1.,0.,0.));
#2418=DIRECTION('',(0.,1.,0.));
#2419=DIRECTION('',(1.,0.,0.));
#2420=DIRECTION('',(0.,-1.,0.));
#2421=DIRECTION('',(0.,1.,0.));
#2422=DIRECTION('',(1.,0.,0.));
#2423=DIRECTION('',(1.,0.,0.));
#2424=DIRECTION('',(0.,-1.,0.));
#2425=DIRECTION('',(0.,0.,1.));
#2426=DIRECTION('',(0.,-1.,0.));
#2427=DIRECTION('',(0.,0.,1.));
#2428=DIRECTION('',(0.,-1.,0.));
#2429=DIRECTION('',(-1.,0.,0.));
#2430=DIRECTION('',(0.,1.,0.));
#2431=DIRECTION('',(1.,0.,0.));
#2432=DIRECTION('',(0.,-1.,0.));
#2433=DIRECTION('',(0.,1.,0.));
#2434=DIRECTION('',(1.,0.,0.));
#2435=DIRECTION('',(9.13012355777267E-17,0.,1.));
#2436=DIRECTION('',(1.,0.,-9.13012355777267E-17));
#2437=DIRECTION('',(-1.,0.,9.13012355777267E-17));
#2438=DIRECTION('',(0.,-1.,0.));
#2439=DIRECTION('',(-1.,0.,9.13012355777267E-17));
#2440=DIRECTION('',(0.,-1.,0.));
#2441=DIRECTION('',(-1.,0.,0.));
#2442=DIRECTION('',(0.,1.,0.));
#2443=DIRECTION('',(1.,0.,0.));
#2444=DIRECTION('',(0.,-1.,0.));
#2445=DIRECTION('',(0.,1.,0.));
#2446=DIRECTION('',(1.,0.,0.));
#2447=DIRECTION('',(1.,0.,0.));
#2448=DIRECTION('',(0.,-1.,0.));
#2449=DIRECTION('',(0.,0.,1.));
#2450=DIRECTION('',(0.,-1.,0.));
#2451=DIRECTION('',(0.,0.,1.));
#2452=DIRECTION('',(0.,-1.,0.));
#2453=DIRECTION('',(-1.,0.,0.));
#2454=DIRECTION('',(0.,1.,0.));
#2455=DIRECTION('',(1.,0.,0.));
#2456=DIRECTION('',(0.,-1.,0.));
#2457=DIRECTION('',(0.,1.,0.));
#2458=DIRECTION('',(1.,0.,0.));
#2459=DIRECTION('',(3.22739251344523E-16,0.,1.));
#2460=DIRECTION('',(1.,0.,-3.22739251344523E-16));
#2461=DIRECTION('',(-1.,0.,3.22739251344523E-16));
#2462=DIRECTION('',(0.,-1.,0.));
#2463=DIRECTION('',(-1.,0.,3.22739251344523E-16));
#2464=DIRECTION('',(1.,0.,0.));
#2465=DIRECTION('',(0.,-1.,0.));
#2466=DIRECTION('',(0.,0.,1.));
#2467=DIRECTION('',(0.,-1.,0.));
#2468=DIRECTION('',(0.,0.,1.));
#2469=DIRECTION('',(0.,-1.,0.));
#2470=DIRECTION('',(0.,-1.,0.));
#2471=DIRECTION('',(-1.,0.,0.));
#2472=DIRECTION('',(0.,-1.,0.));
#2473=DIRECTION('',(-1.,0.,0.));
#2474=DIRECTION('',(0.,-1.,0.));
#2475=DIRECTION('',(0.,1.,0.));
#2476=DIRECTION('',(1.,0.,0.));
#2477=DIRECTION('',(1.,0.,0.));
#2478=DIRECTION('',(0.,-1.,0.));
#2479=DIRECTION('',(0.,0.,1.));
#2480=DIRECTION('',(0.,-1.,0.));
#2481=DIRECTION('',(0.,0.,1.));
#2482=DIRECTION('',(0.,1.,0.));
#2483=DIRECTION('',(1.,0.,0.));
#2484=DIRECTION('',(0.,-1.,0.));
#2485=DIRECTION('',(0.,0.,1.));
#2486=DIRECTION('',(1.,0.,0.));
#2487=DIRECTION('',(0.,-1.,0.));
#2488=DIRECTION('',(0.,1.,0.));
#2489=DIRECTION('',(0.,0.,1.));
#2490=DIRECTION('',(0.,-1.,0.));
#2491=DIRECTION('',(-1.,0.,0.));
#2492=DIRECTION('',(0.,-1.,0.));
#2493=DIRECTION('',(-1.,0.,0.));
#2494=DIRECTION('',(0.,-1.,0.));
#2495=DIRECTION('',(0.,1.,0.));
#2496=DIRECTION('',(1.,0.,0.));
#2497=DIRECTION('',(-7.54227598250786E-17,0.,-1.));
#2498=DIRECTION('',(-1.,0.,7.54227598250786E-17));
#2499=DIRECTION('',(1.,0.,-7.54227598250786E-17));
#2500=DIRECTION('',(1.,0.,-7.54227598250786E-17));
#2501=DIRECTION('',(0.,1.,0.));
#2502=DIRECTION('',(1.,0.,0.));
#2503=DIRECTION('',(0.,1.,0.));
#2504=DIRECTION('',(1.,0.,0.));
#2505=DIRECTION('',(0.,1.,0.));
#2506=DIRECTION('',(1.,0.,0.));
#2507=DIRECTION('',(1.,0.,0.));
#2508=DIRECTION('',(0.,1.,0.));
#2509=DIRECTION('',(1.,0.,0.));
#2510=DIRECTION('',(0.,0.,1.));
#2511=DIRECTION('',(0.,1.,0.));
#2512=DIRECTION('',(1.,0.,0.));
#2513=DIRECTION('',(1.,0.,0.));
#2514=DIRECTION('',(0.,1.,0.));
#2515=DIRECTION('',(1.,0.,0.));
#2516=DIRECTION('',(0.,1.,0.));
#2517=DIRECTION('',(1.,0.,0.));
#2518=DIRECTION('',(0.,0.,1.));
#2519=DIRECTION('',(0.,-1.,0.));
#2520=DIRECTION('',(1.,0.,0.));
#2521=DIRECTION('',(-0.707106781186548,-0.707106781186547,0.));
#2522=DIRECTION('',(0.,1.,0.));
#2523=DIRECTION('',(0.,0.,1.));
#2524=DIRECTION('',(0.,-1.,0.));
#2525=DIRECTION('',(0.707106781186548,0.707106781186547,0.));
#2526=DIRECTION('',(1.,0.,0.));
#2527=DIRECTION('',(0.,1.,0.));
#2528=DIRECTION('',(0.,1.,0.));
#2529=DIRECTION('',(1.,0.,0.));
#2530=DIRECTION('',(0.,1.,0.));
#2531=DIRECTION('',(1.,0.,0.));
#2532=DIRECTION('',(0.,1.,0.));
#2533=DIRECTION('',(-1.,0.,0.));
#2534=DIRECTION('',(0.,1.,0.));
#2535=DIRECTION('',(0.,0.,1.));
#2536=DIRECTION('',(0.,1.,0.));
#2537=DIRECTION('',(0.,1.,0.));
#2538=DIRECTION('',(1.,0.,0.));
#2539=DIRECTION('',(0.,1.,0.));
#2540=DIRECTION('',(1.,0.,0.));
#2541=DIRECTION('',(0.,1.,0.));
#2542=DIRECTION('',(1.,0.,0.));
#2543=DIRECTION('',(0.,0.,-1.));
#2544=DIRECTION('',(1.,0.,0.));
#2545=DIRECTION('',(0.,1.,0.));
#2546=DIRECTION('',(1.,0.,0.));
#2547=DIRECTION('',(0.,0.,1.));
#2548=DIRECTION('',(0.,1.,0.));
#2549=DIRECTION('',(1.,0.,0.));
#2550=DIRECTION('',(1.,0.,0.));
#2551=DIRECTION('',(0.,0.,-1.));
#2552=DIRECTION('',(0.,-1.,0.));
#2553=DIRECTION('',(-1.,0.,0.));
#2554=DIRECTION('',(0.,-1.,0.));
#2555=DIRECTION('',(-1.,0.,0.));
#2556=DIRECTION('',(0.,-1.,0.));
#2557=DIRECTION('',(1.,0.,0.));
#2558=DIRECTION('',(1.,0.,0.));
#2559=DIRECTION('',(0.,-1.,0.));
#2560=DIRECTION('',(-1.,0.,0.));
#2561=DIRECTION('',(0.,0.,1.));
#2562=DIRECTION('',(0.,-1.,0.));
#2563=DIRECTION('',(-1.,0.,0.));
#2564=DIRECTION('',(1.,0.,-7.54227598250786E-17));
#2565=DIRECTION('',(0.,-1.,0.));
#2566=DIRECTION('',(-1.,0.,0.));
#2567=DIRECTION('',(0.,0.,1.));
#2568=DIRECTION('',(0.,-1.,0.));
#2569=DIRECTION('',(-1.,0.,0.));
#2570=DIRECTION('',(0.,-1.,0.));
#2571=DIRECTION('',(1.,0.,0.));
#2572=DIRECTION('',(0.,-1.,0.));
#2573=DIRECTION('',(-1.,0.,0.));
#2574=DIRECTION('',(0.,-1.,0.));
#2575=DIRECTION('',(-1.,0.,0.));
#2576=DIRECTION('',(0.,-1.,0.));
#2577=DIRECTION('',(-1.,0.,0.));
#2578=DIRECTION('',(0.,-1.,0.));
#2579=DIRECTION('',(-1.,0.,0.));
#2580=DIRECTION('',(0.866025403784439,0.,0.5));
#2581=DIRECTION('',(0.5,0.,-0.866025403784439));
#2582=DIRECTION('',(0.,1.,0.));
#2583=DIRECTION('',(0.5,0.,-0.866025403784439));
#2584=DIRECTION('',(0.,1.,0.));
#2585=DIRECTION('',(0.866025403784438,0.,-0.5));
#2586=DIRECTION('',(-0.5,0.,-0.866025403784438));
#2587=DIRECTION('',(0.,1.,0.));
#2588=DIRECTION('',(-0.5,0.,-0.866025403784438));
#2589=DIRECTION('',(-1.,0.,0.));
#2590=DIRECTION('',(0.,1.,0.));
#2591=DIRECTION('',(0.,0.,1.));
#2592=DIRECTION('',(-1.,0.,0.));
#2593=DIRECTION('',(0.,1.,0.));
#2594=DIRECTION('',(0.,1.,0.));
#2595=DIRECTION('',(0.,0.,1.));
#2596=DIRECTION('',(-0.866025403784439,0.,-0.5));
#2597=DIRECTION('',(-0.5,0.,0.866025403784439));
#2598=DIRECTION('',(0.,1.,0.));
#2599=DIRECTION('',(-0.5,0.,0.866025403784439));
#2600=DIRECTION('',(-0.866025403784438,0.,0.5));
#2601=DIRECTION('',(0.5,0.,0.866025403784438));
#2602=DIRECTION('',(0.,1.,0.));
#2603=DIRECTION('',(0.5,0.,0.866025403784438));
#2604=DIRECTION('',(0.,0.,1.));
#2605=DIRECTION('',(0.,-1.,0.));
#2606=DIRECTION('',(1.,0.,0.));
#2607=DIRECTION('',(0.,1.,0.));
#2608=DIRECTION('',(1.,0.,0.));
#2609=DIRECTION('',(-0.5,0.,-0.866025403784439));
#2610=DIRECTION('',(-0.866025403784439,0.,0.5));
#2611=DIRECTION('',(0.,1.,0.));
#2612=DIRECTION('',(-0.866025403784439,0.,0.5));
#2613=DIRECTION('',(0.,1.,0.));
#2614=DIRECTION('',(0.,0.,1.));
#2615=DIRECTION('',(0.,-1.,0.));
#2616=DIRECTION('',(1.,0.,0.));
#2617=DIRECTION('',(0.,0.,1.));
#2618=DIRECTION('',(0.,-1.,0.));
#2619=DIRECTION('',(0.,1.,0.));
#2620=DIRECTION('',(1.,0.,0.));
#2621=DIRECTION('',(-0.5,0.,0.866025403784439));
#2622=DIRECTION('',(0.866025403784439,0.,0.5));
#2623=DIRECTION('',(0.,1.,0.));
#2624=DIRECTION('',(0.866025403784439,0.,0.5));
#2625=DIRECTION('',(0.5,0.,0.866025403784439));
#2626=DIRECTION('',(0.866025403784439,0.,-0.5));
#2627=DIRECTION('',(0.,1.,0.));
#2628=DIRECTION('',(0.866025403784439,0.,-0.5));
#2629=DIRECTION('',(1.,0.,0.));
#2630=DIRECTION('',(0.,-1.,0.));
#2631=DIRECTION('',(0.,1.,0.));
#2632=DIRECTION('',(0.,0.,-1.));
#2633=DIRECTION('',(0.5,0.,-0.866025403784439));
#2634=DIRECTION('',(-0.866025403784439,0.,-0.5));
#2635=DIRECTION('',(-0.866025403784439,0.,-0.5));
#2636=DIRECTION('',(0.,1.,0.));
#2637=DIRECTION('',(1.,0.,0.));
#2638=DIRECTION('',(-0.866025403784438,0.,0.5));
#2639=DIRECTION('',(0.5,0.,0.866025403784438));
#2640=DIRECTION('',(0.,1.,0.));
#2641=DIRECTION('',(0.5,0.,0.866025403784438));
#2642=DIRECTION('',(0.,1.,0.));
#2643=DIRECTION('',(-1.,0.,0.));
#2644=DIRECTION('',(0.,1.,0.));
#2645=DIRECTION('',(0.,0.,1.));
#2646=DIRECTION('',(-1.,0.,0.));
#2647=DIRECTION('',(0.,1.,0.));
#2648=DIRECTION('',(0.,1.,0.));
#2649=DIRECTION('',(0.,0.,1.));
#2650=DIRECTION('',(0.866025403784439,0.,0.5));
#2651=DIRECTION('',(0.5,0.,-0.866025403784439));
#2652=DIRECTION('',(0.,1.,0.));
#2653=DIRECTION('',(0.5,0.,-0.866025403784439));
#2654=DIRECTION('',(0.866025403784438,0.,-0.5));
#2655=DIRECTION('',(-0.5,0.,-0.866025403784438));
#2656=DIRECTION('',(0.,1.,0.));
#2657=DIRECTION('',(-0.5,0.,-0.866025403784438));
#2658=DIRECTION('',(-1.07308185624083E-15,0.,-1.));
#2659=DIRECTION('',(-1.,0.,1.07308185624083E-15));
#2660=DIRECTION('',(0.,1.,0.));
#2661=DIRECTION('',(-1.,0.,1.07308185624083E-15));
#2662=DIRECTION('',(-0.866025403784439,0.,-0.5));
#2663=DIRECTION('',(-0.5,0.,0.866025403784439));
#2664=DIRECTION('',(-0.5,0.,0.866025403784439));
#2665=DIRECTION('',(0.,1.,0.));
#2666=DIRECTION('',(1.,0.,0.));
#2667=DIRECTION('',(0.,0.,1.));
#2668=DIRECTION('',(0.,-1.,0.));
#2669=DIRECTION('',(0.,1.,0.));
#2670=DIRECTION('',(1.,0.,0.));
#2671=DIRECTION('',(0.5,0.,-0.866025403784439));
#2672=DIRECTION('',(-0.866025403784439,0.,-0.5));
#2673=DIRECTION('',(0.,1.,0.));
#2674=DIRECTION('',(-0.866025403784439,0.,-0.5));
#2675=DIRECTION('',(-0.5,0.,-0.866025403784439));
#2676=DIRECTION('',(-0.866025403784439,0.,0.5));
#2677=DIRECTION('',(0.,1.,0.));
#2678=DIRECTION('',(-0.866025403784439,0.,0.5));
#2679=DIRECTION('',(-1.,0.,0.));
#2680=DIRECTION('',(0.,1.,0.));
#2681=DIRECTION('',(0.,1.,0.));
#2682=DIRECTION('',(0.,0.,1.));
#2683=DIRECTION('',(-0.5,0.,0.866025403784439));
#2684=DIRECTION('',(0.866025403784439,0.,0.5));
#2685=DIRECTION('',(0.,1.,0.));
#2686=DIRECTION('',(0.866025403784439,0.,0.5));
#2687=DIRECTION('',(0.5,0.,0.866025403784439));
#2688=DIRECTION('',(0.866025403784439,0.,-0.5));
#2689=DIRECTION('',(0.,1.,0.));
#2690=DIRECTION('',(0.866025403784439,0.,-0.5));
#2691=DIRECTION('',(0.,0.,1.));
#2692=DIRECTION('',(0.,-1.,0.));
#2693=DIRECTION('',(1.,0.,0.));
#2694=DIRECTION('',(0.,1.,0.));
#2695=DIRECTION('',(1.,0.,0.));
#2696=DIRECTION('',(0.,-1.,0.));
#2697=DIRECTION('',(-1.,0.,0.));
#2698=DIRECTION('',(0.,-1.,0.));
#2699=DIRECTION('',(-1.,0.,0.));
#2700=DIRECTION('',(0.,-1.,0.));
#2701=DIRECTION('',(1.,0.,0.));
#2702=DIRECTION('',(0.,-1.,0.));
#2703=DIRECTION('',(-1.,0.,0.));
#2704=DIRECTION('',(0.,-1.,0.));
#2705=DIRECTION('',(-1.,0.,0.));
#2706=DIRECTION('',(-0.707106781186547,0.707106781186548,0.));
#2707=DIRECTION('',(-0.707106781186548,-0.707106781186547,0.));
#2708=DIRECTION('',(0.,-1.,0.));
#2709=DIRECTION('',(1.,0.,0.));
#2710=DIRECTION('',(-0.707106781186547,0.707106781186548,0.));
#2711=DIRECTION('',(0.,0.,1.));
#2712=DIRECTION('',(0.707106781186548,0.707106781186547,0.));
#2713=DIRECTION('',(-0.707106781186548,-0.707106781186547,0.));
#2714=DIRECTION('',(-0.707106781186548,-0.707106781186547,0.));
#2715=DIRECTION('',(0.,0.,-1.));
#2716=DIRECTION('',(-0.707106781186547,0.707106781186548,0.));
#2717=DIRECTION('',(0.707106781186547,-0.707106781186548,0.));
#2718=DIRECTION('',(0.,-1.,0.));
#2719=DIRECTION('',(-1.,0.,0.));
#2720=DIRECTION('',(0.,-1.,0.));
#2721=DIRECTION('',(-1.,0.,0.));
#2722=DIRECTION('',(0.,1.,0.));
#2723=DIRECTION('',(1.,0.,0.));
#2724=DIRECTION('',(0.,1.,0.));
#2725=DIRECTION('',(1.,0.,0.));
#2726=DIRECTION('',(-0.707106781186548,-0.707106781186547,0.));
#2727=DIRECTION('',(-0.707106781186547,0.707106781186548,0.));
#2728=DIRECTION('',(-0.923879532511287,-0.38268343236509,0.));
#2729=DIRECTION('',(0.38268343236509,-0.923879532511287,0.));
#2730=DIRECTION('',(1.,0.,0.));
#2731=DIRECTION('',(0.,-1.,0.));
#2732=DIRECTION('',(1.,0.,0.));
#2733=DIRECTION('',(0.,-1.,0.));
#2734=DIRECTION('',(0.,1.,0.));
#2735=DIRECTION('',(1.,0.,0.));
#2736=DIRECTION('',(7.80625564189562E-15,0.,1.));
#2737=DIRECTION('',(1.,0.,-7.80625564189562E-15));
#2738=DIRECTION('',(0.,0.,1.));
#2739=DIRECTION('',(0.,-1.,0.));
#2740=DIRECTION('',(0.,0.,1.));
#2741=DIRECTION('',(0.,-1.,0.));
#2742=DIRECTION('',(0.,1.,0.));
#2743=DIRECTION('',(1.,0.,0.));
#2744=DIRECTION('',(-1.,0.,0.));
#2745=DIRECTION('',(0.,1.,0.));
#2746=DIRECTION('',(-1.,0.,0.));
#2747=DIRECTION('',(0.,1.,0.));
#2748=DIRECTION('',(-0.923879532511287,-0.38268343236509,0.));
#2749=DIRECTION('',(0.38268343236509,-0.923879532511287,0.));
#2750=DIRECTION('',(-0.707106781186548,-0.707106781186547,0.));
#2751=DIRECTION('',(-0.707106781186547,0.707106781186548,0.));
#2752=DIRECTION('',(0.707106781186547,-0.707106781186548,0.));
#2753=DIRECTION('',(-0.707106781186548,-0.707106781186547,0.));
#2754=DIRECTION('',(0.923879532511287,-0.38268343236509,0.));
#2755=DIRECTION('',(-0.38268343236509,-0.923879532511287,0.));
#2756=DIRECTION('',(1.,0.,0.));
#2757=DIRECTION('',(0.,-1.,0.));
#2758=DIRECTION('',(-1.,0.,0.));
#2759=DIRECTION('',(0.,1.,0.));
#2760=DIRECTION('',(0.,1.,0.));
#2761=DIRECTION('',(1.,0.,0.));
#2762=DIRECTION('',(0.,0.,-1.));
#2763=DIRECTION('',(0.,1.,0.));
#2764=DIRECTION('',(-7.2280144832367E-17,0.,1.));
#2765=DIRECTION('',(1.,0.,7.2280144832367E-17));
#2766=DIRECTION('',(0.,0.,-1.));
#2767=DIRECTION('',(0.,1.,0.));
#2768=DIRECTION('',(0.,1.,0.));
#2769=DIRECTION('',(1.,0.,0.));
#2770=DIRECTION('',(1.,0.,0.));
#2771=DIRECTION('',(0.,-1.,0.));
#2772=DIRECTION('',(-1.,0.,0.));
#2773=DIRECTION('',(0.,1.,0.));
#2774=DIRECTION('',(0.923879532511287,-0.38268343236509,0.));
#2775=DIRECTION('',(-0.38268343236509,-0.923879532511287,0.));
#2776=DIRECTION('',(0.707106781186547,-0.707106781186548,0.));
#2777=DIRECTION('',(-0.707106781186548,-0.707106781186547,0.));
#2778=DIRECTION('',(0.,-1.,0.));
#2779=DIRECTION('',(-1.,0.,0.));
#2780=DIRECTION('',(0.,0.,1.));
#2781=DIRECTION('',(0.,-1.,0.));
#2782=DIRECTION('',(-1.,6.93889390390726E-15,6.93889390390722E-15));
#2783=DIRECTION('',(6.93889390390726E-15,1.,0.));
#2784=DIRECTION('',(1.,0.,-7.54227598250786E-17));
#2785=DIRECTION('',(-7.54227598250786E-17,0.,-1.));
#2786=DIRECTION('',(-1.,0.,0.));
#2787=DIRECTION('',(0.,1.,0.));
#2788=DIRECTION('',(0.,0.,1.));
#2789=DIRECTION('',(0.,-1.,0.));
#2790=DIRECTION('',(0.,0.,1.));
#2791=DIRECTION('',(0.,-1.,0.));
#2792=DIRECTION('',(0.,-1.,0.));
#2793=DIRECTION('',(-1.,0.,0.));
#2794=DIRECTION('',(0.,0.,1.));
#2795=DIRECTION('',(0.,-1.,0.));
#2796=DIRECTION('',(0.,-1.,0.));
#2797=DIRECTION('',(-1.,0.,0.));
#2798=DIRECTION('',(-1.,0.,-6.93889390390722E-15));
#2799=DIRECTION('',(-6.93889390390722E-15,0.,1.));
#2800=DIRECTION('',(0.,0.,-1.));
#2801=DIRECTION('',(0.,1.,0.));
#2802=DIRECTION('',(0.,0.,1.));
#2803=DIRECTION('',(0.,-1.,0.));
#2804=DIRECTION('',(-1.,0.,0.));
#2805=DIRECTION('',(0.,1.,0.));
#2806=DIRECTION('',(-1.,0.,0.));
#2807=DIRECTION('',(0.,1.,0.));
#2808=DIRECTION('',(0.,-1.,0.));
#2809=DIRECTION('',(-1.,0.,0.));
#2810=CARTESIAN_POINT('',(0.,0.,0.));
#2811=CARTESIAN_POINT('',(0.074,0.0045,0.006));
#2812=CARTESIAN_POINT('',(0.074,0.0145,0.006));
#2813=CARTESIAN_POINT('',(0.0765,0.0145,0.006));
#2814=CARTESIAN_POINT('',(0.074,0.0055,0.006));
#2815=CARTESIAN_POINT('',(0.0765,0.0055,0.006));
#2816=CARTESIAN_POINT('',(0.094,0.0045,0.006));
#2817=CARTESIAN_POINT('',(0.094,0.0145,0.006));
#2818=CARTESIAN_POINT('',(0.0965,0.0145,0.006));
#2819=CARTESIAN_POINT('',(0.094,0.0055,0.006));
#2820=CARTESIAN_POINT('',(0.0965,0.0055,0.006));
#2821=CARTESIAN_POINT('',(2.38524477946811E-18,0.0175,0.008));
#2822=CARTESIAN_POINT('',(2.38524477946811E-18,0.0035,0.008));
#2823=CARTESIAN_POINT('',(0.0015,0.0035,0.008));
#2824=CARTESIAN_POINT('',(2.38524477946811E-18,0.0149,0.008));
#2825=CARTESIAN_POINT('',(0.0015,0.0149,0.008));
#2826=CARTESIAN_POINT('',(0.008,0.0175,-9.18485099360515E-20));
#2827=CARTESIAN_POINT('',(0.008,0.0035,-9.18485099360515E-20));
#2828=CARTESIAN_POINT('',(0.0095,0.0035,-9.18485099360515E-20));
#2829=CARTESIAN_POINT('',(0.008,0.0149,-9.18485099360515E-20));
#2830=CARTESIAN_POINT('',(0.0095,0.0149,-9.18485099360515E-20));
#2831=CARTESIAN_POINT('',(-0.008,0.0175,-9.18485099360515E-20));
#2832=CARTESIAN_POINT('',(-0.008,0.0035,-9.18485099360515E-20));
#2833=CARTESIAN_POINT('',(-0.0065,0.0035,-9.18485099360515E-20));
#2834=CARTESIAN_POINT('',(-0.008,0.0149,-9.18485099360515E-20));
#2835=CARTESIAN_POINT('',(-0.0065,0.0149,-9.18485099360515E-20));
#2836=CARTESIAN_POINT('',(4.33680868994202E-19,0.0175,-0.008));
#2837=CARTESIAN_POINT('',(4.33680868994202E-19,0.0035,-0.008));
#2838=CARTESIAN_POINT('',(0.0015,0.0035,-0.008));
#2839=CARTESIAN_POINT('',(4.33680868994202E-19,0.0149,-0.008));
#2840=CARTESIAN_POINT('',(0.0015,0.0149,-0.008));
#2841=CARTESIAN_POINT('',(0.,0.0175,-3.12284933782575E-19));
#2842=CARTESIAN_POINT('',(0.,0.0035,-3.12284933782575E-19));
#2843=CARTESIAN_POINT('',(0.0051,0.0035,-3.12284933782575E-19));
#2844=CARTESIAN_POINT('',(0.,0.0149,-3.12284933782575E-19));
#2845=CARTESIAN_POINT('',(-0.00483701009577887,0.0149,-0.00161658075373095));
#2846=CARTESIAN_POINT('',(-0.00483701009577887,0.0149,0.00161658075373095));
#2847=CARTESIAN_POINT('',(-0.00483701009577887,0.0149,0.00161658075373095));
#2848=CARTESIAN_POINT('',(-0.00483701009577887,0.0175,0.00161658075373095));
#2849=CARTESIAN_POINT('',(0.,0.0175,-3.12284933782575E-19));
#2850=CARTESIAN_POINT('',(-0.00161658075373095,0.0175,0.00483701009577886));
#2851=CARTESIAN_POINT('',(-0.00161658075373095,0.0149,0.00483701009577886));
#2852=CARTESIAN_POINT('',(-0.00161658075373095,0.0149,0.00483701009577886));
#2853=CARTESIAN_POINT('',(0.,0.0149,-3.12284933782575E-19));
#2854=CARTESIAN_POINT('',(0.00161658075373095,0.0149,0.00483701009577887));
#2855=CARTESIAN_POINT('',(0.00161658075373095,0.0149,0.00483701009577887));
#2856=CARTESIAN_POINT('',(0.00161658075373095,0.0175,0.00483701009577887));
#2857=CARTESIAN_POINT('',(0.,0.0175,-3.12284933782575E-19));
#2858=CARTESIAN_POINT('',(0.00483701009577887,0.0175,0.00161658075373095));
#2859=CARTESIAN_POINT('',(0.00483701009577887,0.0149,0.00161658075373095));
#2860=CARTESIAN_POINT('',(0.00483701009577887,0.0149,0.00161658075373095));
#2861=CARTESIAN_POINT('',(0.,0.0149,-3.12284933782575E-19));
#2862=CARTESIAN_POINT('',(0.00483701009577887,0.0149,-0.00161658075373095));
#2863=CARTESIAN_POINT('',(0.00483701009577887,0.0149,-0.00161658075373095));
#2864=CARTESIAN_POINT('',(0.00483701009577887,0.0175,-0.00161658075373095));
#2865=CARTESIAN_POINT('',(0.,0.0175,-3.12284933782575E-19));
#2866=CARTESIAN_POINT('',(0.00161658075373095,0.0175,-0.00483701009577887));
#2867=CARTESIAN_POINT('',(0.00161658075373095,0.0149,-0.00483701009577887));
#2868=CARTESIAN_POINT('',(0.00161658075373095,0.0149,-0.00483701009577887));
#2869=CARTESIAN_POINT('',(0.,0.0149,-3.12284933782575E-19));
#2870=CARTESIAN_POINT('',(-0.00161658075373095,0.0149,-0.00483701009577886));
#2871=CARTESIAN_POINT('',(-0.00161658075373095,0.0149,-0.00483701009577886));
#2872=CARTESIAN_POINT('',(-0.00161658075373095,0.0175,-0.00483701009577886));
#2873=CARTESIAN_POINT('',(0.,0.0175,-3.12284933782575E-19));
#2874=CARTESIAN_POINT('',(-0.00483701009577887,0.0175,-0.00161658075373095));
#2875=CARTESIAN_POINT('',(-0.00483701009577887,0.0149,-0.00161658075373095));
#2876=CARTESIAN_POINT('',(0.,0.0175,0.));
#2877=CARTESIAN_POINT('',(0.0015,0.0175,0.015));
#2878=CARTESIAN_POINT('',(0.015,0.0175,0.015));
#2879=CARTESIAN_POINT('',(-0.012,0.0175,0.015));
#2880=CARTESIAN_POINT('',(0.015,0.0175,8.67361737988404E-19));
#2881=CARTESIAN_POINT('',(0.015,0.0175,-0.015));
#2882=CARTESIAN_POINT('',(0.0015,0.0175,-0.015));
#2883=CARTESIAN_POINT('',(-0.012,0.0175,-0.015));
#2884=CARTESIAN_POINT('',(-0.012,0.0175,-0.012));
#2885=CARTESIAN_POINT('',(-0.015,0.0175,-0.012));
#2886=CARTESIAN_POINT('',(-0.015,0.0175,0.));
#2887=CARTESIAN_POINT('',(-0.015,0.0175,0.012));
#2888=CARTESIAN_POINT('',(-0.012,0.0175,0.012));
#2889=CARTESIAN_POINT('',(-0.0066,0.0175,-0.00242487113059643));
#2890=CARTESIAN_POINT('',(-0.0052,0.0175,-0.00161658075373096));
#2891=CARTESIAN_POINT('',(-0.008,0.0175,-0.0032331615074619));
#2892=CARTESIAN_POINT('',(-0.00340829037686548,0.0175,-0.00161658075373095));
#2893=CARTESIAN_POINT('',(-0.00161658075373095,0.0175,-0.00340829037686548));
#2894=CARTESIAN_POINT('',(-0.00161658075373095,0.0175,-0.0052));
#2895=CARTESIAN_POINT('',(-0.00242487113059643,0.0175,-0.0066));
#2896=CARTESIAN_POINT('',(-0.0032331615074619,0.0175,-0.008));
#2897=CARTESIAN_POINT('',(-0.00242487113059643,0.0175,-0.0094));
#2898=CARTESIAN_POINT('',(-0.00161658075373096,0.0175,-0.0108));
#2899=CARTESIAN_POINT('',(0.,0.0175,-0.0108));
#2900=CARTESIAN_POINT('',(0.00161658075373095,0.0175,-0.0108));
#2901=CARTESIAN_POINT('',(0.00242487113059643,0.0175,-0.0094));
#2902=CARTESIAN_POINT('',(0.0032331615074619,0.0175,-0.008));
#2903=CARTESIAN_POINT('',(0.00242487113059643,0.0175,-0.0066));
#2904=CARTESIAN_POINT('',(0.00161658075373095,0.0175,-0.0052));
#2905=CARTESIAN_POINT('',(0.00161658075373095,0.0175,-0.00340829037686548));
#2906=CARTESIAN_POINT('',(0.00340829037686548,0.0175,-0.00161658075373095));
#2907=CARTESIAN_POINT('',(0.0052,0.0175,-0.00161658075373095));
#2908=CARTESIAN_POINT('',(0.0066,0.0175,-0.00242487113059642));
#2909=CARTESIAN_POINT('',(0.008,0.0175,-0.0032331615074619));
#2910=CARTESIAN_POINT('',(0.0094,0.0175,-0.00242487113059643));
#2911=CARTESIAN_POINT('',(0.0108,0.0175,-0.00161658075373095));
#2912=CARTESIAN_POINT('',(0.0108,0.0175,0.));
#2913=CARTESIAN_POINT('',(0.0108,0.0175,0.00161658075373096));
#2914=CARTESIAN_POINT('',(0.0094,0.0175,0.00242487113059643));
#2915=CARTESIAN_POINT('',(0.008,0.0175,0.0032331615074619));
#2916=CARTESIAN_POINT('',(0.0066,0.0175,0.00242487113059642));
#2917=CARTESIAN_POINT('',(0.0052,0.0175,0.00161658075373095));
#2918=CARTESIAN_POINT('',(0.00340829037686548,0.0175,0.00161658075373095));
#2919=CARTESIAN_POINT('',(0.00161658075373095,0.0175,0.00340829037686548));
#2920=CARTESIAN_POINT('',(0.00161658075373095,0.0175,0.0052));
#2921=CARTESIAN_POINT('',(0.00242487113059643,0.0175,0.0066));
#2922=CARTESIAN_POINT('',(0.0032331615074619,0.0175,0.008));
#2923=CARTESIAN_POINT('',(0.00242487113059643,0.0175,0.0094));
#2924=CARTESIAN_POINT('',(0.00161658075373096,0.0175,0.0108));
#2925=CARTESIAN_POINT('',(2.16840434497101E-18,0.0175,0.0108));
#2926=CARTESIAN_POINT('',(-0.00161658075373095,0.0175,0.0108));
#2927=CARTESIAN_POINT('',(-0.00242487113059642,0.0175,0.0094));
#2928=CARTESIAN_POINT('',(-0.0032331615074619,0.0175,0.008));
#2929=CARTESIAN_POINT('',(-0.00242487113059642,0.0175,0.0066));
#2930=CARTESIAN_POINT('',(-0.00161658075373095,0.0175,0.0052));
#2931=CARTESIAN_POINT('',(-0.00161658075373095,0.0175,0.00340829037686548));
#2932=CARTESIAN_POINT('',(-0.00340829037686548,0.0175,0.00161658075373095));
#2933=CARTESIAN_POINT('',(-0.0052,0.0175,0.00161658075373095));
#2934=CARTESIAN_POINT('',(-0.0066,0.0175,0.00242487113059643));
#2935=CARTESIAN_POINT('',(-0.008,0.0175,0.0032331615074619));
#2936=CARTESIAN_POINT('',(-0.0094,0.0175,0.00242487113059642));
#2937=CARTESIAN_POINT('',(-0.0108,0.0175,0.00161658075373095));
#2938=CARTESIAN_POINT('',(-0.0108,0.0175,-1.3010426069826E-18));
#2939=CARTESIAN_POINT('',(-0.0108,0.0175,-0.00161658075373095));
#2940=CARTESIAN_POINT('',(-0.0094,0.0175,-0.00242487113059643));
#2941=CARTESIAN_POINT('',(0.0015,0.0035,0.015));
#2942=CARTESIAN_POINT('',(0.011,0.002,0.015));
#2943=CARTESIAN_POINT('',(-0.012,0.002,0.015));
#2944=CARTESIAN_POINT('',(0.0118284271247462,0.002,0.015));
#2945=CARTESIAN_POINT('',(0.0164142135623731,-0.00258578643762691,0.015));
#2946=CARTESIAN_POINT('',(0.015,-0.00117157287525381,0.015));
#2947=CARTESIAN_POINT('',(0.015,0.0035,0.015));
#2948=CARTESIAN_POINT('',(0.015,0.0145,0.015));
#2949=CARTESIAN_POINT('',(0.015,0.0035,0.015));
#2950=CARTESIAN_POINT('',(-0.012,0.0035,0.015));
#2951=CARTESIAN_POINT('',(0.015,0.0035,8.67361737988404E-19));
#2952=CARTESIAN_POINT('',(0.015,0.0145,-0.016));
#2953=CARTESIAN_POINT('',(0.015,0.0145,-0.015));
#2954=CARTESIAN_POINT('',(0.015,0.0035,-0.015));
#2955=CARTESIAN_POINT('',(0.0015,0.0035,-0.015));
#2956=CARTESIAN_POINT('',(0.015,0.0035,-0.015));
#2957=CARTESIAN_POINT('',(0.015,-0.00117157287525381,-0.015));
#2958=CARTESIAN_POINT('',(0.0059142135623731,0.0079142135623731,-0.015));
#2959=CARTESIAN_POINT('',(0.0118284271247462,0.002,-0.015));
#2960=CARTESIAN_POINT('',(0.0015,0.002,-0.015));
#2961=CARTESIAN_POINT('',(-0.012,0.002,-0.015));
#2962=CARTESIAN_POINT('',(-0.012,0.0035,-0.015));
#2963=CARTESIAN_POINT('',(-0.012,0.0035,-0.012));
#2964=CARTESIAN_POINT('',(-0.012,0.002,-0.012));
#2965=CARTESIAN_POINT('',(-0.015,0.002,-0.012));
#2966=CARTESIAN_POINT('',(-0.015,0.0035,-0.012));
#2967=CARTESIAN_POINT('',(-0.015,0.0035,0.));
#2968=CARTESIAN_POINT('',(-0.015,0.002,0.));
#2969=CARTESIAN_POINT('',(-0.015,0.002,0.012));
#2970=CARTESIAN_POINT('',(-0.015,0.0035,0.012));
#2971=CARTESIAN_POINT('',(-0.012,0.0035,0.012));
#2972=CARTESIAN_POINT('',(-0.012,0.002,0.012));
#2973=CARTESIAN_POINT('',(0.,0.0035,-6.73555739531044E-19));
#2974=CARTESIAN_POINT('',(0.,0.0035,-6.73555739531044E-19));
#2975=CARTESIAN_POINT('',(0.011,0.0035,-6.73555739531044E-19));
#2976=CARTESIAN_POINT('',(0.,0.,-6.73555739531044E-19));
#2977=CARTESIAN_POINT('',(0.011,0.,-6.73555739531044E-19));
#2978=CARTESIAN_POINT('',(0.026,0.,0.006));
#2979=CARTESIAN_POINT('',(-0.012,0.,-0.012));
#2980=CARTESIAN_POINT('',(-0.013,0.,-0.012));
#2981=CARTESIAN_POINT('',(-0.012,0.,-0.013));
#2982=CARTESIAN_POINT('',(0.026,0.,-0.013));
#2983=CARTESIAN_POINT('',(0.011,0.,-0.013));
#2984=CARTESIAN_POINT('',(0.011,0.,0.015));
#2985=CARTESIAN_POINT('',(0.011,0.,0.015));
#2986=CARTESIAN_POINT('',(0.011,0.,0.013));
#2987=CARTESIAN_POINT('',(-0.012,0.,0.013));
#2988=CARTESIAN_POINT('',(-0.012,0.,0.013));
#2989=CARTESIAN_POINT('',(-0.012,0.,0.012));
#2990=CARTESIAN_POINT('',(-0.013,0.,0.012));
#2991=CARTESIAN_POINT('',(-0.013,0.,0.006));
#2992=CARTESIAN_POINT('',(0.,0.0035,0.));
#2993=CARTESIAN_POINT('',(0.015,0.0145,-0.016));
#2994=CARTESIAN_POINT('',(0.015,0.0145,-0.017));
#2995=CARTESIAN_POINT('',(0.015,0.0145,-0.017));
#2996=CARTESIAN_POINT('',(0.015,-0.012,-0.017));
#2997=CARTESIAN_POINT('',(0.015,-0.012,0.029));
#2998=CARTESIAN_POINT('',(0.015,-0.012,0.029));
#2999=CARTESIAN_POINT('',(0.015,0.0145,0.029));
#3000=CARTESIAN_POINT('',(0.015,0.0145,0.029));
#3001=CARTESIAN_POINT('',(0.015,0.0145,-0.016));
#3002=CARTESIAN_POINT('',(0.015,-0.00117157287525381,0.013));
#3003=CARTESIAN_POINT('',(0.015,-0.004,0.013));
#3004=CARTESIAN_POINT('',(0.015,-0.004,-0.015));
#3005=CARTESIAN_POINT('',(0.015,-0.004,-0.013));
#3006=CARTESIAN_POINT('',(0.015,-0.00117157287525381,-0.013));
#3007=CARTESIAN_POINT('',(0.015,0.0145,-0.016));
#3008=CARTESIAN_POINT('',(0.018,0.0145,-0.017));
#3009=CARTESIAN_POINT('',(0.018,0.0145,-0.02));
#3010=CARTESIAN_POINT('',(0.018,0.0145,-0.02));
#3011=CARTESIAN_POINT('',(0.018,-0.012,-0.02));
#3012=CARTESIAN_POINT('',(0.018,-0.012,-0.017));
#3013=CARTESIAN_POINT('',(0.018,0.0145,-0.017));
#3014=CARTESIAN_POINT('',(0.018,0.0145,0.029));
#3015=CARTESIAN_POINT('',(0.018,-0.012,0.029));
#3016=CARTESIAN_POINT('',(0.018,-0.012,0.032));
#3017=CARTESIAN_POINT('',(0.018,0.0145,0.032));
#3018=CARTESIAN_POINT('',(0.018,0.0145,0.032));
#3019=CARTESIAN_POINT('',(0.018,0.0145,0.029));
#3020=CARTESIAN_POINT('',(0.025375,0.0145,0.032));
#3021=CARTESIAN_POINT('',(0.056625,0.0145,0.032));
#3022=CARTESIAN_POINT('',(0.05125,0.0145,0.032));
#3023=CARTESIAN_POINT('',(0.064,0.0145,0.032));
#3024=CARTESIAN_POINT('',(0.05125,0.0145,0.032));
#3025=CARTESIAN_POINT('',(0.05125,-0.009,0.032));
#3026=CARTESIAN_POINT('',(0.056625,-0.009,0.032));
#3027=CARTESIAN_POINT('',(0.03075,-0.009,0.032));
#3028=CARTESIAN_POINT('',(0.03075,0.0145,0.032));
#3029=CARTESIAN_POINT('',(0.03075,0.0145,0.032));
#3030=CARTESIAN_POINT('',(0.025375,0.0145,0.032));
#3031=CARTESIAN_POINT('',(0.064,-0.012,0.032));
#3032=CARTESIAN_POINT('',(0.064,-0.012,0.032));
#3033=CARTESIAN_POINT('',(0.064,0.0145,0.032));
#3034=CARTESIAN_POINT('',(0.03275,0.0145,0.0295));
#3035=CARTESIAN_POINT('',(0.03275,-0.009,0.0295));
#3036=CARTESIAN_POINT('',(0.03275,-0.009,0.029));
#3037=CARTESIAN_POINT('',(0.03275,-0.009,0.03));
#3038=CARTESIAN_POINT('',(0.03275,0.0145,0.029));
#3039=CARTESIAN_POINT('',(0.03275,0.0145,0.029));
#3040=CARTESIAN_POINT('',(0.03275,0.0145,0.0295));
#3041=CARTESIAN_POINT('',(0.03275,0.0145,0.03));
#3042=CARTESIAN_POINT('',(0.03275,-0.009,0.03));
#3043=CARTESIAN_POINT('',(0.027375,0.0145,0.027));
#3044=CARTESIAN_POINT('',(0.027375,0.0145,0.027));
#3045=CARTESIAN_POINT('',(0.03075,0.0145,0.027));
#3046=CARTESIAN_POINT('',(0.022,0.0145,0.027));
#3047=CARTESIAN_POINT('',(0.03075,-0.009,0.027));
#3048=CARTESIAN_POINT('',(0.03075,-0.009,0.027));
#3049=CARTESIAN_POINT('',(0.027375,-0.009,0.027));
#3050=CARTESIAN_POINT('',(0.022,-0.009,0.027));
#3051=CARTESIAN_POINT('',(0.022,0.0145,0.027));
#3052=CARTESIAN_POINT('',(0.022,0.0145,0.025));
#3053=CARTESIAN_POINT('',(0.022,-0.009,0.025));
#3054=CARTESIAN_POINT('',(0.02,-0.009,0.025));
#3055=CARTESIAN_POINT('',(0.02,0.0145,0.025));
#3056=CARTESIAN_POINT('',(0.02,0.0145,0.025));
#3057=CARTESIAN_POINT('',(0.022,0.0145,0.025));
#3058=CARTESIAN_POINT('',(0.02,0.0145,0.006));
#3059=CARTESIAN_POINT('',(0.02,-0.009,0.006));
#3060=CARTESIAN_POINT('',(0.02,-0.009,-0.013));
#3061=CARTESIAN_POINT('',(0.02,0.0145,-0.013));
#3062=CARTESIAN_POINT('',(0.02,0.0145,-0.013));
#3063=CARTESIAN_POINT('',(0.02,0.0145,0.006));
#3064=CARTESIAN_POINT('',(0.022,0.0145,-0.013));
#3065=CARTESIAN_POINT('',(0.022,-0.009,-0.013));
#3066=CARTESIAN_POINT('',(0.022,-0.009,-0.015));
#3067=CARTESIAN_POINT('',(0.022,0.0145,-0.015));
#3068=CARTESIAN_POINT('',(0.022,0.0145,-0.015));
#3069=CARTESIAN_POINT('',(0.022,0.0145,-0.013));
#3070=CARTESIAN_POINT('',(0.041,0.0145,-0.015));
#3071=CARTESIAN_POINT('',(0.041,-0.009,-0.015));
#3072=CARTESIAN_POINT('',(0.06,-0.009,-0.015));
#3073=CARTESIAN_POINT('',(0.06,0.0145,-0.015));
#3074=CARTESIAN_POINT('',(0.06,0.0145,-0.015));
#3075=CARTESIAN_POINT('',(0.041,0.0145,-0.015));
#3076=CARTESIAN_POINT('',(0.06,0.0145,-0.013));
#3077=CARTESIAN_POINT('',(0.06,-0.009,-0.013));
#3078=CARTESIAN_POINT('',(0.062,-0.009,-0.013));
#3079=CARTESIAN_POINT('',(0.062,0.0145,-0.013));
#3080=CARTESIAN_POINT('',(0.062,0.0145,-0.013));
#3081=CARTESIAN_POINT('',(0.06,0.0145,-0.013));
#3082=CARTESIAN_POINT('',(0.062,0.0145,0.006));
#3083=CARTESIAN_POINT('',(0.062,-0.009,0.006));
#3084=CARTESIAN_POINT('',(0.062,-0.009,0.025));
#3085=CARTESIAN_POINT('',(0.062,0.0145,0.025));
#3086=CARTESIAN_POINT('',(0.062,0.0145,0.025));
#3087=CARTESIAN_POINT('',(0.062,0.0145,0.006));
#3088=CARTESIAN_POINT('',(0.06,0.0145,0.025));
#3089=CARTESIAN_POINT('',(0.06,-0.009,0.025));
#3090=CARTESIAN_POINT('',(0.06,-0.009,0.027));
#3091=CARTESIAN_POINT('',(0.06,0.0145,0.027));
#3092=CARTESIAN_POINT('',(0.06,0.0145,0.027));
#3093=CARTESIAN_POINT('',(0.06,0.0145,0.025));
#3094=CARTESIAN_POINT('',(0.054625,0.0145,0.027));
#3095=CARTESIAN_POINT('',(0.054625,-0.009,0.027));
#3096=CARTESIAN_POINT('',(0.05125,-0.009,0.027));
#3097=CARTESIAN_POINT('',(0.05125,0.0145,0.027));
#3098=CARTESIAN_POINT('',(0.05125,0.0145,0.027));
#3099=CARTESIAN_POINT('',(0.054625,0.0145,0.027));
#3100=CARTESIAN_POINT('',(0.04925,0.0145,0.0295));
#3101=CARTESIAN_POINT('',(0.04925,0.0145,0.0295));
#3102=CARTESIAN_POINT('',(0.04925,0.0145,0.029));
#3103=CARTESIAN_POINT('',(0.04925,0.0145,0.03));
#3104=CARTESIAN_POINT('',(0.04925,0.0145,0.029));
#3105=CARTESIAN_POINT('',(0.04925,-0.009,0.029));
#3106=CARTESIAN_POINT('',(0.04925,-0.009,0.0295));
#3107=CARTESIAN_POINT('',(0.04925,-0.009,0.03));
#3108=CARTESIAN_POINT('',(0.04925,0.0145,0.03));
#3109=CARTESIAN_POINT('',(0.064,0.0145,0.029));
#3110=CARTESIAN_POINT('',(0.064,-0.012,0.029));
#3111=CARTESIAN_POINT('',(0.067,-0.012,0.029));
#3112=CARTESIAN_POINT('',(0.067,0.0145,0.029));
#3113=CARTESIAN_POINT('',(0.067,0.0145,0.029));
#3114=CARTESIAN_POINT('',(0.064,0.0145,0.029));
#3115=CARTESIAN_POINT('',(0.067,0.0145,0.006));
#3116=CARTESIAN_POINT('',(0.067,-0.012,0.006));
#3117=CARTESIAN_POINT('',(0.067,-0.012,-0.017));
#3118=CARTESIAN_POINT('',(0.067,0.0145,-0.017));
#3119=CARTESIAN_POINT('',(0.067,0.0145,-0.017));
#3120=CARTESIAN_POINT('',(0.067,0.0145,0.006));
#3121=CARTESIAN_POINT('',(0.067,0.0145,-0.015));
#3122=CARTESIAN_POINT('',(0.067,0.0045,-0.015));
#3123=CARTESIAN_POINT('',(0.067,0.00332842712474618,-0.015));
#3124=CARTESIAN_POINT('',(0.067,0.00332842712474618,-0.013));
#3125=CARTESIAN_POINT('',(0.067,0.0005,-0.013));
#3126=CARTESIAN_POINT('',(0.067,0.0005,0.006));
#3127=CARTESIAN_POINT('',(0.067,0.0005,0.025));
#3128=CARTESIAN_POINT('',(0.067,0.00332842712474618,0.025));
#3129=CARTESIAN_POINT('',(0.067,0.00332842712474618,0.027));
#3130=CARTESIAN_POINT('',(0.067,0.0045,0.027));
#3131=CARTESIAN_POINT('',(0.067,0.0145,0.027));
#3132=CARTESIAN_POINT('',(0.067,0.0145,0.006));
#3133=CARTESIAN_POINT('',(0.064,0.0145,-0.017));
#3134=CARTESIAN_POINT('',(0.064,-0.012,-0.017));
#3135=CARTESIAN_POINT('',(0.064,-0.012,-0.02));
#3136=CARTESIAN_POINT('',(0.064,0.0145,-0.02));
#3137=CARTESIAN_POINT('',(0.064,0.0145,-0.02));
#3138=CARTESIAN_POINT('',(0.064,0.0145,-0.017));
#3139=CARTESIAN_POINT('',(0.041,0.0145,-0.02));
#3140=CARTESIAN_POINT('',(0.041,-0.012,-0.02));
#3141=CARTESIAN_POINT('',(0.041,0.0145,-0.02));
#3142=CARTESIAN_POINT('',(0.026,0.0145,0.006));
#3143=CARTESIAN_POINT('',(0.05125,0.0145,0.029));
#3144=CARTESIAN_POINT('',(0.05125,0.0145,0.03));
#3145=CARTESIAN_POINT('',(0.0595,0.0145,0.027));
#3146=CARTESIAN_POINT('',(0.099,0.0145,0.027));
#3147=CARTESIAN_POINT('',(0.099,0.0145,0.024));
#3148=CARTESIAN_POINT('',(0.102,0.0145,0.024));
#3149=CARTESIAN_POINT('',(0.102,0.0145,0.006));
#3150=CARTESIAN_POINT('',(0.102,0.0145,-0.012));
#3151=CARTESIAN_POINT('',(0.099,0.0145,-0.012));
#3152=CARTESIAN_POINT('',(0.099,0.0145,-0.015));
#3153=CARTESIAN_POINT('',(0.0595,0.0145,-0.015));
#3154=CARTESIAN_POINT('',(0.03075,0.0145,0.03));
#3155=CARTESIAN_POINT('',(0.03075,0.0145,0.029));
#3156=CARTESIAN_POINT('',(0.0595,0.0045,-0.015));
#3157=CARTESIAN_POINT('',(0.0595,0.0065,-0.015));
#3158=CARTESIAN_POINT('',(0.099,0.0065,-0.015));
#3159=CARTESIAN_POINT('',(0.0701715728752538,0.0065,-0.015));
#3160=CARTESIAN_POINT('',(0.0638357864376269,0.000164213562373086,-0.015));
#3161=CARTESIAN_POINT('',(0.099,0.0045,-0.015));
#3162=CARTESIAN_POINT('',(0.0595,0.0045,0.027));
#3163=CARTESIAN_POINT('',(0.0695857864376269,0.00591421356237309,0.027));
#3164=CARTESIAN_POINT('',(0.0701715728752538,0.0065,0.027));
#3165=CARTESIAN_POINT('',(0.099,0.0065,0.027));
#3166=CARTESIAN_POINT('',(0.099,0.0065,0.027));
#3167=CARTESIAN_POINT('',(0.099,0.0045,0.027));
#3168=CARTESIAN_POINT('',(0.099,0.0045,0.024));
#3169=CARTESIAN_POINT('',(0.099,0.0065,0.024));
#3170=CARTESIAN_POINT('',(0.102,0.0065,0.024));
#3171=CARTESIAN_POINT('',(0.102,0.0045,0.024));
#3172=CARTESIAN_POINT('',(0.102,0.0045,0.006));
#3173=CARTESIAN_POINT('',(0.102,0.0065,0.006));
#3174=CARTESIAN_POINT('',(0.102,0.0065,-0.012));
#3175=CARTESIAN_POINT('',(0.102,0.0045,-0.012));
#3176=CARTESIAN_POINT('',(0.099,0.0045,-0.012));
#3177=CARTESIAN_POINT('',(0.099,0.0065,-0.012));
#3178=CARTESIAN_POINT('',(0.0585,0.0045,0.006));
#3179=CARTESIAN_POINT('',(0.071,0.0045,0.006));
#3180=CARTESIAN_POINT('',(0.071,0.0045,0.002));
#3181=CARTESIAN_POINT('',(0.071,0.0045,-0.013));
#3182=CARTESIAN_POINT('',(0.0585,0.0045,-0.013));
#3183=CARTESIAN_POINT('',(0.099,0.0045,-0.013));
#3184=CARTESIAN_POINT('',(0.099,0.0045,-0.012));
#3185=CARTESIAN_POINT('',(0.1,0.0045,-0.012));
#3186=CARTESIAN_POINT('',(0.1,0.0045,0.006));
#3187=CARTESIAN_POINT('',(0.1,0.0045,0.024));
#3188=CARTESIAN_POINT('',(0.099,0.0045,0.024));
#3189=CARTESIAN_POINT('',(0.099,0.0045,0.025));
#3190=CARTESIAN_POINT('',(0.071,0.0045,0.025));
#3191=CARTESIAN_POINT('',(0.071,0.0045,0.025));
#3192=CARTESIAN_POINT('',(0.071,0.0045,0.006));
#3193=CARTESIAN_POINT('',(0.071,0.0045,0.01));
#3194=CARTESIAN_POINT('',(0.074,0.0045,0.006));
#3195=CARTESIAN_POINT('',(0.094,0.0045,0.006));
#3196=CARTESIAN_POINT('',(0.089,0.0045,0.006));
#3197=CARTESIAN_POINT('',(0.041,-0.014,0.006));
#3198=CARTESIAN_POINT('',(0.018,-0.014,0.03));
#3199=CARTESIAN_POINT('',(0.064,-0.014,0.03));
#3200=CARTESIAN_POINT('',(0.018,-0.014,0.03));
#3201=CARTESIAN_POINT('',(0.018,-0.014,0.029));
#3202=CARTESIAN_POINT('',(0.017,-0.014,0.029));
#3203=CARTESIAN_POINT('',(0.017,-0.014,-0.017));
#3204=CARTESIAN_POINT('',(0.017,-0.014,-0.017));
#3205=CARTESIAN_POINT('',(0.018,-0.014,-0.017));
#3206=CARTESIAN_POINT('',(0.018,-0.014,-0.018));
#3207=CARTESIAN_POINT('',(0.041,-0.014,-0.018));
#3208=CARTESIAN_POINT('',(0.064,-0.014,-0.018));
#3209=CARTESIAN_POINT('',(0.064,-0.014,-0.017));
#3210=CARTESIAN_POINT('',(0.065,-0.014,-0.017));
#3211=CARTESIAN_POINT('',(0.065,-0.014,0.006));
#3212=CARTESIAN_POINT('',(0.065,-0.014,0.029));
#3213=CARTESIAN_POINT('',(0.064,-0.014,0.029));
#3214=CARTESIAN_POINT('',(0.041,-0.009,0.006));
#3215=CARTESIAN_POINT('',(0.05125,-0.009,0.029));
#3216=CARTESIAN_POINT('',(0.03075,-0.009,0.029));
#3217=CARTESIAN_POINT('',(0.03075,-0.009,0.03));
#3218=CARTESIAN_POINT('',(0.05125,-0.009,0.03));
#3219=CARTESIAN_POINT('',(0.00242487113059643,0.0149,0.0094));
#3220=CARTESIAN_POINT('',(0.0032331615074619,0.0149,0.008));
#3221=CARTESIAN_POINT('',(0.0032331615074619,0.0149,0.008));
#3222=CARTESIAN_POINT('',(0.00242487113059643,0.0149,0.0094));
#3223=CARTESIAN_POINT('',(0.00161658075373096,0.0149,0.0108));
#3224=CARTESIAN_POINT('',(0.00161658075373096,0.0149,0.0108));
#3225=CARTESIAN_POINT('',(0.00242487113059643,0.0149,0.0066));
#3226=CARTESIAN_POINT('',(0.00161658075373095,0.0149,0.0052));
#3227=CARTESIAN_POINT('',(0.00161658075373095,0.0149,0.0052));
#3228=CARTESIAN_POINT('',(0.00242487113059643,0.0149,0.0066));
#3229=CARTESIAN_POINT('',(0.00161658075373095,0.0149,0.00340829037686548));
#3230=CARTESIAN_POINT('',(0.00161658075373095,0.0149,0.00340829037686548));
#3231=CARTESIAN_POINT('',(-0.00161658075373095,0.0149,0.00340829037686548));
#3232=CARTESIAN_POINT('',(-0.00161658075373095,0.0149,0.0052));
#3233=CARTESIAN_POINT('',(-0.00161658075373095,0.0149,0.0052));
#3234=CARTESIAN_POINT('',(-0.00161658075373095,0.0149,0.00340829037686548));
#3235=CARTESIAN_POINT('',(-0.00242487113059642,0.0149,0.0066));
#3236=CARTESIAN_POINT('',(-0.0032331615074619,0.0149,0.008));
#3237=CARTESIAN_POINT('',(-0.0032331615074619,0.0149,0.008));
#3238=CARTESIAN_POINT('',(-0.00242487113059642,0.0149,0.0066));
#3239=CARTESIAN_POINT('',(-0.00242487113059642,0.0149,0.0094));
#3240=CARTESIAN_POINT('',(-0.00161658075373095,0.0149,0.0108));
#3241=CARTESIAN_POINT('',(-0.00161658075373095,0.0149,0.0108));
#3242=CARTESIAN_POINT('',(-0.00242487113059642,0.0149,0.0094));
#3243=CARTESIAN_POINT('',(2.16840434497101E-18,0.0149,0.0108));
#3244=CARTESIAN_POINT('',(2.16840434497101E-18,0.0149,0.0108));
#3245=CARTESIAN_POINT('',(0.,0.0149,0.));
#3246=CARTESIAN_POINT('',(0.0066,0.0149,-0.00242487113059642));
#3247=CARTESIAN_POINT('',(0.0052,0.0149,-0.00161658075373095));
#3248=CARTESIAN_POINT('',(0.0052,0.0149,-0.00161658075373095));
#3249=CARTESIAN_POINT('',(0.0066,0.0149,-0.00242487113059642));
#3250=CARTESIAN_POINT('',(0.008,0.0149,-0.0032331615074619));
#3251=CARTESIAN_POINT('',(0.008,0.0149,-0.0032331615074619));
#3252=CARTESIAN_POINT('',(0.00340829037686548,0.0149,-0.00161658075373095));
#3253=CARTESIAN_POINT('',(0.00340829037686548,0.0149,-0.00161658075373095));
#3254=CARTESIAN_POINT('',(0.00340829037686548,0.0149,0.00161658075373095));
#3255=CARTESIAN_POINT('',(0.0052,0.0149,0.00161658075373095));
#3256=CARTESIAN_POINT('',(0.0052,0.0149,0.00161658075373095));
#3257=CARTESIAN_POINT('',(0.00340829037686548,0.0149,0.00161658075373095));
#3258=CARTESIAN_POINT('',(0.0066,0.0149,0.00242487113059642));
#3259=CARTESIAN_POINT('',(0.008,0.0149,0.0032331615074619));
#3260=CARTESIAN_POINT('',(0.008,0.0149,0.0032331615074619));
#3261=CARTESIAN_POINT('',(0.0066,0.0149,0.00242487113059642));
#3262=CARTESIAN_POINT('',(0.0094,0.0149,0.00242487113059643));
#3263=CARTESIAN_POINT('',(0.0108,0.0149,0.00161658075373096));
#3264=CARTESIAN_POINT('',(0.0108,0.0149,0.00161658075373096));
#3265=CARTESIAN_POINT('',(0.0094,0.0149,0.00242487113059643));
#3266=CARTESIAN_POINT('',(0.0108,0.0149,0.));
#3267=CARTESIAN_POINT('',(0.0108,0.0149,-0.00161658075373095));
#3268=CARTESIAN_POINT('',(0.0108,0.0149,-0.00161658075373095));
#3269=CARTESIAN_POINT('',(0.0108,0.0149,0.));
#3270=CARTESIAN_POINT('',(0.0094,0.0149,-0.00242487113059643));
#3271=CARTESIAN_POINT('',(0.0094,0.0149,-0.00242487113059643));
#3272=CARTESIAN_POINT('',(0.,0.0149,0.));
#3273=CARTESIAN_POINT('',(-0.00242487113059643,0.0149,-0.0066));
#3274=CARTESIAN_POINT('',(-0.00161658075373095,0.0149,-0.0052));
#3275=CARTESIAN_POINT('',(-0.00161658075373095,0.0149,-0.0052));
#3276=CARTESIAN_POINT('',(-0.00242487113059643,0.0149,-0.0066));
#3277=CARTESIAN_POINT('',(-0.0032331615074619,0.0149,-0.008));
#3278=CARTESIAN_POINT('',(-0.0032331615074619,0.0149,-0.008));
#3279=CARTESIAN_POINT('',(-0.00161658075373095,0.0149,-0.00340829037686548));
#3280=CARTESIAN_POINT('',(-0.00161658075373095,0.0149,-0.00340829037686548));
#3281=CARTESIAN_POINT('',(0.00161658075373095,0.0149,-0.00340829037686548));
#3282=CARTESIAN_POINT('',(0.00161658075373095,0.0149,-0.0052));
#3283=CARTESIAN_POINT('',(0.00161658075373095,0.0149,-0.0052));
#3284=CARTESIAN_POINT('',(0.00161658075373095,0.0149,-0.00340829037686548));
#3285=CARTESIAN_POINT('',(0.00242487113059643,0.0149,-0.0066));
#3286=CARTESIAN_POINT('',(0.0032331615074619,0.0149,-0.008));
#3287=CARTESIAN_POINT('',(0.0032331615074619,0.0149,-0.008));
#3288=CARTESIAN_POINT('',(0.00242487113059643,0.0149,-0.0066));
#3289=CARTESIAN_POINT('',(0.00242487113059643,0.0149,-0.0094));
#3290=CARTESIAN_POINT('',(0.00161658075373095,0.0149,-0.0108));
#3291=CARTESIAN_POINT('',(0.00161658075373095,0.0149,-0.0108));
#3292=CARTESIAN_POINT('',(0.00242487113059643,0.0149,-0.0094));
#3293=CARTESIAN_POINT('',(0.,0.0149,-0.0108));
#3294=CARTESIAN_POINT('',(-0.00161658075373095,0.0149,-0.0108));
#3295=CARTESIAN_POINT('',(-0.00161658075373095,0.0149,-0.0108));
#3296=CARTESIAN_POINT('',(0.,0.0149,-0.0108));
#3297=CARTESIAN_POINT('',(-0.00242487113059643,0.0149,-0.0094));
#3298=CARTESIAN_POINT('',(-0.00242487113059643,0.0149,-0.0094));
#3299=CARTESIAN_POINT('',(0.,0.0149,0.));
#3300=CARTESIAN_POINT('',(-0.00340829037686548,0.0149,-0.00161658075373095));
#3301=CARTESIAN_POINT('',(-0.0052,0.0149,-0.00161658075373096));
#3302=CARTESIAN_POINT('',(-0.0052,0.0149,-0.00161658075373096));
#3303=CARTESIAN_POINT('',(-0.00340829037686548,0.0149,-0.00161658075373095));
#3304=CARTESIAN_POINT('',(-0.0066,0.0149,-0.00242487113059643));
#3305=CARTESIAN_POINT('',(-0.008,0.0149,-0.0032331615074619));
#3306=CARTESIAN_POINT('',(-0.008,0.0149,-0.0032331615074619));
#3307=CARTESIAN_POINT('',(-0.0066,0.0149,-0.00242487113059643));
#3308=CARTESIAN_POINT('',(-0.0094,0.0149,-0.00242487113059643));
#3309=CARTESIAN_POINT('',(-0.0108,0.0149,-0.00161658075373095));
#3310=CARTESIAN_POINT('',(-0.0108,0.0149,-0.00161658075373095));
#3311=CARTESIAN_POINT('',(-0.0094,0.0149,-0.00242487113059643));
#3312=CARTESIAN_POINT('',(-0.0108,0.0149,-1.3010426069826E-18));
#3313=CARTESIAN_POINT('',(-0.0108,0.0149,0.00161658075373095));
#3314=CARTESIAN_POINT('',(-0.0108,0.0149,0.00161658075373095));
#3315=CARTESIAN_POINT('',(-0.0108,0.0149,-1.3010426069826E-18));
#3316=CARTESIAN_POINT('',(-0.0094,0.0149,0.00242487113059642));
#3317=CARTESIAN_POINT('',(-0.008,0.0149,0.0032331615074619));
#3318=CARTESIAN_POINT('',(-0.008,0.0149,0.0032331615074619));
#3319=CARTESIAN_POINT('',(-0.0094,0.0149,0.00242487113059642));
#3320=CARTESIAN_POINT('',(-0.0066,0.0149,0.00242487113059643));
#3321=CARTESIAN_POINT('',(-0.0052,0.0149,0.00161658075373095));
#3322=CARTESIAN_POINT('',(-0.0052,0.0149,0.00161658075373095));
#3323=CARTESIAN_POINT('',(-0.0066,0.0149,0.00242487113059643));
#3324=CARTESIAN_POINT('',(-0.00340829037686548,0.0149,0.00161658075373095));
#3325=CARTESIAN_POINT('',(-0.00340829037686548,0.0149,0.00161658075373095));
#3326=CARTESIAN_POINT('',(0.,0.0149,0.));
#3327=CARTESIAN_POINT('',(0.094,0.0055,0.006));
#3328=CARTESIAN_POINT('',(0.094,0.0055,0.006));
#3329=CARTESIAN_POINT('',(0.089,0.0055,0.006));
#3330=CARTESIAN_POINT('',(0.0845,0.0055,0.006));
#3331=CARTESIAN_POINT('',(0.074,0.0055,0.006));
#3332=CARTESIAN_POINT('',(0.074,0.0055,0.006));
#3333=CARTESIAN_POINT('',(0.069,0.0055,0.006));
#3334=CARTESIAN_POINT('',(0.074,0.0075,0.006));
#3335=CARTESIAN_POINT('',(0.0845,0.0055,0.006));
#3336=CARTESIAN_POINT('',(0.067,0.0005,0.006));
#3337=CARTESIAN_POINT('',(0.067,0.0005,0.025));
#3338=CARTESIAN_POINT('',(0.067,0.0005,-0.013));
#3339=CARTESIAN_POINT('',(0.011,0.,0.006));
#3340=CARTESIAN_POINT('',(0.011,0.,-0.013));
#3341=CARTESIAN_POINT('',(0.011,3.25260651745652E-19,0.013));
#3342=CARTESIAN_POINT('',(0.05125,0.0145,0.029));
#3343=CARTESIAN_POINT('',(0.05125,0.0145,0.03));
#3344=CARTESIAN_POINT('',(0.03075,0.0145,0.029));
#3345=CARTESIAN_POINT('',(0.03075,0.0145,0.03));
#3346=CARTESIAN_POINT('',(0.0638357864376269,0.000164213562373089,-0.013));
#3347=CARTESIAN_POINT('',(0.0701715728752538,0.0065,-0.013));
#3348=CARTESIAN_POINT('',(0.0585,0.0065,-0.013));
#3349=CARTESIAN_POINT('',(0.099,0.0065,-0.013));
#3350=CARTESIAN_POINT('',(0.099,0.0065,-0.012));
#3351=CARTESIAN_POINT('',(0.1,0.0065,-0.012));
#3352=CARTESIAN_POINT('',(0.1,0.0065,0.006));
#3353=CARTESIAN_POINT('',(0.1,0.0065,0.024));
#3354=CARTESIAN_POINT('',(0.099,0.0065,0.024));
#3355=CARTESIAN_POINT('',(0.099,0.0065,0.025));
#3356=CARTESIAN_POINT('',(0.0595,0.0065,0.025));
#3357=CARTESIAN_POINT('',(0.0701715728752538,0.0065,0.025));
#3358=CARTESIAN_POINT('',(0.0638357864376269,0.000164213562373089,0.025));
#3359=CARTESIAN_POINT('',(0.0059142135623731,0.0079142135623731,0.013));
#3360=CARTESIAN_POINT('',(0.0118284271247462,0.002,0.013));
#3361=CARTESIAN_POINT('',(0.026,0.002,0.013));
#3362=CARTESIAN_POINT('',(-0.012,0.002,0.013));
#3363=CARTESIAN_POINT('',(-0.012,0.002,0.012));
#3364=CARTESIAN_POINT('',(-0.013,0.002,0.012));
#3365=CARTESIAN_POINT('',(-0.013,0.002,1.44560289664734E-19));
#3366=CARTESIAN_POINT('',(-0.013,0.002,-0.012));
#3367=CARTESIAN_POINT('',(-0.012,0.002,-0.012));
#3368=CARTESIAN_POINT('',(-0.012,0.002,-0.013));
#3369=CARTESIAN_POINT('',(0.0015,0.002,-0.013));
#3370=CARTESIAN_POINT('',(0.0118284271247462,0.002,-0.013));
#3371=CARTESIAN_POINT('',(0.0059142135623731,0.0079142135623731,-0.013));
#3372=CARTESIAN_POINT('',(0.064,-0.012,-0.017));
#3373=CARTESIAN_POINT('',(0.065,-0.012,-0.017));
#3374=CARTESIAN_POINT('',(0.064,-0.012,-0.018));
#3375=CARTESIAN_POINT('',(0.041,-0.012,-0.018));
#3376=CARTESIAN_POINT('',(0.018,-0.012,-0.018));
#3377=CARTESIAN_POINT('',(0.065,-0.012,0.006));
#3378=CARTESIAN_POINT('',(0.065,-0.012,0.029));
#3379=CARTESIAN_POINT('',(0.018,-0.012,-0.017));
#3380=CARTESIAN_POINT('',(0.017,-0.012,-0.017));
#3381=CARTESIAN_POINT('',(0.064,-0.012,0.029));
#3382=CARTESIAN_POINT('',(0.064,-0.012,0.03));
#3383=CARTESIAN_POINT('',(0.017,-0.012,-0.016));
#3384=CARTESIAN_POINT('',(0.017,-0.012,0.029));
#3385=CARTESIAN_POINT('',(0.025375,-0.012,0.03));
#3386=CARTESIAN_POINT('',(0.018,-0.012,0.03));
#3387=CARTESIAN_POINT('',(0.018,-0.012,0.029));
#3388=MECHANICAL_DESIGN_GEOMETRIC_PRESENTATION_REPRESENTATION('',(#2003),
#3389);
#3389=(
GEOMETRIC_REPRESENTATION_CONTEXT(3)
GLOBAL_UNCERTAINTY_ASSIGNED_CONTEXT((#3390))
GLOBAL_UNIT_ASSIGNED_CONTEXT((#3393,#3392,#3391))
REPRESENTATION_CONTEXT('leadscrew block','TOP_LEVEL_ASSEMBLY_PART')
);
#3390=UNCERTAINTY_MEASURE_WITH_UNIT(LENGTH_MEASURE(1.E-8),#3393,
'DISTANCE_ACCURACY_VALUE','Maximum Tolerance applied to model');
#3391=(
NAMED_UNIT(*)
SI_UNIT($,.STERADIAN.)
SOLID_ANGLE_UNIT()
);
#3392=(
NAMED_UNIT(*)
PLANE_ANGLE_UNIT()
SI_UNIT($,.RADIAN.)
);
#3393=(
LENGTH_UNIT()
NAMED_UNIT(*)
SI_UNIT($,.METRE.)
);
#3394=PRODUCT_DEFINITION_SHAPE('','',#3395);
#3395=PRODUCT_DEFINITION('','',#3397,#3396);
#3396=PRODUCT_DEFINITION_CONTEXT('',#3403,'design');
#3397=PRODUCT_DEFINITION_FORMATION_WITH_SPECIFIED_SOURCE('','',#3399,
 .NOT_KNOWN.);
#3398=PRODUCT_RELATED_PRODUCT_CATEGORY('','',(#3399));
#3399=PRODUCT('leadscrew block','leadscrew block','leadscrew block',(#3401));
#3400=PRODUCT_CATEGORY('','');
#3401=PRODUCT_CONTEXT('',#3403,'mechanical');
#3402=APPLICATION_PROTOCOL_DEFINITION('international standard',
'ap242_managed_model_based_3d_engineering',2020,#3403);
#3403=APPLICATION_CONTEXT('managed model based 3d engineering');
ENDSEC;
END-ISO-10303-21;
