ISO-10303-21;
HEADER;
/* Generated by software containing ST-Developer
 * from STEP Tools, Inc. (www.steptools.com) 
 */
/* OPTION: using custom renumber hook */

FILE_DESCRIPTION(
/* description */ ('STEP AP242 Edition 2',
'CAx-IF Rec.Pracs.---Representation and Presentation of Product Manufa
cturing Information (PMI)---4.0---2014-10-13',
'CAx-IF Rec.Pracs.---3D Tessellated Geometry---0.4---2014-09-14','2;1',
'CAx-IF Rec.Pracs.---User Defined Attributes---1.5---2016-08-15'),
/* implementation_level */ '2;1');

FILE_NAME(
/* name */ 'x axis timing belt carraige - x axis timing belt carriage',

/* time_stamp */ '2026-09-08T17:34:51Z',
/* author */ (''),
/* organization */ (''),
/* preprocessor_version */ 'ST-DEVELOPER v20',
/* originating_system */ 'ONSHAPE BY PTC INC, 1.220',
/* authorisation */ '  ');

FILE_SCHEMA (('AP242_MANAGED_MODEL_BASED_3D_ENGINEERING_MIM_LF { 1 0 10303 442 3 1 4 }'));
ENDSEC;

DATA;
#10=SHAPE_REPRESENTATION_RELATIONSHIP('','',#1436,#11);
#11=ADVANCED_BREP_SHAPE_REPRESENTATION('',(#1434),#2502);
#12=TOROIDAL_SURFACE('',#1508,0.002,0.001);
#13=TOROIDAL_SURFACE('',#1510,0.002,0.001);
#14=TOROIDAL_SURFACE('',#1513,0.002,0.001);
#15=TOROIDAL_SURFACE('',#1537,0.002,0.001);
#16=TOROIDAL_SURFACE('',#1551,0.002,0.001);
#17=TOROIDAL_SURFACE('',#1573,0.002,0.001);
#18=TOROIDAL_SURFACE('',#1575,0.002,0.001);
#19=TOROIDAL_SURFACE('',#1592,0.002,0.001);
#20=SPHERICAL_SURFACE('',#1505,0.001);
#21=SPHERICAL_SURFACE('',#1527,0.001);
#22=SPHERICAL_SURFACE('',#1530,0.001);
#23=SPHERICAL_SURFACE('',#1535,0.001);
#24=SPHERICAL_SURFACE('',#1554,0.001);
#25=SPHERICAL_SURFACE('',#1558,0.001);
#26=SPHERICAL_SURFACE('',#1577,0.001);
#27=SPHERICAL_SURFACE('',#1579,0.001);
#28=SPHERICAL_SURFACE('',#1593,0.001);
#29=ELLIPSE('',#1481,0.00141421356237309,0.001);
#30=ELLIPSE('',#1482,0.00141421356237309,0.001);
#31=ELLIPSE('',#1484,0.00141421356237309,0.001);
#32=ELLIPSE('',#1486,0.00141421356237309,0.001);
#33=ELLIPSE('',#1489,0.00141421356237309,0.001);
#34=ELLIPSE('',#1490,0.00141421356237309,0.001);
#35=ELLIPSE('',#1492,0.00141421356237309,0.001);
#36=ELLIPSE('',#1494,0.00141421356237309,0.001);
#37=ELLIPSE('',#1534,0.00141421356237309,0.001);
#38=ELLIPSE('',#1546,0.00141421356237309,0.001);
#39=ELLIPSE('',#1557,0.00141421356237309,0.001);
#40=ELLIPSE('',#1591,0.00141421356237309,0.001);
#41=ELLIPSE('',#1596,0.00141421356237309,0.001);
#42=ELLIPSE('',#1598,0.00141421356237309,0.001);
#43=ELLIPSE('',#1600,0.00141421356237309,0.001);
#44=ELLIPSE('',#1603,0.00141421356237309,0.001);
#45=ELLIPSE('',#1604,0.00141421356237309,0.001);
#46=ELLIPSE('',#1606,0.00141421356237309,0.001);
#47=ELLIPSE('',#1608,0.00141421356237309,0.001);
#48=ELLIPSE('',#1611,0.00141421356237309,0.001);
#49=ELLIPSE('',#1612,0.00141421356237309,0.001);
#50=ELLIPSE('',#1614,0.00141421356237309,0.001);
#51=ELLIPSE('',#1616,0.00141421356237309,0.001);
#52=CIRCLE('',#1443,0.0016);
#53=CIRCLE('',#1444,0.0016);
#54=CIRCLE('',#1446,0.0016);
#55=CIRCLE('',#1447,0.0016);
#56=CIRCLE('',#1449,0.0016);
#57=CIRCLE('',#1450,0.0016);
#58=CIRCLE('',#1452,0.0016);
#59=CIRCLE('',#1453,0.0016);
#60=CIRCLE('',#1456,0.002);
#61=CIRCLE('',#1457,0.002);
#62=CIRCLE('',#1458,0.002);
#63=CIRCLE('',#1459,0.002);
#64=CIRCLE('',#1463,0.002);
#65=CIRCLE('',#1464,0.002);
#66=CIRCLE('',#1465,0.002);
#67=CIRCLE('',#1466,0.002);
#68=CIRCLE('',#1497,0.001);
#69=CIRCLE('',#1498,0.001);
#70=CIRCLE('',#1500,0.001);
#71=CIRCLE('',#1501,0.001);
#72=CIRCLE('',#1503,0.001);
#73=CIRCLE('',#1504,0.001);
#74=CIRCLE('',#1506,0.001);
#75=CIRCLE('',#1507,0.001);
#76=CIRCLE('',#1509,0.001);
#77=CIRCLE('',#1511,0.001);
#78=CIRCLE('',#1512,0.001);
#79=CIRCLE('',#1514,0.001);
#80=CIRCLE('',#1516,0.001);
#81=CIRCLE('',#1518,0.001);
#82=CIRCLE('',#1520,0.001);
#83=CIRCLE('',#1522,0.001);
#84=CIRCLE('',#1524,0.001);
#85=CIRCLE('',#1526,0.001);
#86=CIRCLE('',#1528,0.001);
#87=CIRCLE('',#1529,0.001);
#88=CIRCLE('',#1531,0.001);
#89=CIRCLE('',#1533,0.001);
#90=CIRCLE('',#1536,0.001);
#91=CIRCLE('',#1538,0.001);
#92=CIRCLE('',#1540,0.001);
#93=CIRCLE('',#1542,0.001);
#94=CIRCLE('',#1544,0.001);
#95=CIRCLE('',#1548,0.001);
#96=CIRCLE('',#1550,0.001);
#97=CIRCLE('',#1552,0.001);
#98=CIRCLE('',#1553,0.001);
#99=CIRCLE('',#1555,0.001);
#100=CIRCLE('',#1559,0.001);
#101=CIRCLE('',#1561,0.001);
#102=CIRCLE('',#1563,0.001);
#103=CIRCLE('',#1565,0.001);
#104=CIRCLE('',#1567,0.001);
#105=CIRCLE('',#1569,0.001);
#106=CIRCLE('',#1571,0.001);
#107=CIRCLE('',#1572,0.001);
#108=CIRCLE('',#1574,0.001);
#109=CIRCLE('',#1576,0.001);
#110=CIRCLE('',#1578,0.001);
#111=CIRCLE('',#1580,0.001);
#112=CIRCLE('',#1581,0.001);
#113=CIRCLE('',#1583,0.001);
#114=CIRCLE('',#1585,0.001);
#115=CIRCLE('',#1587,0.001);
#116=CIRCLE('',#1589,0.001);
#117=CIRCLE('',#1594,0.001);
#118=CYLINDRICAL_SURFACE('',#1442,0.0016);
#119=CYLINDRICAL_SURFACE('',#1445,0.0016);
#120=CYLINDRICAL_SURFACE('',#1448,0.0016);
#121=CYLINDRICAL_SURFACE('',#1451,0.0016);
#122=CYLINDRICAL_SURFACE('',#1480,0.001);
#123=CYLINDRICAL_SURFACE('',#1483,0.001);
#124=CYLINDRICAL_SURFACE('',#1485,0.001);
#125=CYLINDRICAL_SURFACE('',#1487,0.001);
#126=CYLINDRICAL_SURFACE('',#1488,0.001);
#127=CYLINDRICAL_SURFACE('',#1491,0.001);
#128=CYLINDRICAL_SURFACE('',#1493,0.001);
#129=CYLINDRICAL_SURFACE('',#1495,0.001);
#130=CYLINDRICAL_SURFACE('',#1496,0.001);
#131=CYLINDRICAL_SURFACE('',#1499,0.001);
#132=CYLINDRICAL_SURFACE('',#1502,0.001);
#133=CYLINDRICAL_SURFACE('',#1515,0.001);
#134=CYLINDRICAL_SURFACE('',#1517,0.001);
#135=CYLINDRICAL_SURFACE('',#1519,0.001);
#136=CYLINDRICAL_SURFACE('',#1521,0.001);
#137=CYLINDRICAL_SURFACE('',#1523,0.001);
#138=CYLINDRICAL_SURFACE('',#1525,0.001);
#139=CYLINDRICAL_SURFACE('',#1532,0.001);
#140=CYLINDRICAL_SURFACE('',#1539,0.001);
#141=CYLINDRICAL_SURFACE('',#1541,0.001);
#142=CYLINDRICAL_SURFACE('',#1543,0.001);
#143=CYLINDRICAL_SURFACE('',#1545,0.001);
#144=CYLINDRICAL_SURFACE('',#1547,0.001);
#145=CYLINDRICAL_SURFACE('',#1549,0.001);
#146=CYLINDRICAL_SURFACE('',#1556,0.001);
#147=CYLINDRICAL_SURFACE('',#1560,0.001);
#148=CYLINDRICAL_SURFACE('',#1562,0.001);
#149=CYLINDRICAL_SURFACE('',#1564,0.001);
#150=CYLINDRICAL_SURFACE('',#1566,0.001);
#151=CYLINDRICAL_SURFACE('',#1568,0.001);
#152=CYLINDRICAL_SURFACE('',#1570,0.001);
#153=CYLINDRICAL_SURFACE('',#1582,0.001);
#154=CYLINDRICAL_SURFACE('',#1584,0.001);
#155=CYLINDRICAL_SURFACE('',#1586,0.001);
#156=CYLINDRICAL_SURFACE('',#1588,0.001);
#157=CYLINDRICAL_SURFACE('',#1590,0.001);
#158=CYLINDRICAL_SURFACE('',#1595,0.001);
#159=CYLINDRICAL_SURFACE('',#1597,0.001);
#160=CYLINDRICAL_SURFACE('',#1599,0.001);
#161=CYLINDRICAL_SURFACE('',#1601,0.001);
#162=CYLINDRICAL_SURFACE('',#1602,0.001);
#163=CYLINDRICAL_SURFACE('',#1605,0.001);
#164=CYLINDRICAL_SURFACE('',#1607,0.001);
#165=CYLINDRICAL_SURFACE('',#1609,0.001);
#166=CYLINDRICAL_SURFACE('',#1610,0.001);
#167=CYLINDRICAL_SURFACE('',#1613,0.001);
#168=CYLINDRICAL_SURFACE('',#1615,0.001);
#169=CYLINDRICAL_SURFACE('',#1617,0.001);
#170=B_SPLINE_CURVE_WITH_KNOTS('',3,(#2116,#2117,#2118,#2119),
 .UNSPECIFIED.,.F.,.F.,(4,4),(0.00112394420327125,0.00185572052031034),
 .UNSPECIFIED.);
#171=B_SPLINE_CURVE_WITH_KNOTS('',3,(#2465,#2466,#2467,#2468),
 .UNSPECIFIED.,.F.,.F.,(4,4),(0.0011067125492871,0.0017336804506617),
 .UNSPECIFIED.);
#172=B_SPLINE_CURVE_WITH_KNOTS('',3,(#2472,#2473,#2474,#2475),
 .UNSPECIFIED.,.F.,.F.,(4,4),(-6.44341507700839E-6,0.000938522693110537),
 .UNSPECIFIED.);
#173=ORIENTED_EDGE('',*,*,#571,.T.);
#174=ORIENTED_EDGE('',*,*,#572,.T.);
#175=ORIENTED_EDGE('',*,*,#573,.T.);
#176=ORIENTED_EDGE('',*,*,#574,.T.);
#177=ORIENTED_EDGE('',*,*,#575,.T.);
#178=ORIENTED_EDGE('',*,*,#576,.T.);
#179=ORIENTED_EDGE('',*,*,#577,.T.);
#180=ORIENTED_EDGE('',*,*,#578,.T.);
#181=ORIENTED_EDGE('',*,*,#579,.T.);
#182=ORIENTED_EDGE('',*,*,#580,.T.);
#183=ORIENTED_EDGE('',*,*,#581,.T.);
#184=ORIENTED_EDGE('',*,*,#582,.T.);
#185=ORIENTED_EDGE('',*,*,#583,.T.);
#186=ORIENTED_EDGE('',*,*,#584,.T.);
#187=ORIENTED_EDGE('',*,*,#585,.T.);
#188=ORIENTED_EDGE('',*,*,#586,.T.);
#189=ORIENTED_EDGE('',*,*,#587,.T.);
#190=ORIENTED_EDGE('',*,*,#588,.T.);
#191=ORIENTED_EDGE('',*,*,#589,.T.);
#192=ORIENTED_EDGE('',*,*,#590,.T.);
#193=ORIENTED_EDGE('',*,*,#591,.T.);
#194=ORIENTED_EDGE('',*,*,#592,.F.);
#195=ORIENTED_EDGE('',*,*,#593,.T.);
#196=ORIENTED_EDGE('',*,*,#594,.F.);
#197=ORIENTED_EDGE('',*,*,#595,.T.);
#198=ORIENTED_EDGE('',*,*,#596,.F.);
#199=ORIENTED_EDGE('',*,*,#597,.T.);
#200=ORIENTED_EDGE('',*,*,#598,.F.);
#201=ORIENTED_EDGE('',*,*,#599,.T.);
#202=ORIENTED_EDGE('',*,*,#600,.T.);
#203=ORIENTED_EDGE('',*,*,#601,.F.);
#204=ORIENTED_EDGE('',*,*,#602,.T.);
#205=ORIENTED_EDGE('',*,*,#603,.T.);
#206=ORIENTED_EDGE('',*,*,#604,.T.);
#207=ORIENTED_EDGE('',*,*,#605,.T.);
#208=ORIENTED_EDGE('',*,*,#606,.T.);
#209=ORIENTED_EDGE('',*,*,#607,.T.);
#210=ORIENTED_EDGE('',*,*,#608,.T.);
#211=ORIENTED_EDGE('',*,*,#609,.T.);
#212=ORIENTED_EDGE('',*,*,#610,.T.);
#213=ORIENTED_EDGE('',*,*,#597,.F.);
#214=ORIENTED_EDGE('',*,*,#595,.F.);
#215=ORIENTED_EDGE('',*,*,#593,.F.);
#216=ORIENTED_EDGE('',*,*,#591,.F.);
#217=ORIENTED_EDGE('',*,*,#611,.T.);
#218=ORIENTED_EDGE('',*,*,#612,.T.);
#219=ORIENTED_EDGE('',*,*,#613,.T.);
#220=ORIENTED_EDGE('',*,*,#599,.F.);
#221=ORIENTED_EDGE('',*,*,#614,.T.);
#222=ORIENTED_EDGE('',*,*,#615,.T.);
#223=ORIENTED_EDGE('',*,*,#616,.F.);
#224=ORIENTED_EDGE('',*,*,#617,.T.);
#225=ORIENTED_EDGE('',*,*,#618,.F.);
#226=ORIENTED_EDGE('',*,*,#619,.T.);
#227=ORIENTED_EDGE('',*,*,#620,.T.);
#228=ORIENTED_EDGE('',*,*,#621,.T.);
#229=ORIENTED_EDGE('',*,*,#622,.F.);
#230=ORIENTED_EDGE('',*,*,#598,.T.);
#231=ORIENTED_EDGE('',*,*,#596,.T.);
#232=ORIENTED_EDGE('',*,*,#594,.T.);
#233=ORIENTED_EDGE('',*,*,#592,.T.);
#234=ORIENTED_EDGE('',*,*,#601,.T.);
#235=ORIENTED_EDGE('',*,*,#623,.T.);
#236=ORIENTED_EDGE('',*,*,#624,.T.);
#237=ORIENTED_EDGE('',*,*,#625,.T.);
#238=ORIENTED_EDGE('',*,*,#624,.F.);
#239=ORIENTED_EDGE('',*,*,#626,.T.);
#240=ORIENTED_EDGE('',*,*,#627,.T.);
#241=ORIENTED_EDGE('',*,*,#628,.T.);
#242=ORIENTED_EDGE('',*,*,#629,.T.);
#243=ORIENTED_EDGE('',*,*,#630,.T.);
#244=ORIENTED_EDGE('',*,*,#631,.T.);
#245=ORIENTED_EDGE('',*,*,#632,.T.);
#246=ORIENTED_EDGE('',*,*,#633,.T.);
#247=ORIENTED_EDGE('',*,*,#634,.T.);
#248=ORIENTED_EDGE('',*,*,#635,.T.);
#249=ORIENTED_EDGE('',*,*,#636,.T.);
#250=ORIENTED_EDGE('',*,*,#637,.T.);
#251=ORIENTED_EDGE('',*,*,#638,.T.);
#252=ORIENTED_EDGE('',*,*,#639,.T.);
#253=ORIENTED_EDGE('',*,*,#640,.T.);
#254=ORIENTED_EDGE('',*,*,#641,.F.);
#255=ORIENTED_EDGE('',*,*,#642,.T.);
#256=ORIENTED_EDGE('',*,*,#643,.F.);
#257=ORIENTED_EDGE('',*,*,#644,.T.);
#258=ORIENTED_EDGE('',*,*,#645,.T.);
#259=ORIENTED_EDGE('',*,*,#646,.T.);
#260=ORIENTED_EDGE('',*,*,#647,.F.);
#261=ORIENTED_EDGE('',*,*,#648,.T.);
#262=ORIENTED_EDGE('',*,*,#649,.F.);
#263=ORIENTED_EDGE('',*,*,#650,.T.);
#264=ORIENTED_EDGE('',*,*,#651,.T.);
#265=ORIENTED_EDGE('',*,*,#652,.T.);
#266=ORIENTED_EDGE('',*,*,#653,.T.);
#267=ORIENTED_EDGE('',*,*,#654,.T.);
#268=ORIENTED_EDGE('',*,*,#655,.T.);
#269=ORIENTED_EDGE('',*,*,#656,.T.);
#270=ORIENTED_EDGE('',*,*,#657,.T.);
#271=ORIENTED_EDGE('',*,*,#658,.T.);
#272=ORIENTED_EDGE('',*,*,#659,.T.);
#273=ORIENTED_EDGE('',*,*,#660,.T.);
#274=ORIENTED_EDGE('',*,*,#661,.T.);
#275=ORIENTED_EDGE('',*,*,#662,.T.);
#276=ORIENTED_EDGE('',*,*,#663,.T.);
#277=ORIENTED_EDGE('',*,*,#664,.T.);
#278=ORIENTED_EDGE('',*,*,#665,.T.);
#279=ORIENTED_EDGE('',*,*,#666,.T.);
#280=ORIENTED_EDGE('',*,*,#667,.T.);
#281=ORIENTED_EDGE('',*,*,#668,.T.);
#282=ORIENTED_EDGE('',*,*,#669,.T.);
#283=ORIENTED_EDGE('',*,*,#670,.T.);
#284=ORIENTED_EDGE('',*,*,#671,.T.);
#285=ORIENTED_EDGE('',*,*,#672,.T.);
#286=ORIENTED_EDGE('',*,*,#673,.F.);
#287=ORIENTED_EDGE('',*,*,#674,.T.);
#288=ORIENTED_EDGE('',*,*,#675,.T.);
#289=ORIENTED_EDGE('',*,*,#676,.T.);
#290=ORIENTED_EDGE('',*,*,#671,.F.);
#291=ORIENTED_EDGE('',*,*,#677,.T.);
#292=ORIENTED_EDGE('',*,*,#673,.T.);
#293=ORIENTED_EDGE('',*,*,#678,.T.);
#294=ORIENTED_EDGE('',*,*,#679,.F.);
#295=ORIENTED_EDGE('',*,*,#680,.T.);
#296=ORIENTED_EDGE('',*,*,#679,.T.);
#297=ORIENTED_EDGE('',*,*,#681,.T.);
#298=ORIENTED_EDGE('',*,*,#675,.F.);
#299=ORIENTED_EDGE('',*,*,#682,.T.);
#300=ORIENTED_EDGE('',*,*,#683,.T.);
#301=ORIENTED_EDGE('',*,*,#684,.T.);
#302=ORIENTED_EDGE('',*,*,#685,.F.);
#303=ORIENTED_EDGE('',*,*,#686,.T.);
#304=ORIENTED_EDGE('',*,*,#687,.T.);
#305=ORIENTED_EDGE('',*,*,#688,.T.);
#306=ORIENTED_EDGE('',*,*,#683,.F.);
#307=ORIENTED_EDGE('',*,*,#689,.T.);
#308=ORIENTED_EDGE('',*,*,#685,.T.);
#309=ORIENTED_EDGE('',*,*,#690,.T.);
#310=ORIENTED_EDGE('',*,*,#691,.F.);
#311=ORIENTED_EDGE('',*,*,#692,.T.);
#312=ORIENTED_EDGE('',*,*,#691,.T.);
#313=ORIENTED_EDGE('',*,*,#693,.T.);
#314=ORIENTED_EDGE('',*,*,#687,.F.);
#315=ORIENTED_EDGE('',*,*,#694,.T.);
#316=ORIENTED_EDGE('',*,*,#695,.F.);
#317=ORIENTED_EDGE('',*,*,#603,.F.);
#318=ORIENTED_EDGE('',*,*,#696,.F.);
#319=ORIENTED_EDGE('',*,*,#678,.F.);
#320=ORIENTED_EDGE('',*,*,#696,.T.);
#321=ORIENTED_EDGE('',*,*,#606,.F.);
#322=ORIENTED_EDGE('',*,*,#697,.F.);
#323=ORIENTED_EDGE('',*,*,#681,.F.);
#324=ORIENTED_EDGE('',*,*,#695,.T.);
#325=ORIENTED_EDGE('',*,*,#672,.F.);
#326=ORIENTED_EDGE('',*,*,#698,.F.);
#327=ORIENTED_EDGE('',*,*,#604,.F.);
#328=ORIENTED_EDGE('',*,*,#697,.T.);
#329=ORIENTED_EDGE('',*,*,#605,.F.);
#330=ORIENTED_EDGE('',*,*,#698,.T.);
#331=ORIENTED_EDGE('',*,*,#676,.F.);
#332=ORIENTED_EDGE('',*,*,#699,.F.);
#333=ORIENTED_EDGE('',*,*,#610,.F.);
#334=ORIENTED_EDGE('',*,*,#700,.F.);
#335=ORIENTED_EDGE('',*,*,#690,.F.);
#336=ORIENTED_EDGE('',*,*,#700,.T.);
#337=ORIENTED_EDGE('',*,*,#609,.F.);
#338=ORIENTED_EDGE('',*,*,#701,.F.);
#339=ORIENTED_EDGE('',*,*,#693,.F.);
#340=ORIENTED_EDGE('',*,*,#699,.T.);
#341=ORIENTED_EDGE('',*,*,#684,.F.);
#342=ORIENTED_EDGE('',*,*,#702,.F.);
#343=ORIENTED_EDGE('',*,*,#607,.F.);
#344=ORIENTED_EDGE('',*,*,#701,.T.);
#345=ORIENTED_EDGE('',*,*,#608,.F.);
#346=ORIENTED_EDGE('',*,*,#702,.T.);
#347=ORIENTED_EDGE('',*,*,#688,.F.);
#348=ORIENTED_EDGE('',*,*,#703,.F.);
#349=ORIENTED_EDGE('',*,*,#667,.F.);
#350=ORIENTED_EDGE('',*,*,#704,.F.);
#351=ORIENTED_EDGE('',*,*,#617,.F.);
#352=ORIENTED_EDGE('',*,*,#705,.F.);
#353=ORIENTED_EDGE('',*,*,#652,.F.);
#354=ORIENTED_EDGE('',*,*,#706,.F.);
#355=ORIENTED_EDGE('',*,*,#670,.F.);
#356=ORIENTED_EDGE('',*,*,#707,.F.);
#357=ORIENTED_EDGE('',*,*,#653,.F.);
#358=ORIENTED_EDGE('',*,*,#708,.F.);
#359=ORIENTED_EDGE('',*,*,#646,.F.);
#360=ORIENTED_EDGE('',*,*,#709,.F.);
#361=ORIENTED_EDGE('',*,*,#707,.T.);
#362=ORIENTED_EDGE('',*,*,#710,.F.);
#363=ORIENTED_EDGE('',*,*,#704,.T.);
#364=ORIENTED_EDGE('',*,*,#706,.T.);
#365=ORIENTED_EDGE('',*,*,#711,.F.);
#366=ORIENTED_EDGE('',*,*,#618,.T.);
#367=ORIENTED_EDGE('',*,*,#703,.T.);
#368=ORIENTED_EDGE('',*,*,#616,.T.);
#369=ORIENTED_EDGE('',*,*,#712,.F.);
#370=ORIENTED_EDGE('',*,*,#713,.F.);
#371=ORIENTED_EDGE('',*,*,#708,.T.);
#372=ORIENTED_EDGE('',*,*,#705,.T.);
#373=ORIENTED_EDGE('',*,*,#714,.F.);
#374=ORIENTED_EDGE('',*,*,#647,.T.);
#375=ORIENTED_EDGE('',*,*,#710,.T.);
#376=ORIENTED_EDGE('',*,*,#645,.F.);
#377=ORIENTED_EDGE('',*,*,#715,.F.);
#378=ORIENTED_EDGE('',*,*,#662,.F.);
#379=ORIENTED_EDGE('',*,*,#709,.T.);
#380=ORIENTED_EDGE('',*,*,#661,.F.);
#381=ORIENTED_EDGE('',*,*,#716,.F.);
#382=ORIENTED_EDGE('',*,*,#654,.F.);
#383=ORIENTED_EDGE('',*,*,#711,.T.);
#384=ORIENTED_EDGE('',*,*,#651,.F.);
#385=ORIENTED_EDGE('',*,*,#717,.F.);
#386=ORIENTED_EDGE('',*,*,#619,.F.);
#387=ORIENTED_EDGE('',*,*,#712,.T.);
#388=ORIENTED_EDGE('',*,*,#615,.F.);
#389=ORIENTED_EDGE('',*,*,#718,.F.);
#390=ORIENTED_EDGE('',*,*,#571,.F.);
#391=ORIENTED_EDGE('',*,*,#713,.T.);
#392=ORIENTED_EDGE('',*,*,#574,.F.);
#393=ORIENTED_EDGE('',*,*,#719,.F.);
#394=ORIENTED_EDGE('',*,*,#668,.F.);
#395=ORIENTED_EDGE('',*,*,#714,.T.);
#396=ORIENTED_EDGE('',*,*,#669,.F.);
#397=ORIENTED_EDGE('',*,*,#720,.F.);
#398=ORIENTED_EDGE('',*,*,#648,.F.);
#399=ORIENTED_EDGE('',*,*,#721,.F.);
#400=ORIENTED_EDGE('',*,*,#715,.T.);
#401=ORIENTED_EDGE('',*,*,#722,.F.);
#402=ORIENTED_EDGE('',*,*,#717,.T.);
#403=ORIENTED_EDGE('',*,*,#716,.T.);
#404=ORIENTED_EDGE('',*,*,#723,.F.);
#405=ORIENTED_EDGE('',*,*,#724,.F.);
#406=ORIENTED_EDGE('',*,*,#614,.F.);
#407=ORIENTED_EDGE('',*,*,#725,.F.);
#408=ORIENTED_EDGE('',*,*,#578,.F.);
#409=ORIENTED_EDGE('',*,*,#718,.T.);
#410=ORIENTED_EDGE('',*,*,#724,.T.);
#411=ORIENTED_EDGE('',*,*,#726,.F.);
#412=ORIENTED_EDGE('',*,*,#720,.T.);
#413=ORIENTED_EDGE('',*,*,#719,.T.);
#414=ORIENTED_EDGE('',*,*,#727,.F.);
#415=ORIENTED_EDGE('',*,*,#649,.T.);
#416=ORIENTED_EDGE('',*,*,#722,.T.);
#417=ORIENTED_EDGE('',*,*,#644,.F.);
#418=ORIENTED_EDGE('',*,*,#728,.F.);
#419=ORIENTED_EDGE('',*,*,#655,.F.);
#420=ORIENTED_EDGE('',*,*,#721,.T.);
#421=ORIENTED_EDGE('',*,*,#658,.F.);
#422=ORIENTED_EDGE('',*,*,#729,.F.);
#423=ORIENTED_EDGE('',*,*,#659,.F.);
#424=ORIENTED_EDGE('',*,*,#723,.T.);
#425=ORIENTED_EDGE('',*,*,#660,.F.);
#426=ORIENTED_EDGE('',*,*,#730,.F.);
#427=ORIENTED_EDGE('',*,*,#620,.F.);
#428=ORIENTED_EDGE('',*,*,#725,.T.);
#429=ORIENTED_EDGE('',*,*,#602,.F.);
#430=ORIENTED_EDGE('',*,*,#731,.F.);
#431=ORIENTED_EDGE('',*,*,#579,.F.);
#432=ORIENTED_EDGE('',*,*,#726,.T.);
#433=ORIENTED_EDGE('',*,*,#577,.F.);
#434=ORIENTED_EDGE('',*,*,#732,.F.);
#435=ORIENTED_EDGE('',*,*,#572,.F.);
#436=ORIENTED_EDGE('',*,*,#727,.T.);
#437=ORIENTED_EDGE('',*,*,#573,.F.);
#438=ORIENTED_EDGE('',*,*,#733,.F.);
#439=ORIENTED_EDGE('',*,*,#650,.F.);
#440=ORIENTED_EDGE('',*,*,#728,.T.);
#441=ORIENTED_EDGE('',*,*,#643,.T.);
#442=ORIENTED_EDGE('',*,*,#734,.F.);
#443=ORIENTED_EDGE('',*,*,#735,.F.);
#444=ORIENTED_EDGE('',*,*,#730,.T.);
#445=ORIENTED_EDGE('',*,*,#729,.T.);
#446=ORIENTED_EDGE('',*,*,#736,.F.);
#447=ORIENTED_EDGE('',*,*,#731,.T.);
#448=ORIENTED_EDGE('',*,*,#625,.F.);
#449=ORIENTED_EDGE('',*,*,#737,.F.);
#450=ORIENTED_EDGE('',*,*,#580,.F.);
#451=ORIENTED_EDGE('',*,*,#733,.T.);
#452=ORIENTED_EDGE('',*,*,#732,.T.);
#453=ORIENTED_EDGE('',*,*,#738,.F.);
#454=ORIENTED_EDGE('',*,*,#734,.T.);
#455=ORIENTED_EDGE('',*,*,#642,.F.);
#456=ORIENTED_EDGE('',*,*,#739,.F.);
#457=ORIENTED_EDGE('',*,*,#663,.F.);
#458=ORIENTED_EDGE('',*,*,#735,.T.);
#459=ORIENTED_EDGE('',*,*,#666,.F.);
#460=ORIENTED_EDGE('',*,*,#740,.F.);
#461=ORIENTED_EDGE('',*,*,#656,.F.);
#462=ORIENTED_EDGE('',*,*,#736,.T.);
#463=ORIENTED_EDGE('',*,*,#657,.F.);
#464=ORIENTED_EDGE('',*,*,#741,.F.);
#465=ORIENTED_EDGE('',*,*,#621,.F.);
#466=ORIENTED_EDGE('',*,*,#737,.T.);
#467=ORIENTED_EDGE('',*,*,#628,.F.);
#468=ORIENTED_EDGE('',*,*,#742,.F.);
#469=ORIENTED_EDGE('',*,*,#575,.F.);
#470=ORIENTED_EDGE('',*,*,#738,.T.);
#471=ORIENTED_EDGE('',*,*,#576,.F.);
#472=ORIENTED_EDGE('',*,*,#743,.F.);
#473=ORIENTED_EDGE('',*,*,#637,.F.);
#474=ORIENTED_EDGE('',*,*,#744,.F.);
#475=ORIENTED_EDGE('',*,*,#640,.F.);
#476=ORIENTED_EDGE('',*,*,#745,.F.);
#477=ORIENTED_EDGE('',*,*,#581,.F.);
#478=ORIENTED_EDGE('',*,*,#641,.T.);
#479=ORIENTED_EDGE('',*,*,#744,.T.);
#480=ORIENTED_EDGE('',*,*,#746,.F.);
#481=ORIENTED_EDGE('',*,*,#739,.T.);
#482=ORIENTED_EDGE('',*,*,#741,.T.);
#483=ORIENTED_EDGE('',*,*,#740,.T.);
#484=ORIENTED_EDGE('',*,*,#747,.F.);
#485=ORIENTED_EDGE('',*,*,#622,.T.);
#486=ORIENTED_EDGE('',*,*,#743,.T.);
#487=ORIENTED_EDGE('',*,*,#742,.T.);
#488=ORIENTED_EDGE('',*,*,#748,.F.);
#489=ORIENTED_EDGE('',*,*,#749,.F.);
#490=ORIENTED_EDGE('',*,*,#745,.T.);
#491=ORIENTED_EDGE('',*,*,#750,.F.);
#492=ORIENTED_EDGE('',*,*,#746,.T.);
#493=ORIENTED_EDGE('',*,*,#584,.F.);
#494=ORIENTED_EDGE('',*,*,#751,.F.);
#495=ORIENTED_EDGE('',*,*,#664,.F.);
#496=ORIENTED_EDGE('',*,*,#747,.T.);
#497=ORIENTED_EDGE('',*,*,#665,.F.);
#498=ORIENTED_EDGE('',*,*,#752,.F.);
#499=ORIENTED_EDGE('',*,*,#611,.F.);
#500=ORIENTED_EDGE('',*,*,#748,.T.);
#501=ORIENTED_EDGE('',*,*,#627,.F.);
#502=ORIENTED_EDGE('',*,*,#753,.F.);
#503=ORIENTED_EDGE('',*,*,#638,.F.);
#504=ORIENTED_EDGE('',*,*,#750,.T.);
#505=ORIENTED_EDGE('',*,*,#639,.F.);
#506=ORIENTED_EDGE('',*,*,#754,.F.);
#507=ORIENTED_EDGE('',*,*,#588,.F.);
#508=ORIENTED_EDGE('',*,*,#755,.F.);
#509=ORIENTED_EDGE('',*,*,#582,.F.);
#510=ORIENTED_EDGE('',*,*,#749,.T.);
#511=ORIENTED_EDGE('',*,*,#587,.F.);
#512=ORIENTED_EDGE('',*,*,#756,.F.);
#513=ORIENTED_EDGE('',*,*,#583,.F.);
#514=ORIENTED_EDGE('',*,*,#755,.T.);
#515=ORIENTED_EDGE('',*,*,#757,.F.);
#516=ORIENTED_EDGE('',*,*,#612,.F.);
#517=ORIENTED_EDGE('',*,*,#752,.T.);
#518=ORIENTED_EDGE('',*,*,#751,.T.);
#519=ORIENTED_EDGE('',*,*,#754,.T.);
#520=ORIENTED_EDGE('',*,*,#753,.T.);
#521=ORIENTED_EDGE('',*,*,#758,.F.);
#522=ORIENTED_EDGE('',*,*,#756,.T.);
#523=ORIENTED_EDGE('',*,*,#586,.F.);
#524=ORIENTED_EDGE('',*,*,#759,.F.);
#525=ORIENTED_EDGE('',*,*,#613,.F.);
#526=ORIENTED_EDGE('',*,*,#757,.T.);
#527=ORIENTED_EDGE('',*,*,#758,.T.);
#528=ORIENTED_EDGE('',*,*,#626,.F.);
#529=ORIENTED_EDGE('',*,*,#760,.F.);
#530=ORIENTED_EDGE('',*,*,#589,.F.);
#531=ORIENTED_EDGE('',*,*,#759,.T.);
#532=ORIENTED_EDGE('',*,*,#585,.F.);
#533=ORIENTED_EDGE('',*,*,#761,.F.);
#534=ORIENTED_EDGE('',*,*,#600,.F.);
#535=ORIENTED_EDGE('',*,*,#760,.T.);
#536=ORIENTED_EDGE('',*,*,#623,.F.);
#537=ORIENTED_EDGE('',*,*,#761,.T.);
#538=ORIENTED_EDGE('',*,*,#590,.F.);
#539=ORIENTED_EDGE('',*,*,#762,.F.);
#540=ORIENTED_EDGE('',*,*,#682,.F.);
#541=ORIENTED_EDGE('',*,*,#763,.F.);
#542=ORIENTED_EDGE('',*,*,#629,.F.);
#543=ORIENTED_EDGE('',*,*,#763,.T.);
#544=ORIENTED_EDGE('',*,*,#677,.F.);
#545=ORIENTED_EDGE('',*,*,#764,.F.);
#546=ORIENTED_EDGE('',*,*,#630,.F.);
#547=ORIENTED_EDGE('',*,*,#762,.T.);
#548=ORIENTED_EDGE('',*,*,#632,.F.);
#549=ORIENTED_EDGE('',*,*,#765,.F.);
#550=ORIENTED_EDGE('',*,*,#680,.F.);
#551=ORIENTED_EDGE('',*,*,#764,.T.);
#552=ORIENTED_EDGE('',*,*,#674,.F.);
#553=ORIENTED_EDGE('',*,*,#765,.T.);
#554=ORIENTED_EDGE('',*,*,#631,.F.);
#555=ORIENTED_EDGE('',*,*,#766,.F.);
#556=ORIENTED_EDGE('',*,*,#694,.F.);
#557=ORIENTED_EDGE('',*,*,#767,.F.);
#558=ORIENTED_EDGE('',*,*,#633,.F.);
#559=ORIENTED_EDGE('',*,*,#767,.T.);
#560=ORIENTED_EDGE('',*,*,#689,.F.);
#561=ORIENTED_EDGE('',*,*,#768,.F.);
#562=ORIENTED_EDGE('',*,*,#634,.F.);
#563=ORIENTED_EDGE('',*,*,#766,.T.);
#564=ORIENTED_EDGE('',*,*,#636,.F.);
#565=ORIENTED_EDGE('',*,*,#769,.F.);
#566=ORIENTED_EDGE('',*,*,#692,.F.);
#567=ORIENTED_EDGE('',*,*,#768,.T.);
#568=ORIENTED_EDGE('',*,*,#686,.F.);
#569=ORIENTED_EDGE('',*,*,#769,.T.);
#570=ORIENTED_EDGE('',*,*,#635,.F.);
#571=EDGE_CURVE('',#770,#771,#884,.T.);
#572=EDGE_CURVE('',#771,#772,#885,.T.);
#573=EDGE_CURVE('',#772,#773,#886,.F.);
#574=EDGE_CURVE('',#773,#770,#887,.F.);
#575=EDGE_CURVE('',#774,#775,#888,.F.);
#576=EDGE_CURVE('',#775,#776,#889,.T.);
#577=EDGE_CURVE('',#776,#777,#890,.F.);
#578=EDGE_CURVE('',#777,#778,#891,.T.);
#579=EDGE_CURVE('',#778,#779,#892,.T.);
#580=EDGE_CURVE('',#779,#774,#893,.F.);
#581=EDGE_CURVE('',#780,#781,#894,.F.);
#582=EDGE_CURVE('',#781,#782,#895,.F.);
#583=EDGE_CURVE('',#782,#783,#170,.T.);
#584=EDGE_CURVE('',#783,#780,#896,.T.);
#585=EDGE_CURVE('',#784,#785,#897,.F.);
#586=EDGE_CURVE('',#785,#786,#898,.F.);
#587=EDGE_CURVE('',#786,#787,#899,.T.);
#588=EDGE_CURVE('',#787,#788,#900,.F.);
#589=EDGE_CURVE('',#788,#789,#901,.T.);
#590=EDGE_CURVE('',#789,#784,#902,.T.);
#591=EDGE_CURVE('',#790,#790,#52,.T.);
#592=EDGE_CURVE('',#791,#791,#53,.T.);
#593=EDGE_CURVE('',#792,#792,#54,.T.);
#594=EDGE_CURVE('',#793,#793,#55,.T.);
#595=EDGE_CURVE('',#794,#794,#56,.T.);
#596=EDGE_CURVE('',#795,#795,#57,.T.);
#597=EDGE_CURVE('',#796,#796,#58,.T.);
#598=EDGE_CURVE('',#797,#797,#59,.T.);
#599=EDGE_CURVE('',#798,#799,#903,.T.);
#600=EDGE_CURVE('',#799,#800,#904,.T.);
#601=EDGE_CURVE('',#801,#800,#905,.T.);
#602=EDGE_CURVE('',#801,#798,#906,.F.);
#603=EDGE_CURVE('',#802,#803,#907,.T.);
#604=EDGE_CURVE('',#803,#804,#908,.T.);
#605=EDGE_CURVE('',#804,#805,#909,.F.);
#606=EDGE_CURVE('',#805,#802,#910,.F.);
#607=EDGE_CURVE('',#806,#807,#911,.T.);
#608=EDGE_CURVE('',#807,#808,#912,.F.);
#609=EDGE_CURVE('',#808,#809,#913,.F.);
#610=EDGE_CURVE('',#809,#806,#914,.T.);
#611=EDGE_CURVE('',#810,#811,#915,.T.);
#612=EDGE_CURVE('',#811,#812,#60,.F.);
#613=EDGE_CURVE('',#812,#799,#916,.T.);
#614=EDGE_CURVE('',#798,#813,#917,.F.);
#615=EDGE_CURVE('',#813,#814,#918,.F.);
#616=EDGE_CURVE('',#815,#814,#61,.T.);
#617=EDGE_CURVE('',#815,#816,#919,.F.);
#618=EDGE_CURVE('',#817,#816,#62,.T.);
#619=EDGE_CURVE('',#817,#818,#920,.F.);
#620=EDGE_CURVE('',#818,#819,#921,.F.);
#621=EDGE_CURVE('',#819,#820,#922,.T.);
#622=EDGE_CURVE('',#810,#820,#63,.T.);
#623=EDGE_CURVE('',#800,#821,#923,.F.);
#624=EDGE_CURVE('',#821,#822,#924,.T.);
#625=EDGE_CURVE('',#822,#801,#925,.T.);
#626=EDGE_CURVE('',#821,#823,#926,.F.);
#627=EDGE_CURVE('',#823,#824,#927,.T.);
#628=EDGE_CURVE('',#824,#822,#928,.T.);
#629=EDGE_CURVE('',#825,#826,#929,.F.);
#630=EDGE_CURVE('',#826,#827,#930,.F.);
#631=EDGE_CURVE('',#827,#828,#931,.T.);
#632=EDGE_CURVE('',#828,#825,#932,.T.);
#633=EDGE_CURVE('',#829,#830,#933,.F.);
#634=EDGE_CURVE('',#830,#831,#934,.F.);
#635=EDGE_CURVE('',#831,#832,#935,.T.);
#636=EDGE_CURVE('',#832,#829,#936,.T.);
#637=EDGE_CURVE('',#833,#834,#937,.F.);
#638=EDGE_CURVE('',#834,#835,#938,.F.);
#639=EDGE_CURVE('',#835,#836,#939,.T.);
#640=EDGE_CURVE('',#836,#837,#940,.T.);
#641=EDGE_CURVE('',#838,#837,#64,.F.);
#642=EDGE_CURVE('',#838,#839,#941,.T.);
#643=EDGE_CURVE('',#840,#839,#65,.F.);
#644=EDGE_CURVE('',#840,#841,#942,.F.);
#645=EDGE_CURVE('',#841,#842,#943,.T.);
#646=EDGE_CURVE('',#842,#843,#944,.T.);
#647=EDGE_CURVE('',#844,#843,#66,.F.);
#648=EDGE_CURVE('',#844,#845,#945,.F.);
#649=EDGE_CURVE('',#846,#845,#67,.F.);
#650=EDGE_CURVE('',#846,#833,#946,.T.);
#651=EDGE_CURVE('',#847,#848,#947,.T.);
#652=EDGE_CURVE('',#848,#849,#948,.F.);
#653=EDGE_CURVE('',#849,#850,#949,.F.);
#654=EDGE_CURVE('',#850,#847,#950,.T.);
#655=EDGE_CURVE('',#851,#852,#951,.T.);
#656=EDGE_CURVE('',#852,#853,#952,.T.);
#657=EDGE_CURVE('',#853,#854,#953,.F.);
#658=EDGE_CURVE('',#854,#851,#954,.F.);
#659=EDGE_CURVE('',#855,#856,#955,.T.);
#660=EDGE_CURVE('',#856,#857,#956,.T.);
#661=EDGE_CURVE('',#857,#858,#957,.F.);
#662=EDGE_CURVE('',#858,#855,#958,.F.);
#663=EDGE_CURVE('',#859,#860,#959,.F.);
#664=EDGE_CURVE('',#860,#861,#960,.F.);
#665=EDGE_CURVE('',#861,#862,#961,.F.);
#666=EDGE_CURVE('',#862,#859,#962,.F.);
#667=EDGE_CURVE('',#863,#864,#963,.F.);
#668=EDGE_CURVE('',#864,#865,#964,.F.);
#669=EDGE_CURVE('',#865,#866,#965,.F.);
#670=EDGE_CURVE('',#866,#863,#966,.F.);
#671=EDGE_CURVE('',#867,#868,#967,.T.);
#672=EDGE_CURVE('',#868,#869,#968,.F.);
#673=EDGE_CURVE('',#870,#869,#969,.T.);
#674=EDGE_CURVE('',#870,#867,#970,.F.);
#675=EDGE_CURVE('',#871,#872,#971,.T.);
#676=EDGE_CURVE('',#872,#868,#972,.T.);
#677=EDGE_CURVE('',#867,#871,#973,.T.);
#678=EDGE_CURVE('',#869,#873,#974,.F.);
#679=EDGE_CURVE('',#874,#873,#975,.T.);
#680=EDGE_CURVE('',#874,#870,#976,.F.);
#681=EDGE_CURVE('',#873,#872,#977,.T.);
#682=EDGE_CURVE('',#871,#874,#978,.T.);
#683=EDGE_CURVE('',#875,#876,#979,.T.);
#684=EDGE_CURVE('',#876,#877,#980,.F.);
#685=EDGE_CURVE('',#878,#877,#981,.T.);
#686=EDGE_CURVE('',#878,#875,#982,.F.);
#687=EDGE_CURVE('',#879,#880,#983,.T.);
#688=EDGE_CURVE('',#880,#876,#984,.T.);
#689=EDGE_CURVE('',#875,#879,#985,.T.);
#690=EDGE_CURVE('',#877,#881,#986,.F.);
#691=EDGE_CURVE('',#882,#881,#987,.T.);
#692=EDGE_CURVE('',#882,#878,#988,.F.);
#693=EDGE_CURVE('',#881,#880,#989,.T.);
#694=EDGE_CURVE('',#879,#882,#990,.T.);
#695=EDGE_CURVE('',#803,#869,#29,.T.);
#696=EDGE_CURVE('',#873,#802,#30,.F.);
#697=EDGE_CURVE('',#872,#805,#31,.F.);
#698=EDGE_CURVE('',#804,#868,#32,.T.);
#699=EDGE_CURVE('',#806,#877,#33,.T.);
#700=EDGE_CURVE('',#881,#809,#34,.F.);
#701=EDGE_CURVE('',#880,#808,#35,.F.);
#702=EDGE_CURVE('',#807,#876,#36,.T.);
#703=EDGE_CURVE('',#864,#815,#68,.T.);
#704=EDGE_CURVE('',#816,#863,#69,.T.);
#705=EDGE_CURVE('',#849,#866,#70,.T.);
#706=EDGE_CURVE('',#863,#848,#71,.F.);
#707=EDGE_CURVE('',#850,#842,#72,.T.);
#708=EDGE_CURVE('',#843,#849,#73,.T.);
#709=EDGE_CURVE('',#850,#858,#74,.F.);
#710=EDGE_CURVE('',#858,#842,#75,.F.);
#711=EDGE_CURVE('',#817,#848,#76,.F.);
#712=EDGE_CURVE('',#770,#814,#77,.F.);
#713=EDGE_CURVE('',#864,#770,#78,.T.);
#714=EDGE_CURVE('',#844,#866,#79,.F.);
#715=EDGE_CURVE('',#855,#841,#80,.T.);
#716=EDGE_CURVE('',#847,#857,#81,.T.);
#717=EDGE_CURVE('',#818,#847,#82,.T.);
#718=EDGE_CURVE('',#771,#813,#83,.T.);
#719=EDGE_CURVE('',#865,#773,#84,.T.);
#720=EDGE_CURVE('',#845,#865,#85,.T.);
#721=EDGE_CURVE('',#855,#851,#86,.F.);
#722=EDGE_CURVE('',#851,#841,#87,.F.);
#723=EDGE_CURVE('',#818,#857,#88,.F.);
#724=EDGE_CURVE('',#813,#777,#89,.T.);
#725=EDGE_CURVE('',#778,#798,#37,.T.);
#726=EDGE_CURVE('',#771,#777,#90,.F.);
#727=EDGE_CURVE('',#846,#773,#91,.F.);
#728=EDGE_CURVE('',#852,#840,#92,.T.);
#729=EDGE_CURVE('',#856,#854,#93,.T.);
#730=EDGE_CURVE('',#819,#856,#94,.T.);
#731=EDGE_CURVE('',#779,#801,#38,.T.);
#732=EDGE_CURVE('',#772,#776,#95,.T.);
#733=EDGE_CURVE('',#833,#772,#96,.T.);
#734=EDGE_CURVE('',#859,#839,#97,.F.);
#735=EDGE_CURVE('',#852,#859,#98,.F.);
#736=EDGE_CURVE('',#819,#854,#99,.F.);
#737=EDGE_CURVE('',#774,#822,#39,.T.);
#738=EDGE_CURVE('',#833,#776,#100,.F.);
#739=EDGE_CURVE('',#860,#838,#101,.T.);
#740=EDGE_CURVE('',#853,#862,#102,.F.);
#741=EDGE_CURVE('',#820,#853,#103,.T.);
#742=EDGE_CURVE('',#775,#824,#104,.T.);
#743=EDGE_CURVE('',#834,#775,#105,.T.);
#744=EDGE_CURVE('',#837,#780,#106,.T.);
#745=EDGE_CURVE('',#781,#836,#107,.T.);
#746=EDGE_CURVE('',#860,#780,#108,.F.);
#747=EDGE_CURVE('',#810,#862,#109,.F.);
#748=EDGE_CURVE('',#834,#824,#110,.F.);
#749=EDGE_CURVE('',#781,#787,#111,.F.);
#750=EDGE_CURVE('',#787,#836,#112,.F.);
#751=EDGE_CURVE('',#861,#783,#113,.F.);
#752=EDGE_CURVE('',#811,#861,#114,.T.);
#753=EDGE_CURVE('',#835,#823,#115,.T.);
#754=EDGE_CURVE('',#788,#835,#116,.T.);
#755=EDGE_CURVE('',#782,#883,#171,.F.);
#756=EDGE_CURVE('',#883,#786,#40,.F.);
#757=EDGE_CURVE('',#812,#883,#172,.T.);
#758=EDGE_CURVE('',#788,#823,#117,.F.);
#759=EDGE_CURVE('',#799,#785,#41,.F.);
#760=EDGE_CURVE('',#789,#821,#42,.T.);
#761=EDGE_CURVE('',#800,#784,#43,.F.);
#762=EDGE_CURVE('',#874,#825,#44,.T.);
#763=EDGE_CURVE('',#826,#871,#45,.F.);
#764=EDGE_CURVE('',#827,#867,#46,.F.);
#765=EDGE_CURVE('',#870,#828,#47,.T.);
#766=EDGE_CURVE('',#882,#829,#48,.T.);
#767=EDGE_CURVE('',#830,#879,#49,.F.);
#768=EDGE_CURVE('',#831,#875,#50,.F.);
#769=EDGE_CURVE('',#878,#832,#51,.T.);
#770=VERTEX_POINT('',#2090);
#771=VERTEX_POINT('',#2091);
#772=VERTEX_POINT('',#2093);
#773=VERTEX_POINT('',#2095);
#774=VERTEX_POINT('',#2099);
#775=VERTEX_POINT('',#2100);
#776=VERTEX_POINT('',#2102);
#777=VERTEX_POINT('',#2104);
#778=VERTEX_POINT('',#2106);
#779=VERTEX_POINT('',#2108);
#780=VERTEX_POINT('',#2112);
#781=VERTEX_POINT('',#2113);
#782=VERTEX_POINT('',#2115);
#783=VERTEX_POINT('',#2120);
#784=VERTEX_POINT('',#2124);
#785=VERTEX_POINT('',#2125);
#786=VERTEX_POINT('',#2127);
#787=VERTEX_POINT('',#2129);
#788=VERTEX_POINT('',#2131);
#789=VERTEX_POINT('',#2133);
#790=VERTEX_POINT('',#2137);
#791=VERTEX_POINT('',#2139);
#792=VERTEX_POINT('',#2142);
#793=VERTEX_POINT('',#2144);
#794=VERTEX_POINT('',#2147);
#795=VERTEX_POINT('',#2149);
#796=VERTEX_POINT('',#2152);
#797=VERTEX_POINT('',#2154);
#798=VERTEX_POINT('',#2157);
#799=VERTEX_POINT('',#2158);
#800=VERTEX_POINT('',#2160);
#801=VERTEX_POINT('',#2162);
#802=VERTEX_POINT('',#2166);
#803=VERTEX_POINT('',#2167);
#804=VERTEX_POINT('',#2169);
#805=VERTEX_POINT('',#2171);
#806=VERTEX_POINT('',#2174);
#807=VERTEX_POINT('',#2175);
#808=VERTEX_POINT('',#2177);
#809=VERTEX_POINT('',#2179);
#810=VERTEX_POINT('',#2182);
#811=VERTEX_POINT('',#2183);
#812=VERTEX_POINT('',#2185);
#813=VERTEX_POINT('',#2188);
#814=VERTEX_POINT('',#2190);
#815=VERTEX_POINT('',#2192);
#816=VERTEX_POINT('',#2194);
#817=VERTEX_POINT('',#2196);
#818=VERTEX_POINT('',#2198);
#819=VERTEX_POINT('',#2200);
#820=VERTEX_POINT('',#2202);
#821=VERTEX_POINT('',#2206);
#822=VERTEX_POINT('',#2208);
#823=VERTEX_POINT('',#2212);
#824=VERTEX_POINT('',#2214);
#825=VERTEX_POINT('',#2218);
#826=VERTEX_POINT('',#2219);
#827=VERTEX_POINT('',#2221);
#828=VERTEX_POINT('',#2223);
#829=VERTEX_POINT('',#2226);
#830=VERTEX_POINT('',#2227);
#831=VERTEX_POINT('',#2229);
#832=VERTEX_POINT('',#2231);
#833=VERTEX_POINT('',#2234);
#834=VERTEX_POINT('',#2235);
#835=VERTEX_POINT('',#2237);
#836=VERTEX_POINT('',#2239);
#837=VERTEX_POINT('',#2241);
#838=VERTEX_POINT('',#2243);
#839=VERTEX_POINT('',#2245);
#840=VERTEX_POINT('',#2247);
#841=VERTEX_POINT('',#2249);
#842=VERTEX_POINT('',#2251);
#843=VERTEX_POINT('',#2253);
#844=VERTEX_POINT('',#2255);
#845=VERTEX_POINT('',#2257);
#846=VERTEX_POINT('',#2259);
#847=VERTEX_POINT('',#2263);
#848=VERTEX_POINT('',#2264);
#849=VERTEX_POINT('',#2266);
#850=VERTEX_POINT('',#2268);
#851=VERTEX_POINT('',#2272);
#852=VERTEX_POINT('',#2273);
#853=VERTEX_POINT('',#2275);
#854=VERTEX_POINT('',#2277);
#855=VERTEX_POINT('',#2281);
#856=VERTEX_POINT('',#2282);
#857=VERTEX_POINT('',#2284);
#858=VERTEX_POINT('',#2286);
#859=VERTEX_POINT('',#2290);
#860=VERTEX_POINT('',#2291);
#861=VERTEX_POINT('',#2293);
#862=VERTEX_POINT('',#2295);
#863=VERTEX_POINT('',#2299);
#864=VERTEX_POINT('',#2300);
#865=VERTEX_POINT('',#2302);
#866=VERTEX_POINT('',#2304);
#867=VERTEX_POINT('',#2308);
#868=VERTEX_POINT('',#2309);
#869=VERTEX_POINT('',#2311);
#870=VERTEX_POINT('',#2313);
#871=VERTEX_POINT('',#2317);
#872=VERTEX_POINT('',#2318);
#873=VERTEX_POINT('',#2323);
#874=VERTEX_POINT('',#2325);
#875=VERTEX_POINT('',#2332);
#876=VERTEX_POINT('',#2333);
#877=VERTEX_POINT('',#2335);
#878=VERTEX_POINT('',#2337);
#879=VERTEX_POINT('',#2341);
#880=VERTEX_POINT('',#2342);
#881=VERTEX_POINT('',#2347);
#882=VERTEX_POINT('',#2349);
#883=VERTEX_POINT('',#2469);
#884=LINE('',#2089,#991);
#885=LINE('',#2092,#992);
#886=LINE('',#2094,#993);
#887=LINE('',#2096,#994);
#888=LINE('',#2098,#995);
#889=LINE('',#2101,#996);
#890=LINE('',#2103,#997);
#891=LINE('',#2105,#998);
#892=LINE('',#2107,#999);
#893=LINE('',#2109,#1000);
#894=LINE('',#2111,#1001);
#895=LINE('',#2114,#1002);
#896=LINE('',#2121,#1003);
#897=LINE('',#2123,#1004);
#898=LINE('',#2126,#1005);
#899=LINE('',#2128,#1006);
#900=LINE('',#2130,#1007);
#901=LINE('',#2132,#1008);
#902=LINE('',#2134,#1009);
#903=LINE('',#2156,#1010);
#904=LINE('',#2159,#1011);
#905=LINE('',#2161,#1012);
#906=LINE('',#2163,#1013);
#907=LINE('',#2165,#1014);
#908=LINE('',#2168,#1015);
#909=LINE('',#2170,#1016);
#910=LINE('',#2172,#1017);
#911=LINE('',#2173,#1018);
#912=LINE('',#2176,#1019);
#913=LINE('',#2178,#1020);
#914=LINE('',#2180,#1021);
#915=LINE('',#2181,#1022);
#916=LINE('',#2186,#1023);
#917=LINE('',#2187,#1024);
#918=LINE('',#2189,#1025);
#919=LINE('',#2193,#1026);
#920=LINE('',#2197,#1027);
#921=LINE('',#2199,#1028);
#922=LINE('',#2201,#1029);
#923=LINE('',#2205,#1030);
#924=LINE('',#2207,#1031);
#925=LINE('',#2209,#1032);
#926=LINE('',#2211,#1033);
#927=LINE('',#2213,#1034);
#928=LINE('',#2215,#1035);
#929=LINE('',#2217,#1036);
#930=LINE('',#2220,#1037);
#931=LINE('',#2222,#1038);
#932=LINE('',#2224,#1039);
#933=LINE('',#2225,#1040);
#934=LINE('',#2228,#1041);
#935=LINE('',#2230,#1042);
#936=LINE('',#2232,#1043);
#937=LINE('',#2233,#1044);
#938=LINE('',#2236,#1045);
#939=LINE('',#2238,#1046);
#940=LINE('',#2240,#1047);
#941=LINE('',#2244,#1048);
#942=LINE('',#2248,#1049);
#943=LINE('',#2250,#1050);
#944=LINE('',#2252,#1051);
#945=LINE('',#2256,#1052);
#946=LINE('',#2260,#1053);
#947=LINE('',#2262,#1054);
#948=LINE('',#2265,#1055);
#949=LINE('',#2267,#1056);
#950=LINE('',#2269,#1057);
#951=LINE('',#2271,#1058);
#952=LINE('',#2274,#1059);
#953=LINE('',#2276,#1060);
#954=LINE('',#2278,#1061);
#955=LINE('',#2280,#1062);
#956=LINE('',#2283,#1063);
#957=LINE('',#2285,#1064);
#958=LINE('',#2287,#1065);
#959=LINE('',#2289,#1066);
#960=LINE('',#2292,#1067);
#961=LINE('',#2294,#1068);
#962=LINE('',#2296,#1069);
#963=LINE('',#2298,#1070);
#964=LINE('',#2301,#1071);
#965=LINE('',#2303,#1072);
#966=LINE('',#2305,#1073);
#967=LINE('',#2307,#1074);
#968=LINE('',#2310,#1075);
#969=LINE('',#2312,#1076);
#970=LINE('',#2314,#1077);
#971=LINE('',#2316,#1078);
#972=LINE('',#2319,#1079);
#973=LINE('',#2320,#1080);
#974=LINE('',#2322,#1081);
#975=LINE('',#2324,#1082);
#976=LINE('',#2326,#1083);
#977=LINE('',#2328,#1084);
#978=LINE('',#2329,#1085);
#979=LINE('',#2331,#1086);
#980=LINE('',#2334,#1087);
#981=LINE('',#2336,#1088);
#982=LINE('',#2338,#1089);
#983=LINE('',#2340,#1090);
#984=LINE('',#2343,#1091);
#985=LINE('',#2344,#1092);
#986=LINE('',#2346,#1093);
#987=LINE('',#2348,#1094);
#988=LINE('',#2350,#1095);
#989=LINE('',#2352,#1096);
#990=LINE('',#2353,#1097);
#991=VECTOR('',#1622,1.);
#992=VECTOR('',#1623,1.);
#993=VECTOR('',#1624,1.);
#994=VECTOR('',#1625,1.);
#995=VECTOR('',#1628,1.);
#996=VECTOR('',#1629,1.);
#997=VECTOR('',#1630,1.);
#998=VECTOR('',#1631,1.);
#999=VECTOR('',#1632,1.);
#1000=VECTOR('',#1633,1.);
#1001=VECTOR('',#1636,1.);
#1002=VECTOR('',#1637,1.);
#1003=VECTOR('',#1638,1.);
#1004=VECTOR('',#1641,1.);
#1005=VECTOR('',#1642,1.);
#1006=VECTOR('',#1643,1.);
#1007=VECTOR('',#1644,1.);
#1008=VECTOR('',#1645,1.);
#1009=VECTOR('',#1646,1.);
#1010=VECTOR('',#1673,1.);
#1011=VECTOR('',#1674,1.);
#1012=VECTOR('',#1675,1.);
#1013=VECTOR('',#1676,1.);
#1014=VECTOR('',#1679,1.);
#1015=VECTOR('',#1680,1.);
#1016=VECTOR('',#1681,1.);
#1017=VECTOR('',#1682,1.);
#1018=VECTOR('',#1683,1.);
#1019=VECTOR('',#1684,1.);
#1020=VECTOR('',#1685,1.);
#1021=VECTOR('',#1686,1.);
#1022=VECTOR('',#1687,1.);
#1023=VECTOR('',#1690,1.);
#1024=VECTOR('',#1691,1.);
#1025=VECTOR('',#1692,1.);
#1026=VECTOR('',#1695,1.);
#1027=VECTOR('',#1698,1.);
#1028=VECTOR('',#1699,1.);
#1029=VECTOR('',#1700,1.);
#1030=VECTOR('',#1705,1.);
#1031=VECTOR('',#1706,1.);
#1032=VECTOR('',#1707,1.);
#1033=VECTOR('',#1710,1.);
#1034=VECTOR('',#1711,1.);
#1035=VECTOR('',#1712,1.);
#1036=VECTOR('',#1715,1.);
#1037=VECTOR('',#1716,1.);
#1038=VECTOR('',#1717,1.);
#1039=VECTOR('',#1718,1.);
#1040=VECTOR('',#1719,1.);
#1041=VECTOR('',#1720,1.);
#1042=VECTOR('',#1721,1.);
#1043=VECTOR('',#1722,1.);
#1044=VECTOR('',#1723,1.);
#1045=VECTOR('',#1724,1.);
#1046=VECTOR('',#1725,1.);
#1047=VECTOR('',#1726,1.);
#1048=VECTOR('',#1729,1.);
#1049=VECTOR('',#1732,1.);
#1050=VECTOR('',#1733,1.);
#1051=VECTOR('',#1734,1.);
#1052=VECTOR('',#1737,1.);
#1053=VECTOR('',#1740,1.);
#1054=VECTOR('',#1743,1.);
#1055=VECTOR('',#1744,1.);
#1056=VECTOR('',#1745,1.);
#1057=VECTOR('',#1746,1.);
#1058=VECTOR('',#1749,1.);
#1059=VECTOR('',#1750,1.);
#1060=VECTOR('',#1751,1.);
#1061=VECTOR('',#1752,1.);
#1062=VECTOR('',#1755,1.);
#1063=VECTOR('',#1756,1.);
#1064=VECTOR('',#1757,1.);
#1065=VECTOR('',#1758,1.);
#1066=VECTOR('',#1761,1.);
#1067=VECTOR('',#1762,1.);
#1068=VECTOR('',#1763,1.);
#1069=VECTOR('',#1764,1.);
#1070=VECTOR('',#1767,1.);
#1071=VECTOR('',#1768,1.);
#1072=VECTOR('',#1769,1.);
#1073=VECTOR('',#1770,1.);
#1074=VECTOR('',#1773,1.);
#1075=VECTOR('',#1774,1.);
#1076=VECTOR('',#1775,1.);
#1077=VECTOR('',#1776,1.);
#1078=VECTOR('',#1779,1.);
#1079=VECTOR('',#1780,1.);
#1080=VECTOR('',#1781,1.);
#1081=VECTOR('',#1784,1.);
#1082=VECTOR('',#1785,1.);
#1083=VECTOR('',#1786,1.);
#1084=VECTOR('',#1789,1.);
#1085=VECTOR('',#1790,1.);
#1086=VECTOR('',#1793,1.);
#1087=VECTOR('',#1794,1.);
#1088=VECTOR('',#1795,1.);
#1089=VECTOR('',#1796,1.);
#1090=VECTOR('',#1799,1.);
#1091=VECTOR('',#1800,1.);
#1092=VECTOR('',#1801,1.);
#1093=VECTOR('',#1804,1.);
#1094=VECTOR('',#1805,1.);
#1095=VECTOR('',#1806,1.);
#1096=VECTOR('',#1809,1.);
#1097=VECTOR('',#1810,1.);
#1098=EDGE_LOOP('',(#173,#174,#175,#176));
#1099=EDGE_LOOP('',(#177,#178,#179,#180,#181,#182));
#1100=EDGE_LOOP('',(#183,#184,#185,#186));
#1101=EDGE_LOOP('',(#187,#188,#189,#190,#191,#192));
#1102=EDGE_LOOP('',(#193));
#1103=EDGE_LOOP('',(#194));
#1104=EDGE_LOOP('',(#195));
#1105=EDGE_LOOP('',(#196));
#1106=EDGE_LOOP('',(#197));
#1107=EDGE_LOOP('',(#198));
#1108=EDGE_LOOP('',(#199));
#1109=EDGE_LOOP('',(#200));
#1110=EDGE_LOOP('',(#201,#202,#203,#204));
#1111=EDGE_LOOP('',(#205,#206,#207,#208));
#1112=EDGE_LOOP('',(#209,#210,#211,#212));
#1113=EDGE_LOOP('',(#213));
#1114=EDGE_LOOP('',(#214));
#1115=EDGE_LOOP('',(#215));
#1116=EDGE_LOOP('',(#216));
#1117=EDGE_LOOP('',(#217,#218,#219,#220,#221,#222,#223,#224,#225,#226,#227,
#228,#229));
#1118=EDGE_LOOP('',(#230));
#1119=EDGE_LOOP('',(#231));
#1120=EDGE_LOOP('',(#232));
#1121=EDGE_LOOP('',(#233));
#1122=EDGE_LOOP('',(#234,#235,#236,#237));
#1123=EDGE_LOOP('',(#238,#239,#240,#241));
#1124=EDGE_LOOP('',(#242,#243,#244,#245));
#1125=EDGE_LOOP('',(#246,#247,#248,#249));
#1126=EDGE_LOOP('',(#250,#251,#252,#253,#254,#255,#256,#257,#258,#259,#260,
#261,#262,#263));
#1127=EDGE_LOOP('',(#264,#265,#266,#267));
#1128=EDGE_LOOP('',(#268,#269,#270,#271));
#1129=EDGE_LOOP('',(#272,#273,#274,#275));
#1130=EDGE_LOOP('',(#276,#277,#278,#279));
#1131=EDGE_LOOP('',(#280,#281,#282,#283));
#1132=EDGE_LOOP('',(#284,#285,#286,#287));
#1133=EDGE_LOOP('',(#288,#289,#290,#291));
#1134=EDGE_LOOP('',(#292,#293,#294,#295));
#1135=EDGE_LOOP('',(#296,#297,#298,#299));
#1136=EDGE_LOOP('',(#300,#301,#302,#303));
#1137=EDGE_LOOP('',(#304,#305,#306,#307));
#1138=EDGE_LOOP('',(#308,#309,#310,#311));
#1139=EDGE_LOOP('',(#312,#313,#314,#315));
#1140=EDGE_LOOP('',(#316,#317,#318,#319));
#1141=EDGE_LOOP('',(#320,#321,#322,#323));
#1142=EDGE_LOOP('',(#324,#325,#326,#327));
#1143=EDGE_LOOP('',(#328,#329,#330,#331));
#1144=EDGE_LOOP('',(#332,#333,#334,#335));
#1145=EDGE_LOOP('',(#336,#337,#338,#339));
#1146=EDGE_LOOP('',(#340,#341,#342,#343));
#1147=EDGE_LOOP('',(#344,#345,#346,#347));
#1148=EDGE_LOOP('',(#348,#349,#350,#351));
#1149=EDGE_LOOP('',(#352,#353,#354,#355));
#1150=EDGE_LOOP('',(#356,#357,#358,#359));
#1151=EDGE_LOOP('',(#360,#361,#362));
#1152=EDGE_LOOP('',(#363,#364,#365,#366));
#1153=EDGE_LOOP('',(#367,#368,#369,#370));
#1154=EDGE_LOOP('',(#371,#372,#373,#374));
#1155=EDGE_LOOP('',(#375,#376,#377,#378));
#1156=EDGE_LOOP('',(#379,#380,#381,#382));
#1157=EDGE_LOOP('',(#383,#384,#385,#386));
#1158=EDGE_LOOP('',(#387,#388,#389,#390));
#1159=EDGE_LOOP('',(#391,#392,#393,#394));
#1160=EDGE_LOOP('',(#395,#396,#397,#398));
#1161=EDGE_LOOP('',(#399,#400,#401));
#1162=EDGE_LOOP('',(#402,#403,#404));
#1163=EDGE_LOOP('',(#405,#406,#407,#408));
#1164=EDGE_LOOP('',(#409,#410,#411));
#1165=EDGE_LOOP('',(#412,#413,#414,#415));
#1166=EDGE_LOOP('',(#416,#417,#418,#419));
#1167=EDGE_LOOP('',(#420,#421,#422,#423));
#1168=EDGE_LOOP('',(#424,#425,#426,#427));
#1169=EDGE_LOOP('',(#428,#429,#430,#431));
#1170=EDGE_LOOP('',(#432,#433,#434,#435));
#1171=EDGE_LOOP('',(#436,#437,#438,#439));
#1172=EDGE_LOOP('',(#440,#441,#442,#443));
#1173=EDGE_LOOP('',(#444,#445,#446));
#1174=EDGE_LOOP('',(#447,#448,#449,#450));
#1175=EDGE_LOOP('',(#451,#452,#453));
#1176=EDGE_LOOP('',(#454,#455,#456,#457));
#1177=EDGE_LOOP('',(#458,#459,#460,#461));
#1178=EDGE_LOOP('',(#462,#463,#464,#465));
#1179=EDGE_LOOP('',(#466,#467,#468,#469));
#1180=EDGE_LOOP('',(#470,#471,#472,#473));
#1181=EDGE_LOOP('',(#474,#475,#476,#477));
#1182=EDGE_LOOP('',(#478,#479,#480,#481));
#1183=EDGE_LOOP('',(#482,#483,#484,#485));
#1184=EDGE_LOOP('',(#486,#487,#488));
#1185=EDGE_LOOP('',(#489,#490,#491));
#1186=EDGE_LOOP('',(#492,#493,#494,#495));
#1187=EDGE_LOOP('',(#496,#497,#498,#499));
#1188=EDGE_LOOP('',(#500,#501,#502,#503));
#1189=EDGE_LOOP('',(#504,#505,#506,#507));
#1190=EDGE_LOOP('',(#508,#509,#510,#511,#512));
#1191=EDGE_LOOP('',(#513,#514,#515,#516,#517,#518));
#1192=EDGE_LOOP('',(#519,#520,#521));
#1193=EDGE_LOOP('',(#522,#523,#524,#525,#526));
#1194=EDGE_LOOP('',(#527,#528,#529,#530));
#1195=EDGE_LOOP('',(#531,#532,#533,#534));
#1196=EDGE_LOOP('',(#535,#536,#537,#538));
#1197=EDGE_LOOP('',(#539,#540,#541,#542));
#1198=EDGE_LOOP('',(#543,#544,#545,#546));
#1199=EDGE_LOOP('',(#547,#548,#549,#550));
#1200=EDGE_LOOP('',(#551,#552,#553,#554));
#1201=EDGE_LOOP('',(#555,#556,#557,#558));
#1202=EDGE_LOOP('',(#559,#560,#561,#562));
#1203=EDGE_LOOP('',(#563,#564,#565,#566));
#1204=EDGE_LOOP('',(#567,#568,#569,#570));
#1205=FACE_BOUND('',#1098,.T.);
#1206=FACE_BOUND('',#1099,.T.);
#1207=FACE_BOUND('',#1100,.T.);
#1208=FACE_BOUND('',#1101,.T.);
#1209=FACE_BOUND('',#1102,.T.);
#1210=FACE_BOUND('',#1103,.T.);
#1211=FACE_BOUND('',#1104,.T.);
#1212=FACE_BOUND('',#1105,.T.);
#1213=FACE_BOUND('',#1106,.T.);
#1214=FACE_BOUND('',#1107,.T.);
#1215=FACE_BOUND('',#1108,.T.);
#1216=FACE_BOUND('',#1109,.T.);
#1217=FACE_BOUND('',#1110,.T.);
#1218=FACE_BOUND('',#1111,.T.);
#1219=FACE_BOUND('',#1112,.T.);
#1220=FACE_BOUND('',#1113,.T.);
#1221=FACE_BOUND('',#1114,.T.);
#1222=FACE_BOUND('',#1115,.T.);
#1223=FACE_BOUND('',#1116,.T.);
#1224=FACE_BOUND('',#1117,.T.);
#1225=FACE_BOUND('',#1118,.T.);
#1226=FACE_BOUND('',#1119,.T.);
#1227=FACE_BOUND('',#1120,.T.);
#1228=FACE_BOUND('',#1121,.T.);
#1229=FACE_BOUND('',#1122,.T.);
#1230=FACE_BOUND('',#1123,.T.);
#1231=FACE_BOUND('',#1124,.T.);
#1232=FACE_BOUND('',#1125,.T.);
#1233=FACE_BOUND('',#1126,.T.);
#1234=FACE_BOUND('',#1127,.T.);
#1235=FACE_BOUND('',#1128,.T.);
#1236=FACE_BOUND('',#1129,.T.);
#1237=FACE_BOUND('',#1130,.T.);
#1238=FACE_BOUND('',#1131,.T.);
#1239=FACE_BOUND('',#1132,.T.);
#1240=FACE_BOUND('',#1133,.T.);
#1241=FACE_BOUND('',#1134,.T.);
#1242=FACE_BOUND('',#1135,.T.);
#1243=FACE_BOUND('',#1136,.T.);
#1244=FACE_BOUND('',#1137,.T.);
#1245=FACE_BOUND('',#1138,.T.);
#1246=FACE_BOUND('',#1139,.T.);
#1247=FACE_BOUND('',#1140,.T.);
#1248=FACE_BOUND('',#1141,.T.);
#1249=FACE_BOUND('',#1142,.T.);
#1250=FACE_BOUND('',#1143,.T.);
#1251=FACE_BOUND('',#1144,.T.);
#1252=FACE_BOUND('',#1145,.T.);
#1253=FACE_BOUND('',#1146,.T.);
#1254=FACE_BOUND('',#1147,.T.);
#1255=FACE_BOUND('',#1148,.T.);
#1256=FACE_BOUND('',#1149,.T.);
#1257=FACE_BOUND('',#1150,.T.);
#1258=FACE_BOUND('',#1151,.T.);
#1259=FACE_BOUND('',#1152,.T.);
#1260=FACE_BOUND('',#1153,.T.);
#1261=FACE_BOUND('',#1154,.T.);
#1262=FACE_BOUND('',#1155,.T.);
#1263=FACE_BOUND('',#1156,.T.);
#1264=FACE_BOUND('',#1157,.T.);
#1265=FACE_BOUND('',#1158,.T.);
#1266=FACE_BOUND('',#1159,.T.);
#1267=FACE_BOUND('',#1160,.T.);
#1268=FACE_BOUND('',#1161,.T.);
#1269=FACE_BOUND('',#1162,.T.);
#1270=FACE_BOUND('',#1163,.T.);
#1271=FACE_BOUND('',#1164,.T.);
#1272=FACE_BOUND('',#1165,.T.);
#1273=FACE_BOUND('',#1166,.T.);
#1274=FACE_BOUND('',#1167,.T.);
#1275=FACE_BOUND('',#1168,.T.);
#1276=FACE_BOUND('',#1169,.T.);
#1277=FACE_BOUND('',#1170,.T.);
#1278=FACE_BOUND('',#1171,.T.);
#1279=FACE_BOUND('',#1172,.T.);
#1280=FACE_BOUND('',#1173,.T.);
#1281=FACE_BOUND('',#1174,.T.);
#1282=FACE_BOUND('',#1175,.T.);
#1283=FACE_BOUND('',#1176,.T.);
#1284=FACE_BOUND('',#1177,.T.);
#1285=FACE_BOUND('',#1178,.T.);
#1286=FACE_BOUND('',#1179,.T.);
#1287=FACE_BOUND('',#1180,.T.);
#1288=FACE_BOUND('',#1181,.T.);
#1289=FACE_BOUND('',#1182,.T.);
#1290=FACE_BOUND('',#1183,.T.);
#1291=FACE_BOUND('',#1184,.T.);
#1292=FACE_BOUND('',#1185,.T.);
#1293=FACE_BOUND('',#1186,.T.);
#1294=FACE_BOUND('',#1187,.T.);
#1295=FACE_BOUND('',#1188,.T.);
#1296=FACE_BOUND('',#1189,.T.);
#1297=FACE_BOUND('',#1190,.T.);
#1298=FACE_BOUND('',#1191,.T.);
#1299=FACE_BOUND('',#1192,.T.);
#1300=FACE_BOUND('',#1193,.T.);
#1301=FACE_BOUND('',#1194,.T.);
#1302=FACE_BOUND('',#1195,.T.);
#1303=FACE_BOUND('',#1196,.T.);
#1304=FACE_BOUND('',#1197,.T.);
#1305=FACE_BOUND('',#1198,.T.);
#1306=FACE_BOUND('',#1199,.T.);
#1307=FACE_BOUND('',#1200,.T.);
#1308=FACE_BOUND('',#1201,.T.);
#1309=FACE_BOUND('',#1202,.T.);
#1310=FACE_BOUND('',#1203,.T.);
#1311=FACE_BOUND('',#1204,.T.);
#1312=PLANE('',#1438);
#1313=PLANE('',#1439);
#1314=PLANE('',#1440);
#1315=PLANE('',#1441);
#1316=PLANE('',#1454);
#1317=PLANE('',#1455);
#1318=PLANE('',#1460);
#1319=PLANE('',#1461);
#1320=PLANE('',#1462);
#1321=PLANE('',#1467);
#1322=PLANE('',#1468);
#1323=PLANE('',#1469);
#1324=PLANE('',#1470);
#1325=PLANE('',#1471);
#1326=PLANE('',#1472);
#1327=PLANE('',#1473);
#1328=PLANE('',#1474);
#1329=PLANE('',#1475);
#1330=PLANE('',#1476);
#1331=PLANE('',#1477);
#1332=PLANE('',#1478);
#1333=PLANE('',#1479);
#1334=ADVANCED_FACE('',(#1205),#1312,.T.);
#1335=ADVANCED_FACE('',(#1206),#1313,.T.);
#1336=ADVANCED_FACE('',(#1207),#1314,.T.);
#1337=ADVANCED_FACE('',(#1208),#1315,.F.);
#1338=ADVANCED_FACE('',(#1209,#1210),#118,.F.);
#1339=ADVANCED_FACE('',(#1211,#1212),#119,.F.);
#1340=ADVANCED_FACE('',(#1213,#1214),#120,.F.);
#1341=ADVANCED_FACE('',(#1215,#1216),#121,.F.);
#1342=ADVANCED_FACE('',(#1217),#1316,.T.);
#1343=ADVANCED_FACE('',(#1218,#1219,#1220,#1221,#1222,#1223,#1224),#1317,
 .T.);
#1344=ADVANCED_FACE('',(#1225,#1226,#1227,#1228,#1229),#1318,.F.);
#1345=ADVANCED_FACE('',(#1230),#1319,.T.);
#1346=ADVANCED_FACE('',(#1231,#1232,#1233),#1320,.F.);
#1347=ADVANCED_FACE('',(#1234),#1321,.T.);
#1348=ADVANCED_FACE('',(#1235),#1322,.F.);
#1349=ADVANCED_FACE('',(#1236),#1323,.T.);
#1350=ADVANCED_FACE('',(#1237),#1324,.F.);
#1351=ADVANCED_FACE('',(#1238),#1325,.T.);
#1352=ADVANCED_FACE('',(#1239),#1326,.T.);
#1353=ADVANCED_FACE('',(#1240),#1327,.F.);
#1354=ADVANCED_FACE('',(#1241),#1328,.T.);
#1355=ADVANCED_FACE('',(#1242),#1329,.F.);
#1356=ADVANCED_FACE('',(#1243),#1330,.T.);
#1357=ADVANCED_FACE('',(#1244),#1331,.F.);
#1358=ADVANCED_FACE('',(#1245),#1332,.T.);
#1359=ADVANCED_FACE('',(#1246),#1333,.F.);
#1360=ADVANCED_FACE('',(#1247),#122,.T.);
#1361=ADVANCED_FACE('',(#1248),#123,.T.);
#1362=ADVANCED_FACE('',(#1249),#124,.T.);
#1363=ADVANCED_FACE('',(#1250),#125,.T.);
#1364=ADVANCED_FACE('',(#1251),#126,.T.);
#1365=ADVANCED_FACE('',(#1252),#127,.T.);
#1366=ADVANCED_FACE('',(#1253),#128,.T.);
#1367=ADVANCED_FACE('',(#1254),#129,.T.);
#1368=ADVANCED_FACE('',(#1255),#130,.T.);
#1369=ADVANCED_FACE('',(#1256),#131,.F.);
#1370=ADVANCED_FACE('',(#1257),#132,.T.);
#1371=ADVANCED_FACE('',(#1258),#20,.T.);
#1372=ADVANCED_FACE('',(#1259),#12,.T.);
#1373=ADVANCED_FACE('',(#1260),#13,.T.);
#1374=ADVANCED_FACE('',(#1261),#14,.T.);
#1375=ADVANCED_FACE('',(#1262),#133,.T.);
#1376=ADVANCED_FACE('',(#1263),#134,.T.);
#1377=ADVANCED_FACE('',(#1264),#135,.T.);
#1378=ADVANCED_FACE('',(#1265),#136,.T.);
#1379=ADVANCED_FACE('',(#1266),#137,.F.);
#1380=ADVANCED_FACE('',(#1267),#138,.T.);
#1381=ADVANCED_FACE('',(#1268),#21,.T.);
#1382=ADVANCED_FACE('',(#1269),#22,.T.);
#1383=ADVANCED_FACE('',(#1270),#139,.T.);
#1384=ADVANCED_FACE('',(#1271),#23,.T.);
#1385=ADVANCED_FACE('',(#1272),#15,.T.);
#1386=ADVANCED_FACE('',(#1273),#140,.T.);
#1387=ADVANCED_FACE('',(#1274),#141,.T.);
#1388=ADVANCED_FACE('',(#1275),#142,.T.);
#1389=ADVANCED_FACE('',(#1276),#143,.T.);
#1390=ADVANCED_FACE('',(#1277),#144,.T.);
#1391=ADVANCED_FACE('',(#1278),#145,.T.);
#1392=ADVANCED_FACE('',(#1279),#16,.T.);
#1393=ADVANCED_FACE('',(#1280),#24,.T.);
#1394=ADVANCED_FACE('',(#1281),#146,.T.);
#1395=ADVANCED_FACE('',(#1282),#25,.T.);
#1396=ADVANCED_FACE('',(#1283),#147,.T.);
#1397=ADVANCED_FACE('',(#1284),#148,.F.);
#1398=ADVANCED_FACE('',(#1285),#149,.T.);
#1399=ADVANCED_FACE('',(#1286),#150,.T.);
#1400=ADVANCED_FACE('',(#1287),#151,.T.);
#1401=ADVANCED_FACE('',(#1288),#152,.T.);
#1402=ADVANCED_FACE('',(#1289),#17,.T.);
#1403=ADVANCED_FACE('',(#1290),#18,.T.);
#1404=ADVANCED_FACE('',(#1291),#26,.T.);
#1405=ADVANCED_FACE('',(#1292),#27,.T.);
#1406=ADVANCED_FACE('',(#1293),#153,.F.);
#1407=ADVANCED_FACE('',(#1294),#154,.T.);
#1408=ADVANCED_FACE('',(#1295),#155,.T.);
#1409=ADVANCED_FACE('',(#1296),#156,.T.);
#1410=ADVANCED_FACE('',(#1297),#157,.T.);
#1411=ADVANCED_FACE('',(#1298),#19,.T.);
#1412=ADVANCED_FACE('',(#1299),#28,.T.);
#1413=ADVANCED_FACE('',(#1300),#158,.T.);
#1414=ADVANCED_FACE('',(#1301),#159,.T.);
#1415=ADVANCED_FACE('',(#1302),#160,.T.);
#1416=ADVANCED_FACE('',(#1303),#161,.T.);
#1417=ADVANCED_FACE('',(#1304),#162,.T.);
#1418=ADVANCED_FACE('',(#1305),#163,.T.);
#1419=ADVANCED_FACE('',(#1306),#164,.T.);
#1420=ADVANCED_FACE('',(#1307),#165,.T.);
#1421=ADVANCED_FACE('',(#1308),#166,.T.);
#1422=ADVANCED_FACE('',(#1309),#167,.T.);
#1423=ADVANCED_FACE('',(#1310),#168,.T.);
#1424=ADVANCED_FACE('',(#1311),#169,.T.);
#1425=CLOSED_SHELL('',(#1334,#1335,#1336,#1337,#1338,#1339,#1340,#1341,
#1342,#1343,#1344,#1345,#1346,#1347,#1348,#1349,#1350,#1351,#1352,#1353,
#1354,#1355,#1356,#1357,#1358,#1359,#1360,#1361,#1362,#1363,#1364,#1365,
#1366,#1367,#1368,#1369,#1370,#1371,#1372,#1373,#1374,#1375,#1376,#1377,
#1378,#1379,#1380,#1381,#1382,#1383,#1384,#1385,#1386,#1387,#1388,#1389,
#1390,#1391,#1392,#1393,#1394,#1395,#1396,#1397,#1398,#1399,#1400,#1401,
#1402,#1403,#1404,#1405,#1406,#1407,#1408,#1409,#1410,#1411,#1412,#1413,
#1414,#1415,#1416,#1417,#1418,#1419,#1420,#1421,#1422,#1423,#1424));
#1426=STYLED_ITEM('',(#1427),#1434);
#1427=PRESENTATION_STYLE_ASSIGNMENT((#1428));
#1428=SURFACE_STYLE_USAGE(.BOTH.,#1429);
#1429=SURFACE_SIDE_STYLE('',(#1430));
#1430=SURFACE_STYLE_FILL_AREA(#1431);
#1431=FILL_AREA_STYLE('',(#1432));
#1432=FILL_AREA_STYLE_COLOUR('',#1433);
#1433=COLOUR_RGB('',0.615686274509804,0.811764705882353,0.929411764705882);
#1434=MANIFOLD_SOLID_BREP('x axis timing belt carriage',#1425);
#1435=SHAPE_DEFINITION_REPRESENTATION(#2507,#1436);
#1436=SHAPE_REPRESENTATION('x axis timing belt carriage',(#1437),#2502);
#1437=AXIS2_PLACEMENT_3D('',#2087,#1618,#1619);
#1438=AXIS2_PLACEMENT_3D('',#2088,#1620,#1621);
#1439=AXIS2_PLACEMENT_3D('',#2097,#1626,#1627);
#1440=AXIS2_PLACEMENT_3D('',#2110,#1634,#1635);
#1441=AXIS2_PLACEMENT_3D('',#2122,#1639,#1640);
#1442=AXIS2_PLACEMENT_3D('',#2135,#1647,#1648);
#1443=AXIS2_PLACEMENT_3D('',#2136,#1649,#1650);
#1444=AXIS2_PLACEMENT_3D('',#2138,#1651,#1652);
#1445=AXIS2_PLACEMENT_3D('',#2140,#1653,#1654);
#1446=AXIS2_PLACEMENT_3D('',#2141,#1655,#1656);
#1447=AXIS2_PLACEMENT_3D('',#2143,#1657,#1658);
#1448=AXIS2_PLACEMENT_3D('',#2145,#1659,#1660);
#1449=AXIS2_PLACEMENT_3D('',#2146,#1661,#1662);
#1450=AXIS2_PLACEMENT_3D('',#2148,#1663,#1664);
#1451=AXIS2_PLACEMENT_3D('',#2150,#1665,#1666);
#1452=AXIS2_PLACEMENT_3D('',#2151,#1667,#1668);
#1453=AXIS2_PLACEMENT_3D('',#2153,#1669,#1670);
#1454=AXIS2_PLACEMENT_3D('',#2155,#1671,#1672);
#1455=AXIS2_PLACEMENT_3D('',#2164,#1677,#1678);
#1456=AXIS2_PLACEMENT_3D('',#2184,#1688,#1689);
#1457=AXIS2_PLACEMENT_3D('',#2191,#1693,#1694);
#1458=AXIS2_PLACEMENT_3D('',#2195,#1696,#1697);
#1459=AXIS2_PLACEMENT_3D('',#2203,#1701,#1702);
#1460=AXIS2_PLACEMENT_3D('',#2204,#1703,#1704);
#1461=AXIS2_PLACEMENT_3D('',#2210,#1708,#1709);
#1462=AXIS2_PLACEMENT_3D('',#2216,#1713,#1714);
#1463=AXIS2_PLACEMENT_3D('',#2242,#1727,#1728);
#1464=AXIS2_PLACEMENT_3D('',#2246,#1730,#1731);
#1465=AXIS2_PLACEMENT_3D('',#2254,#1735,#1736);
#1466=AXIS2_PLACEMENT_3D('',#2258,#1738,#1739);
#1467=AXIS2_PLACEMENT_3D('',#2261,#1741,#1742);
#1468=AXIS2_PLACEMENT_3D('',#2270,#1747,#1748);
#1469=AXIS2_PLACEMENT_3D('',#2279,#1753,#1754);
#1470=AXIS2_PLACEMENT_3D('',#2288,#1759,#1760);
#1471=AXIS2_PLACEMENT_3D('',#2297,#1765,#1766);
#1472=AXIS2_PLACEMENT_3D('',#2306,#1771,#1772);
#1473=AXIS2_PLACEMENT_3D('',#2315,#1777,#1778);
#1474=AXIS2_PLACEMENT_3D('',#2321,#1782,#1783);
#1475=AXIS2_PLACEMENT_3D('',#2327,#1787,#1788);
#1476=AXIS2_PLACEMENT_3D('',#2330,#1791,#1792);
#1477=AXIS2_PLACEMENT_3D('',#2339,#1797,#1798);
#1478=AXIS2_PLACEMENT_3D('',#2345,#1802,#1803);
#1479=AXIS2_PLACEMENT_3D('',#2351,#1807,#1808);
#1480=AXIS2_PLACEMENT_3D('',#2354,#1811,#1812);
#1481=AXIS2_PLACEMENT_3D('',#2355,#1813,#1814);
#1482=AXIS2_PLACEMENT_3D('',#2356,#1815,#1816);
#1483=AXIS2_PLACEMENT_3D('',#2357,#1817,#1818);
#1484=AXIS2_PLACEMENT_3D('',#2358,#1819,#1820);
#1485=AXIS2_PLACEMENT_3D('',#2359,#1821,#1822);
#1486=AXIS2_PLACEMENT_3D('',#2360,#1823,#1824);
#1487=AXIS2_PLACEMENT_3D('',#2361,#1825,#1826);
#1488=AXIS2_PLACEMENT_3D('',#2362,#1827,#1828);
#1489=AXIS2_PLACEMENT_3D('',#2363,#1829,#1830);
#1490=AXIS2_PLACEMENT_3D('',#2364,#1831,#1832);
#1491=AXIS2_PLACEMENT_3D('',#2365,#1833,#1834);
#1492=AXIS2_PLACEMENT_3D('',#2366,#1835,#1836);
#1493=AXIS2_PLACEMENT_3D('',#2367,#1837,#1838);
#1494=AXIS2_PLACEMENT_3D('',#2368,#1839,#1840);
#1495=AXIS2_PLACEMENT_3D('',#2369,#1841,#1842);
#1496=AXIS2_PLACEMENT_3D('',#2370,#1843,#1844);
#1497=AXIS2_PLACEMENT_3D('',#2371,#1845,#1846);
#1498=AXIS2_PLACEMENT_3D('',#2372,#1847,#1848);
#1499=AXIS2_PLACEMENT_3D('',#2373,#1849,#1850);
#1500=AXIS2_PLACEMENT_3D('',#2374,#1851,#1852);
#1501=AXIS2_PLACEMENT_3D('',#2375,#1853,#1854);
#1502=AXIS2_PLACEMENT_3D('',#2376,#1855,#1856);
#1503=AXIS2_PLACEMENT_3D('',#2377,#1857,#1858);
#1504=AXIS2_PLACEMENT_3D('',#2378,#1859,#1860);
#1505=AXIS2_PLACEMENT_3D('',#2379,#1861,#1862);
#1506=AXIS2_PLACEMENT_3D('',#2380,#1863,#1864);
#1507=AXIS2_PLACEMENT_3D('',#2381,#1865,#1866);
#1508=AXIS2_PLACEMENT_3D('',#2382,#1867,#1868);
#1509=AXIS2_PLACEMENT_3D('',#2383,#1869,#1870);
#1510=AXIS2_PLACEMENT_3D('',#2384,#1871,#1872);
#1511=AXIS2_PLACEMENT_3D('',#2385,#1873,#1874);
#1512=AXIS2_PLACEMENT_3D('',#2386,#1875,#1876);
#1513=AXIS2_PLACEMENT_3D('',#2387,#1877,#1878);
#1514=AXIS2_PLACEMENT_3D('',#2388,#1879,#1880);
#1515=AXIS2_PLACEMENT_3D('',#2389,#1881,#1882);
#1516=AXIS2_PLACEMENT_3D('',#2390,#1883,#1884);
#1517=AXIS2_PLACEMENT_3D('',#2391,#1885,#1886);
#1518=AXIS2_PLACEMENT_3D('',#2392,#1887,#1888);
#1519=AXIS2_PLACEMENT_3D('',#2393,#1889,#1890);
#1520=AXIS2_PLACEMENT_3D('',#2394,#1891,#1892);
#1521=AXIS2_PLACEMENT_3D('',#2395,#1893,#1894);
#1522=AXIS2_PLACEMENT_3D('',#2396,#1895,#1896);
#1523=AXIS2_PLACEMENT_3D('',#2397,#1897,#1898);
#1524=AXIS2_PLACEMENT_3D('',#2398,#1899,#1900);
#1525=AXIS2_PLACEMENT_3D('',#2399,#1901,#1902);
#1526=AXIS2_PLACEMENT_3D('',#2400,#1903,#1904);
#1527=AXIS2_PLACEMENT_3D('',#2401,#1905,#1906);
#1528=AXIS2_PLACEMENT_3D('',#2402,#1907,#1908);
#1529=AXIS2_PLACEMENT_3D('',#2403,#1909,#1910);
#1530=AXIS2_PLACEMENT_3D('',#2404,#1911,#1912);
#1531=AXIS2_PLACEMENT_3D('',#2405,#1913,#1914);
#1532=AXIS2_PLACEMENT_3D('',#2406,#1915,#1916);
#1533=AXIS2_PLACEMENT_3D('',#2407,#1917,#1918);
#1534=AXIS2_PLACEMENT_3D('',#2408,#1919,#1920);
#1535=AXIS2_PLACEMENT_3D('',#2409,#1921,#1922);
#1536=AXIS2_PLACEMENT_3D('',#2410,#1923,#1924);
#1537=AXIS2_PLACEMENT_3D('',#2411,#1925,#1926);
#1538=AXIS2_PLACEMENT_3D('',#2412,#1927,#1928);
#1539=AXIS2_PLACEMENT_3D('',#2413,#1929,#1930);
#1540=AXIS2_PLACEMENT_3D('',#2414,#1931,#1932);
#1541=AXIS2_PLACEMENT_3D('',#2415,#1933,#1934);
#1542=AXIS2_PLACEMENT_3D('',#2416,#1935,#1936);
#1543=AXIS2_PLACEMENT_3D('',#2417,#1937,#1938);
#1544=AXIS2_PLACEMENT_3D('',#2418,#1939,#1940);
#1545=AXIS2_PLACEMENT_3D('',#2419,#1941,#1942);
#1546=AXIS2_PLACEMENT_3D('',#2420,#1943,#1944);
#1547=AXIS2_PLACEMENT_3D('',#2421,#1945,#1946);
#1548=AXIS2_PLACEMENT_3D('',#2422,#1947,#1948);
#1549=AXIS2_PLACEMENT_3D('',#2423,#1949,#1950);
#1550=AXIS2_PLACEMENT_3D('',#2424,#1951,#1952);
#1551=AXIS2_PLACEMENT_3D('',#2425,#1953,#1954);
#1552=AXIS2_PLACEMENT_3D('',#2426,#1955,#1956);
#1553=AXIS2_PLACEMENT_3D('',#2427,#1957,#1958);
#1554=AXIS2_PLACEMENT_3D('',#2428,#1959,#1960);
#1555=AXIS2_PLACEMENT_3D('',#2429,#1961,#1962);
#1556=AXIS2_PLACEMENT_3D('',#2430,#1963,#1964);
#1557=AXIS2_PLACEMENT_3D('',#2431,#1965,#1966);
#1558=AXIS2_PLACEMENT_3D('',#2432,#1967,#1968);
#1559=AXIS2_PLACEMENT_3D('',#2433,#1969,#1970);
#1560=AXIS2_PLACEMENT_3D('',#2434,#1971,#1972);
#1561=AXIS2_PLACEMENT_3D('',#2435,#1973,#1974);
#1562=AXIS2_PLACEMENT_3D('',#2436,#1975,#1976);
#1563=AXIS2_PLACEMENT_3D('',#2437,#1977,#1978);
#1564=AXIS2_PLACEMENT_3D('',#2438,#1979,#1980);
#1565=AXIS2_PLACEMENT_3D('',#2439,#1981,#1982);
#1566=AXIS2_PLACEMENT_3D('',#2440,#1983,#1984);
#1567=AXIS2_PLACEMENT_3D('',#2441,#1985,#1986);
#1568=AXIS2_PLACEMENT_3D('',#2442,#1987,#1988);
#1569=AXIS2_PLACEMENT_3D('',#2443,#1989,#1990);
#1570=AXIS2_PLACEMENT_3D('',#2444,#1991,#1992);
#1571=AXIS2_PLACEMENT_3D('',#2445,#1993,#1994);
#1572=AXIS2_PLACEMENT_3D('',#2446,#1995,#1996);
#1573=AXIS2_PLACEMENT_3D('',#2447,#1997,#1998);
#1574=AXIS2_PLACEMENT_3D('',#2448,#1999,#2000);
#1575=AXIS2_PLACEMENT_3D('',#2449,#2001,#2002);
#1576=AXIS2_PLACEMENT_3D('',#2450,#2003,#2004);
#1577=AXIS2_PLACEMENT_3D('',#2451,#2005,#2006);
#1578=AXIS2_PLACEMENT_3D('',#2452,#2007,#2008);
#1579=AXIS2_PLACEMENT_3D('',#2453,#2009,#2010);
#1580=AXIS2_PLACEMENT_3D('',#2454,#2011,#2012);
#1581=AXIS2_PLACEMENT_3D('',#2455,#2013,#2014);
#1582=AXIS2_PLACEMENT_3D('',#2456,#2015,#2016);
#1583=AXIS2_PLACEMENT_3D('',#2457,#2017,#2018);
#1584=AXIS2_PLACEMENT_3D('',#2458,#2019,#2020);
#1585=AXIS2_PLACEMENT_3D('',#2459,#2021,#2022);
#1586=AXIS2_PLACEMENT_3D('',#2460,#2023,#2024);
#1587=AXIS2_PLACEMENT_3D('',#2461,#2025,#2026);
#1588=AXIS2_PLACEMENT_3D('',#2462,#2027,#2028);
#1589=AXIS2_PLACEMENT_3D('',#2463,#2029,#2030);
#1590=AXIS2_PLACEMENT_3D('',#2464,#2031,#2032);
#1591=AXIS2_PLACEMENT_3D('',#2470,#2033,#2034);
#1592=AXIS2_PLACEMENT_3D('',#2471,#2035,#2036);
#1593=AXIS2_PLACEMENT_3D('',#2476,#2037,#2038);
#1594=AXIS2_PLACEMENT_3D('',#2477,#2039,#2040);
#1595=AXIS2_PLACEMENT_3D('',#2478,#2041,#2042);
#1596=AXIS2_PLACEMENT_3D('',#2479,#2043,#2044);
#1597=AXIS2_PLACEMENT_3D('',#2480,#2045,#2046);
#1598=AXIS2_PLACEMENT_3D('',#2481,#2047,#2048);
#1599=AXIS2_PLACEMENT_3D('',#2482,#2049,#2050);
#1600=AXIS2_PLACEMENT_3D('',#2483,#2051,#2052);
#1601=AXIS2_PLACEMENT_3D('',#2484,#2053,#2054);
#1602=AXIS2_PLACEMENT_3D('',#2485,#2055,#2056);
#1603=AXIS2_PLACEMENT_3D('',#2486,#2057,#2058);
#1604=AXIS2_PLACEMENT_3D('',#2487,#2059,#2060);
#1605=AXIS2_PLACEMENT_3D('',#2488,#2061,#2062);
#1606=AXIS2_PLACEMENT_3D('',#2489,#2063,#2064);
#1607=AXIS2_PLACEMENT_3D('',#2490,#2065,#2066);
#1608=AXIS2_PLACEMENT_3D('',#2491,#2067,#2068);
#1609=AXIS2_PLACEMENT_3D('',#2492,#2069,#2070);
#1610=AXIS2_PLACEMENT_3D('',#2493,#2071,#2072);
#1611=AXIS2_PLACEMENT_3D('',#2494,#2073,#2074);
#1612=AXIS2_PLACEMENT_3D('',#2495,#2075,#2076);
#1613=AXIS2_PLACEMENT_3D('',#2496,#2077,#2078);
#1614=AXIS2_PLACEMENT_3D('',#2497,#2079,#2080);
#1615=AXIS2_PLACEMENT_3D('',#2498,#2081,#2082);
#1616=AXIS2_PLACEMENT_3D('',#2499,#2083,#2084);
#1617=AXIS2_PLACEMENT_3D('',#2500,#2085,#2086);
#1618=DIRECTION('',(0.,0.,1.));
#1619=DIRECTION('',(1.,0.,0.));
#1620=DIRECTION('',(0.,1.,0.));
#1621=DIRECTION('',(0.,0.,1.));
#1622=DIRECTION('',(1.,0.,0.));
#1623=DIRECTION('',(0.,0.,-1.));
#1624=DIRECTION('',(1.,0.,0.));
#1625=DIRECTION('',(-2.36553201269565E-16,0.,-1.));
#1626=DIRECTION('',(1.,-8.67361737988404E-17,0.));
#1627=DIRECTION('',(8.67361737988404E-17,1.,0.));
#1628=DIRECTION('',(0.,0.,1.));
#1629=DIRECTION('',(8.67361737988404E-17,1.,0.));
#1630=DIRECTION('',(0.,0.,-1.));
#1631=DIRECTION('',(-8.67361737988404E-17,-1.,0.));
#1632=DIRECTION('',(0.,0.,-1.));
#1633=DIRECTION('',(-8.67361737988404E-17,-1.,0.));
#1634=DIRECTION('',(0.,1.,0.));
#1635=DIRECTION('',(0.,0.,1.));
#1636=DIRECTION('',(1.,0.,0.));
#1637=DIRECTION('',(0.,0.,-1.));
#1638=DIRECTION('',(0.,0.,-1.));
#1639=DIRECTION('',(1.,-8.67361737988404E-17,0.));
#1640=DIRECTION('',(8.67361737988404E-17,1.,0.));
#1641=DIRECTION('',(0.,0.,-1.));
#1642=DIRECTION('',(-8.67361737988404E-17,-1.,0.));
#1643=DIRECTION('',(0.,0.,-1.));
#1644=DIRECTION('',(8.67361737988404E-17,1.,0.));
#1645=DIRECTION('',(0.,0.,1.));
#1646=DIRECTION('',(-8.67361737988404E-17,-1.,0.));
#1647=DIRECTION('',(0.,0.,-1.));
#1648=DIRECTION('',(-1.,0.,0.));
#1649=DIRECTION('',(0.,0.,1.));
#1650=DIRECTION('',(1.,0.,0.));
#1651=DIRECTION('',(0.,0.,1.));
#1652=DIRECTION('',(1.,0.,0.));
#1653=DIRECTION('',(0.,0.,-1.));
#1654=DIRECTION('',(-1.,0.,0.));
#1655=DIRECTION('',(0.,0.,1.));
#1656=DIRECTION('',(1.,0.,0.));
#1657=DIRECTION('',(0.,0.,1.));
#1658=DIRECTION('',(1.,0.,0.));
#1659=DIRECTION('',(0.,0.,-1.));
#1660=DIRECTION('',(-1.,0.,0.));
#1661=DIRECTION('',(0.,0.,1.));
#1662=DIRECTION('',(1.,0.,0.));
#1663=DIRECTION('',(0.,0.,1.));
#1664=DIRECTION('',(1.,0.,0.));
#1665=DIRECTION('',(0.,0.,-1.));
#1666=DIRECTION('',(-1.,0.,0.));
#1667=DIRECTION('',(0.,0.,1.));
#1668=DIRECTION('',(1.,0.,0.));
#1669=DIRECTION('',(0.,0.,1.));
#1670=DIRECTION('',(1.,0.,0.));
#1671=DIRECTION('',(0.,-1.,0.));
#1672=DIRECTION('',(0.,0.,-1.));
#1673=DIRECTION('',(-1.,0.,0.));
#1674=DIRECTION('',(0.,0.,-1.));
#1675=DIRECTION('',(-1.,0.,0.));
#1676=DIRECTION('',(0.,0.,-1.));
#1677=DIRECTION('',(0.,0.,1.));
#1678=DIRECTION('',(1.,0.,0.));
#1679=DIRECTION('',(1.,0.,0.));
#1680=DIRECTION('',(0.,-1.,0.));
#1681=DIRECTION('',(1.,0.,0.));
#1682=DIRECTION('',(7.22801448323669E-17,-1.,0.));
#1683=DIRECTION('',(7.22801448323669E-17,-1.,0.));
#1684=DIRECTION('',(1.,0.,0.));
#1685=DIRECTION('',(0.,-1.,0.));
#1686=DIRECTION('',(1.,0.,0.));
#1687=DIRECTION('',(-0.707106781186548,-0.707106781186548,0.));
#1688=DIRECTION('',(0.,0.,1.));
#1689=DIRECTION('',(1.,0.,0.));
#1690=DIRECTION('',(-8.67361737988404E-17,-1.,0.));
#1691=DIRECTION('',(-8.67361737988404E-17,-1.,0.));
#1692=DIRECTION('',(1.,0.,0.));
#1693=DIRECTION('',(0.,0.,1.));
#1694=DIRECTION('',(1.,0.,0.));
#1695=DIRECTION('',(0.707106781186548,-0.707106781186548,0.));
#1696=DIRECTION('',(0.,0.,1.));
#1697=DIRECTION('',(1.,0.,0.));
#1698=DIRECTION('',(0.,-1.,0.));
#1699=DIRECTION('',(1.,0.,0.));
#1700=DIRECTION('',(0.,-1.,0.));
#1701=DIRECTION('',(0.,0.,1.));
#1702=DIRECTION('',(1.,0.,0.));
#1703=DIRECTION('',(0.,0.,1.));
#1704=DIRECTION('',(1.,0.,0.));
#1705=DIRECTION('',(-8.67361737988404E-17,-1.,0.));
#1706=DIRECTION('',(1.,0.,0.));
#1707=DIRECTION('',(-8.67361737988404E-17,-1.,0.));
#1708=DIRECTION('',(0.,-1.,0.));
#1709=DIRECTION('',(0.,0.,-1.));
#1710=DIRECTION('',(0.,0.,1.));
#1711=DIRECTION('',(1.,0.,0.));
#1712=DIRECTION('',(0.,0.,1.));
#1713=DIRECTION('',(0.,0.,1.));
#1714=DIRECTION('',(1.,0.,0.));
#1715=DIRECTION('',(-7.22801448323669E-17,1.,0.));
#1716=DIRECTION('',(-1.,0.,0.));
#1717=DIRECTION('',(0.,1.,0.));
#1718=DIRECTION('',(-1.,0.,0.));
#1719=DIRECTION('',(0.,1.,0.));
#1720=DIRECTION('',(-1.,0.,0.));
#1721=DIRECTION('',(-7.22801448323669E-17,1.,0.));
#1722=DIRECTION('',(-1.,0.,0.));
#1723=DIRECTION('',(8.67361737988404E-17,1.,0.));
#1724=DIRECTION('',(1.,0.,0.));
#1725=DIRECTION('',(8.67361737988404E-17,1.,0.));
#1726=DIRECTION('',(1.,0.,0.));
#1727=DIRECTION('',(0.,0.,1.));
#1728=DIRECTION('',(1.,0.,0.));
#1729=DIRECTION('',(0.707106781186548,0.707106781186548,0.));
#1730=DIRECTION('',(0.,0.,1.));
#1731=DIRECTION('',(1.,0.,0.));
#1732=DIRECTION('',(0.,-1.,0.));
#1733=DIRECTION('',(1.,0.,0.));
#1734=DIRECTION('',(0.,-1.,0.));
#1735=DIRECTION('',(0.,0.,1.));
#1736=DIRECTION('',(1.,0.,0.));
#1737=DIRECTION('',(-0.707106781186548,0.707106781186548,0.));
#1738=DIRECTION('',(0.,0.,1.));
#1739=DIRECTION('',(1.,0.,0.));
#1740=DIRECTION('',(1.,0.,0.));
#1741=DIRECTION('',(1.,0.,-2.36553201269565E-16));
#1742=DIRECTION('',(-2.36553201269565E-16,0.,-1.));
#1743=DIRECTION('',(0.,-1.,0.));
#1744=DIRECTION('',(2.36553201269565E-16,-3.4863055968421E-32,1.));
#1745=DIRECTION('',(0.,-1.,0.));
#1746=DIRECTION('',(2.36553201269565E-16,0.,1.));
#1747=DIRECTION('',(1.,0.,0.));
#1748=DIRECTION('',(0.,0.,-1.));
#1749=DIRECTION('',(0.,-1.,0.));
#1750=DIRECTION('',(0.,0.,1.));
#1751=DIRECTION('',(0.,-1.,0.));
#1752=DIRECTION('',(0.,0.,1.));
#1753=DIRECTION('',(0.,1.,0.));
#1754=DIRECTION('',(-1.,0.,0.));
#1755=DIRECTION('',(0.,0.,1.));
#1756=DIRECTION('',(1.,0.,0.));
#1757=DIRECTION('',(2.36553201269565E-16,0.,1.));
#1758=DIRECTION('',(1.,0.,0.));
#1759=DIRECTION('',(0.707106781186548,-0.707106781186548,0.));
#1760=DIRECTION('',(0.,0.,1.));
#1761=DIRECTION('',(0.707106781186548,0.707106781186548,0.));
#1762=DIRECTION('',(0.,0.,-1.));
#1763=DIRECTION('',(-0.707106781186548,-0.707106781186548,0.));
#1764=DIRECTION('',(0.,0.,1.));
#1765=DIRECTION('',(0.707106781186548,0.707106781186548,-1.67268372729095E-16));
#1766=DIRECTION('',(-2.36553201269565E-16,0.,-1.));
#1767=DIRECTION('',(-0.707106781186548,0.707106781186548,1.23259516440783E-32));
#1768=DIRECTION('',(2.36553201269565E-16,1.74315279842105E-32,1.));
#1769=DIRECTION('',(0.707106781186548,-0.707106781186548,-1.23259516440783E-32));
#1770=DIRECTION('',(-2.36553201269565E-16,7.22037530394613E-33,-1.));
#1771=DIRECTION('',(-1.,0.,0.));
#1772=DIRECTION('',(0.,0.,1.));
#1773=DIRECTION('',(0.,0.,1.));
#1774=DIRECTION('',(0.,-1.,0.));
#1775=DIRECTION('',(0.,0.,1.));
#1776=DIRECTION('',(0.,1.,0.));
#1777=DIRECTION('',(0.,-1.,0.));
#1778=DIRECTION('',(0.,0.,-1.));
#1779=DIRECTION('',(0.,0.,1.));
#1780=DIRECTION('',(1.,0.,0.));
#1781=DIRECTION('',(-1.,0.,0.));
#1782=DIRECTION('',(0.,-1.,0.));
#1783=DIRECTION('',(0.,0.,-1.));
#1784=DIRECTION('',(1.,0.,0.));
#1785=DIRECTION('',(0.,0.,1.));
#1786=DIRECTION('',(-1.,0.,0.));
#1787=DIRECTION('',(-1.,-7.22801448323669E-17,0.));
#1788=DIRECTION('',(7.22801448323669E-17,-1.,0.));
#1789=DIRECTION('',(7.22801448323669E-17,-1.,0.));
#1790=DIRECTION('',(-7.22801448323669E-17,1.,0.));
#1791=DIRECTION('',(-1.,-7.22801448323669E-17,0.));
#1792=DIRECTION('',(7.22801448323669E-17,-1.,0.));
#1793=DIRECTION('',(0.,0.,1.));
#1794=DIRECTION('',(7.22801448323669E-17,-1.,0.));
#1795=DIRECTION('',(0.,0.,1.));
#1796=DIRECTION('',(-7.22801448323669E-17,1.,0.));
#1797=DIRECTION('',(0.,-1.,0.));
#1798=DIRECTION('',(0.,0.,-1.));
#1799=DIRECTION('',(0.,0.,1.));
#1800=DIRECTION('',(1.,0.,0.));
#1801=DIRECTION('',(-1.,0.,0.));
#1802=DIRECTION('',(0.,-1.,0.));
#1803=DIRECTION('',(0.,0.,-1.));
#1804=DIRECTION('',(1.,0.,0.));
#1805=DIRECTION('',(0.,0.,1.));
#1806=DIRECTION('',(-1.,0.,0.));
#1807=DIRECTION('',(-1.,0.,0.));
#1808=DIRECTION('',(0.,0.,1.));
#1809=DIRECTION('',(0.,-1.,0.));
#1810=DIRECTION('',(0.,1.,0.));
#1811=DIRECTION('',(1.,0.,0.));
#1812=DIRECTION('',(0.,0.,-1.));
#1813=DIRECTION('',(0.707106781186548,-0.707106781186548,0.));
#1814=DIRECTION('',(0.707106781186548,0.707106781186548,0.));
#1815=DIRECTION('',(0.707106781186548,0.707106781186548,0.));
#1816=DIRECTION('',(0.707106781186548,-0.707106781186548,0.));
#1817=DIRECTION('',(-7.22801448323669E-17,1.,0.));
#1818=DIRECTION('',(-1.,-7.22801448323669E-17,0.));
#1819=DIRECTION('',(-0.707106781186548,0.707106781186548,0.));
#1820=DIRECTION('',(-0.707106781186548,-0.707106781186548,0.));
#1821=DIRECTION('',(0.,-1.,0.));
#1822=DIRECTION('',(0.,0.,-1.));
#1823=DIRECTION('',(-0.707106781186548,-0.707106781186548,0.));
#1824=DIRECTION('',(-0.707106781186548,0.707106781186548,0.));
#1825=DIRECTION('',(-1.,0.,0.));
#1826=DIRECTION('',(0.,0.,1.));
#1827=DIRECTION('',(1.,0.,0.));
#1828=DIRECTION('',(0.,0.,-1.));
#1829=DIRECTION('',(0.707106781186548,-0.707106781186548,0.));
#1830=DIRECTION('',(-0.707106781186548,-0.707106781186548,0.));
#1831=DIRECTION('',(0.707106781186548,0.707106781186548,0.));
#1832=DIRECTION('',(0.707106781186548,-0.707106781186548,0.));
#1833=DIRECTION('',(0.,1.,0.));
#1834=DIRECTION('',(0.,0.,1.));
#1835=DIRECTION('',(-0.707106781186548,0.707106781186548,0.));
#1836=DIRECTION('',(-0.707106781186548,-0.707106781186548,0.));
#1837=DIRECTION('',(7.22801448323669E-17,-1.,0.));
#1838=DIRECTION('',(1.,7.22801448323669E-17,0.));
#1839=DIRECTION('',(-0.707106781186548,-0.707106781186548,0.));
#1840=DIRECTION('',(-0.707106781186548,0.707106781186548,0.));
#1841=DIRECTION('',(-1.,0.,0.));
#1842=DIRECTION('',(0.,0.,1.));
#1843=DIRECTION('',(-0.707106781186548,0.707106781186548,0.));
#1844=DIRECTION('',(-0.707106781186548,-0.707106781186548,0.));
#1845=DIRECTION('',(0.707106781186548,-0.707106781186548,0.));
#1846=DIRECTION('',(0.707106781186548,0.707106781186548,0.));
#1847=DIRECTION('',(-0.707106781186549,0.707106781186547,0.));
#1848=DIRECTION('',(-0.707106781186547,-0.707106781186549,0.));
#1849=DIRECTION('',(2.36553201269565E-16,-3.4863055968421E-32,1.));
#1850=DIRECTION('',(1.,0.,-2.36553201269565E-16));
#1851=DIRECTION('',(0.,0.,1.));
#1852=DIRECTION('',(1.,0.,0.));
#1853=DIRECTION('',(0.,0.,1.));
#1854=DIRECTION('',(1.,0.,0.));
#1855=DIRECTION('',(0.,1.,0.));
#1856=DIRECTION('',(0.,0.,1.));
#1857=DIRECTION('',(0.,1.,0.));
#1858=DIRECTION('',(0.,0.,1.));
#1859=DIRECTION('',(0.,-1.,0.));
#1860=DIRECTION('',(0.,0.,-1.));
#1861=DIRECTION('',(0.,0.,-1.));
#1862=DIRECTION('',(-1.,0.,0.));
#1863=DIRECTION('',(0.,0.,-1.));
#1864=DIRECTION('',(-1.,0.,0.));
#1865=DIRECTION('',(1.,0.,0.));
#1866=DIRECTION('',(0.,0.,-1.));
#1867=DIRECTION('',(0.,0.,1.));
#1868=DIRECTION('',(1.,0.,0.));
#1869=DIRECTION('',(0.,-1.,0.));
#1870=DIRECTION('',(0.,0.,-1.));
#1871=DIRECTION('',(0.,0.,1.));
#1872=DIRECTION('',(1.,0.,0.));
#1873=DIRECTION('',(-1.,0.,0.));
#1874=DIRECTION('',(0.,0.,1.));
#1875=DIRECTION('',(0.,0.,1.));
#1876=DIRECTION('',(1.,0.,0.));
#1877=DIRECTION('',(0.,0.,1.));
#1878=DIRECTION('',(1.,0.,0.));
#1879=DIRECTION('',(-0.707106781186548,0.707106781186547,0.));
#1880=DIRECTION('',(-0.707106781186547,-0.707106781186548,0.));
#1881=DIRECTION('',(-1.,0.,0.));
#1882=DIRECTION('',(0.,0.,1.));
#1883=DIRECTION('',(-1.,0.,0.));
#1884=DIRECTION('',(0.,0.,1.));
#1885=DIRECTION('',(2.36553201269565E-16,0.,1.));
#1886=DIRECTION('',(1.,0.,-2.36553201269565E-16));
#1887=DIRECTION('',(4.33680868994202E-16,4.33680868994201E-16,1.));
#1888=DIRECTION('',(1.,0.,-4.33680868994202E-16));
#1889=DIRECTION('',(0.,-1.,0.));
#1890=DIRECTION('',(0.,0.,-1.));
#1891=DIRECTION('',(0.,1.,0.));
#1892=DIRECTION('',(0.,0.,1.));
#1893=DIRECTION('',(1.,0.,0.));
#1894=DIRECTION('',(0.,0.,-1.));
#1895=DIRECTION('',(1.,0.,0.));
#1896=DIRECTION('',(0.,0.,-1.));
#1897=DIRECTION('',(-2.36553201269565E-16,0.,-1.));
#1898=DIRECTION('',(-1.,0.,2.36553201269565E-16));
#1899=DIRECTION('',(0.,0.,1.));
#1900=DIRECTION('',(1.,0.,0.));
#1901=DIRECTION('',(-0.707106781186548,0.707106781186548,0.));
#1902=DIRECTION('',(-0.707106781186548,-0.707106781186548,0.));
#1903=DIRECTION('',(0.707106781186548,-0.707106781186548,0.));
#1904=DIRECTION('',(0.707106781186548,0.707106781186548,0.));
#1905=DIRECTION('',(0.,0.,-1.));
#1906=DIRECTION('',(-1.,0.,0.));
#1907=DIRECTION('',(0.,0.,-1.));
#1908=DIRECTION('',(-1.,0.,0.));
#1909=DIRECTION('',(0.,1.,0.));
#1910=DIRECTION('',(0.,0.,1.));
#1911=DIRECTION('',(1.,0.,0.));
#1912=DIRECTION('',(0.,0.,-1.));
#1913=DIRECTION('',(1.,0.,8.67361737988403E-16));
#1914=DIRECTION('',(8.67361737988403E-16,0.,-1.));
#1915=DIRECTION('',(-8.67361737988404E-17,-1.,0.));
#1916=DIRECTION('',(1.,-8.67361737988404E-17,0.));
#1917=DIRECTION('',(0.,1.,0.));
#1918=DIRECTION('',(0.,0.,1.));
#1919=DIRECTION('',(-6.1331736667335E-17,-0.707106781186548,-0.707106781186548));
#1920=DIRECTION('',(6.1331736667335E-17,0.707106781186548,-0.707106781186548));
#1921=DIRECTION('',(0.,0.,1.));
#1922=DIRECTION('',(1.,0.,0.));
#1923=DIRECTION('',(0.,0.,1.));
#1924=DIRECTION('',(1.,0.,0.));
#1925=DIRECTION('',(0.,0.,1.));
#1926=DIRECTION('',(1.,0.,0.));
#1927=DIRECTION('',(-1.,0.,0.));
#1928=DIRECTION('',(0.,0.,1.));
#1929=DIRECTION('',(0.,-1.,0.));
#1930=DIRECTION('',(0.,0.,-1.));
#1931=DIRECTION('',(0.,-1.,0.));
#1932=DIRECTION('',(0.,0.,-1.));
#1933=DIRECTION('',(0.,0.,-1.));
#1934=DIRECTION('',(-1.,0.,0.));
#1935=DIRECTION('',(0.,0.,1.));
#1936=DIRECTION('',(1.,0.,0.));
#1937=DIRECTION('',(1.,0.,0.));
#1938=DIRECTION('',(0.,0.,-1.));
#1939=DIRECTION('',(-1.,0.,0.));
#1940=DIRECTION('',(0.,0.,1.));
#1941=DIRECTION('',(0.,0.,-1.));
#1942=DIRECTION('',(-1.,0.,0.));
#1943=DIRECTION('',(6.1331736667335E-17,0.707106781186548,-0.707106781186548));
#1944=DIRECTION('',(-6.1331736667335E-17,-0.707106781186548,-0.707106781186548));
#1945=DIRECTION('',(0.,0.,-1.));
#1946=DIRECTION('',(-1.,0.,0.));
#1947=DIRECTION('',(0.,0.,-1.));
#1948=DIRECTION('',(-1.,0.,0.));
#1949=DIRECTION('',(-1.,0.,0.));
#1950=DIRECTION('',(0.,0.,1.));
#1951=DIRECTION('',(1.,0.,0.));
#1952=DIRECTION('',(0.,0.,-1.));
#1953=DIRECTION('',(0.,0.,1.));
#1954=DIRECTION('',(1.,0.,0.));
#1955=DIRECTION('',(0.707106781186548,0.707106781186547,0.));
#1956=DIRECTION('',(-0.707106781186547,0.707106781186548,0.));
#1957=DIRECTION('',(0.,0.,1.));
#1958=DIRECTION('',(1.,0.,0.));
#1959=DIRECTION('',(0.,1.,0.));
#1960=DIRECTION('',(0.,0.,1.));
#1961=DIRECTION('',(0.,1.,0.));
#1962=DIRECTION('',(0.,0.,1.));
#1963=DIRECTION('',(8.67361737988404E-17,1.,0.));
#1964=DIRECTION('',(-1.,8.67361737988404E-17,0.));
#1965=DIRECTION('',(6.1331736667335E-17,0.707106781186548,-0.707106781186548));
#1966=DIRECTION('',(6.1331736667335E-17,0.707106781186548,0.707106781186548));
#1967=DIRECTION('',(0.,1.,0.));
#1968=DIRECTION('',(0.,0.,1.));
#1969=DIRECTION('',(0.,1.,0.));
#1970=DIRECTION('',(0.,0.,1.));
#1971=DIRECTION('',(0.707106781186548,0.707106781186548,0.));
#1972=DIRECTION('',(-0.707106781186548,0.707106781186548,0.));
#1973=DIRECTION('',(-0.707106781186548,-0.707106781186548,0.));
#1974=DIRECTION('',(0.707106781186548,-0.707106781186548,0.));
#1975=DIRECTION('',(0.,0.,-1.));
#1976=DIRECTION('',(-1.,0.,0.));
#1977=DIRECTION('',(0.,0.,1.));
#1978=DIRECTION('',(1.,0.,0.));
#1979=DIRECTION('',(0.,1.,0.));
#1980=DIRECTION('',(0.,0.,1.));
#1981=DIRECTION('',(0.,-1.,0.));
#1982=DIRECTION('',(0.,0.,-1.));
#1983=DIRECTION('',(0.,0.,1.));
#1984=DIRECTION('',(1.,0.,0.));
#1985=DIRECTION('',(0.,0.,-1.));
#1986=DIRECTION('',(-1.,0.,0.));
#1987=DIRECTION('',(-8.67361737988404E-17,-1.,0.));
#1988=DIRECTION('',(1.,-8.67361737988404E-17,0.));
#1989=DIRECTION('',(0.,-1.,0.));
#1990=DIRECTION('',(0.,0.,-1.));
#1991=DIRECTION('',(-1.,0.,0.));
#1992=DIRECTION('',(0.,0.,1.));
#1993=DIRECTION('',(1.,0.,0.));
#1994=DIRECTION('',(0.,0.,-1.));
#1995=DIRECTION('',(-1.,0.,0.));
#1996=DIRECTION('',(0.,0.,1.));
#1997=DIRECTION('',(0.,0.,1.));
#1998=DIRECTION('',(1.,0.,0.));
#1999=DIRECTION('',(0.,0.,1.));
#2000=DIRECTION('',(1.,0.,0.));
#2001=DIRECTION('',(0.,0.,1.));
#2002=DIRECTION('',(1.,0.,0.));
#2003=DIRECTION('',(0.707106781186548,0.707106781186547,0.));
#2004=DIRECTION('',(-0.707106781186547,0.707106781186548,0.));
#2005=DIRECTION('',(1.,0.,0.));
#2006=DIRECTION('',(0.,0.,-1.));
#2007=DIRECTION('',(1.,0.,0.));
#2008=DIRECTION('',(0.,0.,-1.));
#2009=DIRECTION('',(0.,0.,-1.));
#2010=DIRECTION('',(-1.,0.,0.));
#2011=DIRECTION('',(0.,0.,-1.));
#2012=DIRECTION('',(-1.,0.,0.));
#2013=DIRECTION('',(0.,1.,0.));
#2014=DIRECTION('',(0.,0.,1.));
#2015=DIRECTION('',(0.,0.,-1.));
#2016=DIRECTION('',(-1.,0.,0.));
#2017=DIRECTION('',(0.,0.,1.));
#2018=DIRECTION('',(1.,0.,0.));
#2019=DIRECTION('',(0.707106781186548,0.707106781186548,0.));
#2020=DIRECTION('',(-0.707106781186548,0.707106781186548,0.));
#2021=DIRECTION('',(-0.707106781186548,-0.707106781186548,0.));
#2022=DIRECTION('',(0.707106781186548,-0.707106781186548,0.));
#2023=DIRECTION('',(-1.,0.,0.));
#2024=DIRECTION('',(0.,0.,1.));
#2025=DIRECTION('',(-1.,0.,0.));
#2026=DIRECTION('',(0.,0.,1.));
#2027=DIRECTION('',(8.67361737988404E-17,1.,0.));
#2028=DIRECTION('',(-1.,8.67361737988404E-17,0.));
#2029=DIRECTION('',(0.,-1.,0.));
#2030=DIRECTION('',(0.,0.,-1.));
#2031=DIRECTION('',(0.,0.,1.));
#2032=DIRECTION('',(1.,0.,0.));
#2033=DIRECTION('',(6.1331736667335E-17,0.707106781186548,-0.707106781186548));
#2034=DIRECTION('',(6.1331736667335E-17,0.707106781186548,0.707106781186548));
#2035=DIRECTION('',(0.,0.,1.));
#2036=DIRECTION('',(1.,0.,0.));
#2037=DIRECTION('',(0.,0.,-1.));
#2038=DIRECTION('',(-1.,0.,0.));
#2039=DIRECTION('',(0.,0.,-1.));
#2040=DIRECTION('',(-1.,0.,0.));
#2041=DIRECTION('',(8.67361737988404E-17,1.,0.));
#2042=DIRECTION('',(-1.,8.67361737988404E-17,0.));
#2043=DIRECTION('',(6.1331736667335E-17,0.707106781186548,0.707106781186548));
#2044=DIRECTION('',(-6.1331736667335E-17,-0.707106781186548,0.707106781186548));
#2045=DIRECTION('',(0.,0.,-1.));
#2046=DIRECTION('',(-1.,0.,0.));
#2047=DIRECTION('',(-6.1331736667335E-17,-0.707106781186548,0.707106781186548));
#2048=DIRECTION('',(-6.1331736667335E-17,-0.707106781186548,-0.707106781186548));
#2049=DIRECTION('',(0.,0.,1.));
#2050=DIRECTION('',(1.,0.,0.));
#2051=DIRECTION('',(-6.1331736667335E-17,-0.707106781186548,0.707106781186548));
#2052=DIRECTION('',(6.1331736667335E-17,0.707106781186548,0.707106781186548));
#2053=DIRECTION('',(-8.67361737988404E-17,-1.,0.));
#2054=DIRECTION('',(1.,-8.67361737988404E-17,0.));
#2055=DIRECTION('',(-7.22801448323669E-17,1.,0.));
#2056=DIRECTION('',(-1.,-7.22801448323669E-17,0.));
#2057=DIRECTION('',(0.707106781186548,0.707106781186548,0.));
#2058=DIRECTION('',(-0.707106781186548,0.707106781186548,0.));
#2059=DIRECTION('',(-0.707106781186548,0.707106781186548,0.));
#2060=DIRECTION('',(0.707106781186548,0.707106781186548,0.));
#2061=DIRECTION('',(-1.,0.,0.));
#2062=DIRECTION('',(0.,0.,1.));
#2063=DIRECTION('',(-0.707106781186548,-0.707106781186548,0.));
#2064=DIRECTION('',(0.707106781186548,-0.707106781186548,0.));
#2065=DIRECTION('',(1.,0.,0.));
#2066=DIRECTION('',(0.,0.,-1.));
#2067=DIRECTION('',(0.707106781186548,-0.707106781186548,0.));
#2068=DIRECTION('',(-0.707106781186548,-0.707106781186548,0.));
#2069=DIRECTION('',(0.,-1.,0.));
#2070=DIRECTION('',(0.,0.,-1.));
#2071=DIRECTION('',(0.,1.,0.));
#2072=DIRECTION('',(0.,0.,1.));
#2073=DIRECTION('',(0.707106781186548,0.707106781186548,0.));
#2074=DIRECTION('',(-0.707106781186548,0.707106781186548,0.));
#2075=DIRECTION('',(-0.707106781186548,0.707106781186548,0.));
#2076=DIRECTION('',(0.707106781186548,0.707106781186548,0.));
#2077=DIRECTION('',(-1.,0.,0.));
#2078=DIRECTION('',(0.,0.,1.));
#2079=DIRECTION('',(-0.707106781186548,-0.707106781186548,0.));
#2080=DIRECTION('',(0.707106781186548,-0.707106781186548,0.));
#2081=DIRECTION('',(1.,0.,0.));
#2082=DIRECTION('',(0.,0.,-1.));
#2083=DIRECTION('',(0.707106781186548,-0.707106781186548,0.));
#2084=DIRECTION('',(-0.707106781186548,-0.707106781186548,0.));
#2085=DIRECTION('',(7.22801448323669E-17,-1.,0.));
#2086=DIRECTION('',(1.,7.22801448323669E-17,0.));
#2087=CARTESIAN_POINT('',(0.,0.,0.));
#2088=CARTESIAN_POINT('',(-1.7347234759768E-18,0.0152,0.003));
#2089=CARTESIAN_POINT('',(-1.7347234759768E-18,0.0152,0.002));
#2090=CARTESIAN_POINT('',(0.0129142135623731,0.0152,0.002));
#2091=CARTESIAN_POINT('',(0.01345,0.0152,0.002));
#2092=CARTESIAN_POINT('',(0.01345,0.0152,0.003));
#2093=CARTESIAN_POINT('',(0.01345,0.0152,-0.007));
#2094=CARTESIAN_POINT('',(0.0125,0.0152,-0.007));
#2095=CARTESIAN_POINT('',(0.0129142135623731,0.0152,-0.007));
#2096=CARTESIAN_POINT('',(0.0129142135623731,0.0152,0.003));
#2097=CARTESIAN_POINT('',(0.01445,-1.7347234759768E-18,0.003));
#2098=CARTESIAN_POINT('',(0.01445,0.0112,0.003));
#2099=CARTESIAN_POINT('',(0.01445,0.0112,0.001));
#2100=CARTESIAN_POINT('',(0.01445,0.0112,-0.007));
#2101=CARTESIAN_POINT('',(0.01445,0.0152,-0.007));
#2102=CARTESIAN_POINT('',(0.01445,0.0142,-0.007));
#2103=CARTESIAN_POINT('',(0.01445,0.0142,0.003));
#2104=CARTESIAN_POINT('',(0.01445,0.0142,0.002));
#2105=CARTESIAN_POINT('',(0.01445,-1.7347234759768E-18,0.002));
#2106=CARTESIAN_POINT('',(0.01445,-0.009,0.002));
#2107=CARTESIAN_POINT('',(0.01445,-0.009,0.003));
#2108=CARTESIAN_POINT('',(0.01445,-0.009,0.001));
#2109=CARTESIAN_POINT('',(0.01445,0.0102,0.001));
#2110=CARTESIAN_POINT('',(-1.7347234759768E-18,0.0152,0.003));
#2111=CARTESIAN_POINT('',(-0.01445,0.0152,-0.007));
#2112=CARTESIAN_POINT('',(-0.0129142135623731,0.0152,-0.007));
#2113=CARTESIAN_POINT('',(-0.01345,0.0152,-0.007));
#2114=CARTESIAN_POINT('',(-0.01345,0.0152,0.003));
#2115=CARTESIAN_POINT('',(-0.0134500000000092,0.0152,0.00250089129962479));
#2116=CARTESIAN_POINT('',(-0.0134500000000092,0.0152,0.00250089129962479));
#2117=CARTESIAN_POINT('',(-0.0132612553749507,0.0152,0.00234686516540906));
#2118=CARTESIAN_POINT('',(-0.0130866953256022,0.0152,0.00217248090082991));
#2119=CARTESIAN_POINT('',(-0.0129142135623731,0.0152,0.002));
#2120=CARTESIAN_POINT('',(-0.0129142135623731,0.0152,0.002));
#2121=CARTESIAN_POINT('',(-0.0129142135623731,0.0152,0.003));
#2122=CARTESIAN_POINT('',(-0.01445,-1.7347234759768E-18,0.003));
#2123=CARTESIAN_POINT('',(-0.01445,-0.009,0.003));
#2124=CARTESIAN_POINT('',(-0.01445,-0.009,0.001));
#2125=CARTESIAN_POINT('',(-0.01445,-0.009,0.002));
#2126=CARTESIAN_POINT('',(-0.01445,0.0152,0.002));
#2127=CARTESIAN_POINT('',(-0.01445,0.0142,0.002));
#2128=CARTESIAN_POINT('',(-0.01445,0.0142,-0.008));
#2129=CARTESIAN_POINT('',(-0.01445,0.0142,-0.007));
#2130=CARTESIAN_POINT('',(-0.01445,-1.7347234759768E-18,-0.007));
#2131=CARTESIAN_POINT('',(-0.01445,0.0112,-0.007));
#2132=CARTESIAN_POINT('',(-0.01445,0.0112,0.));
#2133=CARTESIAN_POINT('',(-0.01445,0.0112,0.001));
#2134=CARTESIAN_POINT('',(-0.01445,-1.7347234759768E-18,0.001));
#2135=CARTESIAN_POINT('',(0.005,-0.0075,0.003));
#2136=CARTESIAN_POINT('',(0.005,-0.0075,0.003));
#2137=CARTESIAN_POINT('',(0.0066,-0.0075,0.003));
#2138=CARTESIAN_POINT('',(0.005,-0.0075,0.));
#2139=CARTESIAN_POINT('',(0.0066,-0.0075,0.));
#2140=CARTESIAN_POINT('',(-0.005,-0.0075,0.003));
#2141=CARTESIAN_POINT('',(-0.005,-0.0075,0.003));
#2142=CARTESIAN_POINT('',(-0.0034,-0.0075,0.003));
#2143=CARTESIAN_POINT('',(-0.005,-0.0075,0.));
#2144=CARTESIAN_POINT('',(-0.0034,-0.0075,0.));
#2145=CARTESIAN_POINT('',(0.005,0.0075,0.003));
#2146=CARTESIAN_POINT('',(0.005,0.0075,0.003));
#2147=CARTESIAN_POINT('',(0.0066,0.0075,0.003));
#2148=CARTESIAN_POINT('',(0.005,0.0075,0.));
#2149=CARTESIAN_POINT('',(0.0066,0.0075,0.));
#2150=CARTESIAN_POINT('',(-0.005,0.0075,0.003));
#2151=CARTESIAN_POINT('',(-0.005,0.0075,0.003));
#2152=CARTESIAN_POINT('',(-0.0034,0.0075,0.003));
#2153=CARTESIAN_POINT('',(-0.005,0.0075,0.));
#2154=CARTESIAN_POINT('',(-0.0034,0.0075,0.));
#2155=CARTESIAN_POINT('',(-1.7347234759768E-18,-0.01,0.003));
#2156=CARTESIAN_POINT('',(-1.7347234759768E-18,-0.01,0.003));
#2157=CARTESIAN_POINT('',(0.01345,-0.01,0.003));
#2158=CARTESIAN_POINT('',(-0.01345,-0.01,0.003));
#2159=CARTESIAN_POINT('',(-0.01345,-0.01,0.));
#2160=CARTESIAN_POINT('',(-0.01345,-0.01,0.));
#2161=CARTESIAN_POINT('',(-1.7347234759768E-18,-0.01,0.));
#2162=CARTESIAN_POINT('',(0.01345,-0.01,0.));
#2163=CARTESIAN_POINT('',(0.01345,-0.01,0.003));
#2164=CARTESIAN_POINT('',(-3.46944695195361E-18,0.01,0.003));
#2165=CARTESIAN_POINT('',(-3.46944695195361E-18,0.024,0.003));
#2166=CARTESIAN_POINT('',(0.000667300355620743,0.024,0.003));
#2167=CARTESIAN_POINT('',(0.00466730035562074,0.024,0.003));
#2168=CARTESIAN_POINT('',(0.00466730035562074,0.01,0.003));
#2169=CARTESIAN_POINT('',(0.00466730035562074,0.016,0.003));
#2170=CARTESIAN_POINT('',(0.00166730035562074,0.016,0.003));
#2171=CARTESIAN_POINT('',(0.000667300355620744,0.016,0.003));
#2172=CARTESIAN_POINT('',(0.000667300355620743,0.023,0.003));
#2173=CARTESIAN_POINT('',(-0.000667300355620743,0.01,0.003));
#2174=CARTESIAN_POINT('',(-0.000667300355620744,0.024,0.003));
#2175=CARTESIAN_POINT('',(-0.000667300355620743,0.016,0.003));
#2176=CARTESIAN_POINT('',(-0.00366730035562075,0.016,0.003));
#2177=CARTESIAN_POINT('',(-0.00466730035562074,0.016,0.003));
#2178=CARTESIAN_POINT('',(-0.00466730035562074,0.023,0.003));
#2179=CARTESIAN_POINT('',(-0.00466730035562074,0.024,0.003));
#2180=CARTESIAN_POINT('',(-3.46944695195361E-18,0.024,0.003));
#2181=CARTESIAN_POINT('',(-0.0117928932188135,0.0144928932188134,0.003));
#2182=CARTESIAN_POINT('',(-0.00708578643762691,0.0192,0.003));
#2183=CARTESIAN_POINT('',(-0.0115,0.0147857864376269,0.003));
#2184=CARTESIAN_POINT('',(-0.0129142135623731,0.0162,0.003));
#2185=CARTESIAN_POINT('',(-0.01345,0.0142731027808274,0.003));
#2186=CARTESIAN_POINT('',(-0.01345,-0.01,0.003));
#2187=CARTESIAN_POINT('',(0.01345,0.01,0.003));
#2188=CARTESIAN_POINT('',(0.01345,0.0142,0.003));
#2189=CARTESIAN_POINT('',(-3.46944695195361E-18,0.0142,0.003));
#2190=CARTESIAN_POINT('',(0.0129142135623731,0.0142,0.003));
#2191=CARTESIAN_POINT('',(0.0129142135623731,0.0162,0.003));
#2192=CARTESIAN_POINT('',(0.0115,0.0147857864376269,0.003));
#2193=CARTESIAN_POINT('',(0.00679289321881345,0.0194928932188135,0.003));
#2194=CARTESIAN_POINT('',(0.0070857864376269,0.0192,0.003));
#2195=CARTESIAN_POINT('',(0.0085,0.0206142135623731,0.003));
#2196=CARTESIAN_POINT('',(0.0065,0.0206142135623731,0.003));
#2197=CARTESIAN_POINT('',(0.0065,0.01,0.003));
#2198=CARTESIAN_POINT('',(0.0065,0.0288,0.003));
#2199=CARTESIAN_POINT('',(-3.46944695195361E-18,0.0288,0.003));
#2200=CARTESIAN_POINT('',(-0.0065,0.0288,0.003));
#2201=CARTESIAN_POINT('',(-0.0065,0.0202,0.003));
#2202=CARTESIAN_POINT('',(-0.0065,0.0206142135623731,0.003));
#2203=CARTESIAN_POINT('',(-0.0085,0.0206142135623731,0.003));
#2204=CARTESIAN_POINT('',(-3.46944695195361E-18,0.01,0.));
#2205=CARTESIAN_POINT('',(-0.01345,0.01,0.));
#2206=CARTESIAN_POINT('',(-0.01345,0.0102,0.));
#2207=CARTESIAN_POINT('',(-1.7347234759768E-18,0.0102,0.));
#2208=CARTESIAN_POINT('',(0.01345,0.0102,0.));
#2209=CARTESIAN_POINT('',(0.01345,-0.01,0.));
#2210=CARTESIAN_POINT('',(-1.7347234759768E-18,0.0102,-0.008));
#2211=CARTESIAN_POINT('',(-0.01345,0.0102,-0.008));
#2212=CARTESIAN_POINT('',(-0.01345,0.0102,-0.007));
#2213=CARTESIAN_POINT('',(0.01445,0.0102,-0.007));
#2214=CARTESIAN_POINT('',(0.01345,0.0102,-0.007));
#2215=CARTESIAN_POINT('',(0.01345,0.0102,-0.008));
#2216=CARTESIAN_POINT('',(-3.46944695195361E-18,0.01,-0.008));
#2217=CARTESIAN_POINT('',(0.000667300355620744,0.01,-0.008));
#2218=CARTESIAN_POINT('',(0.000667300355620743,0.024,-0.008));
#2219=CARTESIAN_POINT('',(0.000667300355620744,0.016,-0.008));
#2220=CARTESIAN_POINT('',(-3.46944695195361E-18,0.016,-0.008));
#2221=CARTESIAN_POINT('',(0.00466730035562074,0.016,-0.008));
#2222=CARTESIAN_POINT('',(0.00466730035562074,0.023,-0.008));
#2223=CARTESIAN_POINT('',(0.00466730035562074,0.024,-0.008));
#2224=CARTESIAN_POINT('',(0.00166730035562074,0.024,-0.008));
#2225=CARTESIAN_POINT('',(-0.00466730035562074,0.01,-0.008));
#2226=CARTESIAN_POINT('',(-0.00466730035562074,0.024,-0.008));
#2227=CARTESIAN_POINT('',(-0.00466730035562074,0.016,-0.008));
#2228=CARTESIAN_POINT('',(-3.46944695195361E-18,0.016,-0.008));
#2229=CARTESIAN_POINT('',(-0.000667300355620743,0.016,-0.008));
#2230=CARTESIAN_POINT('',(-0.000667300355620744,0.023,-0.008));
#2231=CARTESIAN_POINT('',(-0.000667300355620744,0.024,-0.008));
#2232=CARTESIAN_POINT('',(-0.00366730035562075,0.024,-0.008));
#2233=CARTESIAN_POINT('',(0.01345,0.0102,-0.008));
#2234=CARTESIAN_POINT('',(0.01345,0.0142,-0.008));
#2235=CARTESIAN_POINT('',(0.01345,0.0112,-0.008));
#2236=CARTESIAN_POINT('',(-0.01445,0.0112,-0.008));
#2237=CARTESIAN_POINT('',(-0.01345,0.0112,-0.008));
#2238=CARTESIAN_POINT('',(-0.01345,0.01,-0.008));
#2239=CARTESIAN_POINT('',(-0.01345,0.0142,-0.008));
#2240=CARTESIAN_POINT('',(-0.0125,0.0142,-0.008));
#2241=CARTESIAN_POINT('',(-0.0129142135623731,0.0142,-0.008));
#2242=CARTESIAN_POINT('',(-0.0129142135623731,0.0162,-0.008));
#2243=CARTESIAN_POINT('',(-0.0115,0.0147857864376269,-0.008));
#2244=CARTESIAN_POINT('',(-0.00814289321881346,0.0181428932188135,-0.008));
#2245=CARTESIAN_POINT('',(-0.00708578643762691,0.0192,-0.008));
#2246=CARTESIAN_POINT('',(-0.0085,0.0206142135623731,-0.008));
#2247=CARTESIAN_POINT('',(-0.0065,0.0206142135623731,-0.008));
#2248=CARTESIAN_POINT('',(-0.0065,0.01,-0.008));
#2249=CARTESIAN_POINT('',(-0.0065,0.0288,-0.008));
#2250=CARTESIAN_POINT('',(0.0075,0.0288,-0.008));
#2251=CARTESIAN_POINT('',(0.0065,0.0288,-0.008));
#2252=CARTESIAN_POINT('',(0.0065,0.0202,-0.008));
#2253=CARTESIAN_POINT('',(0.0065,0.0206142135623731,-0.008));
#2254=CARTESIAN_POINT('',(0.0085,0.0206142135623731,-0.008));
#2255=CARTESIAN_POINT('',(0.0070857864376269,0.0192,-0.008));
#2256=CARTESIAN_POINT('',(0.00814289321881345,0.0181428932188135,-0.008));
#2257=CARTESIAN_POINT('',(0.0115,0.0147857864376269,-0.008));
#2258=CARTESIAN_POINT('',(0.0129142135623731,0.0162,-0.008));
#2259=CARTESIAN_POINT('',(0.0129142135623731,0.0142,-0.008));
#2260=CARTESIAN_POINT('',(0.01445,0.0142,-0.008));
#2261=CARTESIAN_POINT('',(0.0075,0.0298,-0.0025));
#2262=CARTESIAN_POINT('',(0.0075,0.0298,0.002));
#2263=CARTESIAN_POINT('',(0.0075,0.0288,0.002));
#2264=CARTESIAN_POINT('',(0.0075,0.0206142135623731,0.002));
#2265=CARTESIAN_POINT('',(0.0075,0.0206142135623731,-0.0025));
#2266=CARTESIAN_POINT('',(0.0075,0.0206142135623731,-0.007));
#2267=CARTESIAN_POINT('',(0.0075,0.0298,-0.007));
#2268=CARTESIAN_POINT('',(0.0075,0.0288,-0.007));
#2269=CARTESIAN_POINT('',(0.0075,0.0288,-0.0025));
#2270=CARTESIAN_POINT('',(-0.0075,0.0298,-0.0025));
#2271=CARTESIAN_POINT('',(-0.0075,0.0298,-0.007));
#2272=CARTESIAN_POINT('',(-0.0075,0.0288,-0.007));
#2273=CARTESIAN_POINT('',(-0.0075,0.0206142135623731,-0.007));
#2274=CARTESIAN_POINT('',(-0.0075,0.0206142135623731,0.003));
#2275=CARTESIAN_POINT('',(-0.0075,0.0206142135623731,0.002));
#2276=CARTESIAN_POINT('',(-0.0075,0.0298,0.002));
#2277=CARTESIAN_POINT('',(-0.0075,0.0288,0.002));
#2278=CARTESIAN_POINT('',(-0.0075,0.0288,-0.008));
#2279=CARTESIAN_POINT('',(0.,0.0298,-0.0025));
#2280=CARTESIAN_POINT('',(-0.0065,0.0298,0.003));
#2281=CARTESIAN_POINT('',(-0.0065,0.0298,-0.007));
#2282=CARTESIAN_POINT('',(-0.0065,0.0298,0.002));
#2283=CARTESIAN_POINT('',(0.,0.0298,0.002));
#2284=CARTESIAN_POINT('',(0.0065,0.0298,0.002));
#2285=CARTESIAN_POINT('',(0.0065,0.0298,-0.0025));
#2286=CARTESIAN_POINT('',(0.0065,0.0298,-0.007));
#2287=CARTESIAN_POINT('',(-0.0075,0.0298,-0.007));
#2288=CARTESIAN_POINT('',(-0.0075,0.0202,-0.0025));
#2289=CARTESIAN_POINT('',(-0.0075,0.0202,-0.007));
#2290=CARTESIAN_POINT('',(-0.00779289321881345,0.0199071067811866,-0.007));
#2291=CARTESIAN_POINT('',(-0.0122071067811865,0.0154928932188135,-0.007));
#2292=CARTESIAN_POINT('',(-0.0122071067811865,0.0154928932188135,-0.0025));
#2293=CARTESIAN_POINT('',(-0.0122071067811865,0.0154928932188135,0.002));
#2294=CARTESIAN_POINT('',(-0.0075,0.0202,0.002));
#2295=CARTESIAN_POINT('',(-0.00779289321881345,0.0199071067811866,0.002));
#2296=CARTESIAN_POINT('',(-0.00779289321881345,0.0199071067811866,-0.008));
#2297=CARTESIAN_POINT('',(0.0125,0.0152,0.003));
#2298=CARTESIAN_POINT('',(0.0125,0.0152,0.002));
#2299=CARTESIAN_POINT('',(0.00779289321881345,0.0199071067811866,0.002));
#2300=CARTESIAN_POINT('',(0.0122071067811865,0.0154928932188135,0.002));
#2301=CARTESIAN_POINT('',(0.0122071067811865,0.0154928932188135,0.003));
#2302=CARTESIAN_POINT('',(0.0122071067811865,0.0154928932188135,-0.007));
#2303=CARTESIAN_POINT('',(0.0125,0.0152,-0.007));
#2304=CARTESIAN_POINT('',(0.00779289321881345,0.0199071067811866,-0.007));
#2305=CARTESIAN_POINT('',(0.00779289321881345,0.0199071067811866,0.003));
#2306=CARTESIAN_POINT('',(0.00366730035562075,0.02,-0.008002));
#2307=CARTESIAN_POINT('',(0.00366730035562075,0.017,-0.008002));
#2308=CARTESIAN_POINT('',(0.00366730035562075,0.017,-0.007));
#2309=CARTESIAN_POINT('',(0.00366730035562075,0.017,0.002));
#2310=CARTESIAN_POINT('',(0.00366730035562075,0.02,0.002));
#2311=CARTESIAN_POINT('',(0.00366730035562075,0.023,0.002));
#2312=CARTESIAN_POINT('',(0.00366730035562075,0.023,-0.008002));
#2313=CARTESIAN_POINT('',(0.00366730035562075,0.023,-0.007));
#2314=CARTESIAN_POINT('',(0.00366730035562075,0.017,-0.007));
#2315=CARTESIAN_POINT('',(0.00266730035562075,0.017,-0.008002));
#2316=CARTESIAN_POINT('',(0.00166730035562074,0.017,-0.008002));
#2317=CARTESIAN_POINT('',(0.00166730035562074,0.017,-0.007));
#2318=CARTESIAN_POINT('',(0.00166730035562074,0.017,0.002));
#2319=CARTESIAN_POINT('',(0.00366730035562075,0.017,0.002));
#2320=CARTESIAN_POINT('',(0.00266730035562075,0.017,-0.007));
#2321=CARTESIAN_POINT('',(0.00266730035562075,0.023,-0.008002));
#2322=CARTESIAN_POINT('',(0.00266730035562075,0.023,0.002));
#2323=CARTESIAN_POINT('',(0.00166730035562074,0.023,0.002));
#2324=CARTESIAN_POINT('',(0.00166730035562074,0.023,-0.008002));
#2325=CARTESIAN_POINT('',(0.00166730035562074,0.023,-0.007));
#2326=CARTESIAN_POINT('',(0.00366730035562075,0.023,-0.007));
#2327=CARTESIAN_POINT('',(0.00166730035562074,0.02,-0.008002));
#2328=CARTESIAN_POINT('',(0.00166730035562074,0.017,0.002));
#2329=CARTESIAN_POINT('',(0.00166730035562074,0.02,-0.007));
#2330=CARTESIAN_POINT('',(-0.00166730035562074,0.02,-0.008002));
#2331=CARTESIAN_POINT('',(-0.00166730035562074,0.017,-0.008002));
#2332=CARTESIAN_POINT('',(-0.00166730035562074,0.017,-0.007));
#2333=CARTESIAN_POINT('',(-0.00166730035562074,0.017,0.002));
#2334=CARTESIAN_POINT('',(-0.00166730035562074,0.02,0.002));
#2335=CARTESIAN_POINT('',(-0.00166730035562074,0.023,0.002));
#2336=CARTESIAN_POINT('',(-0.00166730035562074,0.023,-0.008002));
#2337=CARTESIAN_POINT('',(-0.00166730035562074,0.023,-0.007));
#2338=CARTESIAN_POINT('',(-0.00166730035562074,0.017,-0.007));
#2339=CARTESIAN_POINT('',(-0.00266730035562075,0.017,-0.008002));
#2340=CARTESIAN_POINT('',(-0.00366730035562075,0.017,-0.008002));
#2341=CARTESIAN_POINT('',(-0.00366730035562075,0.017,-0.007));
#2342=CARTESIAN_POINT('',(-0.00366730035562075,0.017,0.002));
#2343=CARTESIAN_POINT('',(-0.00166730035562074,0.017,0.002));
#2344=CARTESIAN_POINT('',(-0.00266730035562075,0.017,-0.007));
#2345=CARTESIAN_POINT('',(-0.00266730035562075,0.023,-0.008002));
#2346=CARTESIAN_POINT('',(-0.00266730035562075,0.023,0.002));
#2347=CARTESIAN_POINT('',(-0.00366730035562075,0.023,0.002));
#2348=CARTESIAN_POINT('',(-0.00366730035562075,0.023,-0.008002));
#2349=CARTESIAN_POINT('',(-0.00366730035562075,0.023,-0.007));
#2350=CARTESIAN_POINT('',(-0.00166730035562074,0.023,-0.007));
#2351=CARTESIAN_POINT('',(-0.00366730035562075,0.02,-0.008002));
#2352=CARTESIAN_POINT('',(-0.00366730035562075,0.017,0.002));
#2353=CARTESIAN_POINT('',(-0.00366730035562075,0.02,-0.007));
#2354=CARTESIAN_POINT('',(-3.46944695195361E-18,0.024,0.002));
#2355=CARTESIAN_POINT('',(0.00466730035562074,0.024,0.002));
#2356=CARTESIAN_POINT('',(0.000667300355620743,0.024,0.002));
#2357=CARTESIAN_POINT('',(0.000667300355620744,0.02,0.002));
#2358=CARTESIAN_POINT('',(0.000667300355620744,0.016,0.002));
#2359=CARTESIAN_POINT('',(0.00466730035562074,0.01,0.002));
#2360=CARTESIAN_POINT('',(0.00466730035562074,0.016,0.002));
#2361=CARTESIAN_POINT('',(0.00266730035562075,0.016,0.002));
#2362=CARTESIAN_POINT('',(-3.46944695195361E-18,0.024,0.002));
#2363=CARTESIAN_POINT('',(-0.000667300355620744,0.024,0.002));
#2364=CARTESIAN_POINT('',(-0.00466730035562074,0.024,0.002));
#2365=CARTESIAN_POINT('',(-0.00466730035562074,0.02,0.002));
#2366=CARTESIAN_POINT('',(-0.00466730035562074,0.016,0.002));
#2367=CARTESIAN_POINT('',(-0.000667300355620743,0.01,0.002));
#2368=CARTESIAN_POINT('',(-0.000667300355620743,0.016,0.002));
#2369=CARTESIAN_POINT('',(-0.00266730035562075,0.016,0.002));
#2370=CARTESIAN_POINT('',(0.00814289321881345,0.0181428932188135,0.002));
#2371=CARTESIAN_POINT('',(0.0115,0.0147857864376269,0.002));
#2372=CARTESIAN_POINT('',(0.0070857864376269,0.0192,0.002));
#2373=CARTESIAN_POINT('',(0.0085,0.0206142135623731,-0.0025));
#2374=CARTESIAN_POINT('',(0.0085,0.0206142135623731,-0.007));
#2375=CARTESIAN_POINT('',(0.0085,0.0206142135623731,0.002));
#2376=CARTESIAN_POINT('',(0.0065,0.01,-0.007));
#2377=CARTESIAN_POINT('',(0.0065,0.0288,-0.007));
#2378=CARTESIAN_POINT('',(0.0065,0.0206142135623731,-0.007));
#2379=CARTESIAN_POINT('',(0.0065,0.0288,-0.007));
#2380=CARTESIAN_POINT('',(0.0065,0.0288,-0.007));
#2381=CARTESIAN_POINT('',(0.0065,0.0288,-0.007));
#2382=CARTESIAN_POINT('',(0.0085,0.0206142135623731,0.002));
#2383=CARTESIAN_POINT('',(0.0065,0.0206142135623731,0.002));
#2384=CARTESIAN_POINT('',(0.0129142135623731,0.0162,0.002));
#2385=CARTESIAN_POINT('',(0.0129142135623731,0.0142,0.002));
#2386=CARTESIAN_POINT('',(0.0129142135623731,0.0162,0.002));
#2387=CARTESIAN_POINT('',(0.0085,0.0206142135623731,-0.007));
#2388=CARTESIAN_POINT('',(0.0070857864376269,0.0192,-0.007));
#2389=CARTESIAN_POINT('',(-3.46944695195361E-18,0.0288,-0.007));
#2390=CARTESIAN_POINT('',(-0.0065,0.0288,-0.007));
#2391=CARTESIAN_POINT('',(0.0065,0.0288,-0.0025));
#2392=CARTESIAN_POINT('',(0.0065,0.0288,0.002));
#2393=CARTESIAN_POINT('',(0.0065,0.0298,0.002));
#2394=CARTESIAN_POINT('',(0.0065,0.0288,0.002));
#2395=CARTESIAN_POINT('',(-1.7347234759768E-18,0.0142,0.002));
#2396=CARTESIAN_POINT('',(0.01345,0.0142,0.002));
#2397=CARTESIAN_POINT('',(0.0129142135623731,0.0162,0.003));
#2398=CARTESIAN_POINT('',(0.0129142135623731,0.0162,-0.007));
#2399=CARTESIAN_POINT('',(0.00814289321881345,0.0181428932188135,-0.007));
#2400=CARTESIAN_POINT('',(0.0115,0.0147857864376269,-0.007));
#2401=CARTESIAN_POINT('',(-0.0065,0.0288,-0.007));
#2402=CARTESIAN_POINT('',(-0.0065,0.0288,-0.007));
#2403=CARTESIAN_POINT('',(-0.0065,0.0288,-0.007));
#2404=CARTESIAN_POINT('',(0.0065,0.0288,0.002));
#2405=CARTESIAN_POINT('',(0.0065,0.0288,0.002));
#2406=CARTESIAN_POINT('',(0.01345,-1.64798730217796E-18,0.002));
#2407=CARTESIAN_POINT('',(0.01345,0.0142,0.002));
#2408=CARTESIAN_POINT('',(0.01345,-0.009,0.002));
#2409=CARTESIAN_POINT('',(0.01345,0.0142,0.002));
#2410=CARTESIAN_POINT('',(0.01345,0.0142,0.002));
#2411=CARTESIAN_POINT('',(0.0129142135623731,0.0162,-0.007));
#2412=CARTESIAN_POINT('',(0.0129142135623731,0.0142,-0.007));
#2413=CARTESIAN_POINT('',(-0.0065,0.0298,-0.007));
#2414=CARTESIAN_POINT('',(-0.0065,0.0206142135623731,-0.007));
#2415=CARTESIAN_POINT('',(-0.0065,0.0288,-0.0025));
#2416=CARTESIAN_POINT('',(-0.0065,0.0288,0.002));
#2417=CARTESIAN_POINT('',(0.,0.0288,0.002));
#2418=CARTESIAN_POINT('',(-0.0065,0.0288,0.002));
#2419=CARTESIAN_POINT('',(0.01345,-0.009,0.003));
#2420=CARTESIAN_POINT('',(0.01345,-0.009,0.001));
#2421=CARTESIAN_POINT('',(0.01345,0.0142,0.003));
#2422=CARTESIAN_POINT('',(0.01345,0.0142,-0.007));
#2423=CARTESIAN_POINT('',(-3.46944695195361E-18,0.0142,-0.007));
#2424=CARTESIAN_POINT('',(0.01345,0.0142,-0.007));
#2425=CARTESIAN_POINT('',(-0.0085,0.0206142135623731,-0.007));
#2426=CARTESIAN_POINT('',(-0.00708578643762691,0.0192,-0.007));
#2427=CARTESIAN_POINT('',(-0.0085,0.0206142135623731,-0.007));
#2428=CARTESIAN_POINT('',(-0.0065,0.0288,0.002));
#2429=CARTESIAN_POINT('',(-0.0065,0.0288,0.002));
#2430=CARTESIAN_POINT('',(0.01345,0.01,0.001));
#2431=CARTESIAN_POINT('',(0.01345,0.0112,0.001));
#2432=CARTESIAN_POINT('',(0.01345,0.0142,-0.007));
#2433=CARTESIAN_POINT('',(0.01345,0.0142,-0.007));
#2434=CARTESIAN_POINT('',(-0.00814289321881346,0.0181428932188135,-0.007));
#2435=CARTESIAN_POINT('',(-0.0115,0.0147857864376269,-0.007));
#2436=CARTESIAN_POINT('',(-0.0085,0.0206142135623731,-0.0025));
#2437=CARTESIAN_POINT('',(-0.0085,0.0206142135623731,0.002));
#2438=CARTESIAN_POINT('',(-0.0065,0.01,0.002));
#2439=CARTESIAN_POINT('',(-0.0065,0.0206142135623731,0.002));
#2440=CARTESIAN_POINT('',(0.01345,0.0112,-0.008));
#2441=CARTESIAN_POINT('',(0.01345,0.0112,-0.007));
#2442=CARTESIAN_POINT('',(0.01345,-1.64798730217796E-18,-0.007));
#2443=CARTESIAN_POINT('',(0.01345,0.0112,-0.007));
#2444=CARTESIAN_POINT('',(-3.46944695195361E-18,0.0142,-0.007));
#2445=CARTESIAN_POINT('',(-0.0129142135623731,0.0142,-0.007));
#2446=CARTESIAN_POINT('',(-0.01345,0.0142,-0.007));
#2447=CARTESIAN_POINT('',(-0.0129142135623731,0.0162,-0.007));
#2448=CARTESIAN_POINT('',(-0.0129142135623731,0.0162,-0.007));
#2449=CARTESIAN_POINT('',(-0.0085,0.0206142135623731,0.002));
#2450=CARTESIAN_POINT('',(-0.00708578643762691,0.0192,0.002));
#2451=CARTESIAN_POINT('',(0.01345,0.0112,-0.007));
#2452=CARTESIAN_POINT('',(0.01345,0.0112,-0.007));
#2453=CARTESIAN_POINT('',(-0.01345,0.0142,-0.007));
#2454=CARTESIAN_POINT('',(-0.01345,0.0142,-0.007));
#2455=CARTESIAN_POINT('',(-0.01345,0.0142,-0.007));
#2456=CARTESIAN_POINT('',(-0.0129142135623731,0.0162,0.003));
#2457=CARTESIAN_POINT('',(-0.0129142135623731,0.0162,0.002));
#2458=CARTESIAN_POINT('',(-0.00814289321881346,0.0181428932188135,0.002));
#2459=CARTESIAN_POINT('',(-0.0115,0.0147857864376269,0.002));
#2460=CARTESIAN_POINT('',(-1.7347234759768E-18,0.0112,-0.007));
#2461=CARTESIAN_POINT('',(-0.01345,0.0112,-0.007));
#2462=CARTESIAN_POINT('',(-0.01345,0.01,-0.007));
#2463=CARTESIAN_POINT('',(-0.01345,0.0112,-0.007));
#2464=CARTESIAN_POINT('',(-0.01345,0.0142,0.003));
#2465=CARTESIAN_POINT('',(-0.0139328627320298,0.0150756960557275,0.00287569605574292));
#2466=CARTESIAN_POINT('',(-0.0137692278701481,0.0151659250523602,0.00277824355589209));
#2467=CARTESIAN_POINT('',(-0.0136133696083228,0.0151999999999999,0.00263421000583655));
#2468=CARTESIAN_POINT('',(-0.0134500000000099,0.0152000000000015,0.00250089129962412));
#2469=CARTESIAN_POINT('',(-0.0139328627320298,0.0150756960557275,0.00287569605574292));
#2470=CARTESIAN_POINT('',(-0.01345,0.0142,0.002));
#2471=CARTESIAN_POINT('',(-0.0129142135623731,0.0162,0.002));
#2472=CARTESIAN_POINT('',(-0.01345,0.0142731027808274,0.003));
#2473=CARTESIAN_POINT('',(-0.0136404146591361,0.0145240216481117,0.003));
#2474=CARTESIAN_POINT('',(-0.0138069551055011,0.0147917204872608,0.00294512208560281));
#2475=CARTESIAN_POINT('',(-0.013932862732015,0.015075696055732,0.00287569605573565));
#2476=CARTESIAN_POINT('',(-0.01345,0.0112,-0.007));
#2477=CARTESIAN_POINT('',(-0.01345,0.0112,-0.007));
#2478=CARTESIAN_POINT('',(-0.01345,0.01,0.002));
#2479=CARTESIAN_POINT('',(-0.01345,-0.009,0.002));
#2480=CARTESIAN_POINT('',(-0.01345,0.0112,0.003));
#2481=CARTESIAN_POINT('',(-0.01345,0.0112,0.001));
#2482=CARTESIAN_POINT('',(-0.01345,-0.009,0.003));
#2483=CARTESIAN_POINT('',(-0.01345,-0.009,0.001));
#2484=CARTESIAN_POINT('',(-0.01345,-1.82145964977565E-18,0.001));
#2485=CARTESIAN_POINT('',(0.000667300355620744,0.02,-0.007));
#2486=CARTESIAN_POINT('',(0.000667300355620743,0.024,-0.007));
#2487=CARTESIAN_POINT('',(0.000667300355620744,0.016,-0.007));
#2488=CARTESIAN_POINT('',(0.00266730035562075,0.016,-0.007));
#2489=CARTESIAN_POINT('',(0.00466730035562074,0.016,-0.007));
#2490=CARTESIAN_POINT('',(-3.46944695195361E-18,0.024,-0.007));
#2491=CARTESIAN_POINT('',(0.00466730035562074,0.024,-0.007));
#2492=CARTESIAN_POINT('',(0.00466730035562074,0.01,-0.007));
#2493=CARTESIAN_POINT('',(-0.00466730035562074,0.02,-0.007));
#2494=CARTESIAN_POINT('',(-0.00466730035562074,0.024,-0.007));
#2495=CARTESIAN_POINT('',(-0.00466730035562074,0.016,-0.007));
#2496=CARTESIAN_POINT('',(-0.00266730035562075,0.016,-0.007));
#2497=CARTESIAN_POINT('',(-0.000667300355620743,0.016,-0.007));
#2498=CARTESIAN_POINT('',(-3.46944695195361E-18,0.024,-0.007));
#2499=CARTESIAN_POINT('',(-0.000667300355620744,0.024,-0.007));
#2500=CARTESIAN_POINT('',(-0.000667300355620743,0.01,-0.007));
#2501=MECHANICAL_DESIGN_GEOMETRIC_PRESENTATION_REPRESENTATION('',(#1426),
#2502);
#2502=(
GEOMETRIC_REPRESENTATION_CONTEXT(3)
GLOBAL_UNCERTAINTY_ASSIGNED_CONTEXT((#2503))
GLOBAL_UNIT_ASSIGNED_CONTEXT((#2506,#2505,#2504))
REPRESENTATION_CONTEXT('x axis timing belt carriage',
'TOP_LEVEL_ASSEMBLY_PART')
);
#2503=UNCERTAINTY_MEASURE_WITH_UNIT(LENGTH_MEASURE(2.E-5),#2506,
'DISTANCE_ACCURACY_VALUE','Maximum Tolerance applied to model');
#2504=(
NAMED_UNIT(*)
SI_UNIT($,.STERADIAN.)
SOLID_ANGLE_UNIT()
);
#2505=(
NAMED_UNIT(*)
PLANE_ANGLE_UNIT()
SI_UNIT($,.RADIAN.)
);
#2506=(
LENGTH_UNIT()
NAMED_UNIT(*)
SI_UNIT($,.METRE.)
);
#2507=PRODUCT_DEFINITION_SHAPE('','',#2508);
#2508=PRODUCT_DEFINITION('','',#2510,#2509);
#2509=PRODUCT_DEFINITION_CONTEXT('',#2516,'design');
#2510=PRODUCT_DEFINITION_FORMATION_WITH_SPECIFIED_SOURCE('','',#2512,
 .NOT_KNOWN.);
#2511=PRODUCT_RELATED_PRODUCT_CATEGORY('','',(#2512));
#2512=PRODUCT('x axis timing belt carriage',
'x axis timing belt carriage','x axis timing belt carriage',(#2514));
#2513=PRODUCT_CATEGORY('','');
#2514=PRODUCT_CONTEXT('',#2516,'mechanical');
#2515=APPLICATION_PROTOCOL_DEFINITION('international standard',
'ap242_managed_model_based_3d_engineering',2020,#2516);
#2516=APPLICATION_CONTEXT('managed model based 3d engineering');
ENDSEC;
END-ISO-10303-21;
