ISO-10303-21;
HEADER;
/* Generated by software containing ST-Developer
 * from STEP Tools, Inc. (www.steptools.com) 
 */
/* OPTION: using custom renumber hook */

FILE_DESCRIPTION(
/* description */ ('STEP AP242 Edition 2',
'CAx-IF Rec.Pracs.---Representation and Presentation of Product Manufa
cturing Information (PMI)---4.0---2014-10-13',
'CAx-IF Rec.Pracs.---3D Tessellated Geometry---0.4---2014-09-14','2;1',
'CAx-IF Rec.Pracs.---User Defined Attributes---1.5---2016-08-15'),
/* implementation_level */ '2;1');

FILE_NAME(
/* name */ 'leadscrew block - leadscrew block',
/* time_stamp */ '2026-09-01T21:23:53Z',
/* author */ (''),
/* organization */ (''),
/* preprocessor_version */ 'ST-DEVELOPER v20',
/* originating_system */ 'ONSHAPE BY PTC INC, 1.220',
/* authorisation */ '  ');

FILE_SCHEMA (('AP242_MANAGED_MODEL_BASED_3D_ENGINEERING_MIM_LF { 1 0 10303 442 3 1 4 }'));
ENDSEC;

DATA;
#10=SHAPE_REPRESENTATION_RELATIONSHIP('','',#1615,#11);
#11=ADVANCED_BREP_SHAPE_REPRESENTATION('',(#1613),#2702);
#12=SPHERICAL_SURFACE('',#1718,0.002);
#13=SPHERICAL_SURFACE('',#1721,0.002);
#14=SPHERICAL_SURFACE('',#1735,0.002);
#15=SPHERICAL_SURFACE('',#1737,0.002);
#16=SPHERICAL_SURFACE('',#1739,0.002);
#17=SPHERICAL_SURFACE('',#1751,0.002);
#18=SPHERICAL_SURFACE('',#1753,0.002);
#19=SPHERICAL_SURFACE('',#1759,0.002);
#20=SPHERICAL_SURFACE('',#1765,0.002);
#21=ELLIPSE('',#1677,0.00185802235122175,0.0018);
#22=ELLIPSE('',#1678,0.00185802235122175,0.0018);
#23=ELLIPSE('',#1697,0.00282842712474619,0.002);
#24=ELLIPSE('',#1699,0.00282842712474619,0.002);
#25=ELLIPSE('',#1701,0.00282842712474619,0.002);
#26=ELLIPSE('',#1702,0.00282842712474619,0.002);
#27=ELLIPSE('',#1703,0.00282842712474619,0.002);
#28=ELLIPSE('',#1705,0.00282842712474619,0.002);
#29=ELLIPSE('',#1742,0.00282842712474619,0.002);
#30=CIRCLE('',#1620,0.0025);
#31=CIRCLE('',#1621,0.0025);
#32=CIRCLE('',#1623,0.002);
#33=CIRCLE('',#1625,0.005);
#34=CIRCLE('',#1626,0.0111);
#35=CIRCLE('',#1630,0.002);
#36=CIRCLE('',#1631,0.002);
#37=CIRCLE('',#1633,0.0018);
#38=CIRCLE('',#1634,0.0018);
#39=CIRCLE('',#1635,0.0052);
#40=CIRCLE('',#1636,0.0018);
#41=CIRCLE('',#1637,0.0018);
#42=CIRCLE('',#1638,0.0018);
#43=CIRCLE('',#1640,0.0111);
#44=CIRCLE('',#1641,0.0018);
#45=CIRCLE('',#1642,0.0018);
#46=CIRCLE('',#1643,0.0052);
#47=CIRCLE('',#1644,0.0018);
#48=CIRCLE('',#1645,0.0018);
#49=CIRCLE('',#1646,0.0018);
#50=CIRCLE('',#1648,0.002);
#51=CIRCLE('',#1649,0.002);
#52=CIRCLE('',#1653,0.0025);
#53=CIRCLE('',#1661,0.0025);
#54=CIRCLE('',#1663,0.002);
#55=CIRCLE('',#1664,0.002);
#56=CIRCLE('',#1665,0.002);
#57=CIRCLE('',#1688,0.002);
#58=CIRCLE('',#1689,0.002);
#59=CIRCLE('',#1690,0.002);
#60=CIRCLE('',#1708,0.005);
#61=CIRCLE('',#1713,0.002);
#62=CIRCLE('',#1715,0.002);
#63=CIRCLE('',#1717,0.002);
#64=CIRCLE('',#1719,0.002);
#65=CIRCLE('',#1720,0.002);
#66=CIRCLE('',#1722,0.002);
#67=CIRCLE('',#1724,0.002);
#68=CIRCLE('',#1726,0.002);
#69=CIRCLE('',#1728,0.002);
#70=CIRCLE('',#1730,0.002);
#71=CIRCLE('',#1732,0.002);
#72=CIRCLE('',#1734,0.002);
#73=CIRCLE('',#1736,0.002);
#74=CIRCLE('',#1738,0.002);
#75=CIRCLE('',#1740,0.002);
#76=CIRCLE('',#1744,0.002);
#77=CIRCLE('',#1746,0.002);
#78=CIRCLE('',#1748,0.002);
#79=CIRCLE('',#1750,0.002);
#80=CIRCLE('',#1752,0.002);
#81=CIRCLE('',#1754,0.002);
#82=CIRCLE('',#1756,0.002);
#83=CIRCLE('',#1758,0.002);
#84=CIRCLE('',#1760,0.002);
#85=CIRCLE('',#1762,0.002);
#86=CIRCLE('',#1764,0.002);
#87=CIRCLE('',#1766,0.002);
#88=CYLINDRICAL_SURFACE('',#1619,0.0025);
#89=CYLINDRICAL_SURFACE('',#1656,0.0052);
#90=CYLINDRICAL_SURFACE('',#1666,0.0111);
#91=CYLINDRICAL_SURFACE('',#1669,0.0018);
#92=CYLINDRICAL_SURFACE('',#1672,0.0018);
#93=CYLINDRICAL_SURFACE('',#1675,0.0018);
#94=CYLINDRICAL_SURFACE('',#1676,0.0018);
#95=CYLINDRICAL_SURFACE('',#1683,0.0018);
#96=CYLINDRICAL_SURFACE('',#1706,0.0025);
#97=CYLINDRICAL_SURFACE('',#1707,0.005);
#98=CYLINDRICAL_SURFACE('',#1712,0.002);
#99=CYLINDRICAL_SURFACE('',#1714,0.002);
#100=CYLINDRICAL_SURFACE('',#1716,0.002);
#101=CYLINDRICAL_SURFACE('',#1723,0.002);
#102=CYLINDRICAL_SURFACE('',#1725,0.002);
#103=CYLINDRICAL_SURFACE('',#1727,0.002);
#104=CYLINDRICAL_SURFACE('',#1729,0.002);
#105=CYLINDRICAL_SURFACE('',#1731,0.002);
#106=CYLINDRICAL_SURFACE('',#1733,0.002);
#107=CYLINDRICAL_SURFACE('',#1741,0.002);
#108=CYLINDRICAL_SURFACE('',#1743,0.002);
#109=CYLINDRICAL_SURFACE('',#1745,0.002);
#110=CYLINDRICAL_SURFACE('',#1747,0.002);
#111=CYLINDRICAL_SURFACE('',#1749,0.002);
#112=CYLINDRICAL_SURFACE('',#1755,0.002);
#113=CYLINDRICAL_SURFACE('',#1757,0.002);
#114=CYLINDRICAL_SURFACE('',#1761,0.002);
#115=CYLINDRICAL_SURFACE('',#1763,0.002);
#116=CYLINDRICAL_SURFACE('',#1767,0.002);
#117=CYLINDRICAL_SURFACE('',#1768,0.002);
#118=CYLINDRICAL_SURFACE('',#1769,0.002);
#119=CYLINDRICAL_SURFACE('',#1770,0.002);
#120=ORIENTED_EDGE('',*,*,#576,.T.);
#121=ORIENTED_EDGE('',*,*,#577,.F.);
#122=ORIENTED_EDGE('',*,*,#578,.F.);
#123=ORIENTED_EDGE('',*,*,#579,.T.);
#124=ORIENTED_EDGE('',*,*,#580,.T.);
#125=ORIENTED_EDGE('',*,*,#581,.F.);
#126=ORIENTED_EDGE('',*,*,#582,.F.);
#127=ORIENTED_EDGE('',*,*,#578,.T.);
#128=ORIENTED_EDGE('',*,*,#583,.T.);
#129=ORIENTED_EDGE('',*,*,#576,.F.);
#130=ORIENTED_EDGE('',*,*,#584,.F.);
#131=ORIENTED_EDGE('',*,*,#581,.T.);
#132=ORIENTED_EDGE('',*,*,#585,.F.);
#133=ORIENTED_EDGE('',*,*,#586,.T.);
#134=ORIENTED_EDGE('',*,*,#587,.T.);
#135=ORIENTED_EDGE('',*,*,#588,.F.);
#136=ORIENTED_EDGE('',*,*,#589,.T.);
#137=ORIENTED_EDGE('',*,*,#590,.T.);
#138=ORIENTED_EDGE('',*,*,#591,.T.);
#139=ORIENTED_EDGE('',*,*,#584,.T.);
#140=ORIENTED_EDGE('',*,*,#579,.F.);
#141=ORIENTED_EDGE('',*,*,#582,.T.);
#142=ORIENTED_EDGE('',*,*,#592,.T.);
#143=ORIENTED_EDGE('',*,*,#593,.F.);
#144=ORIENTED_EDGE('',*,*,#594,.F.);
#145=ORIENTED_EDGE('',*,*,#595,.T.);
#146=ORIENTED_EDGE('',*,*,#596,.T.);
#147=ORIENTED_EDGE('',*,*,#597,.F.);
#148=ORIENTED_EDGE('',*,*,#598,.T.);
#149=ORIENTED_EDGE('',*,*,#599,.T.);
#150=ORIENTED_EDGE('',*,*,#600,.T.);
#151=ORIENTED_EDGE('',*,*,#601,.F.);
#152=ORIENTED_EDGE('',*,*,#602,.T.);
#153=ORIENTED_EDGE('',*,*,#603,.T.);
#154=ORIENTED_EDGE('',*,*,#604,.T.);
#155=ORIENTED_EDGE('',*,*,#605,.T.);
#156=ORIENTED_EDGE('',*,*,#606,.F.);
#157=ORIENTED_EDGE('',*,*,#607,.F.);
#158=ORIENTED_EDGE('',*,*,#608,.T.);
#159=ORIENTED_EDGE('',*,*,#609,.T.);
#160=ORIENTED_EDGE('',*,*,#610,.F.);
#161=ORIENTED_EDGE('',*,*,#611,.T.);
#162=ORIENTED_EDGE('',*,*,#612,.T.);
#163=ORIENTED_EDGE('',*,*,#613,.T.);
#164=ORIENTED_EDGE('',*,*,#614,.T.);
#165=ORIENTED_EDGE('',*,*,#615,.T.);
#166=ORIENTED_EDGE('',*,*,#616,.F.);
#167=ORIENTED_EDGE('',*,*,#617,.F.);
#168=ORIENTED_EDGE('',*,*,#618,.F.);
#169=ORIENTED_EDGE('',*,*,#619,.T.);
#170=ORIENTED_EDGE('',*,*,#597,.T.);
#171=ORIENTED_EDGE('',*,*,#620,.T.);
#172=ORIENTED_EDGE('',*,*,#621,.T.);
#173=ORIENTED_EDGE('',*,*,#587,.F.);
#174=ORIENTED_EDGE('',*,*,#622,.F.);
#175=ORIENTED_EDGE('',*,*,#623,.T.);
#176=ORIENTED_EDGE('',*,*,#624,.T.);
#177=ORIENTED_EDGE('',*,*,#625,.T.);
#178=ORIENTED_EDGE('',*,*,#626,.T.);
#179=ORIENTED_EDGE('',*,*,#601,.T.);
#180=ORIENTED_EDGE('',*,*,#627,.T.);
#181=ORIENTED_EDGE('',*,*,#628,.T.);
#182=ORIENTED_EDGE('',*,*,#629,.F.);
#183=ORIENTED_EDGE('',*,*,#615,.F.);
#184=ORIENTED_EDGE('',*,*,#630,.T.);
#185=ORIENTED_EDGE('',*,*,#631,.T.);
#186=ORIENTED_EDGE('',*,*,#623,.F.);
#187=ORIENTED_EDGE('',*,*,#632,.F.);
#188=ORIENTED_EDGE('',*,*,#633,.F.);
#189=ORIENTED_EDGE('',*,*,#634,.F.);
#190=ORIENTED_EDGE('',*,*,#635,.F.);
#191=ORIENTED_EDGE('',*,*,#636,.T.);
#192=ORIENTED_EDGE('',*,*,#637,.T.);
#193=ORIENTED_EDGE('',*,*,#638,.T.);
#194=ORIENTED_EDGE('',*,*,#639,.F.);
#195=ORIENTED_EDGE('',*,*,#640,.T.);
#196=ORIENTED_EDGE('',*,*,#641,.F.);
#197=ORIENTED_EDGE('',*,*,#642,.F.);
#198=ORIENTED_EDGE('',*,*,#643,.F.);
#199=ORIENTED_EDGE('',*,*,#644,.F.);
#200=ORIENTED_EDGE('',*,*,#645,.T.);
#201=ORIENTED_EDGE('',*,*,#646,.F.);
#202=ORIENTED_EDGE('',*,*,#647,.F.);
#203=ORIENTED_EDGE('',*,*,#648,.T.);
#204=ORIENTED_EDGE('',*,*,#649,.F.);
#205=ORIENTED_EDGE('',*,*,#650,.T.);
#206=ORIENTED_EDGE('',*,*,#651,.F.);
#207=ORIENTED_EDGE('',*,*,#652,.T.);
#208=ORIENTED_EDGE('',*,*,#653,.F.);
#209=ORIENTED_EDGE('',*,*,#654,.T.);
#210=ORIENTED_EDGE('',*,*,#655,.F.);
#211=ORIENTED_EDGE('',*,*,#656,.T.);
#212=ORIENTED_EDGE('',*,*,#657,.F.);
#213=ORIENTED_EDGE('',*,*,#658,.T.);
#214=ORIENTED_EDGE('',*,*,#659,.T.);
#215=ORIENTED_EDGE('',*,*,#660,.T.);
#216=ORIENTED_EDGE('',*,*,#661,.T.);
#217=ORIENTED_EDGE('',*,*,#662,.T.);
#218=ORIENTED_EDGE('',*,*,#663,.T.);
#219=ORIENTED_EDGE('',*,*,#664,.F.);
#220=ORIENTED_EDGE('',*,*,#665,.T.);
#221=ORIENTED_EDGE('',*,*,#666,.T.);
#222=ORIENTED_EDGE('',*,*,#667,.F.);
#223=ORIENTED_EDGE('',*,*,#668,.F.);
#224=ORIENTED_EDGE('',*,*,#669,.T.);
#225=ORIENTED_EDGE('',*,*,#670,.T.);
#226=ORIENTED_EDGE('',*,*,#610,.T.);
#227=ORIENTED_EDGE('',*,*,#671,.T.);
#228=ORIENTED_EDGE('',*,*,#672,.F.);
#229=ORIENTED_EDGE('',*,*,#619,.F.);
#230=ORIENTED_EDGE('',*,*,#673,.T.);
#231=ORIENTED_EDGE('',*,*,#674,.T.);
#232=ORIENTED_EDGE('',*,*,#660,.F.);
#233=ORIENTED_EDGE('',*,*,#675,.T.);
#234=ORIENTED_EDGE('',*,*,#642,.T.);
#235=ORIENTED_EDGE('',*,*,#676,.F.);
#236=ORIENTED_EDGE('',*,*,#677,.F.);
#237=ORIENTED_EDGE('',*,*,#655,.T.);
#238=ORIENTED_EDGE('',*,*,#678,.T.);
#239=ORIENTED_EDGE('',*,*,#640,.F.);
#240=ORIENTED_EDGE('',*,*,#679,.F.);
#241=ORIENTED_EDGE('',*,*,#680,.T.);
#242=ORIENTED_EDGE('',*,*,#681,.T.);
#243=ORIENTED_EDGE('',*,*,#682,.T.);
#244=ORIENTED_EDGE('',*,*,#683,.T.);
#245=ORIENTED_EDGE('',*,*,#684,.T.);
#246=ORIENTED_EDGE('',*,*,#685,.T.);
#247=ORIENTED_EDGE('',*,*,#686,.T.);
#248=ORIENTED_EDGE('',*,*,#687,.T.);
#249=ORIENTED_EDGE('',*,*,#688,.T.);
#250=ORIENTED_EDGE('',*,*,#689,.T.);
#251=ORIENTED_EDGE('',*,*,#690,.T.);
#252=ORIENTED_EDGE('',*,*,#691,.T.);
#253=ORIENTED_EDGE('',*,*,#692,.T.);
#254=ORIENTED_EDGE('',*,*,#693,.T.);
#255=ORIENTED_EDGE('',*,*,#694,.T.);
#256=ORIENTED_EDGE('',*,*,#695,.T.);
#257=ORIENTED_EDGE('',*,*,#696,.T.);
#258=ORIENTED_EDGE('',*,*,#588,.T.);
#259=ORIENTED_EDGE('',*,*,#621,.F.);
#260=ORIENTED_EDGE('',*,*,#678,.F.);
#261=ORIENTED_EDGE('',*,*,#661,.F.);
#262=ORIENTED_EDGE('',*,*,#676,.T.);
#263=ORIENTED_EDGE('',*,*,#641,.T.);
#264=ORIENTED_EDGE('',*,*,#697,.F.);
#265=ORIENTED_EDGE('',*,*,#698,.T.);
#266=ORIENTED_EDGE('',*,*,#635,.T.);
#267=ORIENTED_EDGE('',*,*,#699,.F.);
#268=ORIENTED_EDGE('',*,*,#585,.T.);
#269=ORIENTED_EDGE('',*,*,#700,.T.);
#270=ORIENTED_EDGE('',*,*,#701,.F.);
#271=ORIENTED_EDGE('',*,*,#699,.T.);
#272=ORIENTED_EDGE('',*,*,#634,.T.);
#273=ORIENTED_EDGE('',*,*,#702,.F.);
#274=ORIENTED_EDGE('',*,*,#703,.T.);
#275=ORIENTED_EDGE('',*,*,#704,.T.);
#276=ORIENTED_EDGE('',*,*,#705,.T.);
#277=ORIENTED_EDGE('',*,*,#590,.F.);
#278=ORIENTED_EDGE('',*,*,#706,.F.);
#279=ORIENTED_EDGE('',*,*,#707,.T.);
#280=ORIENTED_EDGE('',*,*,#589,.F.);
#281=ORIENTED_EDGE('',*,*,#696,.F.);
#282=ORIENTED_EDGE('',*,*,#708,.T.);
#283=ORIENTED_EDGE('',*,*,#706,.T.);
#284=ORIENTED_EDGE('',*,*,#701,.T.);
#285=ORIENTED_EDGE('',*,*,#709,.T.);
#286=ORIENTED_EDGE('',*,*,#704,.F.);
#287=ORIENTED_EDGE('',*,*,#708,.F.);
#288=ORIENTED_EDGE('',*,*,#695,.F.);
#289=ORIENTED_EDGE('',*,*,#710,.T.);
#290=ORIENTED_EDGE('',*,*,#682,.F.);
#291=ORIENTED_EDGE('',*,*,#711,.T.);
#292=ORIENTED_EDGE('',*,*,#697,.T.);
#293=ORIENTED_EDGE('',*,*,#712,.T.);
#294=ORIENTED_EDGE('',*,*,#606,.T.);
#295=ORIENTED_EDGE('',*,*,#713,.F.);
#296=ORIENTED_EDGE('',*,*,#652,.F.);
#297=ORIENTED_EDGE('',*,*,#653,.T.);
#298=ORIENTED_EDGE('',*,*,#713,.T.);
#299=ORIENTED_EDGE('',*,*,#605,.F.);
#300=ORIENTED_EDGE('',*,*,#714,.F.);
#301=ORIENTED_EDGE('',*,*,#714,.T.);
#302=ORIENTED_EDGE('',*,*,#607,.T.);
#303=ORIENTED_EDGE('',*,*,#712,.F.);
#304=ORIENTED_EDGE('',*,*,#654,.F.);
#305=ORIENTED_EDGE('',*,*,#715,.T.);
#306=ORIENTED_EDGE('',*,*,#646,.T.);
#307=ORIENTED_EDGE('',*,*,#716,.F.);
#308=ORIENTED_EDGE('',*,*,#663,.F.);
#309=ORIENTED_EDGE('',*,*,#664,.T.);
#310=ORIENTED_EDGE('',*,*,#716,.T.);
#311=ORIENTED_EDGE('',*,*,#648,.F.);
#312=ORIENTED_EDGE('',*,*,#717,.F.);
#313=ORIENTED_EDGE('',*,*,#717,.T.);
#314=ORIENTED_EDGE('',*,*,#647,.T.);
#315=ORIENTED_EDGE('',*,*,#715,.F.);
#316=ORIENTED_EDGE('',*,*,#662,.F.);
#317=ORIENTED_EDGE('',*,*,#677,.T.);
#318=ORIENTED_EDGE('',*,*,#639,.T.);
#319=ORIENTED_EDGE('',*,*,#718,.F.);
#320=ORIENTED_EDGE('',*,*,#656,.F.);
#321=ORIENTED_EDGE('',*,*,#657,.T.);
#322=ORIENTED_EDGE('',*,*,#718,.T.);
#323=ORIENTED_EDGE('',*,*,#645,.F.);
#324=ORIENTED_EDGE('',*,*,#719,.F.);
#325=ORIENTED_EDGE('',*,*,#719,.T.);
#326=ORIENTED_EDGE('',*,*,#644,.T.);
#327=ORIENTED_EDGE('',*,*,#720,.F.);
#328=ORIENTED_EDGE('',*,*,#658,.F.);
#329=ORIENTED_EDGE('',*,*,#720,.T.);
#330=ORIENTED_EDGE('',*,*,#643,.T.);
#331=ORIENTED_EDGE('',*,*,#675,.F.);
#332=ORIENTED_EDGE('',*,*,#659,.F.);
#333=ORIENTED_EDGE('',*,*,#633,.T.);
#334=ORIENTED_EDGE('',*,*,#721,.T.);
#335=ORIENTED_EDGE('',*,*,#722,.F.);
#336=ORIENTED_EDGE('',*,*,#666,.F.);
#337=ORIENTED_EDGE('',*,*,#723,.T.);
#338=ORIENTED_EDGE('',*,*,#724,.T.);
#339=ORIENTED_EDGE('',*,*,#702,.T.);
#340=ORIENTED_EDGE('',*,*,#725,.F.);
#341=ORIENTED_EDGE('',*,*,#726,.F.);
#342=ORIENTED_EDGE('',*,*,#667,.T.);
#343=ORIENTED_EDGE('',*,*,#722,.T.);
#344=ORIENTED_EDGE('',*,*,#726,.T.);
#345=ORIENTED_EDGE('',*,*,#727,.T.);
#346=ORIENTED_EDGE('',*,*,#723,.F.);
#347=ORIENTED_EDGE('',*,*,#665,.F.);
#348=ORIENTED_EDGE('',*,*,#668,.T.);
#349=ORIENTED_EDGE('',*,*,#728,.T.);
#350=ORIENTED_EDGE('',*,*,#650,.F.);
#351=ORIENTED_EDGE('',*,*,#729,.F.);
#352=ORIENTED_EDGE('',*,*,#729,.T.);
#353=ORIENTED_EDGE('',*,*,#649,.T.);
#354=ORIENTED_EDGE('',*,*,#730,.F.);
#355=ORIENTED_EDGE('',*,*,#669,.F.);
#356=ORIENTED_EDGE('',*,*,#730,.T.);
#357=ORIENTED_EDGE('',*,*,#651,.T.);
#358=ORIENTED_EDGE('',*,*,#728,.F.);
#359=ORIENTED_EDGE('',*,*,#670,.F.);
#360=ORIENTED_EDGE('',*,*,#632,.T.);
#361=ORIENTED_EDGE('',*,*,#622,.T.);
#362=ORIENTED_EDGE('',*,*,#586,.F.);
#363=ORIENTED_EDGE('',*,*,#703,.F.);
#364=ORIENTED_EDGE('',*,*,#724,.F.);
#365=ORIENTED_EDGE('',*,*,#727,.F.);
#366=ORIENTED_EDGE('',*,*,#725,.T.);
#367=ORIENTED_EDGE('',*,*,#721,.F.);
#368=ORIENTED_EDGE('',*,*,#731,.T.);
#369=ORIENTED_EDGE('',*,*,#732,.T.);
#370=ORIENTED_EDGE('',*,*,#733,.T.);
#371=ORIENTED_EDGE('',*,*,#625,.F.);
#372=ORIENTED_EDGE('',*,*,#734,.T.);
#373=ORIENTED_EDGE('',*,*,#735,.T.);
#374=ORIENTED_EDGE('',*,*,#736,.T.);
#375=ORIENTED_EDGE('',*,*,#737,.T.);
#376=ORIENTED_EDGE('',*,*,#738,.T.);
#377=ORIENTED_EDGE('',*,*,#739,.T.);
#378=ORIENTED_EDGE('',*,*,#629,.T.);
#379=ORIENTED_EDGE('',*,*,#740,.F.);
#380=ORIENTED_EDGE('',*,*,#741,.T.);
#381=ORIENTED_EDGE('',*,*,#742,.T.);
#382=ORIENTED_EDGE('',*,*,#731,.F.);
#383=ORIENTED_EDGE('',*,*,#743,.T.);
#384=ORIENTED_EDGE('',*,*,#744,.F.);
#385=ORIENTED_EDGE('',*,*,#617,.T.);
#386=ORIENTED_EDGE('',*,*,#745,.T.);
#387=ORIENTED_EDGE('',*,*,#746,.T.);
#388=ORIENTED_EDGE('',*,*,#608,.F.);
#389=ORIENTED_EDGE('',*,*,#744,.T.);
#390=ORIENTED_EDGE('',*,*,#747,.T.);
#391=ORIENTED_EDGE('',*,*,#748,.T.);
#392=ORIENTED_EDGE('',*,*,#749,.T.);
#393=ORIENTED_EDGE('',*,*,#750,.T.);
#394=ORIENTED_EDGE('',*,*,#751,.T.);
#395=ORIENTED_EDGE('',*,*,#673,.F.);
#396=ORIENTED_EDGE('',*,*,#618,.T.);
#397=ORIENTED_EDGE('',*,*,#672,.T.);
#398=ORIENTED_EDGE('',*,*,#752,.T.);
#399=ORIENTED_EDGE('',*,*,#745,.F.);
#400=ORIENTED_EDGE('',*,*,#616,.T.);
#401=ORIENTED_EDGE('',*,*,#628,.F.);
#402=ORIENTED_EDGE('',*,*,#753,.T.);
#403=ORIENTED_EDGE('',*,*,#754,.T.);
#404=ORIENTED_EDGE('',*,*,#740,.T.);
#405=ORIENTED_EDGE('',*,*,#755,.T.);
#406=ORIENTED_EDGE('',*,*,#756,.T.);
#407=ORIENTED_EDGE('',*,*,#741,.F.);
#408=ORIENTED_EDGE('',*,*,#754,.F.);
#409=ORIENTED_EDGE('',*,*,#757,.T.);
#410=ORIENTED_EDGE('',*,*,#758,.T.);
#411=ORIENTED_EDGE('',*,*,#759,.T.);
#412=ORIENTED_EDGE('',*,*,#760,.T.);
#413=ORIENTED_EDGE('',*,*,#627,.F.);
#414=ORIENTED_EDGE('',*,*,#600,.F.);
#415=ORIENTED_EDGE('',*,*,#761,.F.);
#416=ORIENTED_EDGE('',*,*,#753,.F.);
#417=ORIENTED_EDGE('',*,*,#761,.T.);
#418=ORIENTED_EDGE('',*,*,#599,.F.);
#419=ORIENTED_EDGE('',*,*,#762,.F.);
#420=ORIENTED_EDGE('',*,*,#763,.T.);
#421=ORIENTED_EDGE('',*,*,#757,.F.);
#422=ORIENTED_EDGE('',*,*,#762,.T.);
#423=ORIENTED_EDGE('',*,*,#598,.F.);
#424=ORIENTED_EDGE('',*,*,#630,.F.);
#425=ORIENTED_EDGE('',*,*,#614,.F.);
#426=ORIENTED_EDGE('',*,*,#764,.T.);
#427=ORIENTED_EDGE('',*,*,#687,.F.);
#428=ORIENTED_EDGE('',*,*,#765,.T.);
#429=ORIENTED_EDGE('',*,*,#603,.F.);
#430=ORIENTED_EDGE('',*,*,#766,.F.);
#431=ORIENTED_EDGE('',*,*,#767,.T.);
#432=ORIENTED_EDGE('',*,*,#755,.F.);
#433=ORIENTED_EDGE('',*,*,#768,.T.);
#434=ORIENTED_EDGE('',*,*,#766,.T.);
#435=ORIENTED_EDGE('',*,*,#602,.F.);
#436=ORIENTED_EDGE('',*,*,#626,.F.);
#437=ORIENTED_EDGE('',*,*,#733,.F.);
#438=ORIENTED_EDGE('',*,*,#769,.T.);
#439=ORIENTED_EDGE('',*,*,#679,.T.);
#440=ORIENTED_EDGE('',*,*,#707,.F.);
#441=ORIENTED_EDGE('',*,*,#593,.T.);
#442=ORIENTED_EDGE('',*,*,#770,.F.);
#443=ORIENTED_EDGE('',*,*,#771,.F.);
#444=ORIENTED_EDGE('',*,*,#772,.T.);
#445=ORIENTED_EDGE('',*,*,#592,.F.);
#446=ORIENTED_EDGE('',*,*,#773,.F.);
#447=ORIENTED_EDGE('',*,*,#774,.T.);
#448=ORIENTED_EDGE('',*,*,#770,.T.);
#449=ORIENTED_EDGE('',*,*,#594,.T.);
#450=ORIENTED_EDGE('',*,*,#772,.F.);
#451=ORIENTED_EDGE('',*,*,#775,.F.);
#452=ORIENTED_EDGE('',*,*,#773,.T.);
#453=ORIENTED_EDGE('',*,*,#580,.F.);
#454=ORIENTED_EDGE('',*,*,#577,.T.);
#455=ORIENTED_EDGE('',*,*,#583,.F.);
#456=ORIENTED_EDGE('',*,*,#771,.T.);
#457=ORIENTED_EDGE('',*,*,#774,.F.);
#458=ORIENTED_EDGE('',*,*,#775,.T.);
#459=ORIENTED_EDGE('',*,*,#764,.F.);
#460=ORIENTED_EDGE('',*,*,#613,.F.);
#461=ORIENTED_EDGE('',*,*,#776,.F.);
#462=ORIENTED_EDGE('',*,*,#758,.F.);
#463=ORIENTED_EDGE('',*,*,#763,.F.);
#464=ORIENTED_EDGE('',*,*,#620,.F.);
#465=ORIENTED_EDGE('',*,*,#596,.F.);
#466=ORIENTED_EDGE('',*,*,#777,.F.);
#467=ORIENTED_EDGE('',*,*,#693,.F.);
#468=ORIENTED_EDGE('',*,*,#710,.F.);
#469=ORIENTED_EDGE('',*,*,#694,.F.);
#470=ORIENTED_EDGE('',*,*,#778,.F.);
#471=ORIENTED_EDGE('',*,*,#683,.F.);
#472=ORIENTED_EDGE('',*,*,#779,.F.);
#473=ORIENTED_EDGE('',*,*,#776,.T.);
#474=ORIENTED_EDGE('',*,*,#780,.F.);
#475=ORIENTED_EDGE('',*,*,#778,.T.);
#476=ORIENTED_EDGE('',*,*,#777,.T.);
#477=ORIENTED_EDGE('',*,*,#781,.F.);
#478=ORIENTED_EDGE('',*,*,#674,.F.);
#479=ORIENTED_EDGE('',*,*,#751,.F.);
#480=ORIENTED_EDGE('',*,*,#782,.F.);
#481=ORIENTED_EDGE('',*,*,#611,.F.);
#482=ORIENTED_EDGE('',*,*,#780,.T.);
#483=ORIENTED_EDGE('',*,*,#612,.F.);
#484=ORIENTED_EDGE('',*,*,#783,.F.);
#485=ORIENTED_EDGE('',*,*,#736,.F.);
#486=ORIENTED_EDGE('',*,*,#779,.T.);
#487=ORIENTED_EDGE('',*,*,#739,.F.);
#488=ORIENTED_EDGE('',*,*,#784,.F.);
#489=ORIENTED_EDGE('',*,*,#759,.F.);
#490=ORIENTED_EDGE('',*,*,#768,.F.);
#491=ORIENTED_EDGE('',*,*,#760,.F.);
#492=ORIENTED_EDGE('',*,*,#785,.F.);
#493=ORIENTED_EDGE('',*,*,#688,.F.);
#494=ORIENTED_EDGE('',*,*,#765,.F.);
#495=ORIENTED_EDGE('',*,*,#686,.F.);
#496=ORIENTED_EDGE('',*,*,#786,.F.);
#497=ORIENTED_EDGE('',*,*,#604,.F.);
#498=ORIENTED_EDGE('',*,*,#781,.T.);
#499=ORIENTED_EDGE('',*,*,#595,.F.);
#500=ORIENTED_EDGE('',*,*,#787,.F.);
#501=ORIENTED_EDGE('',*,*,#684,.F.);
#502=ORIENTED_EDGE('',*,*,#783,.T.);
#503=ORIENTED_EDGE('',*,*,#782,.T.);
#504=ORIENTED_EDGE('',*,*,#788,.F.);
#505=ORIENTED_EDGE('',*,*,#785,.T.);
#506=ORIENTED_EDGE('',*,*,#784,.T.);
#507=ORIENTED_EDGE('',*,*,#789,.F.);
#508=ORIENTED_EDGE('',*,*,#787,.T.);
#509=ORIENTED_EDGE('',*,*,#786,.T.);
#510=ORIENTED_EDGE('',*,*,#790,.F.);
#511=ORIENTED_EDGE('',*,*,#711,.F.);
#512=ORIENTED_EDGE('',*,*,#681,.F.);
#513=ORIENTED_EDGE('',*,*,#791,.F.);
#514=ORIENTED_EDGE('',*,*,#698,.F.);
#515=ORIENTED_EDGE('',*,*,#788,.T.);
#516=ORIENTED_EDGE('',*,*,#750,.F.);
#517=ORIENTED_EDGE('',*,*,#792,.F.);
#518=ORIENTED_EDGE('',*,*,#737,.F.);
#519=ORIENTED_EDGE('',*,*,#789,.T.);
#520=ORIENTED_EDGE('',*,*,#738,.F.);
#521=ORIENTED_EDGE('',*,*,#793,.F.);
#522=ORIENTED_EDGE('',*,*,#689,.F.);
#523=ORIENTED_EDGE('',*,*,#790,.T.);
#524=ORIENTED_EDGE('',*,*,#692,.F.);
#525=ORIENTED_EDGE('',*,*,#794,.F.);
#526=ORIENTED_EDGE('',*,*,#685,.F.);
#527=ORIENTED_EDGE('',*,*,#791,.T.);
#528=ORIENTED_EDGE('',*,*,#680,.F.);
#529=ORIENTED_EDGE('',*,*,#795,.F.);
#530=ORIENTED_EDGE('',*,*,#636,.F.);
#531=ORIENTED_EDGE('',*,*,#793,.T.);
#532=ORIENTED_EDGE('',*,*,#792,.T.);
#533=ORIENTED_EDGE('',*,*,#796,.F.);
#534=ORIENTED_EDGE('',*,*,#795,.T.);
#535=ORIENTED_EDGE('',*,*,#794,.T.);
#536=ORIENTED_EDGE('',*,*,#797,.F.);
#537=ORIENTED_EDGE('',*,*,#796,.T.);
#538=ORIENTED_EDGE('',*,*,#749,.F.);
#539=ORIENTED_EDGE('',*,*,#798,.F.);
#540=ORIENTED_EDGE('',*,*,#690,.F.);
#541=ORIENTED_EDGE('',*,*,#797,.T.);
#542=ORIENTED_EDGE('',*,*,#691,.F.);
#543=ORIENTED_EDGE('',*,*,#799,.F.);
#544=ORIENTED_EDGE('',*,*,#637,.F.);
#545=ORIENTED_EDGE('',*,*,#799,.T.);
#546=ORIENTED_EDGE('',*,*,#798,.T.);
#547=ORIENTED_EDGE('',*,*,#800,.F.);
#548=ORIENTED_EDGE('',*,*,#743,.F.);
#549=ORIENTED_EDGE('',*,*,#735,.F.);
#550=ORIENTED_EDGE('',*,*,#801,.F.);
#551=ORIENTED_EDGE('',*,*,#747,.F.);
#552=ORIENTED_EDGE('',*,*,#800,.T.);
#553=ORIENTED_EDGE('',*,*,#748,.F.);
#554=ORIENTED_EDGE('',*,*,#802,.F.);
#555=ORIENTED_EDGE('',*,*,#638,.F.);
#556=ORIENTED_EDGE('',*,*,#802,.T.);
#557=ORIENTED_EDGE('',*,*,#801,.T.);
#558=ORIENTED_EDGE('',*,*,#803,.F.);
#559=ORIENTED_EDGE('',*,*,#803,.T.);
#560=ORIENTED_EDGE('',*,*,#734,.F.);
#561=ORIENTED_EDGE('',*,*,#624,.F.);
#562=ORIENTED_EDGE('',*,*,#631,.F.);
#563=ORIENTED_EDGE('',*,*,#709,.F.);
#564=ORIENTED_EDGE('',*,*,#700,.F.);
#565=ORIENTED_EDGE('',*,*,#591,.F.);
#566=ORIENTED_EDGE('',*,*,#705,.F.);
#567=ORIENTED_EDGE('',*,*,#769,.F.);
#568=ORIENTED_EDGE('',*,*,#732,.F.);
#569=ORIENTED_EDGE('',*,*,#742,.F.);
#570=ORIENTED_EDGE('',*,*,#756,.F.);
#571=ORIENTED_EDGE('',*,*,#767,.F.);
#572=ORIENTED_EDGE('',*,*,#746,.F.);
#573=ORIENTED_EDGE('',*,*,#752,.F.);
#574=ORIENTED_EDGE('',*,*,#671,.F.);
#575=ORIENTED_EDGE('',*,*,#609,.F.);
#576=EDGE_CURVE('',#804,#805,#947,.T.);
#577=EDGE_CURVE('',#806,#805,#948,.T.);
#578=EDGE_CURVE('',#807,#806,#949,.T.);
#579=EDGE_CURVE('',#807,#804,#950,.T.);
#580=EDGE_CURVE('',#806,#808,#951,.T.);
#581=EDGE_CURVE('',#809,#808,#952,.T.);
#582=EDGE_CURVE('',#807,#809,#953,.T.);
#583=EDGE_CURVE('',#808,#805,#30,.T.);
#584=EDGE_CURVE('',#809,#804,#31,.F.);
#585=EDGE_CURVE('',#810,#811,#954,.T.);
#586=EDGE_CURVE('',#810,#812,#955,.T.);
#587=EDGE_CURVE('',#812,#813,#956,.T.);
#588=EDGE_CURVE('',#814,#813,#957,.T.);
#589=EDGE_CURVE('',#814,#815,#958,.T.);
#590=EDGE_CURVE('',#815,#816,#959,.T.);
#591=EDGE_CURVE('',#816,#811,#32,.F.);
#592=EDGE_CURVE('',#817,#818,#960,.T.);
#593=EDGE_CURVE('',#819,#818,#33,.T.);
#594=EDGE_CURVE('',#817,#819,#961,.T.);
#595=EDGE_CURVE('',#820,#821,#962,.T.);
#596=EDGE_CURVE('',#821,#822,#963,.T.);
#597=EDGE_CURVE('',#823,#822,#964,.T.);
#598=EDGE_CURVE('',#823,#824,#965,.T.);
#599=EDGE_CURVE('',#824,#825,#966,.T.);
#600=EDGE_CURVE('',#825,#826,#967,.T.);
#601=EDGE_CURVE('',#827,#826,#968,.T.);
#602=EDGE_CURVE('',#827,#828,#969,.T.);
#603=EDGE_CURVE('',#828,#829,#970,.T.);
#604=EDGE_CURVE('',#829,#820,#971,.F.);
#605=EDGE_CURVE('',#830,#831,#972,.T.);
#606=EDGE_CURVE('',#832,#831,#34,.T.);
#607=EDGE_CURVE('',#830,#832,#973,.T.);
#608=EDGE_CURVE('',#833,#834,#974,.T.);
#609=EDGE_CURVE('',#834,#835,#975,.T.);
#610=EDGE_CURVE('',#836,#835,#976,.T.);
#611=EDGE_CURVE('',#836,#837,#977,.T.);
#612=EDGE_CURVE('',#837,#838,#978,.T.);
#613=EDGE_CURVE('',#838,#839,#979,.F.);
#614=EDGE_CURVE('',#839,#840,#980,.T.);
#615=EDGE_CURVE('',#840,#833,#981,.T.);
#616=EDGE_CURVE('',#841,#842,#982,.T.);
#617=EDGE_CURVE('',#843,#841,#983,.T.);
#618=EDGE_CURVE('',#844,#843,#984,.T.);
#619=EDGE_CURVE('',#844,#842,#985,.T.);
#620=EDGE_CURVE('',#822,#845,#35,.T.);
#621=EDGE_CURVE('',#845,#813,#986,.T.);
#622=EDGE_CURVE('',#846,#812,#987,.T.);
#623=EDGE_CURVE('',#846,#847,#988,.T.);
#624=EDGE_CURVE('',#847,#848,#36,.F.);
#625=EDGE_CURVE('',#848,#849,#989,.T.);
#626=EDGE_CURVE('',#849,#827,#990,.T.);
#627=EDGE_CURVE('',#826,#850,#991,.T.);
#628=EDGE_CURVE('',#850,#851,#992,.T.);
#629=EDGE_CURVE('',#833,#851,#993,.T.);
#630=EDGE_CURVE('',#840,#823,#994,.T.);
#631=EDGE_CURVE('',#852,#847,#995,.T.);
#632=EDGE_CURVE('',#853,#846,#996,.T.);
#633=EDGE_CURVE('',#854,#853,#37,.T.);
#634=EDGE_CURVE('',#855,#854,#997,.T.);
#635=EDGE_CURVE('',#856,#855,#998,.T.);
#636=EDGE_CURVE('',#856,#857,#999,.F.);
#637=EDGE_CURVE('',#857,#858,#1000,.T.);
#638=EDGE_CURVE('',#858,#852,#1001,.F.);
#639=EDGE_CURVE('',#859,#860,#38,.T.);
#640=EDGE_CURVE('',#859,#861,#1002,.T.);
#641=EDGE_CURVE('',#862,#861,#39,.T.);
#642=EDGE_CURVE('',#863,#862,#1003,.T.);
#643=EDGE_CURVE('',#864,#863,#40,.T.);
#644=EDGE_CURVE('',#865,#864,#1004,.T.);
#645=EDGE_CURVE('',#865,#860,#1005,.T.);
#646=EDGE_CURVE('',#866,#867,#41,.T.);
#647=EDGE_CURVE('',#868,#866,#1006,.T.);
#648=EDGE_CURVE('',#868,#867,#1007,.T.);
#649=EDGE_CURVE('',#869,#870,#1008,.T.);
#650=EDGE_CURVE('',#869,#871,#1009,.T.);
#651=EDGE_CURVE('',#870,#871,#42,.T.);
#652=EDGE_CURVE('',#872,#873,#43,.F.);
#653=EDGE_CURVE('',#874,#873,#1010,.T.);
#654=EDGE_CURVE('',#874,#872,#1011,.T.);
#655=EDGE_CURVE('',#875,#876,#1012,.T.);
#656=EDGE_CURVE('',#875,#877,#44,.T.);
#657=EDGE_CURVE('',#878,#877,#1013,.T.);
#658=EDGE_CURVE('',#878,#879,#1014,.T.);
#659=EDGE_CURVE('',#879,#880,#45,.T.);
#660=EDGE_CURVE('',#880,#881,#1015,.T.);
#661=EDGE_CURVE('',#881,#876,#46,.T.);
#662=EDGE_CURVE('',#882,#883,#1016,.T.);
#663=EDGE_CURVE('',#883,#884,#47,.T.);
#664=EDGE_CURVE('',#882,#884,#1017,.T.);
#665=EDGE_CURVE('',#885,#886,#1018,.T.);
#666=EDGE_CURVE('',#886,#887,#48,.T.);
#667=EDGE_CURVE('',#885,#887,#1019,.T.);
#668=EDGE_CURVE('',#888,#889,#1020,.T.);
#669=EDGE_CURVE('',#888,#890,#1021,.T.);
#670=EDGE_CURVE('',#890,#889,#49,.T.);
#671=EDGE_CURVE('',#835,#891,#50,.T.);
#672=EDGE_CURVE('',#842,#891,#1022,.T.);
#673=EDGE_CURVE('',#844,#892,#1023,.T.);
#674=EDGE_CURVE('',#892,#836,#51,.T.);
#675=EDGE_CURVE('',#880,#863,#1024,.T.);
#676=EDGE_CURVE('',#881,#862,#1025,.T.);
#677=EDGE_CURVE('',#875,#859,#1026,.T.);
#678=EDGE_CURVE('',#876,#861,#1027,.T.);
#679=EDGE_CURVE('',#893,#893,#52,.T.);
#680=EDGE_CURVE('',#894,#895,#1028,.T.);
#681=EDGE_CURVE('',#895,#896,#1029,.F.);
#682=EDGE_CURVE('',#896,#897,#1030,.T.);
#683=EDGE_CURVE('',#897,#898,#1031,.F.);
#684=EDGE_CURVE('',#898,#899,#1032,.F.);
#685=EDGE_CURVE('',#899,#894,#1033,.T.);
#686=EDGE_CURVE('',#900,#901,#1034,.T.);
#687=EDGE_CURVE('',#901,#902,#1035,.F.);
#688=EDGE_CURVE('',#902,#903,#1036,.F.);
#689=EDGE_CURVE('',#903,#904,#1037,.F.);
#690=EDGE_CURVE('',#904,#905,#1038,.T.);
#691=EDGE_CURVE('',#905,#906,#1039,.F.);
#692=EDGE_CURVE('',#906,#900,#1040,.F.);
#693=EDGE_CURVE('',#845,#907,#1041,.F.);
#694=EDGE_CURVE('',#907,#908,#1042,.T.);
#695=EDGE_CURVE('',#908,#909,#1043,.T.);
#696=EDGE_CURVE('',#909,#814,#1044,.T.);
#697=EDGE_CURVE('',#910,#911,#1045,.T.);
#698=EDGE_CURVE('',#910,#856,#1046,.T.);
#699=EDGE_CURVE('',#911,#855,#1047,.T.);
#700=EDGE_CURVE('',#811,#912,#1048,.F.);
#701=EDGE_CURVE('',#911,#912,#1049,.T.);
#702=EDGE_CURVE('',#913,#854,#1050,.T.);
#703=EDGE_CURVE('',#913,#810,#1051,.T.);
#704=EDGE_CURVE('',#914,#915,#1052,.T.);
#705=EDGE_CURVE('',#915,#816,#1053,.T.);
#706=EDGE_CURVE('',#914,#815,#1054,.T.);
#707=EDGE_CURVE('',#916,#916,#53,.F.);
#708=EDGE_CURVE('',#909,#914,#1055,.T.);
#709=EDGE_CURVE('',#912,#915,#54,.T.);
#710=EDGE_CURVE('',#908,#897,#55,.T.);
#711=EDGE_CURVE('',#896,#910,#56,.T.);
#712=EDGE_CURVE('',#872,#832,#1056,.T.);
#713=EDGE_CURVE('',#873,#831,#1057,.T.);
#714=EDGE_CURVE('',#874,#830,#1058,.T.);
#715=EDGE_CURVE('',#883,#866,#1059,.T.);
#716=EDGE_CURVE('',#884,#867,#1060,.T.);
#717=EDGE_CURVE('',#882,#868,#1061,.T.);
#718=EDGE_CURVE('',#877,#860,#1062,.T.);
#719=EDGE_CURVE('',#878,#865,#1063,.T.);
#720=EDGE_CURVE('',#879,#864,#1064,.T.);
#721=EDGE_CURVE('',#853,#917,#21,.F.);
#722=EDGE_CURVE('',#887,#917,#1065,.T.);
#723=EDGE_CURVE('',#886,#918,#1066,.T.);
#724=EDGE_CURVE('',#918,#913,#22,.F.);
#725=EDGE_CURVE('',#919,#917,#1067,.T.);
#726=EDGE_CURVE('',#885,#919,#1068,.T.);
#727=EDGE_CURVE('',#919,#918,#1069,.T.);
#728=EDGE_CURVE('',#889,#871,#1070,.T.);
#729=EDGE_CURVE('',#888,#869,#1071,.T.);
#730=EDGE_CURVE('',#890,#870,#1072,.T.);
#731=EDGE_CURVE('',#920,#921,#1073,.T.);
#732=EDGE_CURVE('',#921,#922,#1074,.F.);
#733=EDGE_CURVE('',#922,#849,#1075,.T.);
#734=EDGE_CURVE('',#848,#923,#1076,.F.);
#735=EDGE_CURVE('',#923,#920,#1077,.T.);
#736=EDGE_CURVE('',#924,#925,#1078,.F.);
#737=EDGE_CURVE('',#925,#926,#1079,.T.);
#738=EDGE_CURVE('',#926,#927,#1080,.T.);
#739=EDGE_CURVE('',#927,#924,#1081,.F.);
#740=EDGE_CURVE('',#928,#851,#1082,.T.);
#741=EDGE_CURVE('',#928,#929,#1083,.T.);
#742=EDGE_CURVE('',#929,#921,#57,.T.);
#743=EDGE_CURVE('',#920,#930,#58,.T.);
#744=EDGE_CURVE('',#843,#930,#1084,.T.);
#745=EDGE_CURVE('',#841,#931,#1085,.T.);
#746=EDGE_CURVE('',#931,#834,#59,.T.);
#747=EDGE_CURVE('',#930,#932,#1086,.F.);
#748=EDGE_CURVE('',#932,#933,#1087,.T.);
#749=EDGE_CURVE('',#933,#934,#1088,.F.);
#750=EDGE_CURVE('',#934,#935,#1089,.F.);
#751=EDGE_CURVE('',#935,#892,#1090,.F.);
#752=EDGE_CURVE('',#891,#931,#1091,.F.);
#753=EDGE_CURVE('',#850,#936,#1092,.T.);
#754=EDGE_CURVE('',#936,#928,#1093,.T.);
#755=EDGE_CURVE('',#937,#938,#1094,.T.);
#756=EDGE_CURVE('',#938,#929,#1095,.T.);
#757=EDGE_CURVE('',#936,#939,#1096,.T.);
#758=EDGE_CURVE('',#939,#940,#1097,.T.);
#759=EDGE_CURVE('',#940,#941,#1098,.T.);
#760=EDGE_CURVE('',#941,#937,#1099,.T.);
#761=EDGE_CURVE('',#936,#825,#1100,.T.);
#762=EDGE_CURVE('',#942,#824,#1101,.T.);
#763=EDGE_CURVE('',#942,#939,#23,.F.);
#764=EDGE_CURVE('',#839,#942,#24,.T.);
#765=EDGE_CURVE('',#901,#829,#25,.F.);
#766=EDGE_CURVE('',#943,#828,#1102,.T.);
#767=EDGE_CURVE('',#943,#938,#26,.F.);
#768=EDGE_CURVE('',#937,#902,#27,.F.);
#769=EDGE_CURVE('',#922,#943,#28,.T.);
#770=EDGE_CURVE('',#944,#818,#1103,.T.);
#771=EDGE_CURVE('',#945,#944,#60,.T.);
#772=EDGE_CURVE('',#945,#819,#1104,.T.);
#773=EDGE_CURVE('',#946,#817,#1105,.T.);
#774=EDGE_CURVE('',#946,#944,#1106,.T.);
#775=EDGE_CURVE('',#946,#945,#1107,.T.);
#776=EDGE_CURVE('',#940,#838,#61,.T.);
#777=EDGE_CURVE('',#907,#821,#62,.T.);
#778=EDGE_CURVE('',#898,#907,#63,.T.);
#779=EDGE_CURVE('',#940,#924,#64,.F.);
#780=EDGE_CURVE('',#924,#838,#65,.F.);
#781=EDGE_CURVE('',#898,#821,#66,.F.);
#782=EDGE_CURVE('',#837,#935,#67,.T.);
#783=EDGE_CURVE('',#925,#837,#68,.T.);
#784=EDGE_CURVE('',#941,#927,#69,.T.);
#785=EDGE_CURVE('',#903,#941,#70,.T.);
#786=EDGE_CURVE('',#820,#900,#71,.T.);
#787=EDGE_CURVE('',#899,#820,#72,.T.);
#788=EDGE_CURVE('',#925,#935,#73,.F.);
#789=EDGE_CURVE('',#903,#927,#74,.F.);
#790=EDGE_CURVE('',#899,#900,#75,.F.);
#791=EDGE_CURVE('',#856,#895,#29,.T.);
#792=EDGE_CURVE('',#926,#934,#76,.T.);
#793=EDGE_CURVE('',#904,#926,#77,.T.);
#794=EDGE_CURVE('',#894,#906,#78,.T.);
#795=EDGE_CURVE('',#857,#894,#79,.T.);
#796=EDGE_CURVE('',#904,#934,#80,.F.);
#797=EDGE_CURVE('',#857,#906,#81,.F.);
#798=EDGE_CURVE('',#905,#933,#82,.T.);
#799=EDGE_CURVE('',#858,#905,#83,.T.);
#800=EDGE_CURVE('',#858,#933,#84,.F.);
#801=EDGE_CURVE('',#932,#923,#85,.T.);
#802=EDGE_CURVE('',#852,#932,#86,.T.);
#803=EDGE_CURVE('',#852,#923,#87,.F.);
#804=VERTEX_POINT('',#2245);
#805=VERTEX_POINT('',#2246);
#806=VERTEX_POINT('',#2248);
#807=VERTEX_POINT('',#2250);
#808=VERTEX_POINT('',#2254);
#809=VERTEX_POINT('',#2256);
#810=VERTEX_POINT('',#2263);
#811=VERTEX_POINT('',#2264);
#812=VERTEX_POINT('',#2266);
#813=VERTEX_POINT('',#2268);
#814=VERTEX_POINT('',#2270);
#815=VERTEX_POINT('',#2272);
#816=VERTEX_POINT('',#2274);
#817=VERTEX_POINT('',#2278);
#818=VERTEX_POINT('',#2279);
#819=VERTEX_POINT('',#2281);
#820=VERTEX_POINT('',#2284);
#821=VERTEX_POINT('',#2285);
#822=VERTEX_POINT('',#2287);
#823=VERTEX_POINT('',#2289);
#824=VERTEX_POINT('',#2291);
#825=VERTEX_POINT('',#2293);
#826=VERTEX_POINT('',#2295);
#827=VERTEX_POINT('',#2297);
#828=VERTEX_POINT('',#2299);
#829=VERTEX_POINT('',#2301);
#830=VERTEX_POINT('',#2304);
#831=VERTEX_POINT('',#2305);
#832=VERTEX_POINT('',#2307);
#833=VERTEX_POINT('',#2311);
#834=VERTEX_POINT('',#2312);
#835=VERTEX_POINT('',#2314);
#836=VERTEX_POINT('',#2316);
#837=VERTEX_POINT('',#2318);
#838=VERTEX_POINT('',#2320);
#839=VERTEX_POINT('',#2322);
#840=VERTEX_POINT('',#2324);
#841=VERTEX_POINT('',#2328);
#842=VERTEX_POINT('',#2329);
#843=VERTEX_POINT('',#2331);
#844=VERTEX_POINT('',#2333);
#845=VERTEX_POINT('',#2337);
#846=VERTEX_POINT('',#2340);
#847=VERTEX_POINT('',#2342);
#848=VERTEX_POINT('',#2344);
#849=VERTEX_POINT('',#2346);
#850=VERTEX_POINT('',#2349);
#851=VERTEX_POINT('',#2351);
#852=VERTEX_POINT('',#2356);
#853=VERTEX_POINT('',#2358);
#854=VERTEX_POINT('',#2360);
#855=VERTEX_POINT('',#2362);
#856=VERTEX_POINT('',#2364);
#857=VERTEX_POINT('',#2366);
#858=VERTEX_POINT('',#2368);
#859=VERTEX_POINT('',#2371);
#860=VERTEX_POINT('',#2372);
#861=VERTEX_POINT('',#2374);
#862=VERTEX_POINT('',#2376);
#863=VERTEX_POINT('',#2378);
#864=VERTEX_POINT('',#2380);
#865=VERTEX_POINT('',#2382);
#866=VERTEX_POINT('',#2385);
#867=VERTEX_POINT('',#2386);
#868=VERTEX_POINT('',#2388);
#869=VERTEX_POINT('',#2391);
#870=VERTEX_POINT('',#2392);
#871=VERTEX_POINT('',#2394);
#872=VERTEX_POINT('',#2398);
#873=VERTEX_POINT('',#2399);
#874=VERTEX_POINT('',#2401);
#875=VERTEX_POINT('',#2404);
#876=VERTEX_POINT('',#2405);
#877=VERTEX_POINT('',#2407);
#878=VERTEX_POINT('',#2409);
#879=VERTEX_POINT('',#2411);
#880=VERTEX_POINT('',#2413);
#881=VERTEX_POINT('',#2415);
#882=VERTEX_POINT('',#2418);
#883=VERTEX_POINT('',#2419);
#884=VERTEX_POINT('',#2421);
#885=VERTEX_POINT('',#2424);
#886=VERTEX_POINT('',#2425);
#887=VERTEX_POINT('',#2427);
#888=VERTEX_POINT('',#2430);
#889=VERTEX_POINT('',#2431);
#890=VERTEX_POINT('',#2433);
#891=VERTEX_POINT('',#2437);
#892=VERTEX_POINT('',#2440);
#893=VERTEX_POINT('',#2450);
#894=VERTEX_POINT('',#2452);
#895=VERTEX_POINT('',#2453);
#896=VERTEX_POINT('',#2455);
#897=VERTEX_POINT('',#2457);
#898=VERTEX_POINT('',#2459);
#899=VERTEX_POINT('',#2461);
#900=VERTEX_POINT('',#2465);
#901=VERTEX_POINT('',#2466);
#902=VERTEX_POINT('',#2468);
#903=VERTEX_POINT('',#2470);
#904=VERTEX_POINT('',#2472);
#905=VERTEX_POINT('',#2474);
#906=VERTEX_POINT('',#2476);
#907=VERTEX_POINT('',#2480);
#908=VERTEX_POINT('',#2482);
#909=VERTEX_POINT('',#2484);
#910=VERTEX_POINT('',#2489);
#911=VERTEX_POINT('',#2490);
#912=VERTEX_POINT('',#2495);
#913=VERTEX_POINT('',#2498);
#914=VERTEX_POINT('',#2502);
#915=VERTEX_POINT('',#2503);
#916=VERTEX_POINT('',#2508);
#917=VERTEX_POINT('',#2535);
#918=VERTEX_POINT('',#2538);
#919=VERTEX_POINT('',#2542);
#920=VERTEX_POINT('',#2555);
#921=VERTEX_POINT('',#2556);
#922=VERTEX_POINT('',#2558);
#923=VERTEX_POINT('',#2561);
#924=VERTEX_POINT('',#2565);
#925=VERTEX_POINT('',#2566);
#926=VERTEX_POINT('',#2568);
#927=VERTEX_POINT('',#2570);
#928=VERTEX_POINT('',#2574);
#929=VERTEX_POINT('',#2576);
#930=VERTEX_POINT('',#2579);
#931=VERTEX_POINT('',#2582);
#932=VERTEX_POINT('',#2586);
#933=VERTEX_POINT('',#2588);
#934=VERTEX_POINT('',#2590);
#935=VERTEX_POINT('',#2592);
#936=VERTEX_POINT('',#2598);
#937=VERTEX_POINT('',#2602);
#938=VERTEX_POINT('',#2603);
#939=VERTEX_POINT('',#2606);
#940=VERTEX_POINT('',#2608);
#941=VERTEX_POINT('',#2610);
#942=VERTEX_POINT('',#2616);
#943=VERTEX_POINT('',#2623);
#944=VERTEX_POINT('',#2631);
#945=VERTEX_POINT('',#2633);
#946=VERTEX_POINT('',#2637);
#947=LINE('',#2244,#1108);
#948=LINE('',#2247,#1109);
#949=LINE('',#2249,#1110);
#950=LINE('',#2251,#1111);
#951=LINE('',#2253,#1112);
#952=LINE('',#2255,#1113);
#953=LINE('',#2257,#1114);
#954=LINE('',#2262,#1115);
#955=LINE('',#2265,#1116);
#956=LINE('',#2267,#1117);
#957=LINE('',#2269,#1118);
#958=LINE('',#2271,#1119);
#959=LINE('',#2273,#1120);
#960=LINE('',#2277,#1121);
#961=LINE('',#2282,#1122);
#962=LINE('',#2283,#1123);
#963=LINE('',#2286,#1124);
#964=LINE('',#2288,#1125);
#965=LINE('',#2290,#1126);
#966=LINE('',#2292,#1127);
#967=LINE('',#2294,#1128);
#968=LINE('',#2296,#1129);
#969=LINE('',#2298,#1130);
#970=LINE('',#2300,#1131);
#971=LINE('',#2302,#1132);
#972=LINE('',#2303,#1133);
#973=LINE('',#2308,#1134);
#974=LINE('',#2310,#1135);
#975=LINE('',#2313,#1136);
#976=LINE('',#2315,#1137);
#977=LINE('',#2317,#1138);
#978=LINE('',#2319,#1139);
#979=LINE('',#2321,#1140);
#980=LINE('',#2323,#1141);
#981=LINE('',#2325,#1142);
#982=LINE('',#2327,#1143);
#983=LINE('',#2330,#1144);
#984=LINE('',#2332,#1145);
#985=LINE('',#2334,#1146);
#986=LINE('',#2338,#1147);
#987=LINE('',#2339,#1148);
#988=LINE('',#2341,#1149);
#989=LINE('',#2345,#1150);
#990=LINE('',#2347,#1151);
#991=LINE('',#2348,#1152);
#992=LINE('',#2350,#1153);
#993=LINE('',#2352,#1154);
#994=LINE('',#2353,#1155);
#995=LINE('',#2355,#1156);
#996=LINE('',#2357,#1157);
#997=LINE('',#2361,#1158);
#998=LINE('',#2363,#1159);
#999=LINE('',#2365,#1160);
#1000=LINE('',#2367,#1161);
#1001=LINE('',#2369,#1162);
#1002=LINE('',#2373,#1163);
#1003=LINE('',#2377,#1164);
#1004=LINE('',#2381,#1165);
#1005=LINE('',#2383,#1166);
#1006=LINE('',#2387,#1167);
#1007=LINE('',#2389,#1168);
#1008=LINE('',#2390,#1169);
#1009=LINE('',#2393,#1170);
#1010=LINE('',#2400,#1171);
#1011=LINE('',#2402,#1172);
#1012=LINE('',#2403,#1173);
#1013=LINE('',#2408,#1174);
#1014=LINE('',#2410,#1175);
#1015=LINE('',#2414,#1176);
#1016=LINE('',#2417,#1177);
#1017=LINE('',#2422,#1178);
#1018=LINE('',#2423,#1179);
#1019=LINE('',#2428,#1180);
#1020=LINE('',#2429,#1181);
#1021=LINE('',#2432,#1182);
#1022=LINE('',#2438,#1183);
#1023=LINE('',#2439,#1184);
#1024=LINE('',#2443,#1185);
#1025=LINE('',#2444,#1186);
#1026=LINE('',#2446,#1187);
#1027=LINE('',#2447,#1188);
#1028=LINE('',#2451,#1189);
#1029=LINE('',#2454,#1190);
#1030=LINE('',#2456,#1191);
#1031=LINE('',#2458,#1192);
#1032=LINE('',#2460,#1193);
#1033=LINE('',#2462,#1194);
#1034=LINE('',#2464,#1195);
#1035=LINE('',#2467,#1196);
#1036=LINE('',#2469,#1197);
#1037=LINE('',#2471,#1198);
#1038=LINE('',#2473,#1199);
#1039=LINE('',#2475,#1200);
#1040=LINE('',#2477,#1201);
#1041=LINE('',#2479,#1202);
#1042=LINE('',#2481,#1203);
#1043=LINE('',#2483,#1204);
#1044=LINE('',#2485,#1205);
#1045=LINE('',#2488,#1206);
#1046=LINE('',#2491,#1207);
#1047=LINE('',#2492,#1208);
#1048=LINE('',#2494,#1209);
#1049=LINE('',#2496,#1210);
#1050=LINE('',#2497,#1211);
#1051=LINE('',#2499,#1212);
#1052=LINE('',#2501,#1213);
#1053=LINE('',#2504,#1214);
#1054=LINE('',#2505,#1215);
#1055=LINE('',#2509,#1216);
#1056=LINE('',#2515,#1217);
#1057=LINE('',#2516,#1218);
#1058=LINE('',#2518,#1219);
#1059=LINE('',#2521,#1220);
#1060=LINE('',#2522,#1221);
#1061=LINE('',#2524,#1222);
#1062=LINE('',#2527,#1223);
#1063=LINE('',#2529,#1224);
#1064=LINE('',#2531,#1225);
#1065=LINE('',#2536,#1226);
#1066=LINE('',#2537,#1227);
#1067=LINE('',#2541,#1228);
#1068=LINE('',#2543,#1229);
#1069=LINE('',#2545,#1230);
#1070=LINE('',#2547,#1231);
#1071=LINE('',#2548,#1232);
#1072=LINE('',#2550,#1233);
#1073=LINE('',#2554,#1234);
#1074=LINE('',#2557,#1235);
#1075=LINE('',#2559,#1236);
#1076=LINE('',#2560,#1237);
#1077=LINE('',#2562,#1238);
#1078=LINE('',#2564,#1239);
#1079=LINE('',#2567,#1240);
#1080=LINE('',#2569,#1241);
#1081=LINE('',#2571,#1242);
#1082=LINE('',#2573,#1243);
#1083=LINE('',#2575,#1244);
#1084=LINE('',#2580,#1245);
#1085=LINE('',#2581,#1246);
#1086=LINE('',#2585,#1247);
#1087=LINE('',#2587,#1248);
#1088=LINE('',#2589,#1249);
#1089=LINE('',#2591,#1250);
#1090=LINE('',#2593,#1251);
#1091=LINE('',#2595,#1252);
#1092=LINE('',#2597,#1253);
#1093=LINE('',#2599,#1254);
#1094=LINE('',#2601,#1255);
#1095=LINE('',#2604,#1256);
#1096=LINE('',#2605,#1257);
#1097=LINE('',#2607,#1258);
#1098=LINE('',#2609,#1259);
#1099=LINE('',#2611,#1260);
#1100=LINE('',#2613,#1261);
#1101=LINE('',#2615,#1262);
#1102=LINE('',#2622,#1263);
#1103=LINE('',#2630,#1264);
#1104=LINE('',#2634,#1265);
#1105=LINE('',#2636,#1266);
#1106=LINE('',#2638,#1267);
#1107=LINE('',#2640,#1268);
#1108=VECTOR('',#1775,1.);
#1109=VECTOR('',#1776,1.);
#1110=VECTOR('',#1777,1.);
#1111=VECTOR('',#1778,1.);
#1112=VECTOR('',#1781,1.);
#1113=VECTOR('',#1782,1.);
#1114=VECTOR('',#1783,1.);
#1115=VECTOR('',#1792,1.);
#1116=VECTOR('',#1793,1.);
#1117=VECTOR('',#1794,1.);
#1118=VECTOR('',#1795,1.);
#1119=VECTOR('',#1796,1.);
#1120=VECTOR('',#1797,1.);
#1121=VECTOR('',#1802,1.);
#1122=VECTOR('',#1805,1.);
#1123=VECTOR('',#1806,1.);
#1124=VECTOR('',#1807,1.);
#1125=VECTOR('',#1808,1.);
#1126=VECTOR('',#1809,1.);
#1127=VECTOR('',#1810,1.);
#1128=VECTOR('',#1811,1.);
#1129=VECTOR('',#1812,1.);
#1130=VECTOR('',#1813,1.);
#1131=VECTOR('',#1814,1.);
#1132=VECTOR('',#1815,1.);
#1133=VECTOR('',#1816,1.);
#1134=VECTOR('',#1819,1.);
#1135=VECTOR('',#1822,1.);
#1136=VECTOR('',#1823,1.);
#1137=VECTOR('',#1824,1.);
#1138=VECTOR('',#1825,1.);
#1139=VECTOR('',#1826,1.);
#1140=VECTOR('',#1827,1.);
#1141=VECTOR('',#1828,1.);
#1142=VECTOR('',#1829,1.);
#1143=VECTOR('',#1832,1.);
#1144=VECTOR('',#1833,1.);
#1145=VECTOR('',#1834,1.);
#1146=VECTOR('',#1835,1.);
#1147=VECTOR('',#1840,1.);
#1148=VECTOR('',#1841,1.);
#1149=VECTOR('',#1842,1.);
#1150=VECTOR('',#1845,1.);
#1151=VECTOR('',#1846,1.);
#1152=VECTOR('',#1847,1.);
#1153=VECTOR('',#1848,1.);
#1154=VECTOR('',#1849,1.);
#1155=VECTOR('',#1850,1.);
#1156=VECTOR('',#1853,1.);
#1157=VECTOR('',#1854,1.);
#1158=VECTOR('',#1857,1.);
#1159=VECTOR('',#1858,1.);
#1160=VECTOR('',#1859,1.);
#1161=VECTOR('',#1860,1.);
#1162=VECTOR('',#1861,1.);
#1163=VECTOR('',#1864,1.);
#1164=VECTOR('',#1867,1.);
#1165=VECTOR('',#1870,1.);
#1166=VECTOR('',#1871,1.);
#1167=VECTOR('',#1874,1.);
#1168=VECTOR('',#1875,1.);
#1169=VECTOR('',#1876,1.);
#1170=VECTOR('',#1877,1.);
#1171=VECTOR('',#1884,1.);
#1172=VECTOR('',#1885,1.);
#1173=VECTOR('',#1886,1.);
#1174=VECTOR('',#1889,1.);
#1175=VECTOR('',#1890,1.);
#1176=VECTOR('',#1893,1.);
#1177=VECTOR('',#1896,1.);
#1178=VECTOR('',#1899,1.);
#1179=VECTOR('',#1900,1.);
#1180=VECTOR('',#1903,1.);
#1181=VECTOR('',#1904,1.);
#1182=VECTOR('',#1905,1.);
#1183=VECTOR('',#1912,1.);
#1184=VECTOR('',#1913,1.);
#1185=VECTOR('',#1918,1.);
#1186=VECTOR('',#1919,1.);
#1187=VECTOR('',#1922,1.);
#1188=VECTOR('',#1923,1.);
#1189=VECTOR('',#1928,1.);
#1190=VECTOR('',#1929,1.);
#1191=VECTOR('',#1930,1.);
#1192=VECTOR('',#1931,1.);
#1193=VECTOR('',#1932,1.);
#1194=VECTOR('',#1933,1.);
#1195=VECTOR('',#1936,1.);
#1196=VECTOR('',#1937,1.);
#1197=VECTOR('',#1938,1.);
#1198=VECTOR('',#1939,1.);
#1199=VECTOR('',#1940,1.);
#1200=VECTOR('',#1941,1.);
#1201=VECTOR('',#1942,1.);
#1202=VECTOR('',#1945,1.);
#1203=VECTOR('',#1946,1.);
#1204=VECTOR('',#1947,1.);
#1205=VECTOR('',#1948,1.);
#1206=VECTOR('',#1953,1.);
#1207=VECTOR('',#1954,1.);
#1208=VECTOR('',#1955,1.);
#1209=VECTOR('',#1958,1.);
#1210=VECTOR('',#1959,1.);
#1211=VECTOR('',#1960,1.);
#1212=VECTOR('',#1961,1.);
#1213=VECTOR('',#1964,1.);
#1214=VECTOR('',#1965,1.);
#1215=VECTOR('',#1966,1.);
#1216=VECTOR('',#1971,1.);
#1217=VECTOR('',#1982,1.);
#1218=VECTOR('',#1983,1.);
#1219=VECTOR('',#1986,1.);
#1220=VECTOR('',#1991,1.);
#1221=VECTOR('',#1992,1.);
#1222=VECTOR('',#1995,1.);
#1223=VECTOR('',#2000,1.);
#1224=VECTOR('',#2003,1.);
#1225=VECTOR('',#2006,1.);
#1226=VECTOR('',#2013,1.);
#1227=VECTOR('',#2014,1.);
#1228=VECTOR('',#2019,1.);
#1229=VECTOR('',#2020,1.);
#1230=VECTOR('',#2023,1.);
#1231=VECTOR('',#2026,1.);
#1232=VECTOR('',#2027,1.);
#1233=VECTOR('',#2030,1.);
#1234=VECTOR('',#2037,1.);
#1235=VECTOR('',#2038,1.);
#1236=VECTOR('',#2039,1.);
#1237=VECTOR('',#2040,1.);
#1238=VECTOR('',#2041,1.);
#1239=VECTOR('',#2044,1.);
#1240=VECTOR('',#2045,1.);
#1241=VECTOR('',#2046,1.);
#1242=VECTOR('',#2047,1.);
#1243=VECTOR('',#2050,1.);
#1244=VECTOR('',#2051,1.);
#1245=VECTOR('',#2056,1.);
#1246=VECTOR('',#2057,1.);
#1247=VECTOR('',#2062,1.);
#1248=VECTOR('',#2063,1.);
#1249=VECTOR('',#2064,1.);
#1250=VECTOR('',#2065,1.);
#1251=VECTOR('',#2066,1.);
#1252=VECTOR('',#2069,1.);
#1253=VECTOR('',#2072,1.);
#1254=VECTOR('',#2073,1.);
#1255=VECTOR('',#2076,1.);
#1256=VECTOR('',#2077,1.);
#1257=VECTOR('',#2078,1.);
#1258=VECTOR('',#2079,1.);
#1259=VECTOR('',#2080,1.);
#1260=VECTOR('',#2081,1.);
#1261=VECTOR('',#2084,1.);
#1262=VECTOR('',#2087,1.);
#1263=VECTOR('',#2098,1.);
#1264=VECTOR('',#2111,1.);
#1265=VECTOR('',#2114,1.);
#1266=VECTOR('',#2117,1.);
#1267=VECTOR('',#2118,1.);
#1268=VECTOR('',#2121,1.);
#1269=EDGE_LOOP('',(#120,#121,#122,#123));
#1270=EDGE_LOOP('',(#124,#125,#126,#127));
#1271=EDGE_LOOP('',(#128,#129,#130,#131));
#1272=EDGE_LOOP('',(#132,#133,#134,#135,#136,#137,#138));
#1273=EDGE_LOOP('',(#139,#140,#141));
#1274=EDGE_LOOP('',(#142,#143,#144));
#1275=EDGE_LOOP('',(#145,#146,#147,#148,#149,#150,#151,#152,#153,#154));
#1276=EDGE_LOOP('',(#155,#156,#157));
#1277=EDGE_LOOP('',(#158,#159,#160,#161,#162,#163,#164,#165));
#1278=EDGE_LOOP('',(#166,#167,#168,#169));
#1279=EDGE_LOOP('',(#170,#171,#172,#173,#174,#175,#176,#177,#178,#179,#180,
#181,#182,#183,#184));
#1280=EDGE_LOOP('',(#185,#186,#187,#188,#189,#190,#191,#192,#193));
#1281=EDGE_LOOP('',(#194,#195,#196,#197,#198,#199,#200));
#1282=EDGE_LOOP('',(#201,#202,#203));
#1283=EDGE_LOOP('',(#204,#205,#206));
#1284=EDGE_LOOP('',(#207,#208,#209));
#1285=EDGE_LOOP('',(#210,#211,#212,#213,#214,#215,#216));
#1286=EDGE_LOOP('',(#217,#218,#219));
#1287=EDGE_LOOP('',(#220,#221,#222));
#1288=EDGE_LOOP('',(#223,#224,#225));
#1289=EDGE_LOOP('',(#226,#227,#228,#229,#230,#231));
#1290=EDGE_LOOP('',(#232,#233,#234,#235));
#1291=EDGE_LOOP('',(#236,#237,#238,#239));
#1292=EDGE_LOOP('',(#240));
#1293=EDGE_LOOP('',(#241,#242,#243,#244,#245,#246));
#1294=EDGE_LOOP('',(#247,#248,#249,#250,#251,#252,#253));
#1295=EDGE_LOOP('',(#254,#255,#256,#257,#258,#259));
#1296=EDGE_LOOP('',(#260,#261,#262,#263));
#1297=EDGE_LOOP('',(#264,#265,#266,#267));
#1298=EDGE_LOOP('',(#268,#269,#270,#271,#272,#273,#274));
#1299=EDGE_LOOP('',(#275,#276,#277,#278));
#1300=EDGE_LOOP('',(#279));
#1301=EDGE_LOOP('',(#280,#281,#282,#283));
#1302=EDGE_LOOP('',(#284,#285,#286,#287,#288,#289,#290,#291,#292));
#1303=EDGE_LOOP('',(#293,#294,#295,#296));
#1304=EDGE_LOOP('',(#297,#298,#299,#300));
#1305=EDGE_LOOP('',(#301,#302,#303,#304));
#1306=EDGE_LOOP('',(#305,#306,#307,#308));
#1307=EDGE_LOOP('',(#309,#310,#311,#312));
#1308=EDGE_LOOP('',(#313,#314,#315,#316));
#1309=EDGE_LOOP('',(#317,#318,#319,#320));
#1310=EDGE_LOOP('',(#321,#322,#323,#324));
#1311=EDGE_LOOP('',(#325,#326,#327,#328));
#1312=EDGE_LOOP('',(#329,#330,#331,#332));
#1313=EDGE_LOOP('',(#333,#334,#335,#336,#337,#338,#339));
#1314=EDGE_LOOP('',(#340,#341,#342,#343));
#1315=EDGE_LOOP('',(#344,#345,#346,#347));
#1316=EDGE_LOOP('',(#348,#349,#350,#351));
#1317=EDGE_LOOP('',(#352,#353,#354,#355));
#1318=EDGE_LOOP('',(#356,#357,#358,#359));
#1319=EDGE_LOOP('',(#360,#361,#362,#363,#364,#365,#366,#367));
#1320=EDGE_LOOP('',(#368,#369,#370,#371,#372,#373));
#1321=EDGE_LOOP('',(#374,#375,#376,#377));
#1322=EDGE_LOOP('',(#378,#379,#380,#381,#382,#383,#384,#385,#386,#387,#388));
#1323=EDGE_LOOP('',(#389,#390,#391,#392,#393,#394,#395,#396));
#1324=EDGE_LOOP('',(#397,#398,#399,#400));
#1325=EDGE_LOOP('',(#401,#402,#403,#404));
#1326=EDGE_LOOP('',(#405,#406,#407,#408,#409,#410,#411,#412));
#1327=EDGE_LOOP('',(#413,#414,#415,#416));
#1328=EDGE_LOOP('',(#417,#418,#419,#420,#421));
#1329=EDGE_LOOP('',(#422,#423,#424,#425,#426));
#1330=EDGE_LOOP('',(#427,#428,#429,#430,#431,#432,#433));
#1331=EDGE_LOOP('',(#434,#435,#436,#437,#438));
#1332=EDGE_LOOP('',(#439));
#1333=EDGE_LOOP('',(#440));
#1334=EDGE_LOOP('',(#441,#442,#443,#444));
#1335=EDGE_LOOP('',(#445,#446,#447,#448));
#1336=EDGE_LOOP('',(#449,#450,#451,#452));
#1337=EDGE_LOOP('',(#453,#454,#455));
#1338=EDGE_LOOP('',(#456,#457,#458));
#1339=EDGE_LOOP('',(#459,#460,#461,#462,#463));
#1340=EDGE_LOOP('',(#464,#465,#466,#467));
#1341=EDGE_LOOP('',(#468,#469,#470,#471));
#1342=EDGE_LOOP('',(#472,#473,#474));
#1343=EDGE_LOOP('',(#475,#476,#477));
#1344=EDGE_LOOP('',(#478,#479,#480,#481));
#1345=EDGE_LOOP('',(#482,#483,#484,#485));
#1346=EDGE_LOOP('',(#486,#487,#488,#489));
#1347=EDGE_LOOP('',(#490,#491,#492,#493));
#1348=EDGE_LOOP('',(#494,#495,#496,#497));
#1349=EDGE_LOOP('',(#498,#499,#500,#501));
#1350=EDGE_LOOP('',(#502,#503,#504));
#1351=EDGE_LOOP('',(#505,#506,#507));
#1352=EDGE_LOOP('',(#508,#509,#510));
#1353=EDGE_LOOP('',(#511,#512,#513,#514));
#1354=EDGE_LOOP('',(#515,#516,#517,#518));
#1355=EDGE_LOOP('',(#519,#520,#521,#522));
#1356=EDGE_LOOP('',(#523,#524,#525,#526));
#1357=EDGE_LOOP('',(#527,#528,#529,#530));
#1358=EDGE_LOOP('',(#531,#532,#533));
#1359=EDGE_LOOP('',(#534,#535,#536));
#1360=EDGE_LOOP('',(#537,#538,#539,#540));
#1361=EDGE_LOOP('',(#541,#542,#543,#544));
#1362=EDGE_LOOP('',(#545,#546,#547));
#1363=EDGE_LOOP('',(#548,#549,#550,#551));
#1364=EDGE_LOOP('',(#552,#553,#554,#555));
#1365=EDGE_LOOP('',(#556,#557,#558));
#1366=EDGE_LOOP('',(#559,#560,#561,#562));
#1367=EDGE_LOOP('',(#563,#564,#565,#566));
#1368=EDGE_LOOP('',(#567,#568,#569,#570,#571));
#1369=EDGE_LOOP('',(#572,#573,#574,#575));
#1370=FACE_BOUND('',#1269,.T.);
#1371=FACE_BOUND('',#1270,.T.);
#1372=FACE_BOUND('',#1271,.T.);
#1373=FACE_BOUND('',#1272,.T.);
#1374=FACE_BOUND('',#1273,.T.);
#1375=FACE_BOUND('',#1274,.T.);
#1376=FACE_BOUND('',#1275,.T.);
#1377=FACE_BOUND('',#1276,.T.);
#1378=FACE_BOUND('',#1277,.T.);
#1379=FACE_BOUND('',#1278,.T.);
#1380=FACE_BOUND('',#1279,.T.);
#1381=FACE_BOUND('',#1280,.T.);
#1382=FACE_BOUND('',#1281,.T.);
#1383=FACE_BOUND('',#1282,.T.);
#1384=FACE_BOUND('',#1283,.T.);
#1385=FACE_BOUND('',#1284,.T.);
#1386=FACE_BOUND('',#1285,.T.);
#1387=FACE_BOUND('',#1286,.T.);
#1388=FACE_BOUND('',#1287,.T.);
#1389=FACE_BOUND('',#1288,.T.);
#1390=FACE_BOUND('',#1289,.T.);
#1391=FACE_BOUND('',#1290,.T.);
#1392=FACE_BOUND('',#1291,.T.);
#1393=FACE_BOUND('',#1292,.T.);
#1394=FACE_BOUND('',#1293,.T.);
#1395=FACE_BOUND('',#1294,.T.);
#1396=FACE_BOUND('',#1295,.T.);
#1397=FACE_BOUND('',#1296,.T.);
#1398=FACE_BOUND('',#1297,.T.);
#1399=FACE_BOUND('',#1298,.T.);
#1400=FACE_BOUND('',#1299,.T.);
#1401=FACE_BOUND('',#1300,.T.);
#1402=FACE_BOUND('',#1301,.T.);
#1403=FACE_BOUND('',#1302,.T.);
#1404=FACE_BOUND('',#1303,.T.);
#1405=FACE_BOUND('',#1304,.T.);
#1406=FACE_BOUND('',#1305,.T.);
#1407=FACE_BOUND('',#1306,.T.);
#1408=FACE_BOUND('',#1307,.T.);
#1409=FACE_BOUND('',#1308,.T.);
#1410=FACE_BOUND('',#1309,.T.);
#1411=FACE_BOUND('',#1310,.T.);
#1412=FACE_BOUND('',#1311,.T.);
#1413=FACE_BOUND('',#1312,.T.);
#1414=FACE_BOUND('',#1313,.T.);
#1415=FACE_BOUND('',#1314,.T.);
#1416=FACE_BOUND('',#1315,.T.);
#1417=FACE_BOUND('',#1316,.T.);
#1418=FACE_BOUND('',#1317,.T.);
#1419=FACE_BOUND('',#1318,.T.);
#1420=FACE_BOUND('',#1319,.T.);
#1421=FACE_BOUND('',#1320,.T.);
#1422=FACE_BOUND('',#1321,.T.);
#1423=FACE_BOUND('',#1322,.T.);
#1424=FACE_BOUND('',#1323,.T.);
#1425=FACE_BOUND('',#1324,.T.);
#1426=FACE_BOUND('',#1325,.T.);
#1427=FACE_BOUND('',#1326,.T.);
#1428=FACE_BOUND('',#1327,.T.);
#1429=FACE_BOUND('',#1328,.T.);
#1430=FACE_BOUND('',#1329,.T.);
#1431=FACE_BOUND('',#1330,.T.);
#1432=FACE_BOUND('',#1331,.T.);
#1433=FACE_BOUND('',#1332,.T.);
#1434=FACE_BOUND('',#1333,.T.);
#1435=FACE_BOUND('',#1334,.T.);
#1436=FACE_BOUND('',#1335,.T.);
#1437=FACE_BOUND('',#1336,.T.);
#1438=FACE_BOUND('',#1337,.T.);
#1439=FACE_BOUND('',#1338,.T.);
#1440=FACE_BOUND('',#1339,.T.);
#1441=FACE_BOUND('',#1340,.T.);
#1442=FACE_BOUND('',#1341,.T.);
#1443=FACE_BOUND('',#1342,.T.);
#1444=FACE_BOUND('',#1343,.T.);
#1445=FACE_BOUND('',#1344,.T.);
#1446=FACE_BOUND('',#1345,.T.);
#1447=FACE_BOUND('',#1346,.T.);
#1448=FACE_BOUND('',#1347,.T.);
#1449=FACE_BOUND('',#1348,.T.);
#1450=FACE_BOUND('',#1349,.T.);
#1451=FACE_BOUND('',#1350,.T.);
#1452=FACE_BOUND('',#1351,.T.);
#1453=FACE_BOUND('',#1352,.T.);
#1454=FACE_BOUND('',#1353,.T.);
#1455=FACE_BOUND('',#1354,.T.);
#1456=FACE_BOUND('',#1355,.T.);
#1457=FACE_BOUND('',#1356,.T.);
#1458=FACE_BOUND('',#1357,.T.);
#1459=FACE_BOUND('',#1358,.T.);
#1460=FACE_BOUND('',#1359,.T.);
#1461=FACE_BOUND('',#1360,.T.);
#1462=FACE_BOUND('',#1361,.T.);
#1463=FACE_BOUND('',#1362,.T.);
#1464=FACE_BOUND('',#1363,.T.);
#1465=FACE_BOUND('',#1364,.T.);
#1466=FACE_BOUND('',#1365,.T.);
#1467=FACE_BOUND('',#1366,.T.);
#1468=FACE_BOUND('',#1367,.T.);
#1469=FACE_BOUND('',#1368,.T.);
#1470=FACE_BOUND('',#1369,.T.);
#1471=PLANE('',#1617);
#1472=PLANE('',#1618);
#1473=PLANE('',#1622);
#1474=PLANE('',#1624);
#1475=PLANE('',#1627);
#1476=PLANE('',#1628);
#1477=PLANE('',#1629);
#1478=PLANE('',#1632);
#1479=PLANE('',#1639);
#1480=PLANE('',#1647);
#1481=PLANE('',#1650);
#1482=PLANE('',#1651);
#1483=PLANE('',#1652);
#1484=PLANE('',#1654);
#1485=PLANE('',#1655);
#1486=PLANE('',#1657);
#1487=PLANE('',#1658);
#1488=PLANE('',#1659);
#1489=PLANE('',#1660);
#1490=PLANE('',#1662);
#1491=PLANE('',#1667);
#1492=PLANE('',#1668);
#1493=PLANE('',#1670);
#1494=PLANE('',#1671);
#1495=PLANE('',#1673);
#1496=PLANE('',#1674);
#1497=PLANE('',#1679);
#1498=PLANE('',#1680);
#1499=PLANE('',#1681);
#1500=PLANE('',#1682);
#1501=PLANE('',#1684);
#1502=PLANE('',#1685);
#1503=PLANE('',#1686);
#1504=PLANE('',#1687);
#1505=PLANE('',#1691);
#1506=PLANE('',#1692);
#1507=PLANE('',#1693);
#1508=PLANE('',#1694);
#1509=PLANE('',#1695);
#1510=PLANE('',#1696);
#1511=PLANE('',#1698);
#1512=PLANE('',#1700);
#1513=PLANE('',#1704);
#1514=PLANE('',#1709);
#1515=PLANE('',#1710);
#1516=PLANE('',#1711);
#1517=ADVANCED_FACE('',(#1370),#1471,.T.);
#1518=ADVANCED_FACE('',(#1371),#1472,.F.);
#1519=ADVANCED_FACE('',(#1372),#88,.F.);
#1520=ADVANCED_FACE('',(#1373,#1374),#1473,.T.);
#1521=ADVANCED_FACE('',(#1375,#1376,#1377),#1474,.F.);
#1522=ADVANCED_FACE('',(#1378),#1475,.T.);
#1523=ADVANCED_FACE('',(#1379),#1476,.F.);
#1524=ADVANCED_FACE('',(#1380),#1477,.T.);
#1525=ADVANCED_FACE('',(#1381,#1382,#1383,#1384),#1478,.T.);
#1526=ADVANCED_FACE('',(#1385,#1386,#1387,#1388,#1389),#1479,.F.);
#1527=ADVANCED_FACE('',(#1390),#1480,.T.);
#1528=ADVANCED_FACE('',(#1391),#1481,.F.);
#1529=ADVANCED_FACE('',(#1392),#1482,.T.);
#1530=ADVANCED_FACE('',(#1393,#1394),#1483,.F.);
#1531=ADVANCED_FACE('',(#1395),#1484,.T.);
#1532=ADVANCED_FACE('',(#1396),#1485,.F.);
#1533=ADVANCED_FACE('',(#1397),#89,.F.);
#1534=ADVANCED_FACE('',(#1398),#1486,.F.);
#1535=ADVANCED_FACE('',(#1399),#1487,.F.);
#1536=ADVANCED_FACE('',(#1400),#1488,.T.);
#1537=ADVANCED_FACE('',(#1401,#1402),#1489,.T.);
#1538=ADVANCED_FACE('',(#1403),#1490,.T.);
#1539=ADVANCED_FACE('',(#1404),#90,.F.);
#1540=ADVANCED_FACE('',(#1405),#1491,.T.);
#1541=ADVANCED_FACE('',(#1406),#1492,.F.);
#1542=ADVANCED_FACE('',(#1407),#91,.F.);
#1543=ADVANCED_FACE('',(#1408),#1493,.T.);
#1544=ADVANCED_FACE('',(#1409),#1494,.F.);
#1545=ADVANCED_FACE('',(#1410),#92,.F.);
#1546=ADVANCED_FACE('',(#1411),#1495,.T.);
#1547=ADVANCED_FACE('',(#1412),#1496,.F.);
#1548=ADVANCED_FACE('',(#1413),#93,.F.);
#1549=ADVANCED_FACE('',(#1414),#94,.F.);
#1550=ADVANCED_FACE('',(#1415),#1497,.T.);
#1551=ADVANCED_FACE('',(#1416),#1498,.F.);
#1552=ADVANCED_FACE('',(#1417),#1499,.T.);
#1553=ADVANCED_FACE('',(#1418),#1500,.F.);
#1554=ADVANCED_FACE('',(#1419),#95,.F.);
#1555=ADVANCED_FACE('',(#1420),#1501,.F.);
#1556=ADVANCED_FACE('',(#1421),#1502,.T.);
#1557=ADVANCED_FACE('',(#1422),#1503,.T.);
#1558=ADVANCED_FACE('',(#1423),#1504,.F.);
#1559=ADVANCED_FACE('',(#1424),#1505,.T.);
#1560=ADVANCED_FACE('',(#1425),#1506,.T.);
#1561=ADVANCED_FACE('',(#1426),#1507,.T.);
#1562=ADVANCED_FACE('',(#1427),#1508,.F.);
#1563=ADVANCED_FACE('',(#1428),#1509,.F.);
#1564=ADVANCED_FACE('',(#1429),#1510,.T.);
#1565=ADVANCED_FACE('',(#1430),#1511,.F.);
#1566=ADVANCED_FACE('',(#1431),#1512,.T.);
#1567=ADVANCED_FACE('',(#1432),#1513,.F.);
#1568=ADVANCED_FACE('',(#1433,#1434),#96,.F.);
#1569=ADVANCED_FACE('',(#1435),#97,.F.);
#1570=ADVANCED_FACE('',(#1436),#1514,.T.);
#1571=ADVANCED_FACE('',(#1437),#1515,.F.);
#1572=ADVANCED_FACE('',(#1438,#1439),#1516,.T.);
#1573=ADVANCED_FACE('',(#1440),#98,.T.);
#1574=ADVANCED_FACE('',(#1441),#99,.T.);
#1575=ADVANCED_FACE('',(#1442),#100,.T.);
#1576=ADVANCED_FACE('',(#1443),#12,.T.);
#1577=ADVANCED_FACE('',(#1444),#13,.T.);
#1578=ADVANCED_FACE('',(#1445),#101,.T.);
#1579=ADVANCED_FACE('',(#1446),#102,.T.);
#1580=ADVANCED_FACE('',(#1447),#103,.T.);
#1581=ADVANCED_FACE('',(#1448),#104,.T.);
#1582=ADVANCED_FACE('',(#1449),#105,.T.);
#1583=ADVANCED_FACE('',(#1450),#106,.T.);
#1584=ADVANCED_FACE('',(#1451),#14,.T.);
#1585=ADVANCED_FACE('',(#1452),#15,.T.);
#1586=ADVANCED_FACE('',(#1453),#16,.T.);
#1587=ADVANCED_FACE('',(#1454),#107,.T.);
#1588=ADVANCED_FACE('',(#1455),#108,.T.);
#1589=ADVANCED_FACE('',(#1456),#109,.T.);
#1590=ADVANCED_FACE('',(#1457),#110,.T.);
#1591=ADVANCED_FACE('',(#1458),#111,.T.);
#1592=ADVANCED_FACE('',(#1459),#17,.T.);
#1593=ADVANCED_FACE('',(#1460),#18,.T.);
#1594=ADVANCED_FACE('',(#1461),#112,.T.);
#1595=ADVANCED_FACE('',(#1462),#113,.T.);
#1596=ADVANCED_FACE('',(#1463),#19,.T.);
#1597=ADVANCED_FACE('',(#1464),#114,.T.);
#1598=ADVANCED_FACE('',(#1465),#115,.T.);
#1599=ADVANCED_FACE('',(#1466),#20,.T.);
#1600=ADVANCED_FACE('',(#1467),#116,.T.);
#1601=ADVANCED_FACE('',(#1468),#117,.T.);
#1602=ADVANCED_FACE('',(#1469),#118,.T.);
#1603=ADVANCED_FACE('',(#1470),#119,.T.);
#1604=CLOSED_SHELL('',(#1517,#1518,#1519,#1520,#1521,#1522,#1523,#1524,
#1525,#1526,#1527,#1528,#1529,#1530,#1531,#1532,#1533,#1534,#1535,#1536,
#1537,#1538,#1539,#1540,#1541,#1542,#1543,#1544,#1545,#1546,#1547,#1548,
#1549,#1550,#1551,#1552,#1553,#1554,#1555,#1556,#1557,#1558,#1559,#1560,
#1561,#1562,#1563,#1564,#1565,#1566,#1567,#1568,#1569,#1570,#1571,#1572,
#1573,#1574,#1575,#1576,#1577,#1578,#1579,#1580,#1581,#1582,#1583,#1584,
#1585,#1586,#1587,#1588,#1589,#1590,#1591,#1592,#1593,#1594,#1595,#1596,
#1597,#1598,#1599,#1600,#1601,#1602,#1603));
#1605=STYLED_ITEM('',(#1606),#1613);
#1606=PRESENTATION_STYLE_ASSIGNMENT((#1607));
#1607=SURFACE_STYLE_USAGE(.BOTH.,#1608);
#1608=SURFACE_SIDE_STYLE('',(#1609));
#1609=SURFACE_STYLE_FILL_AREA(#1610);
#1610=FILL_AREA_STYLE('',(#1611));
#1611=FILL_AREA_STYLE_COLOUR('',#1612);
#1612=COLOUR_RGB('',0.615686274509804,0.811764705882353,0.929411764705882);
#1613=MANIFOLD_SOLID_BREP('leadscrew block',#1604);
#1614=SHAPE_DEFINITION_REPRESENTATION(#2707,#1615);
#1615=SHAPE_REPRESENTATION('leadscrew block',(#1616),#2702);
#1616=AXIS2_PLACEMENT_3D('',#2242,#1771,#1772);
#1617=AXIS2_PLACEMENT_3D('',#2243,#1773,#1774);
#1618=AXIS2_PLACEMENT_3D('',#2252,#1779,#1780);
#1619=AXIS2_PLACEMENT_3D('',#2258,#1784,#1785);
#1620=AXIS2_PLACEMENT_3D('',#2259,#1786,#1787);
#1621=AXIS2_PLACEMENT_3D('',#2260,#1788,#1789);
#1622=AXIS2_PLACEMENT_3D('',#2261,#1790,#1791);
#1623=AXIS2_PLACEMENT_3D('',#2275,#1798,#1799);
#1624=AXIS2_PLACEMENT_3D('',#2276,#1800,#1801);
#1625=AXIS2_PLACEMENT_3D('',#2280,#1803,#1804);
#1626=AXIS2_PLACEMENT_3D('',#2306,#1817,#1818);
#1627=AXIS2_PLACEMENT_3D('',#2309,#1820,#1821);
#1628=AXIS2_PLACEMENT_3D('',#2326,#1830,#1831);
#1629=AXIS2_PLACEMENT_3D('',#2335,#1836,#1837);
#1630=AXIS2_PLACEMENT_3D('',#2336,#1838,#1839);
#1631=AXIS2_PLACEMENT_3D('',#2343,#1843,#1844);
#1632=AXIS2_PLACEMENT_3D('',#2354,#1851,#1852);
#1633=AXIS2_PLACEMENT_3D('',#2359,#1855,#1856);
#1634=AXIS2_PLACEMENT_3D('',#2370,#1862,#1863);
#1635=AXIS2_PLACEMENT_3D('',#2375,#1865,#1866);
#1636=AXIS2_PLACEMENT_3D('',#2379,#1868,#1869);
#1637=AXIS2_PLACEMENT_3D('',#2384,#1872,#1873);
#1638=AXIS2_PLACEMENT_3D('',#2395,#1878,#1879);
#1639=AXIS2_PLACEMENT_3D('',#2396,#1880,#1881);
#1640=AXIS2_PLACEMENT_3D('',#2397,#1882,#1883);
#1641=AXIS2_PLACEMENT_3D('',#2406,#1887,#1888);
#1642=AXIS2_PLACEMENT_3D('',#2412,#1891,#1892);
#1643=AXIS2_PLACEMENT_3D('',#2416,#1894,#1895);
#1644=AXIS2_PLACEMENT_3D('',#2420,#1897,#1898);
#1645=AXIS2_PLACEMENT_3D('',#2426,#1901,#1902);
#1646=AXIS2_PLACEMENT_3D('',#2434,#1906,#1907);
#1647=AXIS2_PLACEMENT_3D('',#2435,#1908,#1909);
#1648=AXIS2_PLACEMENT_3D('',#2436,#1910,#1911);
#1649=AXIS2_PLACEMENT_3D('',#2441,#1914,#1915);
#1650=AXIS2_PLACEMENT_3D('',#2442,#1916,#1917);
#1651=AXIS2_PLACEMENT_3D('',#2445,#1920,#1921);
#1652=AXIS2_PLACEMENT_3D('',#2448,#1924,#1925);
#1653=AXIS2_PLACEMENT_3D('',#2449,#1926,#1927);
#1654=AXIS2_PLACEMENT_3D('',#2463,#1934,#1935);
#1655=AXIS2_PLACEMENT_3D('',#2478,#1943,#1944);
#1656=AXIS2_PLACEMENT_3D('',#2486,#1949,#1950);
#1657=AXIS2_PLACEMENT_3D('',#2487,#1951,#1952);
#1658=AXIS2_PLACEMENT_3D('',#2493,#1956,#1957);
#1659=AXIS2_PLACEMENT_3D('',#2500,#1962,#1963);
#1660=AXIS2_PLACEMENT_3D('',#2506,#1967,#1968);
#1661=AXIS2_PLACEMENT_3D('',#2507,#1969,#1970);
#1662=AXIS2_PLACEMENT_3D('',#2510,#1972,#1973);
#1663=AXIS2_PLACEMENT_3D('',#2511,#1974,#1975);
#1664=AXIS2_PLACEMENT_3D('',#2512,#1976,#1977);
#1665=AXIS2_PLACEMENT_3D('',#2513,#1978,#1979);
#1666=AXIS2_PLACEMENT_3D('',#2514,#1980,#1981);
#1667=AXIS2_PLACEMENT_3D('',#2517,#1984,#1985);
#1668=AXIS2_PLACEMENT_3D('',#2519,#1987,#1988);
#1669=AXIS2_PLACEMENT_3D('',#2520,#1989,#1990);
#1670=AXIS2_PLACEMENT_3D('',#2523,#1993,#1994);
#1671=AXIS2_PLACEMENT_3D('',#2525,#1996,#1997);
#1672=AXIS2_PLACEMENT_3D('',#2526,#1998,#1999);
#1673=AXIS2_PLACEMENT_3D('',#2528,#2001,#2002);
#1674=AXIS2_PLACEMENT_3D('',#2530,#2004,#2005);
#1675=AXIS2_PLACEMENT_3D('',#2532,#2007,#2008);
#1676=AXIS2_PLACEMENT_3D('',#2533,#2009,#2010);
#1677=AXIS2_PLACEMENT_3D('',#2534,#2011,#2012);
#1678=AXIS2_PLACEMENT_3D('',#2539,#2015,#2016);
#1679=AXIS2_PLACEMENT_3D('',#2540,#2017,#2018);
#1680=AXIS2_PLACEMENT_3D('',#2544,#2021,#2022);
#1681=AXIS2_PLACEMENT_3D('',#2546,#2024,#2025);
#1682=AXIS2_PLACEMENT_3D('',#2549,#2028,#2029);
#1683=AXIS2_PLACEMENT_3D('',#2551,#2031,#2032);
#1684=AXIS2_PLACEMENT_3D('',#2552,#2033,#2034);
#1685=AXIS2_PLACEMENT_3D('',#2553,#2035,#2036);
#1686=AXIS2_PLACEMENT_3D('',#2563,#2042,#2043);
#1687=AXIS2_PLACEMENT_3D('',#2572,#2048,#2049);
#1688=AXIS2_PLACEMENT_3D('',#2577,#2052,#2053);
#1689=AXIS2_PLACEMENT_3D('',#2578,#2054,#2055);
#1690=AXIS2_PLACEMENT_3D('',#2583,#2058,#2059);
#1691=AXIS2_PLACEMENT_3D('',#2584,#2060,#2061);
#1692=AXIS2_PLACEMENT_3D('',#2594,#2067,#2068);
#1693=AXIS2_PLACEMENT_3D('',#2596,#2070,#2071);
#1694=AXIS2_PLACEMENT_3D('',#2600,#2074,#2075);
#1695=AXIS2_PLACEMENT_3D('',#2612,#2082,#2083);
#1696=AXIS2_PLACEMENT_3D('',#2614,#2085,#2086);
#1697=AXIS2_PLACEMENT_3D('',#2617,#2088,#2089);
#1698=AXIS2_PLACEMENT_3D('',#2618,#2090,#2091);
#1699=AXIS2_PLACEMENT_3D('',#2619,#2092,#2093);
#1700=AXIS2_PLACEMENT_3D('',#2620,#2094,#2095);
#1701=AXIS2_PLACEMENT_3D('',#2621,#2096,#2097);
#1702=AXIS2_PLACEMENT_3D('',#2624,#2099,#2100);
#1703=AXIS2_PLACEMENT_3D('',#2625,#2101,#2102);
#1704=AXIS2_PLACEMENT_3D('',#2626,#2103,#2104);
#1705=AXIS2_PLACEMENT_3D('',#2627,#2105,#2106);
#1706=AXIS2_PLACEMENT_3D('',#2628,#2107,#2108);
#1707=AXIS2_PLACEMENT_3D('',#2629,#2109,#2110);
#1708=AXIS2_PLACEMENT_3D('',#2632,#2112,#2113);
#1709=AXIS2_PLACEMENT_3D('',#2635,#2115,#2116);
#1710=AXIS2_PLACEMENT_3D('',#2639,#2119,#2120);
#1711=AXIS2_PLACEMENT_3D('',#2641,#2122,#2123);
#1712=AXIS2_PLACEMENT_3D('',#2642,#2124,#2125);
#1713=AXIS2_PLACEMENT_3D('',#2643,#2126,#2127);
#1714=AXIS2_PLACEMENT_3D('',#2644,#2128,#2129);
#1715=AXIS2_PLACEMENT_3D('',#2645,#2130,#2131);
#1716=AXIS2_PLACEMENT_3D('',#2646,#2132,#2133);
#1717=AXIS2_PLACEMENT_3D('',#2647,#2134,#2135);
#1718=AXIS2_PLACEMENT_3D('',#2648,#2136,#2137);
#1719=AXIS2_PLACEMENT_3D('',#2649,#2138,#2139);
#1720=AXIS2_PLACEMENT_3D('',#2650,#2140,#2141);
#1721=AXIS2_PLACEMENT_3D('',#2651,#2142,#2143);
#1722=AXIS2_PLACEMENT_3D('',#2652,#2144,#2145);
#1723=AXIS2_PLACEMENT_3D('',#2653,#2146,#2147);
#1724=AXIS2_PLACEMENT_3D('',#2654,#2148,#2149);
#1725=AXIS2_PLACEMENT_3D('',#2655,#2150,#2151);
#1726=AXIS2_PLACEMENT_3D('',#2656,#2152,#2153);
#1727=AXIS2_PLACEMENT_3D('',#2657,#2154,#2155);
#1728=AXIS2_PLACEMENT_3D('',#2658,#2156,#2157);
#1729=AXIS2_PLACEMENT_3D('',#2659,#2158,#2159);
#1730=AXIS2_PLACEMENT_3D('',#2660,#2160,#2161);
#1731=AXIS2_PLACEMENT_3D('',#2661,#2162,#2163);
#1732=AXIS2_PLACEMENT_3D('',#2662,#2164,#2165);
#1733=AXIS2_PLACEMENT_3D('',#2663,#2166,#2167);
#1734=AXIS2_PLACEMENT_3D('',#2664,#2168,#2169);
#1735=AXIS2_PLACEMENT_3D('',#2665,#2170,#2171);
#1736=AXIS2_PLACEMENT_3D('',#2666,#2172,#2173);
#1737=AXIS2_PLACEMENT_3D('',#2667,#2174,#2175);
#1738=AXIS2_PLACEMENT_3D('',#2668,#2176,#2177);
#1739=AXIS2_PLACEMENT_3D('',#2669,#2178,#2179);
#1740=AXIS2_PLACEMENT_3D('',#2670,#2180,#2181);
#1741=AXIS2_PLACEMENT_3D('',#2671,#2182,#2183);
#1742=AXIS2_PLACEMENT_3D('',#2672,#2184,#2185);
#1743=AXIS2_PLACEMENT_3D('',#2673,#2186,#2187);
#1744=AXIS2_PLACEMENT_3D('',#2674,#2188,#2189);
#1745=AXIS2_PLACEMENT_3D('',#2675,#2190,#2191);
#1746=AXIS2_PLACEMENT_3D('',#2676,#2192,#2193);
#1747=AXIS2_PLACEMENT_3D('',#2677,#2194,#2195);
#1748=AXIS2_PLACEMENT_3D('',#2678,#2196,#2197);
#1749=AXIS2_PLACEMENT_3D('',#2679,#2198,#2199);
#1750=AXIS2_PLACEMENT_3D('',#2680,#2200,#2201);
#1751=AXIS2_PLACEMENT_3D('',#2681,#2202,#2203);
#1752=AXIS2_PLACEMENT_3D('',#2682,#2204,#2205);
#1753=AXIS2_PLACEMENT_3D('',#2683,#2206,#2207);
#1754=AXIS2_PLACEMENT_3D('',#2684,#2208,#2209);
#1755=AXIS2_PLACEMENT_3D('',#2685,#2210,#2211);
#1756=AXIS2_PLACEMENT_3D('',#2686,#2212,#2213);
#1757=AXIS2_PLACEMENT_3D('',#2687,#2214,#2215);
#1758=AXIS2_PLACEMENT_3D('',#2688,#2216,#2217);
#1759=AXIS2_PLACEMENT_3D('',#2689,#2218,#2219);
#1760=AXIS2_PLACEMENT_3D('',#2690,#2220,#2221);
#1761=AXIS2_PLACEMENT_3D('',#2691,#2222,#2223);
#1762=AXIS2_PLACEMENT_3D('',#2692,#2224,#2225);
#1763=AXIS2_PLACEMENT_3D('',#2693,#2226,#2227);
#1764=AXIS2_PLACEMENT_3D('',#2694,#2228,#2229);
#1765=AXIS2_PLACEMENT_3D('',#2695,#2230,#2231);
#1766=AXIS2_PLACEMENT_3D('',#2696,#2232,#2233);
#1767=AXIS2_PLACEMENT_3D('',#2697,#2234,#2235);
#1768=AXIS2_PLACEMENT_3D('',#2698,#2236,#2237);
#1769=AXIS2_PLACEMENT_3D('',#2699,#2238,#2239);
#1770=AXIS2_PLACEMENT_3D('',#2700,#2240,#2241);
#1771=DIRECTION('',(0.,0.,1.));
#1772=DIRECTION('',(1.,0.,0.));
#1773=DIRECTION('',(-0.707106781186548,0.707106781186547,0.));
#1774=DIRECTION('',(-0.707106781186547,-0.707106781186548,0.));
#1775=DIRECTION('',(0.,0.,-1.));
#1776=DIRECTION('',(0.707106781186547,0.707106781186548,0.));
#1777=DIRECTION('',(0.,0.,-1.));
#1778=DIRECTION('',(0.707106781186547,0.707106781186548,0.));
#1779=DIRECTION('',(-0.707106781186547,-0.707106781186548,0.));
#1780=DIRECTION('',(0.707106781186548,-0.707106781186547,0.));
#1781=DIRECTION('',(-0.707106781186548,0.707106781186547,0.));
#1782=DIRECTION('',(0.,0.,-1.));
#1783=DIRECTION('',(-0.707106781186548,0.707106781186547,0.));
#1784=DIRECTION('',(0.,0.,-1.));
#1785=DIRECTION('',(-1.,0.,0.));
#1786=DIRECTION('',(0.,0.,-1.));
#1787=DIRECTION('',(-1.,0.,0.));
#1788=DIRECTION('',(0.,0.,1.));
#1789=DIRECTION('',(1.,0.,0.));
#1790=DIRECTION('',(0.,0.,1.));
#1791=DIRECTION('',(1.,0.,0.));
#1792=DIRECTION('',(1.,0.,0.));
#1793=DIRECTION('',(0.,-1.,0.));
#1794=DIRECTION('',(1.,0.,0.));
#1795=DIRECTION('',(0.,-1.,0.));
#1796=DIRECTION('',(-1.,0.,0.));
#1797=DIRECTION('',(0.,-1.,0.));
#1798=DIRECTION('',(0.,0.,1.));
#1799=DIRECTION('',(1.,0.,0.));
#1800=DIRECTION('',(0.,0.,1.));
#1801=DIRECTION('',(1.,0.,0.));
#1802=DIRECTION('',(0.707106781186547,0.707106781186548,0.));
#1803=DIRECTION('',(0.,0.,-1.));
#1804=DIRECTION('',(-1.,0.,0.));
#1805=DIRECTION('',(-0.707106781186548,0.707106781186548,0.));
#1806=DIRECTION('',(1.,0.,0.));
#1807=DIRECTION('',(0.,-1.,0.));
#1808=DIRECTION('',(1.,0.,0.));
#1809=DIRECTION('',(0.,1.,0.));
#1810=DIRECTION('',(-1.,0.,0.));
#1811=DIRECTION('',(0.,-1.,0.));
#1812=DIRECTION('',(1.,0.,0.));
#1813=DIRECTION('',(0.,1.,0.));
#1814=DIRECTION('',(-1.,0.,0.));
#1815=DIRECTION('',(0.,-1.,0.));
#1816=DIRECTION('',(0.707106781186547,0.707106781186548,0.));
#1817=DIRECTION('',(0.,0.,-1.));
#1818=DIRECTION('',(-1.,0.,0.));
#1819=DIRECTION('',(-0.707106781186548,0.707106781186548,0.));
#1820=DIRECTION('',(1.,0.,0.));
#1821=DIRECTION('',(0.,0.,-1.));
#1822=DIRECTION('',(0.,-1.,0.));
#1823=DIRECTION('',(0.,0.,1.));
#1824=DIRECTION('',(0.,1.,0.));
#1825=DIRECTION('',(0.,0.,-1.));
#1826=DIRECTION('',(0.,1.,0.));
#1827=DIRECTION('',(0.,0.,-1.));
#1828=DIRECTION('',(0.,-1.,0.));
#1829=DIRECTION('',(0.,0.,-1.));
#1830=DIRECTION('',(1.,0.,0.));
#1831=DIRECTION('',(0.,0.,-1.));
#1832=DIRECTION('',(0.,0.,1.));
#1833=DIRECTION('',(0.,1.,0.));
#1834=DIRECTION('',(0.,0.,-1.));
#1835=DIRECTION('',(0.,1.,0.));
#1836=DIRECTION('',(0.,-1.,0.));
#1837=DIRECTION('',(0.,0.,-1.));
#1838=DIRECTION('',(0.,-1.,0.));
#1839=DIRECTION('',(0.,0.,-1.));
#1840=DIRECTION('',(0.,0.,1.));
#1841=DIRECTION('',(0.968771984264021,0.,-0.247953307106703));
#1842=DIRECTION('',(-1.,0.,0.));
#1843=DIRECTION('',(0.,-1.,0.));
#1844=DIRECTION('',(0.,0.,-1.));
#1845=DIRECTION('',(0.,0.,-1.));
#1846=DIRECTION('',(0.707106781186548,0.,0.707106781186547));
#1847=DIRECTION('',(0.707106781186548,0.,-0.707106781186547));
#1848=DIRECTION('',(0.,0.,-1.));
#1849=DIRECTION('',(-1.,0.,-1.62884833425052E-16));
#1850=DIRECTION('',(0.707106781186548,0.,0.707106781186547));
#1851=DIRECTION('',(0.,0.,1.));
#1852=DIRECTION('',(1.,0.,0.));
#1853=DIRECTION('',(0.,1.,0.));
#1854=DIRECTION('',(0.,-1.,0.));
#1855=DIRECTION('',(0.,0.,1.));
#1856=DIRECTION('',(1.,0.,0.));
#1857=DIRECTION('',(-1.,0.,0.));
#1858=DIRECTION('',(0.,-1.,0.));
#1859=DIRECTION('',(1.,0.,0.));
#1860=DIRECTION('',(0.,-1.,0.));
#1861=DIRECTION('',(-1.,0.,0.));
#1862=DIRECTION('',(0.,0.,1.));
#1863=DIRECTION('',(1.,0.,0.));
#1864=DIRECTION('',(-0.707106781186548,0.707106781186548,0.));
#1865=DIRECTION('',(0.,0.,1.));
#1866=DIRECTION('',(1.,0.,0.));
#1867=DIRECTION('',(0.707106781186547,0.707106781186548,0.));
#1868=DIRECTION('',(0.,0.,1.));
#1869=DIRECTION('',(1.,0.,0.));
#1870=DIRECTION('',(0.707106781186563,0.707106781186532,0.));
#1871=DIRECTION('',(-0.707106781186532,0.707106781186563,0.));
#1872=DIRECTION('',(0.,0.,1.));
#1873=DIRECTION('',(1.,0.,0.));
#1874=DIRECTION('',(0.707106781186563,0.707106781186532,0.));
#1875=DIRECTION('',(-0.707106781186532,0.707106781186563,0.));
#1876=DIRECTION('',(0.707106781186562,0.707106781186534,0.));
#1877=DIRECTION('',(-0.707106781186534,0.707106781186562,0.));
#1878=DIRECTION('',(0.,0.,1.));
#1879=DIRECTION('',(1.,0.,0.));
#1880=DIRECTION('',(0.,0.,1.));
#1881=DIRECTION('',(1.,0.,0.));
#1882=DIRECTION('',(0.,0.,1.));
#1883=DIRECTION('',(1.,0.,0.));
#1884=DIRECTION('',(0.707106781186547,0.707106781186548,0.));
#1885=DIRECTION('',(-0.707106781186548,0.707106781186548,0.));
#1886=DIRECTION('',(-0.707106781186548,0.707106781186548,0.));
#1887=DIRECTION('',(0.,0.,1.));
#1888=DIRECTION('',(1.,0.,0.));
#1889=DIRECTION('',(-0.707106781186532,0.707106781186563,0.));
#1890=DIRECTION('',(0.707106781186563,0.707106781186532,0.));
#1891=DIRECTION('',(0.,0.,1.));
#1892=DIRECTION('',(1.,0.,0.));
#1893=DIRECTION('',(0.707106781186547,0.707106781186548,0.));
#1894=DIRECTION('',(0.,0.,1.));
#1895=DIRECTION('',(1.,0.,0.));
#1896=DIRECTION('',(0.707106781186563,0.707106781186532,0.));
#1897=DIRECTION('',(0.,0.,1.));
#1898=DIRECTION('',(1.,0.,0.));
#1899=DIRECTION('',(-0.707106781186532,0.707106781186563,0.));
#1900=DIRECTION('',(0.707106781186563,0.707106781186532,0.));
#1901=DIRECTION('',(0.,0.,1.));
#1902=DIRECTION('',(1.,0.,0.));
#1903=DIRECTION('',(-0.707106781186532,0.707106781186563,0.));
#1904=DIRECTION('',(-0.707106781186534,0.707106781186562,0.));
#1905=DIRECTION('',(0.707106781186562,0.707106781186534,0.));
#1906=DIRECTION('',(0.,0.,1.));
#1907=DIRECTION('',(1.,0.,0.));
#1908=DIRECTION('',(0.,0.,1.));
#1909=DIRECTION('',(1.,0.,0.));
#1910=DIRECTION('',(0.,0.,1.));
#1911=DIRECTION('',(1.,0.,0.));
#1912=DIRECTION('',(1.,0.,0.));
#1913=DIRECTION('',(1.,0.,0.));
#1914=DIRECTION('',(0.,0.,1.));
#1915=DIRECTION('',(1.,0.,0.));
#1916=DIRECTION('',(0.707106781186548,-0.707106781186547,0.));
#1917=DIRECTION('',(0.707106781186547,0.707106781186548,0.));
#1918=DIRECTION('',(0.,0.,1.));
#1919=DIRECTION('',(0.,0.,1.));
#1920=DIRECTION('',(0.707106781186548,0.707106781186548,0.));
#1921=DIRECTION('',(-0.707106781186548,0.707106781186548,0.));
#1922=DIRECTION('',(0.,0.,1.));
#1923=DIRECTION('',(0.,0.,1.));
#1924=DIRECTION('',(0.,-1.,0.));
#1925=DIRECTION('',(0.,0.,-1.));
#1926=DIRECTION('',(0.,1.,0.));
#1927=DIRECTION('',(0.,0.,1.));
#1928=DIRECTION('',(1.,0.,0.));
#1929=DIRECTION('',(0.,0.,-1.));
#1930=DIRECTION('',(1.,0.,0.));
#1931=DIRECTION('',(0.,0.,1.));
#1932=DIRECTION('',(1.,0.,0.));
#1933=DIRECTION('',(0.,0.,1.));
#1934=DIRECTION('',(-1.,0.,0.));
#1935=DIRECTION('',(0.,0.,1.));
#1936=DIRECTION('',(0.,-1.,0.));
#1937=DIRECTION('',(0.,0.707106781186548,0.707106781186547));
#1938=DIRECTION('',(0.,0.,1.));
#1939=DIRECTION('',(0.,1.,0.));
#1940=DIRECTION('',(0.,0.,1.));
#1941=DIRECTION('',(0.,-1.,0.));
#1942=DIRECTION('',(0.,0.,1.));
#1943=DIRECTION('',(-1.,0.,0.));
#1944=DIRECTION('',(0.,0.,1.));
#1945=DIRECTION('',(0.,-1.,0.));
#1946=DIRECTION('',(0.,0.,1.));
#1947=DIRECTION('',(0.,-1.,0.));
#1948=DIRECTION('',(0.,0.,-1.));
#1949=DIRECTION('',(0.,0.,1.));
#1950=DIRECTION('',(1.,0.,0.));
#1951=DIRECTION('',(1.,0.,0.));
#1952=DIRECTION('',(0.,0.,-1.));
#1953=DIRECTION('',(0.,-1.,0.));
#1954=DIRECTION('',(0.,0.,-1.));
#1955=DIRECTION('',(0.,0.,-1.));
#1956=DIRECTION('',(0.,1.,0.));
#1957=DIRECTION('',(0.,0.,1.));
#1958=DIRECTION('',(0.,0.,-1.));
#1959=DIRECTION('',(1.,0.,0.));
#1960=DIRECTION('',(0.,0.,1.));
#1961=DIRECTION('',(0.968771984264022,0.,-0.247953307106703));
#1962=DIRECTION('',(1.,0.,0.));
#1963=DIRECTION('',(0.,0.,-1.));
#1964=DIRECTION('',(0.,-1.,0.));
#1965=DIRECTION('',(0.,0.,-1.));
#1966=DIRECTION('',(0.,0.,-1.));
#1967=DIRECTION('',(0.,-1.,0.));
#1968=DIRECTION('',(0.,0.,-1.));
#1969=DIRECTION('',(0.,-1.,0.));
#1970=DIRECTION('',(0.,0.,-1.));
#1971=DIRECTION('',(-1.,0.,0.));
#1972=DIRECTION('',(0.,0.,1.));
#1973=DIRECTION('',(1.,0.,0.));
#1974=DIRECTION('',(0.,0.,1.));
#1975=DIRECTION('',(1.,0.,0.));
#1976=DIRECTION('',(0.,0.,1.));
#1977=DIRECTION('',(1.,0.,0.));
#1978=DIRECTION('',(0.,0.,1.));
#1979=DIRECTION('',(1.,0.,0.));
#1980=DIRECTION('',(0.,0.,-1.));
#1981=DIRECTION('',(-1.,0.,0.));
#1982=DIRECTION('',(0.,0.,-1.));
#1983=DIRECTION('',(0.,0.,-1.));
#1984=DIRECTION('',(-0.707106781186548,0.707106781186547,0.));
#1985=DIRECTION('',(-0.707106781186547,-0.707106781186548,0.));
#1986=DIRECTION('',(0.,0.,-1.));
#1987=DIRECTION('',(-0.707106781186548,-0.707106781186548,0.));
#1988=DIRECTION('',(0.707106781186548,-0.707106781186548,0.));
#1989=DIRECTION('',(0.,0.,1.));
#1990=DIRECTION('',(1.,0.,0.));
#1991=DIRECTION('',(0.,0.,1.));
#1992=DIRECTION('',(0.,0.,1.));
#1993=DIRECTION('',(0.707106781186563,0.707106781186532,0.));
#1994=DIRECTION('',(-0.707106781186532,0.707106781186563,0.));
#1995=DIRECTION('',(0.,0.,1.));
#1996=DIRECTION('',(0.707106781186532,-0.707106781186563,0.));
#1997=DIRECTION('',(0.707106781186563,0.707106781186532,0.));
#1998=DIRECTION('',(0.,0.,1.));
#1999=DIRECTION('',(1.,0.,0.));
#2000=DIRECTION('',(0.,0.,1.));
#2001=DIRECTION('',(0.707106781186563,0.707106781186532,0.));
#2002=DIRECTION('',(-0.707106781186532,0.707106781186563,0.));
#2003=DIRECTION('',(0.,0.,1.));
#2004=DIRECTION('',(0.707106781186532,-0.707106781186563,0.));
#2005=DIRECTION('',(0.707106781186563,0.707106781186532,0.));
#2006=DIRECTION('',(0.,0.,1.));
#2007=DIRECTION('',(0.,0.,1.));
#2008=DIRECTION('',(1.,0.,0.));
#2009=DIRECTION('',(0.,0.,1.));
#2010=DIRECTION('',(1.,0.,0.));
#2011=DIRECTION('',(-0.247953307106703,0.,-0.968771984264021));
#2012=DIRECTION('',(-0.968771984264021,0.,0.247953307106703));
#2013=DIRECTION('',(0.,0.,1.));
#2014=DIRECTION('',(0.,0.,1.));
#2015=DIRECTION('',(-0.247953307106703,0.,-0.968771984264021));
#2016=DIRECTION('',(-0.968771984264021,0.,0.247953307106703));
#2017=DIRECTION('',(0.707106781186563,0.707106781186532,0.));
#2018=DIRECTION('',(-0.707106781186532,0.707106781186563,0.));
#2019=DIRECTION('',(-0.695803361255619,0.695803361255649,0.178088081944648));
#2020=DIRECTION('',(0.,0.,1.));
#2021=DIRECTION('',(0.707106781186532,-0.707106781186563,0.));
#2022=DIRECTION('',(0.707106781186563,0.707106781186532,0.));
#2023=DIRECTION('',(0.695803361255648,0.695803361255618,-0.178088081944656));
#2024=DIRECTION('',(0.707106781186562,0.707106781186533,0.));
#2025=DIRECTION('',(-0.707106781186534,0.707106781186562,0.));
#2026=DIRECTION('',(0.,0.,1.));
#2027=DIRECTION('',(0.,0.,1.));
#2028=DIRECTION('',(0.707106781186533,-0.707106781186562,0.));
#2029=DIRECTION('',(0.707106781186562,0.707106781186534,0.));
#2030=DIRECTION('',(0.,0.,1.));
#2031=DIRECTION('',(0.,0.,1.));
#2032=DIRECTION('',(1.,0.,0.));
#2033=DIRECTION('',(-0.247953307106703,0.,-0.968771984264021));
#2034=DIRECTION('',(-0.968771984264022,0.,0.247953307106703));
#2035=DIRECTION('',(1.,0.,0.));
#2036=DIRECTION('',(0.,0.,-1.));
#2037=DIRECTION('',(0.,1.,0.));
#2038=DIRECTION('',(0.,0.,-1.));
#2039=DIRECTION('',(0.,-1.,0.));
#2040=DIRECTION('',(0.,1.,0.));
#2041=DIRECTION('',(0.,0.,-1.));
#2042=DIRECTION('',(1.42775594730601E-16,0.,-1.));
#2043=DIRECTION('',(-1.,0.,-1.42775594730601E-16));
#2044=DIRECTION('',(0.,1.,0.));
#2045=DIRECTION('',(-1.,0.,-1.42775594730601E-16));
#2046=DIRECTION('',(0.,1.,0.));
#2047=DIRECTION('',(-1.,0.,-1.42775594730601E-16));
#2048=DIRECTION('',(1.62884833425052E-16,0.,-1.));
#2049=DIRECTION('',(-1.,0.,-1.62884833425052E-16));
#2050=DIRECTION('',(0.,-1.,0.));
#2051=DIRECTION('',(-1.,0.,-1.62884833425052E-16));
#2052=DIRECTION('',(1.62884833425052E-16,0.,-1.));
#2053=DIRECTION('',(-1.,0.,-1.62884833425052E-16));
#2054=DIRECTION('',(1.62884833425052E-16,0.,-1.));
#2055=DIRECTION('',(-1.,0.,-1.62884833425052E-16));
#2056=DIRECTION('',(-1.,0.,-1.62884833425052E-16));
#2057=DIRECTION('',(1.,0.,0.));
#2058=DIRECTION('',(1.62884833425052E-16,0.,-1.));
#2059=DIRECTION('',(-1.,0.,-1.62884833425052E-16));
#2060=DIRECTION('',(0.,-1.,0.));
#2061=DIRECTION('',(1.,0.,0.));
#2062=DIRECTION('',(0.,0.,-1.));
#2063=DIRECTION('',(-1.,0.,0.));
#2064=DIRECTION('',(0.,0.,1.));
#2065=DIRECTION('',(-1.,0.,-1.42775594730601E-16));
#2066=DIRECTION('',(0.,0.,-1.));
#2067=DIRECTION('',(0.,1.,0.));
#2068=DIRECTION('',(0.,0.,1.));
#2069=DIRECTION('',(0.,0.,1.));
#2070=DIRECTION('',(-1.,0.,0.));
#2071=DIRECTION('',(0.,0.,1.));
#2072=DIRECTION('',(0.,1.,0.));
#2073=DIRECTION('',(0.,0.,-1.));
#2074=DIRECTION('',(0.,-1.,0.));
#2075=DIRECTION('',(1.,0.,0.));
#2076=DIRECTION('',(1.,0.,0.));
#2077=DIRECTION('',(0.,0.,-1.));
#2078=DIRECTION('',(1.,0.,0.));
#2079=DIRECTION('',(0.,0.,-1.));
#2080=DIRECTION('',(-1.,0.,-1.42775594730601E-16));
#2081=DIRECTION('',(0.,0.,1.));
#2082=DIRECTION('',(0.707106781186547,0.,0.707106781186548));
#2083=DIRECTION('',(0.,-1.,0.));
#2084=DIRECTION('',(-0.577350269189626,0.577350269189626,0.577350269189626));
#2085=DIRECTION('',(0.,0.707106781186547,-0.707106781186548));
#2086=DIRECTION('',(-1.,0.,0.));
#2087=DIRECTION('',(0.577350269189626,0.577350269189626,0.577350269189625));
#2088=DIRECTION('',(0.,0.707106781186547,-0.707106781186548));
#2089=DIRECTION('',(0.,0.707106781186548,0.707106781186547));
#2090=DIRECTION('',(-0.707106781186547,0.,0.707106781186548));
#2091=DIRECTION('',(0.,-1.,0.));
#2092=DIRECTION('',(-0.707106781186547,0.,0.707106781186548));
#2093=DIRECTION('',(0.707106781186548,0.,0.707106781186547));
#2094=DIRECTION('',(0.,0.707106781186547,-0.707106781186548));
#2095=DIRECTION('',(-1.,0.,0.));
#2096=DIRECTION('',(0.,0.707106781186547,-0.707106781186548));
#2097=DIRECTION('',(0.,0.707106781186548,0.707106781186547));
#2098=DIRECTION('',(0.577350269189626,0.577350269189626,0.577350269189626));
#2099=DIRECTION('',(0.,0.707106781186547,-0.707106781186548));
#2100=DIRECTION('',(0.,0.707106781186548,0.707106781186547));
#2101=DIRECTION('',(0.,0.707106781186547,-0.707106781186548));
#2102=DIRECTION('',(0.,-0.707106781186548,-0.707106781186547));
#2103=DIRECTION('',(-0.707106781186547,0.,0.707106781186548));
#2104=DIRECTION('',(0.,-1.,0.));
#2105=DIRECTION('',(-0.707106781186547,0.,0.707106781186548));
#2106=DIRECTION('',(0.707106781186548,0.,0.707106781186547));
#2107=DIRECTION('',(0.,1.,0.));
#2108=DIRECTION('',(0.,0.,1.));
#2109=DIRECTION('',(0.,0.,-1.));
#2110=DIRECTION('',(-1.,0.,0.));
#2111=DIRECTION('',(0.,0.,-1.));
#2112=DIRECTION('',(0.,0.,-1.));
#2113=DIRECTION('',(-1.,0.,0.));
#2114=DIRECTION('',(0.,0.,-1.));
#2115=DIRECTION('',(-0.707106781186548,0.707106781186547,0.));
#2116=DIRECTION('',(-0.707106781186547,-0.707106781186548,0.));
#2117=DIRECTION('',(0.,0.,-1.));
#2118=DIRECTION('',(0.707106781186547,0.707106781186548,0.));
#2119=DIRECTION('',(-0.707106781186548,-0.707106781186548,0.));
#2120=DIRECTION('',(0.707106781186548,-0.707106781186548,0.));
#2121=DIRECTION('',(-0.707106781186548,0.707106781186548,0.));
#2122=DIRECTION('',(0.,0.,-1.));
#2123=DIRECTION('',(1.,0.,0.));
#2124=DIRECTION('',(0.,0.,1.));
#2125=DIRECTION('',(1.,0.,0.));
#2126=DIRECTION('',(0.,0.,-1.));
#2127=DIRECTION('',(-1.,0.,0.));
#2128=DIRECTION('',(0.,-1.,0.));
#2129=DIRECTION('',(0.,0.,-1.));
#2130=DIRECTION('',(0.,1.,0.));
#2131=DIRECTION('',(0.,0.,1.));
#2132=DIRECTION('',(0.,0.,1.));
#2133=DIRECTION('',(1.,0.,0.));
#2134=DIRECTION('',(0.,0.,-1.));
#2135=DIRECTION('',(-1.,0.,0.));
#2136=DIRECTION('',(1.,0.,0.));
#2137=DIRECTION('',(0.,0.,-1.));
#2138=DIRECTION('',(1.,0.,0.));
#2139=DIRECTION('',(0.,0.,-1.));
#2140=DIRECTION('',(0.,1.,0.));
#2141=DIRECTION('',(0.,0.,1.));
#2142=DIRECTION('',(1.,0.,0.));
#2143=DIRECTION('',(0.,0.,-1.));
#2144=DIRECTION('',(1.,0.,0.));
#2145=DIRECTION('',(0.,0.,-1.));
#2146=DIRECTION('',(0.,0.,-1.));
#2147=DIRECTION('',(-1.,0.,0.));
#2148=DIRECTION('',(0.,0.,-1.));
#2149=DIRECTION('',(-1.,0.,0.));
#2150=DIRECTION('',(0.,1.,0.));
#2151=DIRECTION('',(0.,0.,1.));
#2152=DIRECTION('',(0.,-1.,0.));
#2153=DIRECTION('',(0.,0.,-1.));
#2154=DIRECTION('',(1.,0.,1.42775594730601E-16));
#2155=DIRECTION('',(1.42775594730601E-16,0.,-1.));
#2156=DIRECTION('',(-1.,0.,0.));
#2157=DIRECTION('',(0.,0.,1.));
#2158=DIRECTION('',(0.,0.,-1.));
#2159=DIRECTION('',(-1.,0.,0.));
#2160=DIRECTION('',(0.,0.,-1.));
#2161=DIRECTION('',(-1.,0.,0.));
#2162=DIRECTION('',(0.,1.,0.));
#2163=DIRECTION('',(0.,0.,1.));
#2164=DIRECTION('',(0.,1.,0.));
#2165=DIRECTION('',(0.,0.,1.));
#2166=DIRECTION('',(1.,0.,0.));
#2167=DIRECTION('',(0.,0.,-1.));
#2168=DIRECTION('',(-1.,0.,0.));
#2169=DIRECTION('',(0.,0.,1.));
#2170=DIRECTION('',(1.,0.,0.));
#2171=DIRECTION('',(0.,0.,-1.));
#2172=DIRECTION('',(1.,0.,0.));
#2173=DIRECTION('',(0.,0.,-1.));
#2174=DIRECTION('',(0.,1.,0.));
#2175=DIRECTION('',(0.,0.,1.));
#2176=DIRECTION('',(0.,1.,0.));
#2177=DIRECTION('',(0.,0.,1.));
#2178=DIRECTION('',(0.,0.,-1.));
#2179=DIRECTION('',(-1.,0.,0.));
#2180=DIRECTION('',(0.,0.,-1.));
#2181=DIRECTION('',(-1.,0.,0.));
#2182=DIRECTION('',(0.,0.,-1.));
#2183=DIRECTION('',(-1.,0.,0.));
#2184=DIRECTION('',(-0.707106781186548,0.,-0.707106781186548));
#2185=DIRECTION('',(0.707106781186548,0.,-0.707106781186548));
#2186=DIRECTION('',(-1.,0.,-1.42775594730601E-16));
#2187=DIRECTION('',(-1.42775594730601E-16,0.,1.));
#2188=DIRECTION('',(-1.,0.,0.));
#2189=DIRECTION('',(0.,0.,1.));
#2190=DIRECTION('',(0.,1.,0.));
#2191=DIRECTION('',(0.,0.,1.));
#2192=DIRECTION('',(0.,-1.,3.46944695195361E-15));
#2193=DIRECTION('',(0.,-3.46944695195361E-15,-1.));
#2194=DIRECTION('',(0.,0.,-1.));
#2195=DIRECTION('',(-1.,0.,0.));
#2196=DIRECTION('',(0.,0.,1.));
#2197=DIRECTION('',(1.,0.,0.));
#2198=DIRECTION('',(-1.,0.,0.));
#2199=DIRECTION('',(0.,0.,1.));
#2200=DIRECTION('',(-1.,0.,0.));
#2201=DIRECTION('',(0.,0.,1.));
#2202=DIRECTION('',(0.,0.,-1.));
#2203=DIRECTION('',(-1.,0.,0.));
#2204=DIRECTION('',(0.,0.,-1.));
#2205=DIRECTION('',(-1.,0.,0.));
#2206=DIRECTION('',(0.,1.,0.));
#2207=DIRECTION('',(0.,0.,1.));
#2208=DIRECTION('',(0.,1.,0.));
#2209=DIRECTION('',(0.,0.,1.));
#2210=DIRECTION('',(0.,0.,1.));
#2211=DIRECTION('',(1.,0.,0.));
#2212=DIRECTION('',(0.,-2.168404344971E-16,1.));
#2213=DIRECTION('',(0.,-1.,-2.168404344971E-16));
#2214=DIRECTION('',(0.,-1.,0.));
#2215=DIRECTION('',(0.,0.,-1.));
#2216=DIRECTION('',(-3.46944695195361E-15,-1.,0.));
#2217=DIRECTION('',(1.,-3.46944695195361E-15,0.));
#2218=DIRECTION('',(-1.,3.46944695195361E-15,0.));
#2219=DIRECTION('',(-3.46944695195361E-15,-1.,0.));
#2220=DIRECTION('',(-1.,0.,0.));
#2221=DIRECTION('',(0.,0.,1.));
#2222=DIRECTION('',(0.,0.,-1.));
#2223=DIRECTION('',(-1.,0.,0.));
#2224=DIRECTION('',(-2.16840434497101E-16,0.,1.));
#2225=DIRECTION('',(1.,0.,2.16840434497101E-16));
#2226=DIRECTION('',(-1.,0.,0.));
#2227=DIRECTION('',(0.,0.,1.));
#2228=DIRECTION('',(1.,0.,0.));
#2229=DIRECTION('',(0.,0.,-1.));
#2230=DIRECTION('',(0.,-1.,-2.16840434497101E-16));
#2231=DIRECTION('',(0.,2.16840434497101E-16,-1.));
#2232=DIRECTION('',(0.,-1.,0.));
#2233=DIRECTION('',(0.,0.,-1.));
#2234=DIRECTION('',(0.,1.,0.));
#2235=DIRECTION('',(0.,0.,1.));
#2236=DIRECTION('',(0.,0.,1.));
#2237=DIRECTION('',(1.,0.,0.));
#2238=DIRECTION('',(0.,0.,1.));
#2239=DIRECTION('',(1.,0.,0.));
#2240=DIRECTION('',(0.,0.,1.));
#2241=DIRECTION('',(1.,0.,0.));
#2242=CARTESIAN_POINT('',(0.,0.,0.));
#2243=CARTESIAN_POINT('',(0.0358838834764832,0.00734834957055046,1.99999999999983E-6));
#2244=CARTESIAN_POINT('',(0.0367677669529663,0.00823223304703364,1.99999999999983E-6));
#2245=CARTESIAN_POINT('',(0.0367677669529663,0.00823223304703364,0.));
#2246=CARTESIAN_POINT('',(0.0367677669529663,0.00823223304703364,-0.0026));
#2247=CARTESIAN_POINT('',(0.0358838834764832,0.00734834957055046,-0.0026));
#2248=CARTESIAN_POINT('',(0.035,0.00646446609406728,-0.0026));
#2249=CARTESIAN_POINT('',(0.035,0.00646446609406728,1.99999999999983E-6));
#2250=CARTESIAN_POINT('',(0.035,0.00646446609406728,0.));
#2251=CARTESIAN_POINT('',(0.0358838834764832,0.00734834957055046,0.));
#2252=CARTESIAN_POINT('',(0.0341161165235168,0.00734834957055046,1.99999999999983E-6));
#2253=CARTESIAN_POINT('',(0.0341161165235168,0.00734834957055046,-0.0026));
#2254=CARTESIAN_POINT('',(0.0332322330470336,0.00823223304703364,-0.0026));
#2255=CARTESIAN_POINT('',(0.0332322330470336,0.00823223304703364,1.99999999999983E-6));
#2256=CARTESIAN_POINT('',(0.0332322330470336,0.00823223304703364,0.));
#2257=CARTESIAN_POINT('',(0.0341161165235168,0.00734834957055046,0.));
#2258=CARTESIAN_POINT('',(0.035,0.01,1.99999999999983E-6));
#2259=CARTESIAN_POINT('',(0.035,0.01,-0.0026));
#2260=CARTESIAN_POINT('',(0.035,0.01,0.));
#2261=CARTESIAN_POINT('',(0.0125,0.0015,0.));
#2262=CARTESIAN_POINT('',(0.0235,9.14174209309983E-18,0.));
#2263=CARTESIAN_POINT('',(0.02,9.14160308324204E-18,0.));
#2264=CARTESIAN_POINT('',(0.023,9.14174209309983E-18,0.));
#2265=CARTESIAN_POINT('',(0.02,2.00000000000894E-6,0.));
#2266=CARTESIAN_POINT('',(0.02,-0.02,0.));
#2267=CARTESIAN_POINT('',(0.0325,-0.02,0.));
#2268=CARTESIAN_POINT('',(0.045,-0.02,0.));
#2269=CARTESIAN_POINT('',(0.045,0.0015,0.));
#2270=CARTESIAN_POINT('',(0.045,0.02,0.));
#2271=CARTESIAN_POINT('',(0.035,0.02,0.));
#2272=CARTESIAN_POINT('',(0.025,0.02,0.));
#2273=CARTESIAN_POINT('',(0.025,0.01,0.));
#2274=CARTESIAN_POINT('',(0.025,0.002,0.));
#2275=CARTESIAN_POINT('',(0.023,0.002,0.));
#2276=CARTESIAN_POINT('',(0.0125,0.0015,-0.0036));
#2277=CARTESIAN_POINT('',(0.0367677669529663,0.00469669914110091,-0.0036));
#2278=CARTESIAN_POINT('',(0.035,0.00292893218813455,-0.0036));
#2279=CARTESIAN_POINT('',(0.0385355339059327,0.00646446609406728,-0.0036));
#2280=CARTESIAN_POINT('',(0.035,0.01,-0.0036));
#2281=CARTESIAN_POINT('',(0.0314644660940673,0.00646446609406727,-0.0036));
#2282=CARTESIAN_POINT('',(0.0332322330470336,0.00469669914110091,-0.0036));
#2283=CARTESIAN_POINT('',(0.0125,0.021,-0.0036));
#2284=CARTESIAN_POINT('',(-0.018,0.021,-0.0036));
#2285=CARTESIAN_POINT('',(0.043,0.021,-0.0036));
#2286=CARTESIAN_POINT('',(0.043,0.0015,-0.0036));
#2287=CARTESIAN_POINT('',(0.043,-0.02,-0.0036));
#2288=CARTESIAN_POINT('',(0.0325,-0.02,-0.0036));
#2289=CARTESIAN_POINT('',(0.0403,-0.02,-0.0036));
#2290=CARTESIAN_POINT('',(0.0403,0.0015,-0.0036));
#2291=CARTESIAN_POINT('',(0.0403,-0.015,-0.0036));
#2292=CARTESIAN_POINT('',(0.0353,-0.015,-0.0036));
#2293=CARTESIAN_POINT('',(0.0333,-0.015,-0.0036));
#2294=CARTESIAN_POINT('',(0.0333,0.0015,-0.0036));
#2295=CARTESIAN_POINT('',(0.0333,-0.02,-0.0036));
#2296=CARTESIAN_POINT('',(0.0325,-0.02,-0.0036));
#2297=CARTESIAN_POINT('',(-0.0053,-0.02,-0.0036));
#2298=CARTESIAN_POINT('',(-0.0053,0.0015,-0.0036));
#2299=CARTESIAN_POINT('',(-0.0053,-0.015,-0.0036));
#2300=CARTESIAN_POINT('',(-0.02,-0.015,-0.0036));
#2301=CARTESIAN_POINT('',(-0.018,-0.015,-0.0036));
#2302=CARTESIAN_POINT('',(-0.018,0.023,-0.0036));
#2303=CARTESIAN_POINT('',(0.00392444263558534,-0.011773327906756,-0.0036));
#2304=CARTESIAN_POINT('',(-2.16840434497101E-18,-0.0156977705423413,-0.0036));
#2305=CARTESIAN_POINT('',(0.00784888527117067,-0.00784888527117068,-0.0036));
#2306=CARTESIAN_POINT('',(-2.03588701012544E-18,-3.46944695195361E-18,-0.0036));
#2307=CARTESIAN_POINT('',(-0.00784888527117068,-0.00784888527117068,-0.0036));
#2308=CARTESIAN_POINT('',(-0.00392444263558534,-0.011773327906756,-0.0036));
#2309=CARTESIAN_POINT('',(0.0383,-0.0494,-0.00715));
#2310=CARTESIAN_POINT('',(0.0383,-0.0216,-0.0113));
#2311=CARTESIAN_POINT('',(0.0383,-0.02,-0.0113));
#2312=CARTESIAN_POINT('',(0.0383,-0.0252,-0.0113));
#2313=CARTESIAN_POINT('',(0.0383,-0.0252,-0.00715));
#2314=CARTESIAN_POINT('',(0.0383,-0.0252,0.));
#2315=CARTESIAN_POINT('',(0.0383,-0.0494,0.));
#2316=CARTESIAN_POINT('',(0.0383,-0.0474,0.));
#2317=CARTESIAN_POINT('',(0.0383,-0.0474,-0.00715));
#2318=CARTESIAN_POINT('',(0.0383,-0.0474,-0.0123));
#2319=CARTESIAN_POINT('',(0.0383,-0.0494,-0.0123));
#2320=CARTESIAN_POINT('',(0.0383,-0.019,-0.0123));
#2321=CARTESIAN_POINT('',(0.0383,-0.019,-0.0056));
#2322=CARTESIAN_POINT('',(0.0383,-0.019,-0.0056));
#2323=CARTESIAN_POINT('',(0.0383,-0.0494,-0.0056));
#2324=CARTESIAN_POINT('',(0.0383,-0.02,-0.0056));
#2325=CARTESIAN_POINT('',(0.0383,-0.02,-0.00715));
#2326=CARTESIAN_POINT('',(0.0353,-0.0494,-0.00565));
#2327=CARTESIAN_POINT('',(0.0353,-0.0232,-0.00565));
#2328=CARTESIAN_POINT('',(0.0353,-0.0232,-0.0113));
#2329=CARTESIAN_POINT('',(0.0353,-0.0232,0.));
#2330=CARTESIAN_POINT('',(0.0353,-0.0494,-0.0113));
#2331=CARTESIAN_POINT('',(0.0353,-0.0494,-0.0113));
#2332=CARTESIAN_POINT('',(0.0353,-0.0494,-0.00565));
#2333=CARTESIAN_POINT('',(0.0353,-0.0494,0.));
#2334=CARTESIAN_POINT('',(0.0353,-0.0494,0.));
#2335=CARTESIAN_POINT('',(0.0325,-0.02,-0.0036));
#2336=CARTESIAN_POINT('',(0.043,-0.02,-0.0016));
#2337=CARTESIAN_POINT('',(0.045,-0.02,-0.0016));
#2338=CARTESIAN_POINT('',(0.045,-0.02,-0.0036));
#2339=CARTESIAN_POINT('',(0.0091460114831414,-0.02,0.00277803486451751));
#2340=CARTESIAN_POINT('',(0.00632524008455776,-0.02,0.0035));
#2341=CARTESIAN_POINT('',(0.,-0.02,0.0035));
#2342=CARTESIAN_POINT('',(-0.0093,-0.02,0.0035));
#2343=CARTESIAN_POINT('',(-0.0093,-0.02,0.0015));
#2344=CARTESIAN_POINT('',(-0.0073,-0.02,0.0015));
#2345=CARTESIAN_POINT('',(-0.0073,-0.02,-0.00565));
#2346=CARTESIAN_POINT('',(-0.0073,-0.02,-0.0056));
#2347=CARTESIAN_POINT('',(-0.0073,-0.02,-0.0056));
#2348=CARTESIAN_POINT('',(0.0333,-0.02,-0.0036));
#2349=CARTESIAN_POINT('',(0.0353,-0.02,-0.0056));
#2350=CARTESIAN_POINT('',(0.0353,-0.02,-0.00565));
#2351=CARTESIAN_POINT('',(0.0353,-0.02,-0.0113));
#2352=CARTESIAN_POINT('',(0.014,-0.02,-0.0113));
#2353=CARTESIAN_POINT('',(0.0383,-0.02,-0.0056));
#2354=CARTESIAN_POINT('',(0.0125,0.0015,0.0035));
#2355=CARTESIAN_POINT('',(-0.0093,0.0015,0.0035));
#2356=CARTESIAN_POINT('',(-0.0093,-0.0474,0.0035));
#2357=CARTESIAN_POINT('',(0.00632524008455776,2.00000000000894E-6,0.0035));
#2358=CARTESIAN_POINT('',(0.00632524008455776,-0.00065968115451929,0.0035));
#2359=CARTESIAN_POINT('',(0.008,1.0842021724855E-18,0.0035));
#2360=CARTESIAN_POINT('',(0.0098,9.14160308324204E-18,0.0035));
#2361=CARTESIAN_POINT('',(0.,9.14160308324204E-18,0.0035));
#2362=CARTESIAN_POINT('',(0.022,9.14174209309983E-18,0.0035));
#2363=CARTESIAN_POINT('',(0.022,0.0044,0.0035));
#2364=CARTESIAN_POINT('',(0.022,0.021,0.0035));
#2365=CARTESIAN_POINT('',(-0.02,0.021,0.0035));
#2366=CARTESIAN_POINT('',(-0.018,0.021,0.0035));
#2367=CARTESIAN_POINT('',(-0.018,0.0015,0.0035));
#2368=CARTESIAN_POINT('',(-0.018,-0.0474,0.0035));
#2369=CARTESIAN_POINT('',(0.0125,-0.0474,0.0035));
#2370=CARTESIAN_POINT('',(1.17232778897242E-18,-0.008,0.0035));
#2371=CARTESIAN_POINT('',(-0.000908069431270694,-0.0064458410930694,0.0035));
#2372=CARTESIAN_POINT('',(-0.00127279220613581,-0.00927279220613576,0.0035));
#2373=CARTESIAN_POINT('',(-0.00183847763108502,-0.00551543289325507,0.0035));
#2374=CARTESIAN_POINT('',(-0.00367695526217004,-0.00367695526217005,0.0035));
#2375=CARTESIAN_POINT('',(-7.83453438970517E-20,0.,0.0035));
#2376=CARTESIAN_POINT('',(0.00367695526217005,-0.00367695526217004,0.0035));
#2377=CARTESIAN_POINT('',(0.00183847763108502,-0.00551543289325507,0.0035));
#2378=CARTESIAN_POINT('',(0.000908069431270695,-0.0064458410930694,0.0035));
#2379=CARTESIAN_POINT('',(1.17232778897242E-18,-0.008,0.0035));
#2380=CARTESIAN_POINT('',(0.00127279220613576,-0.00927279220613581,0.0035));
#2381=CARTESIAN_POINT('',(0.000636396103067908,-0.00990918830920369,0.0035));
#2382=CARTESIAN_POINT('',(7.04731412115578E-19,-0.0105455844122716,0.0035));
#2383=CARTESIAN_POINT('',(-0.000636396103067878,-0.00990918830920367,0.0035));
#2384=CARTESIAN_POINT('',(-0.008,-1.3010426069826E-18,0.0035));
#2385=CARTESIAN_POINT('',(-0.00672720779386424,-0.00127279220613581,0.0035));
#2386=CARTESIAN_POINT('',(-0.00927279220613582,-0.00127279220613576,0.0035));
#2387=CARTESIAN_POINT('',(-0.00736360389693209,-0.0019091883092037,0.0035));
#2388=CARTESIAN_POINT('',(-0.008,-0.00254558441227157,0.0035));
#2389=CARTESIAN_POINT('',(-0.00863639610306788,-0.00190918830920367,0.0035));
#2390=CARTESIAN_POINT('',(0.000636396103067906,0.00609081169079631,0.0035));
#2391=CARTESIAN_POINT('',(-3.25260651745652E-19,0.00545441558772843,0.0035));
#2392=CARTESIAN_POINT('',(0.00127279220613576,0.00672720779386419,0.0035));
#2393=CARTESIAN_POINT('',(-0.00063639610306788,0.00609081169079634,0.0035));
#2394=CARTESIAN_POINT('',(-0.00127279220613581,0.00672720779386424,0.0035));
#2395=CARTESIAN_POINT('',(6.72321192171724E-19,0.008,0.0035));
#2396=CARTESIAN_POINT('',(0.0125,0.0015,0.));
#2397=CARTESIAN_POINT('',(-2.03588701012544E-18,-3.46944695195361E-18,0.));
#2398=CARTESIAN_POINT('',(-0.00784888527117068,-0.00784888527117068,0.));
#2399=CARTESIAN_POINT('',(0.00784888527117067,-0.00784888527117068,0.));
#2400=CARTESIAN_POINT('',(0.00392444263558534,-0.011773327906756,0.));
#2401=CARTESIAN_POINT('',(4.33680868994202E-19,-0.0156977705423413,0.));
#2402=CARTESIAN_POINT('',(-0.00392444263558534,-0.011773327906756,0.));
#2403=CARTESIAN_POINT('',(-0.00183847763108502,-0.00551543289325507,0.));
#2404=CARTESIAN_POINT('',(-0.000908069431270694,-0.0064458410930694,-8.67361737988404E-19));
#2405=CARTESIAN_POINT('',(-0.00367695526217004,-0.00367695526217005,0.));
#2406=CARTESIAN_POINT('',(1.17232778897242E-18,-0.008,0.));
#2407=CARTESIAN_POINT('',(-0.00127279220613581,-0.00927279220613576,-8.67361737988404E-19));
#2408=CARTESIAN_POINT('',(0.000227207793863939,-0.0107727922061355,0.));
#2409=CARTESIAN_POINT('',(7.04731412115578E-19,-0.0105455844122716,-8.67361737988404E-19));
#2410=CARTESIAN_POINT('',(0.0122727922061361,0.00172720779386395,0.));
#2411=CARTESIAN_POINT('',(0.00127279220613576,-0.00927279220613581,-8.67361737988404E-19));
#2412=CARTESIAN_POINT('',(1.17232778897242E-18,-0.008,0.));
#2413=CARTESIAN_POINT('',(0.000908069431270694,-0.0064458410930694,0.));
#2414=CARTESIAN_POINT('',(0.00183847763108502,-0.00551543289325507,0.));
#2415=CARTESIAN_POINT('',(0.00367695526217005,-0.00367695526217004,0.));
#2416=CARTESIAN_POINT('',(-7.83453438970517E-20,0.,0.));
#2417=CARTESIAN_POINT('',(0.00427279220613623,0.00972720779386413,0.));
#2418=CARTESIAN_POINT('',(-0.008,-0.00254558441227157,-8.67361737988404E-19));
#2419=CARTESIAN_POINT('',(-0.00672720779386424,-0.00127279220613587,0.));
#2420=CARTESIAN_POINT('',(-0.008,-1.3010426069826E-18,0.));
#2421=CARTESIAN_POINT('',(-0.00927279220613582,-0.00127279220613576,-8.67361737988404E-19));
#2422=CARTESIAN_POINT('',(0.000227207793863758,-0.0107727922061357,0.));
#2423=CARTESIAN_POINT('',(0.0122727922061359,0.00172720779386412,0.));
#2424=CARTESIAN_POINT('',(0.008,-0.00254558441227157,-8.67361737988404E-19));
#2425=CARTESIAN_POINT('',(0.00927279220613576,-0.00127279220613587,0.));
#2426=CARTESIAN_POINT('',(0.008,1.0842021724855E-18,0.));
#2427=CARTESIAN_POINT('',(0.00672720779386418,-0.00127279220613576,-8.67361737988404E-19));
#2428=CARTESIAN_POINT('',(0.00822720779386411,-0.00277279220613569,0.));
#2429=CARTESIAN_POINT('',(0.00822720779386396,-0.00277279220613586,0.));
#2430=CARTESIAN_POINT('',(-3.25260651745652E-19,0.00545441558772843,-8.67361737988404E-19));
#2431=CARTESIAN_POINT('',(-0.00127279220613581,0.00672720779386424,0.));
#2432=CARTESIAN_POINT('',(0.00427279220613604,0.00972720779386429,0.));
#2433=CARTESIAN_POINT('',(0.00127279220613576,0.00672720779386419,-8.67361737988404E-19));
#2434=CARTESIAN_POINT('',(6.72321192171724E-19,0.008,0.));
#2435=CARTESIAN_POINT('',(0.0125,0.0015,0.));
#2436=CARTESIAN_POINT('',(0.0363,-0.0252,0.));
#2437=CARTESIAN_POINT('',(0.0363,-0.0232,0.));
#2438=CARTESIAN_POINT('',(-0.007302,-0.0232,0.));
#2439=CARTESIAN_POINT('',(0.0325,-0.0494,0.));
#2440=CARTESIAN_POINT('',(0.0363,-0.0494,0.));
#2441=CARTESIAN_POINT('',(0.0363,-0.0474,0.));
#2442=CARTESIAN_POINT('',(0.00183847763108502,-0.00551543289325507,-0.0036));
#2443=CARTESIAN_POINT('',(0.000908069431270695,-0.0064458410930694,-0.003602));
#2444=CARTESIAN_POINT('',(0.00367695526217005,-0.00367695526217004,-0.0036));
#2445=CARTESIAN_POINT('',(-0.00183847763108502,-0.00551543289325507,-0.0036));
#2446=CARTESIAN_POINT('',(-0.000908069431270694,-0.0064458410930694,-0.003602));
#2447=CARTESIAN_POINT('',(-0.00367695526217004,-0.00367695526217005,-0.0036));
#2448=CARTESIAN_POINT('',(0.0325,0.023,-0.0036));
#2449=CARTESIAN_POINT('',(0.035,0.023,0.01));
#2450=CARTESIAN_POINT('',(0.035,0.023,0.0125));
#2451=CARTESIAN_POINT('',(0.022,0.023,0.0015));
#2452=CARTESIAN_POINT('',(-0.018,0.023,0.0015));
#2453=CARTESIAN_POINT('',(0.024,0.023,0.0015));
#2454=CARTESIAN_POINT('',(0.024,0.023,-0.0036));
#2455=CARTESIAN_POINT('',(0.024,0.023,0.02));
#2456=CARTESIAN_POINT('',(0.0325,0.023,0.02));
#2457=CARTESIAN_POINT('',(0.043,0.023,0.02));
#2458=CARTESIAN_POINT('',(0.043,0.023,-0.0036));
#2459=CARTESIAN_POINT('',(0.043,0.023,-0.0016));
#2460=CARTESIAN_POINT('',(0.0325,0.023,-0.0016));
#2461=CARTESIAN_POINT('',(-0.018,0.023,-0.0016));
#2462=CARTESIAN_POINT('',(-0.018,0.023,0.0035));
#2463=CARTESIAN_POINT('',(-0.02,0.0215,-0.0036));
#2464=CARTESIAN_POINT('',(-0.02,-0.015,-0.0016));
#2465=CARTESIAN_POINT('',(-0.02,0.021,-0.0016));
#2466=CARTESIAN_POINT('',(-0.02,-0.013,-0.0016));
#2467=CARTESIAN_POINT('',(-0.02,-0.017,-0.0056));
#2468=CARTESIAN_POINT('',(-0.02,-0.019,-0.0076));
#2469=CARTESIAN_POINT('',(-0.02,-0.019,-0.0143));
#2470=CARTESIAN_POINT('',(-0.02,-0.019,-0.0123));
#2471=CARTESIAN_POINT('',(-0.02,0.0215,-0.0123));
#2472=CARTESIAN_POINT('',(-0.02,-0.0474,-0.0123));
#2473=CARTESIAN_POINT('',(-0.02,-0.0474,-0.0036));
#2474=CARTESIAN_POINT('',(-0.02,-0.0474,0.0015));
#2475=CARTESIAN_POINT('',(-0.02,0.0215,0.0015));
#2476=CARTESIAN_POINT('',(-0.02,0.021,0.0015));
#2477=CARTESIAN_POINT('',(-0.02,0.021,-0.0036));
#2478=CARTESIAN_POINT('',(0.045,0.0015,-0.0036));
#2479=CARTESIAN_POINT('',(0.045,0.0015,-0.0016));
#2480=CARTESIAN_POINT('',(0.045,0.021,-0.0016));
#2481=CARTESIAN_POINT('',(0.045,0.021,-0.0036));
#2482=CARTESIAN_POINT('',(0.045,0.021,0.02));
#2483=CARTESIAN_POINT('',(0.045,0.0015,0.02));
#2484=CARTESIAN_POINT('',(0.045,0.02,0.02));
#2485=CARTESIAN_POINT('',(0.045,0.02,0.02));
#2486=CARTESIAN_POINT('',(-7.83453438970517E-20,0.,-0.0036));
#2487=CARTESIAN_POINT('',(0.022,0.0215,0.02));
#2488=CARTESIAN_POINT('',(0.022,0.0215,0.02));
#2489=CARTESIAN_POINT('',(0.022,0.021,0.02));
#2490=CARTESIAN_POINT('',(0.022,9.14174209309983E-18,0.02));
#2491=CARTESIAN_POINT('',(0.022,0.021,0.02));
#2492=CARTESIAN_POINT('',(0.022,9.14174209309983E-18,0.02));
#2493=CARTESIAN_POINT('',(0.0235,9.14174209309983E-18,0.02));
#2494=CARTESIAN_POINT('',(0.023,9.14174209309983E-18,0.02));
#2495=CARTESIAN_POINT('',(0.023,9.14174209309983E-18,0.02));
#2496=CARTESIAN_POINT('',(0.0235,9.14174209309983E-18,0.02));
#2497=CARTESIAN_POINT('',(0.0098,9.14174209309983E-18,-0.003602));
#2498=CARTESIAN_POINT('',(0.0098,9.14160308324204E-18,0.00261064912442709));
#2499=CARTESIAN_POINT('',(0.0091460114831414,9.14160308324204E-18,0.00277803486451751));
#2500=CARTESIAN_POINT('',(0.025,0.01,0.02));
#2501=CARTESIAN_POINT('',(0.025,0.01,0.02));
#2502=CARTESIAN_POINT('',(0.025,0.02,0.02));
#2503=CARTESIAN_POINT('',(0.025,0.002,0.02));
#2504=CARTESIAN_POINT('',(0.025,0.002,0.));
#2505=CARTESIAN_POINT('',(0.025,0.02,0.02));
#2506=CARTESIAN_POINT('',(0.035,0.02,0.02));
#2507=CARTESIAN_POINT('',(0.035,0.02,0.01));
#2508=CARTESIAN_POINT('',(0.035,0.02,0.0075));
#2509=CARTESIAN_POINT('',(0.035,0.02,0.02));
#2510=CARTESIAN_POINT('',(0.0325,0.0015,0.02));
#2511=CARTESIAN_POINT('',(0.023,0.002,0.02));
#2512=CARTESIAN_POINT('',(0.043,0.021,0.02));
#2513=CARTESIAN_POINT('',(0.024,0.021,0.02));
#2514=CARTESIAN_POINT('',(-2.03588701012544E-18,-3.46944695195361E-18,1.99999999999983E-6));
#2515=CARTESIAN_POINT('',(-0.00784888527117068,-0.00784888527117068,1.99999999999983E-6));
#2516=CARTESIAN_POINT('',(0.00784888527117067,-0.00784888527117068,1.99999999999983E-6));
#2517=CARTESIAN_POINT('',(0.00392444263558534,-0.011773327906756,1.99999999999983E-6));
#2518=CARTESIAN_POINT('',(4.33680868994202E-19,-0.0156977705423413,1.99999999999983E-6));
#2519=CARTESIAN_POINT('',(-0.00392444263558534,-0.011773327906756,1.99999999999983E-6));
#2520=CARTESIAN_POINT('',(-0.008,-1.3010426069826E-18,-0.003602));
#2521=CARTESIAN_POINT('',(-0.00672720779386424,-0.00127279220613581,-0.003602));
#2522=CARTESIAN_POINT('',(-0.00927279220613582,-0.00127279220613576,-0.003602));
#2523=CARTESIAN_POINT('',(-0.00863639610306788,-0.00190918830920367,-0.003602));
#2524=CARTESIAN_POINT('',(-0.008,-0.00254558441227157,-0.003602));
#2525=CARTESIAN_POINT('',(-0.00736360389693209,-0.0019091883092037,-0.003602));
#2526=CARTESIAN_POINT('',(1.17232778897242E-18,-0.008,-0.003602));
#2527=CARTESIAN_POINT('',(-0.00127279220613581,-0.00927279220613576,-0.003602));
#2528=CARTESIAN_POINT('',(-0.000636396103067878,-0.00990918830920367,-0.003602));
#2529=CARTESIAN_POINT('',(7.04731412115578E-19,-0.0105455844122716,-0.003602));
#2530=CARTESIAN_POINT('',(0.000636396103067908,-0.00990918830920369,-0.003602));
#2531=CARTESIAN_POINT('',(0.00127279220613576,-0.00927279220613581,-0.003602));
#2532=CARTESIAN_POINT('',(1.17232778897242E-18,-0.008,-0.003602));
#2533=CARTESIAN_POINT('',(0.008,1.0842021724855E-18,-0.003602));
#2534=CARTESIAN_POINT('',(0.008,1.0842021724855E-18,0.0030713519110907));
#2535=CARTESIAN_POINT('',(0.00672720779386424,-0.00127279220613576,0.00339711797565207));
#2536=CARTESIAN_POINT('',(0.00672720779386418,-0.00127279220613576,-0.003602));
#2537=CARTESIAN_POINT('',(0.00927279220613576,-0.00127279220613581,-0.003602));
#2538=CARTESIAN_POINT('',(0.00927279220613577,-0.00127279220613583,0.00274558584652932));
#2539=CARTESIAN_POINT('',(0.008,1.0842021724855E-18,0.0030713519110907));
#2540=CARTESIAN_POINT('',(0.00736360389693212,-0.00190918830920367,-0.003602));
#2541=CARTESIAN_POINT('',(0.00821071106898207,-0.00275629548125366,0.00301742125739019));
#2542=CARTESIAN_POINT('',(0.008,-0.00254558441227157,0.0030713519110907));
#2543=CARTESIAN_POINT('',(0.008,-0.00254558441227157,-0.003602));
#2544=CARTESIAN_POINT('',(0.00863639610306791,-0.00190918830920369,-0.003602));
#2545=CARTESIAN_POINT('',(0.00944313620581935,-0.00110244820645228,0.00270198698244842));
#2546=CARTESIAN_POINT('',(-0.00063639610306788,0.00609081169079634,-0.003602));
#2547=CARTESIAN_POINT('',(-0.00127279220613581,0.00672720779386424,-0.003602));
#2548=CARTESIAN_POINT('',(-3.25260651745652E-19,0.00545441558772843,-0.003602));
#2549=CARTESIAN_POINT('',(0.000636396103067906,0.00609081169079631,-0.003602));
#2550=CARTESIAN_POINT('',(0.00127279220613576,0.00672720779386419,-0.003602));
#2551=CARTESIAN_POINT('',(6.72321192171724E-19,0.008,-0.003602));
#2552=CARTESIAN_POINT('',(0.0091460114831414,2.00000000000894E-6,0.00277803486451751));
#2553=CARTESIAN_POINT('',(-0.0073,-0.0494,-0.00565));
#2554=CARTESIAN_POINT('',(-0.0073,-0.0494,-0.0113));
#2555=CARTESIAN_POINT('',(-0.0073,-0.0474,-0.0113));
#2556=CARTESIAN_POINT('',(-0.0073,-0.019,-0.0113));
#2557=CARTESIAN_POINT('',(-0.0073,-0.019,-0.0056));
#2558=CARTESIAN_POINT('',(-0.0073,-0.019,-0.0056));
#2559=CARTESIAN_POINT('',(-0.0073,-0.0494,-0.0056));
#2560=CARTESIAN_POINT('',(-0.0073,-0.0494,0.0015));
#2561=CARTESIAN_POINT('',(-0.0073,-0.0474,0.0015));
#2562=CARTESIAN_POINT('',(-0.0073,-0.0474,-0.00565));
#2563=CARTESIAN_POINT('',(0.014,-0.0494,-0.0143));
#2564=CARTESIAN_POINT('',(0.0363,-0.0494,-0.0143));
#2565=CARTESIAN_POINT('',(0.0363,-0.019,-0.0143));
#2566=CARTESIAN_POINT('',(0.0363,-0.0474,-0.0143));
#2567=CARTESIAN_POINT('',(0.014,-0.0474,-0.0143));
#2568=CARTESIAN_POINT('',(-0.018,-0.0474,-0.0143));
#2569=CARTESIAN_POINT('',(-0.018,-0.0494,-0.0143));
#2570=CARTESIAN_POINT('',(-0.018,-0.019,-0.0143));
#2571=CARTESIAN_POINT('',(0.0383,-0.019,-0.0143));
#2572=CARTESIAN_POINT('',(0.014,-0.0494,-0.0113));
#2573=CARTESIAN_POINT('',(0.0353,-0.017,-0.0113));
#2574=CARTESIAN_POINT('',(0.0353,-0.017,-0.0113));
#2575=CARTESIAN_POINT('',(0.014,-0.017,-0.0113));
#2576=CARTESIAN_POINT('',(-0.0093,-0.017,-0.0113));
#2577=CARTESIAN_POINT('',(-0.0093,-0.019,-0.0113));
#2578=CARTESIAN_POINT('',(-0.0093,-0.0474,-0.0113));
#2579=CARTESIAN_POINT('',(-0.0093,-0.0494,-0.0113));
#2580=CARTESIAN_POINT('',(0.014,-0.0494,-0.0113));
#2581=CARTESIAN_POINT('',(-0.007302,-0.0232,-0.0113));
#2582=CARTESIAN_POINT('',(0.0363,-0.0232,-0.0113));
#2583=CARTESIAN_POINT('',(0.0363,-0.0252,-0.0113));
#2584=CARTESIAN_POINT('',(0.0125,-0.0494,0.0085));
#2585=CARTESIAN_POINT('',(-0.0093,-0.0494,0.0085));
#2586=CARTESIAN_POINT('',(-0.0093,-0.0494,0.0015));
#2587=CARTESIAN_POINT('',(0.0125,-0.0494,0.0015));
#2588=CARTESIAN_POINT('',(-0.018,-0.0494,0.0015));
#2589=CARTESIAN_POINT('',(-0.018,-0.0494,0.0085));
#2590=CARTESIAN_POINT('',(-0.018,-0.0494,-0.0123));
#2591=CARTESIAN_POINT('',(0.0125,-0.0494,-0.0123));
#2592=CARTESIAN_POINT('',(0.0363,-0.0494,-0.0123));
#2593=CARTESIAN_POINT('',(0.0363,-0.0494,0.0085));
#2594=CARTESIAN_POINT('',(-0.007302,-0.0232,-0.00565));
#2595=CARTESIAN_POINT('',(0.0363,-0.0232,-0.00565));
#2596=CARTESIAN_POINT('',(0.0353,-0.017,-0.00565));
#2597=CARTESIAN_POINT('',(0.0353,-0.017,-0.0056));
#2598=CARTESIAN_POINT('',(0.0353,-0.017,-0.0056));
#2599=CARTESIAN_POINT('',(0.0353,-0.017,-0.00565));
#2600=CARTESIAN_POINT('',(0.0125,-0.017,0.0085));
#2601=CARTESIAN_POINT('',(-0.0073,-0.017,-0.0056));
#2602=CARTESIAN_POINT('',(-0.018,-0.017,-0.0056));
#2603=CARTESIAN_POINT('',(-0.0093,-0.017,-0.0056));
#2604=CARTESIAN_POINT('',(-0.0093,-0.017,-0.0113));
#2605=CARTESIAN_POINT('',(0.0383,-0.017,-0.0056));
#2606=CARTESIAN_POINT('',(0.0363,-0.017,-0.0056));
#2607=CARTESIAN_POINT('',(0.0363,-0.017,-0.0143));
#2608=CARTESIAN_POINT('',(0.0363,-0.017,-0.0123));
#2609=CARTESIAN_POINT('',(-0.02,-0.017,-0.0123));
#2610=CARTESIAN_POINT('',(-0.018,-0.017,-0.0123));
#2611=CARTESIAN_POINT('',(-0.018,-0.017,-0.0056));
#2612=CARTESIAN_POINT('',(0.0333,0.0015,-0.0036));
#2613=CARTESIAN_POINT('',(0.0278,-0.0095,0.0019));
#2614=CARTESIAN_POINT('',(0.0125,-0.017,-0.0056));
#2615=CARTESIAN_POINT('',(0.0297,-0.0256,-0.0142));
#2616=CARTESIAN_POINT('',(0.0377142135623731,-0.0175857864376269,-0.00618578643762691));
#2617=CARTESIAN_POINT('',(0.0363,-0.019,-0.0076));
#2618=CARTESIAN_POINT('',(0.0383,-0.0494,-0.0056));
#2619=CARTESIAN_POINT('',(0.0363,-0.019,-0.0076));
#2620=CARTESIAN_POINT('',(0.0125,-0.017,-0.0056));
#2621=CARTESIAN_POINT('',(-0.018,-0.013,-0.0016));
#2622=CARTESIAN_POINT('',(-0.0007,-0.0104,0.001));
#2623=CARTESIAN_POINT('',(-0.00788578643762692,-0.0175857864376269,-0.00618578643762691));
#2624=CARTESIAN_POINT('',(-0.0093,-0.019,-0.0076));
#2625=CARTESIAN_POINT('',(-0.018,-0.019,-0.0076));
#2626=CARTESIAN_POINT('',(-0.0073,-0.0494,-0.0056));
#2627=CARTESIAN_POINT('',(-0.0093,-0.019,-0.0076));
#2628=CARTESIAN_POINT('',(0.035,0.019998,0.01));
#2629=CARTESIAN_POINT('',(0.035,0.01,-0.0026));
#2630=CARTESIAN_POINT('',(0.0385355339059327,0.00646446609406728,-0.0026));
#2631=CARTESIAN_POINT('',(0.0385355339059327,0.00646446609406728,-0.0026));
#2632=CARTESIAN_POINT('',(0.035,0.01,-0.0026));
#2633=CARTESIAN_POINT('',(0.0314644660940673,0.00646446609406727,-0.0026));
#2634=CARTESIAN_POINT('',(0.0314644660940673,0.00646446609406727,-0.0026));
#2635=CARTESIAN_POINT('',(0.0367677669529663,0.00469669914110091,-0.0026));
#2636=CARTESIAN_POINT('',(0.035,0.00292893218813454,-0.0026));
#2637=CARTESIAN_POINT('',(0.035,0.00292893218813454,-0.0026));
#2638=CARTESIAN_POINT('',(0.0367677669529663,0.00469669914110091,-0.0026));
#2639=CARTESIAN_POINT('',(0.0332322330470336,0.00469669914110091,-0.0026));
#2640=CARTESIAN_POINT('',(0.0332322330470336,0.00469669914110091,-0.0026));
#2641=CARTESIAN_POINT('',(0.0125,0.0015,-0.0026));
#2642=CARTESIAN_POINT('',(0.0363,-0.019,0.0085));
#2643=CARTESIAN_POINT('',(0.0363,-0.019,-0.0123));
#2644=CARTESIAN_POINT('',(0.043,0.0015,-0.0016));
#2645=CARTESIAN_POINT('',(0.043,0.021,-0.0016));
#2646=CARTESIAN_POINT('',(0.043,0.021,-0.0036));
#2647=CARTESIAN_POINT('',(0.043,0.021,-0.0016));
#2648=CARTESIAN_POINT('',(0.0363,-0.019,-0.0123));
#2649=CARTESIAN_POINT('',(0.0363,-0.019,-0.0123));
#2650=CARTESIAN_POINT('',(0.0363,-0.019,-0.0123));
#2651=CARTESIAN_POINT('',(0.043,0.021,-0.0016));
#2652=CARTESIAN_POINT('',(0.043,0.021,-0.0016));
#2653=CARTESIAN_POINT('',(0.0363,-0.0474,-0.00715));
#2654=CARTESIAN_POINT('',(0.0363,-0.0474,-0.0123));
#2655=CARTESIAN_POINT('',(0.0363,-0.0494,-0.0123));
#2656=CARTESIAN_POINT('',(0.0363,-0.0474,-0.0123));
#2657=CARTESIAN_POINT('',(0.0125,-0.019,-0.0123));
#2658=CARTESIAN_POINT('',(-0.018,-0.019,-0.0123));
#2659=CARTESIAN_POINT('',(-0.018,-0.019,0.0085));
#2660=CARTESIAN_POINT('',(-0.018,-0.019,-0.0123));
#2661=CARTESIAN_POINT('',(-0.018,0.0215,-0.0016));
#2662=CARTESIAN_POINT('',(-0.018,0.021,-0.0016));
#2663=CARTESIAN_POINT('',(0.0125,0.021,-0.0016));
#2664=CARTESIAN_POINT('',(-0.018,0.021,-0.0016));
#2665=CARTESIAN_POINT('',(0.0363,-0.0474,-0.0123));
#2666=CARTESIAN_POINT('',(0.0363,-0.0474,-0.0123));
#2667=CARTESIAN_POINT('',(-0.018,-0.019,-0.0123));
#2668=CARTESIAN_POINT('',(-0.018,-0.019,-0.0123));
#2669=CARTESIAN_POINT('',(-0.018,0.021,-0.0016));
#2670=CARTESIAN_POINT('',(-0.018,0.021,-0.0016));
#2671=CARTESIAN_POINT('',(0.024,0.021,0.02));
#2672=CARTESIAN_POINT('',(0.024,0.021,0.0015));
#2673=CARTESIAN_POINT('',(0.014,-0.0474,-0.0123));
#2674=CARTESIAN_POINT('',(-0.018,-0.0474,-0.0123));
#2675=CARTESIAN_POINT('',(-0.018,-0.0494,-0.0123));
#2676=CARTESIAN_POINT('',(-0.018,-0.0474,-0.0123));
#2677=CARTESIAN_POINT('',(-0.018,0.021,-0.0036));
#2678=CARTESIAN_POINT('',(-0.018,0.021,0.0015));
#2679=CARTESIAN_POINT('',(0.0325,0.021,0.0015));
#2680=CARTESIAN_POINT('',(-0.018,0.021,0.0015));
#2681=CARTESIAN_POINT('',(-0.018,-0.0474,-0.0123));
#2682=CARTESIAN_POINT('',(-0.018,-0.0474,-0.0123));
#2683=CARTESIAN_POINT('',(-0.018,0.021,0.0015));
#2684=CARTESIAN_POINT('',(-0.018,0.021,0.0015));
#2685=CARTESIAN_POINT('',(-0.018,-0.0474,-0.0036));
#2686=CARTESIAN_POINT('',(-0.018,-0.0474,0.0015));
#2687=CARTESIAN_POINT('',(-0.018,0.0015,0.0015));
#2688=CARTESIAN_POINT('',(-0.018,-0.0474,0.0015));
#2689=CARTESIAN_POINT('',(-0.018,-0.0474,0.0015));
#2690=CARTESIAN_POINT('',(-0.018,-0.0474,0.0015));
#2691=CARTESIAN_POINT('',(-0.0093,-0.0474,-0.00565));
#2692=CARTESIAN_POINT('',(-0.0093,-0.0474,0.0015));
#2693=CARTESIAN_POINT('',(0.0125,-0.0474,0.0015));
#2694=CARTESIAN_POINT('',(-0.0093,-0.0474,0.0015));
#2695=CARTESIAN_POINT('',(-0.0093,-0.0474,0.0015));
#2696=CARTESIAN_POINT('',(-0.0093,-0.0474,0.0015));
#2697=CARTESIAN_POINT('',(-0.0093,0.0015,0.0015));
#2698=CARTESIAN_POINT('',(0.023,0.002,0.02));
#2699=CARTESIAN_POINT('',(-0.0093,-0.019,0.0085));
#2700=CARTESIAN_POINT('',(0.0363,-0.0252,-0.00715));
#2701=MECHANICAL_DESIGN_GEOMETRIC_PRESENTATION_REPRESENTATION('',(#1605),
#2702);
#2702=(
GEOMETRIC_REPRESENTATION_CONTEXT(3)
GLOBAL_UNCERTAINTY_ASSIGNED_CONTEXT((#2703))
GLOBAL_UNIT_ASSIGNED_CONTEXT((#2706,#2705,#2704))
REPRESENTATION_CONTEXT('leadscrew block','TOP_LEVEL_ASSEMBLY_PART')
);
#2703=UNCERTAINTY_MEASURE_WITH_UNIT(LENGTH_MEASURE(1.E-8),#2706,
'DISTANCE_ACCURACY_VALUE','Maximum Tolerance applied to model');
#2704=(
NAMED_UNIT(*)
SI_UNIT($,.STERADIAN.)
SOLID_ANGLE_UNIT()
);
#2705=(
NAMED_UNIT(*)
PLANE_ANGLE_UNIT()
SI_UNIT($,.RADIAN.)
);
#2706=(
LENGTH_UNIT()
NAMED_UNIT(*)
SI_UNIT($,.METRE.)
);
#2707=PRODUCT_DEFINITION_SHAPE('','',#2708);
#2708=PRODUCT_DEFINITION('','',#2710,#2709);
#2709=PRODUCT_DEFINITION_CONTEXT('',#2716,'design');
#2710=PRODUCT_DEFINITION_FORMATION_WITH_SPECIFIED_SOURCE('','',#2712,
 .NOT_KNOWN.);
#2711=PRODUCT_RELATED_PRODUCT_CATEGORY('','',(#2712));
#2712=PRODUCT('leadscrew block','leadscrew block','leadscrew block',(#2714));
#2713=PRODUCT_CATEGORY('','');
#2714=PRODUCT_CONTEXT('',#2716,'mechanical');
#2715=APPLICATION_PROTOCOL_DEFINITION('international standard',
'ap242_managed_model_based_3d_engineering',2020,#2716);
#2716=APPLICATION_CONTEXT('managed model based 3d engineering');
ENDSEC;
END-ISO-10303-21;
