ISO-10303-21;
HEADER;
/* Generated by software containing ST-Developer
 * from STEP Tools, Inc. (www.steptools.com) 
 */
/* OPTION: using custom renumber hook */

FILE_DESCRIPTION(
/* description */ ('STEP AP242 Edition 2',
'CAx-IF Rec.Pracs.---Representation and Presentation of Product Manufa
cturing Information (PMI)---4.0---2014-10-13',
'CAx-IF Rec.Pracs.---3D Tessellated Geometry---0.4---2014-09-14','2;1',
'CAx-IF Rec.Pracs.---User Defined Attributes---1.5---2016-08-15'),
/* implementation_level */ '2;1');

FILE_NAME(
/* name */ 'y axis rail carriage - y axis rail carriage',
/* time_stamp */ '2026-09-09T02:35:59Z',
/* author */ (''),
/* organization */ (''),
/* preprocessor_version */ 'ST-DEVELOPER v20',
/* originating_system */ 'ONSHAPE BY PTC INC, 1.220',
/* authorisation */ '  ');

FILE_SCHEMA (('AP242_MANAGED_MODEL_BASED_3D_ENGINEERING_MIM_LF { 1 0 10303 442 3 1 4 }'));
ENDSEC;

DATA;
#10=SHAPE_REPRESENTATION_RELATIONSHIP('','',#1820,#11);
#11=ADVANCED_BREP_SHAPE_REPRESENTATION('',(#1818),#3129);
#12=(
BOUNDED_SURFACE()
B_SPLINE_SURFACE(3,2,((#3111,#3112,#3113),(#3114,#3115,#3116),(#3117,#3118,
#3119),(#3120,#3121,#3122),(#3123,#3124,#3125)),.UNSPECIFIED.,.F.,.F.,.F.)
B_SPLINE_SURFACE_WITH_KNOTS((4,1,4),(3,3),(0.,0.785398163397448,1.5707963267949),
(0.,1.),.UNSPECIFIED.)
GEOMETRIC_REPRESENTATION_ITEM()
RATIONAL_B_SPLINE_SURFACE(((1.,0.923879532511289,1.),(1.,0.923879532510853,
1.),(1.,0.883832726393962,1.),(1.,0.772556629838987,1.),(1.,0.707106781186551,
1.)))
REPRESENTATION_ITEM('')
SURFACE()
);
#13=TOROIDAL_SURFACE('',#2024,0.002,0.001);
#14=SPHERICAL_SURFACE('',#1892,0.001);
#15=SPHERICAL_SURFACE('',#1894,0.001);
#16=SPHERICAL_SURFACE('',#1897,0.001);
#17=SPHERICAL_SURFACE('',#1918,0.001);
#18=SPHERICAL_SURFACE('',#1924,0.001);
#19=SPHERICAL_SURFACE('',#1926,0.001);
#20=SPHERICAL_SURFACE('',#1929,0.001);
#21=SPHERICAL_SURFACE('',#1947,0.001);
#22=SPHERICAL_SURFACE('',#1949,0.001);
#23=SPHERICAL_SURFACE('',#1955,0.001);
#24=SPHERICAL_SURFACE('',#1972,0.001);
#25=SPHERICAL_SURFACE('',#1974,0.001);
#26=SPHERICAL_SURFACE('',#1976,0.001);
#27=SPHERICAL_SURFACE('',#1993,0.001);
#28=SPHERICAL_SURFACE('',#1995,0.001);
#29=SPHERICAL_SURFACE('',#2002,0.001);
#30=SPHERICAL_SURFACE('',#2008,0.001);
#31=SPHERICAL_SURFACE('',#2012,0.001);
#32=CYLINDRICAL_SURFACE('',#1850,0.0016);
#33=CYLINDRICAL_SURFACE('',#1852,0.0016);
#34=CYLINDRICAL_SURFACE('',#1854,0.0016);
#35=CYLINDRICAL_SURFACE('',#1858,0.0016);
#36=CYLINDRICAL_SURFACE('',#1876,0.0025);
#37=CYLINDRICAL_SURFACE('',#1879,0.0025);
#38=CYLINDRICAL_SURFACE('',#1884,0.0025);
#39=CYLINDRICAL_SURFACE('',#1886,0.001);
#40=CYLINDRICAL_SURFACE('',#1889,0.001);
#41=CYLINDRICAL_SURFACE('',#1900,0.001);
#42=CYLINDRICAL_SURFACE('',#1902,0.001);
#43=CYLINDRICAL_SURFACE('',#1904,0.001);
#44=CYLINDRICAL_SURFACE('',#1906,0.001);
#45=CYLINDRICAL_SURFACE('',#1908,0.001);
#46=CYLINDRICAL_SURFACE('',#1911,0.001);
#47=CYLINDRICAL_SURFACE('',#1913,0.001);
#48=CYLINDRICAL_SURFACE('',#1915,0.001);
#49=CYLINDRICAL_SURFACE('',#1920,0.001);
#50=CYLINDRICAL_SURFACE('',#1922,0.001);
#51=CYLINDRICAL_SURFACE('',#1931,0.001);
#52=CYLINDRICAL_SURFACE('',#1933,0.001);
#53=CYLINDRICAL_SURFACE('',#1935,0.001);
#54=CYLINDRICAL_SURFACE('',#1937,0.001);
#55=CYLINDRICAL_SURFACE('',#1939,0.001);
#56=CYLINDRICAL_SURFACE('',#1941,0.001);
#57=CYLINDRICAL_SURFACE('',#1943,0.001);
#58=CYLINDRICAL_SURFACE('',#1945,0.001);
#59=CYLINDRICAL_SURFACE('',#1951,0.001);
#60=CYLINDRICAL_SURFACE('',#1953,0.001);
#61=CYLINDRICAL_SURFACE('',#1957,0.001);
#62=CYLINDRICAL_SURFACE('',#1959,0.001);
#63=CYLINDRICAL_SURFACE('',#1961,0.001);
#64=CYLINDRICAL_SURFACE('',#1963,0.001);
#65=CYLINDRICAL_SURFACE('',#1966,0.001);
#66=CYLINDRICAL_SURFACE('',#1968,0.001);
#67=CYLINDRICAL_SURFACE('',#1970,0.001);
#68=CYLINDRICAL_SURFACE('',#1978,0.001);
#69=CYLINDRICAL_SURFACE('',#1980,0.001);
#70=CYLINDRICAL_SURFACE('',#1982,0.001);
#71=CYLINDRICAL_SURFACE('',#1984,0.001);
#72=CYLINDRICAL_SURFACE('',#1986,0.001);
#73=CYLINDRICAL_SURFACE('',#1988,0.001);
#74=CYLINDRICAL_SURFACE('',#1991,0.001);
#75=CYLINDRICAL_SURFACE('',#1997,0.001);
#76=CYLINDRICAL_SURFACE('',#1999,0.001);
#77=CYLINDRICAL_SURFACE('',#2004,0.001);
#78=CYLINDRICAL_SURFACE('',#2006,0.001);
#79=CYLINDRICAL_SURFACE('',#2010,0.001);
#80=CYLINDRICAL_SURFACE('',#2014,0.001);
#81=CYLINDRICAL_SURFACE('',#2016,0.001);
#82=CYLINDRICAL_SURFACE('',#2018,0.001);
#83=CYLINDRICAL_SURFACE('',#2020,0.001);
#84=CYLINDRICAL_SURFACE('',#2022,0.001);
#85=CYLINDRICAL_SURFACE('',#2027,0.001);
#86=CIRCLE('',#1824,0.0025);
#87=CIRCLE('',#1825,0.0025);
#88=CIRCLE('',#1826,0.0025);
#89=CIRCLE('',#1828,0.0025);
#90=CIRCLE('',#1829,0.0025);
#91=CIRCLE('',#1832,0.0025);
#92=CIRCLE('',#1836,0.0016);
#93=CIRCLE('',#1837,0.0016);
#94=CIRCLE('',#1838,0.0016);
#95=CIRCLE('',#1839,0.0016);
#96=CIRCLE('',#1851,0.0016);
#97=CIRCLE('',#1853,0.0016);
#98=CIRCLE('',#1855,0.0016);
#99=CIRCLE('',#1857,0.002);
#100=CIRCLE('',#1859,0.0016);
#101=CIRCLE('',#1868,0.001);
#102=CIRCLE('',#1869,0.001);
#103=CIRCLE('',#1887,0.001);
#104=CIRCLE('',#1888,0.001);
#105=CIRCLE('',#1890,0.001);
#106=CIRCLE('',#1891,0.001);
#107=CIRCLE('',#1893,0.001);
#108=CIRCLE('',#1895,0.001);
#109=CIRCLE('',#1896,0.001);
#110=CIRCLE('',#1898,0.001);
#111=CIRCLE('',#1899,0.001);
#112=CIRCLE('',#1901,0.001);
#113=CIRCLE('',#1907,0.001);
#114=CIRCLE('',#1909,0.001);
#115=CIRCLE('',#1912,0.001);
#116=CIRCLE('',#1914,0.001);
#117=CIRCLE('',#1916,0.001);
#118=CIRCLE('',#1917,0.001);
#119=CIRCLE('',#1919,0.001);
#120=CIRCLE('',#1925,0.001);
#121=CIRCLE('',#1927,0.001);
#122=CIRCLE('',#1928,0.001);
#123=CIRCLE('',#1930,0.001);
#124=CIRCLE('',#1932,0.001);
#125=CIRCLE('',#1934,0.001);
#126=CIRCLE('',#1936,0.001);
#127=CIRCLE('',#1938,0.001);
#128=CIRCLE('',#1944,0.001);
#129=CIRCLE('',#1946,0.001);
#130=CIRCLE('',#1948,0.001);
#131=CIRCLE('',#1950,0.001);
#132=CIRCLE('',#1956,0.001);
#133=CIRCLE('',#1958,0.001);
#134=CIRCLE('',#1960,0.001);
#135=CIRCLE('',#1962,0.001);
#136=CIRCLE('',#1964,0.001);
#137=CIRCLE('',#1967,0.001);
#138=CIRCLE('',#1969,0.001);
#139=CIRCLE('',#1973,0.001);
#140=CIRCLE('',#1975,0.001);
#141=CIRCLE('',#1977,0.001);
#142=CIRCLE('',#1981,0.001);
#143=CIRCLE('',#1983,0.001);
#144=CIRCLE('',#1985,0.001);
#145=CIRCLE('',#1987,0.001);
#146=CIRCLE('',#1992,0.001);
#147=CIRCLE('',#1994,0.001);
#148=CIRCLE('',#1996,0.001);
#149=CIRCLE('',#1998,0.001);
#150=CIRCLE('',#2000,0.001);
#151=CIRCLE('',#2001,0.001);
#152=CIRCLE('',#2003,0.001);
#153=CIRCLE('',#2005,0.001);
#154=CIRCLE('',#2007,0.001);
#155=CIRCLE('',#2009,0.001);
#156=CIRCLE('',#2013,0.001);
#157=CIRCLE('',#2017,0.001);
#158=CIRCLE('',#2019,0.001);
#159=CIRCLE('',#2021,0.001);
#160=CIRCLE('',#2025,0.001);
#161=CIRCLE('',#2026,0.001);
#162=ELLIPSE('',#1823,0.00282842712474619,0.002);
#163=ELLIPSE('',#1830,0.002,0.001);
#164=ELLIPSE('',#1831,0.002,0.001);
#165=ELLIPSE('',#1903,0.00141421356237309,0.001);
#166=ELLIPSE('',#1905,0.00141421356237309,0.001);
#167=ELLIPSE('',#1910,0.00141421356237309,0.001);
#168=ELLIPSE('',#1921,0.00141421356237309,0.001);
#169=ELLIPSE('',#1923,0.00141421356237309,0.001);
#170=ELLIPSE('',#1940,0.00141421356237309,0.001);
#171=ELLIPSE('',#1942,0.00141421356237309,0.001);
#172=ELLIPSE('',#1952,0.00141421356237309,0.001);
#173=ELLIPSE('',#1954,0.00141421356237309,0.001);
#174=ELLIPSE('',#1965,0.00141421356237309,0.001);
#175=ELLIPSE('',#1971,0.00141421356237309,0.001);
#176=ELLIPSE('',#1979,0.00141421356237309,0.001);
#177=ELLIPSE('',#1989,0.00141421356237309,0.001);
#178=ELLIPSE('',#1990,0.00141421356237309,0.001);
#179=ELLIPSE('',#2011,0.00108239220029239,0.001);
#180=ELLIPSE('',#2015,0.00108239220029239,0.001);
#181=ELLIPSE('',#2023,0.00223606797749979,0.001);
#182=ORIENTED_EDGE('',*,*,#692,.T.);
#183=ORIENTED_EDGE('',*,*,#693,.T.);
#184=ORIENTED_EDGE('',*,*,#694,.T.);
#185=ORIENTED_EDGE('',*,*,#695,.T.);
#186=ORIENTED_EDGE('',*,*,#696,.T.);
#187=ORIENTED_EDGE('',*,*,#697,.T.);
#188=ORIENTED_EDGE('',*,*,#698,.T.);
#189=ORIENTED_EDGE('',*,*,#699,.T.);
#190=ORIENTED_EDGE('',*,*,#700,.T.);
#191=ORIENTED_EDGE('',*,*,#701,.T.);
#192=ORIENTED_EDGE('',*,*,#702,.T.);
#193=ORIENTED_EDGE('',*,*,#703,.T.);
#194=ORIENTED_EDGE('',*,*,#704,.F.);
#195=ORIENTED_EDGE('',*,*,#705,.T.);
#196=ORIENTED_EDGE('',*,*,#706,.F.);
#197=ORIENTED_EDGE('',*,*,#707,.F.);
#198=ORIENTED_EDGE('',*,*,#708,.T.);
#199=ORIENTED_EDGE('',*,*,#709,.F.);
#200=ORIENTED_EDGE('',*,*,#710,.F.);
#201=ORIENTED_EDGE('',*,*,#711,.T.);
#202=ORIENTED_EDGE('',*,*,#712,.F.);
#203=ORIENTED_EDGE('',*,*,#713,.F.);
#204=ORIENTED_EDGE('',*,*,#714,.T.);
#205=ORIENTED_EDGE('',*,*,#715,.F.);
#206=ORIENTED_EDGE('',*,*,#716,.T.);
#207=ORIENTED_EDGE('',*,*,#717,.T.);
#208=ORIENTED_EDGE('',*,*,#718,.F.);
#209=ORIENTED_EDGE('',*,*,#719,.T.);
#210=ORIENTED_EDGE('',*,*,#720,.F.);
#211=ORIENTED_EDGE('',*,*,#721,.T.);
#212=ORIENTED_EDGE('',*,*,#722,.T.);
#213=ORIENTED_EDGE('',*,*,#723,.T.);
#214=ORIENTED_EDGE('',*,*,#724,.T.);
#215=ORIENTED_EDGE('',*,*,#725,.F.);
#216=ORIENTED_EDGE('',*,*,#726,.T.);
#217=ORIENTED_EDGE('',*,*,#727,.F.);
#218=ORIENTED_EDGE('',*,*,#728,.T.);
#219=ORIENTED_EDGE('',*,*,#729,.T.);
#220=ORIENTED_EDGE('',*,*,#730,.T.);
#221=ORIENTED_EDGE('',*,*,#731,.T.);
#222=ORIENTED_EDGE('',*,*,#732,.T.);
#223=ORIENTED_EDGE('',*,*,#733,.T.);
#224=ORIENTED_EDGE('',*,*,#734,.T.);
#225=ORIENTED_EDGE('',*,*,#735,.F.);
#226=ORIENTED_EDGE('',*,*,#736,.T.);
#227=ORIENTED_EDGE('',*,*,#737,.T.);
#228=ORIENTED_EDGE('',*,*,#738,.T.);
#229=ORIENTED_EDGE('',*,*,#739,.T.);
#230=ORIENTED_EDGE('',*,*,#740,.T.);
#231=ORIENTED_EDGE('',*,*,#741,.T.);
#232=ORIENTED_EDGE('',*,*,#742,.T.);
#233=ORIENTED_EDGE('',*,*,#743,.F.);
#234=ORIENTED_EDGE('',*,*,#744,.T.);
#235=ORIENTED_EDGE('',*,*,#745,.F.);
#236=ORIENTED_EDGE('',*,*,#746,.F.);
#237=ORIENTED_EDGE('',*,*,#747,.T.);
#238=ORIENTED_EDGE('',*,*,#748,.F.);
#239=ORIENTED_EDGE('',*,*,#749,.F.);
#240=ORIENTED_EDGE('',*,*,#750,.T.);
#241=ORIENTED_EDGE('',*,*,#751,.F.);
#242=ORIENTED_EDGE('',*,*,#752,.F.);
#243=ORIENTED_EDGE('',*,*,#753,.T.);
#244=ORIENTED_EDGE('',*,*,#754,.F.);
#245=ORIENTED_EDGE('',*,*,#755,.T.);
#246=ORIENTED_EDGE('',*,*,#756,.T.);
#247=ORIENTED_EDGE('',*,*,#757,.F.);
#248=ORIENTED_EDGE('',*,*,#725,.T.);
#249=ORIENTED_EDGE('',*,*,#758,.F.);
#250=ORIENTED_EDGE('',*,*,#759,.F.);
#251=ORIENTED_EDGE('',*,*,#752,.T.);
#252=ORIENTED_EDGE('',*,*,#760,.T.);
#253=ORIENTED_EDGE('',*,*,#761,.T.);
#254=ORIENTED_EDGE('',*,*,#762,.F.);
#255=ORIENTED_EDGE('',*,*,#753,.F.);
#256=ORIENTED_EDGE('',*,*,#759,.T.);
#257=ORIENTED_EDGE('',*,*,#763,.F.);
#258=ORIENTED_EDGE('',*,*,#764,.F.);
#259=ORIENTED_EDGE('',*,*,#749,.T.);
#260=ORIENTED_EDGE('',*,*,#765,.T.);
#261=ORIENTED_EDGE('',*,*,#766,.T.);
#262=ORIENTED_EDGE('',*,*,#767,.F.);
#263=ORIENTED_EDGE('',*,*,#750,.F.);
#264=ORIENTED_EDGE('',*,*,#764,.T.);
#265=ORIENTED_EDGE('',*,*,#768,.F.);
#266=ORIENTED_EDGE('',*,*,#769,.F.);
#267=ORIENTED_EDGE('',*,*,#746,.T.);
#268=ORIENTED_EDGE('',*,*,#770,.T.);
#269=ORIENTED_EDGE('',*,*,#771,.T.);
#270=ORIENTED_EDGE('',*,*,#772,.F.);
#271=ORIENTED_EDGE('',*,*,#747,.F.);
#272=ORIENTED_EDGE('',*,*,#769,.T.);
#273=ORIENTED_EDGE('',*,*,#773,.F.);
#274=ORIENTED_EDGE('',*,*,#774,.F.);
#275=ORIENTED_EDGE('',*,*,#743,.T.);
#276=ORIENTED_EDGE('',*,*,#775,.T.);
#277=ORIENTED_EDGE('',*,*,#776,.T.);
#278=ORIENTED_EDGE('',*,*,#777,.F.);
#279=ORIENTED_EDGE('',*,*,#744,.F.);
#280=ORIENTED_EDGE('',*,*,#774,.T.);
#281=ORIENTED_EDGE('',*,*,#778,.T.);
#282=ORIENTED_EDGE('',*,*,#779,.T.);
#283=ORIENTED_EDGE('',*,*,#780,.T.);
#284=ORIENTED_EDGE('',*,*,#781,.T.);
#285=ORIENTED_EDGE('',*,*,#782,.T.);
#286=ORIENTED_EDGE('',*,*,#783,.T.);
#287=ORIENTED_EDGE('',*,*,#784,.T.);
#288=ORIENTED_EDGE('',*,*,#785,.T.);
#289=ORIENTED_EDGE('',*,*,#786,.T.);
#290=ORIENTED_EDGE('',*,*,#787,.T.);
#291=ORIENTED_EDGE('',*,*,#788,.T.);
#292=ORIENTED_EDGE('',*,*,#789,.T.);
#293=ORIENTED_EDGE('',*,*,#790,.T.);
#294=ORIENTED_EDGE('',*,*,#791,.T.);
#295=ORIENTED_EDGE('',*,*,#792,.T.);
#296=ORIENTED_EDGE('',*,*,#793,.T.);
#297=ORIENTED_EDGE('',*,*,#794,.F.);
#298=ORIENTED_EDGE('',*,*,#765,.F.);
#299=ORIENTED_EDGE('',*,*,#751,.T.);
#300=ORIENTED_EDGE('',*,*,#767,.T.);
#301=ORIENTED_EDGE('',*,*,#795,.F.);
#302=ORIENTED_EDGE('',*,*,#770,.F.);
#303=ORIENTED_EDGE('',*,*,#748,.T.);
#304=ORIENTED_EDGE('',*,*,#772,.T.);
#305=ORIENTED_EDGE('',*,*,#796,.F.);
#306=ORIENTED_EDGE('',*,*,#775,.F.);
#307=ORIENTED_EDGE('',*,*,#745,.T.);
#308=ORIENTED_EDGE('',*,*,#777,.T.);
#309=ORIENTED_EDGE('',*,*,#797,.F.);
#310=ORIENTED_EDGE('',*,*,#798,.T.);
#311=ORIENTED_EDGE('',*,*,#799,.T.);
#312=ORIENTED_EDGE('',*,*,#800,.T.);
#313=ORIENTED_EDGE('',*,*,#801,.F.);
#314=ORIENTED_EDGE('',*,*,#802,.T.);
#315=ORIENTED_EDGE('',*,*,#803,.T.);
#316=ORIENTED_EDGE('',*,*,#804,.T.);
#317=ORIENTED_EDGE('',*,*,#805,.T.);
#318=ORIENTED_EDGE('',*,*,#806,.T.);
#319=ORIENTED_EDGE('',*,*,#807,.F.);
#320=ORIENTED_EDGE('',*,*,#760,.F.);
#321=ORIENTED_EDGE('',*,*,#754,.T.);
#322=ORIENTED_EDGE('',*,*,#762,.T.);
#323=ORIENTED_EDGE('',*,*,#808,.T.);
#324=ORIENTED_EDGE('',*,*,#809,.T.);
#325=ORIENTED_EDGE('',*,*,#810,.F.);
#326=ORIENTED_EDGE('',*,*,#742,.F.);
#327=ORIENTED_EDGE('',*,*,#773,.T.);
#328=ORIENTED_EDGE('',*,*,#796,.T.);
#329=ORIENTED_EDGE('',*,*,#776,.F.);
#330=ORIENTED_EDGE('',*,*,#768,.T.);
#331=ORIENTED_EDGE('',*,*,#795,.T.);
#332=ORIENTED_EDGE('',*,*,#771,.F.);
#333=ORIENTED_EDGE('',*,*,#763,.T.);
#334=ORIENTED_EDGE('',*,*,#794,.T.);
#335=ORIENTED_EDGE('',*,*,#766,.F.);
#336=ORIENTED_EDGE('',*,*,#758,.T.);
#337=ORIENTED_EDGE('',*,*,#807,.T.);
#338=ORIENTED_EDGE('',*,*,#761,.F.);
#339=ORIENTED_EDGE('',*,*,#811,.T.);
#340=ORIENTED_EDGE('',*,*,#812,.T.);
#341=ORIENTED_EDGE('',*,*,#808,.F.);
#342=ORIENTED_EDGE('',*,*,#741,.F.);
#343=ORIENTED_EDGE('',*,*,#810,.T.);
#344=ORIENTED_EDGE('',*,*,#813,.T.);
#345=ORIENTED_EDGE('',*,*,#814,.T.);
#346=ORIENTED_EDGE('',*,*,#735,.T.);
#347=ORIENTED_EDGE('',*,*,#815,.T.);
#348=ORIENTED_EDGE('',*,*,#816,.T.);
#349=ORIENTED_EDGE('',*,*,#817,.T.);
#350=ORIENTED_EDGE('',*,*,#818,.T.);
#351=ORIENTED_EDGE('',*,*,#819,.T.);
#352=ORIENTED_EDGE('',*,*,#820,.T.);
#353=ORIENTED_EDGE('',*,*,#821,.T.);
#354=ORIENTED_EDGE('',*,*,#822,.T.);
#355=ORIENTED_EDGE('',*,*,#720,.T.);
#356=ORIENTED_EDGE('',*,*,#757,.T.);
#357=ORIENTED_EDGE('',*,*,#724,.F.);
#358=ORIENTED_EDGE('',*,*,#823,.T.);
#359=ORIENTED_EDGE('',*,*,#824,.T.);
#360=ORIENTED_EDGE('',*,*,#755,.F.);
#361=ORIENTED_EDGE('',*,*,#825,.T.);
#362=ORIENTED_EDGE('',*,*,#826,.T.);
#363=ORIENTED_EDGE('',*,*,#827,.T.);
#364=ORIENTED_EDGE('',*,*,#828,.T.);
#365=ORIENTED_EDGE('',*,*,#829,.T.);
#366=ORIENTED_EDGE('',*,*,#830,.T.);
#367=ORIENTED_EDGE('',*,*,#831,.T.);
#368=ORIENTED_EDGE('',*,*,#832,.T.);
#369=ORIENTED_EDGE('',*,*,#833,.F.);
#370=ORIENTED_EDGE('',*,*,#834,.T.);
#371=ORIENTED_EDGE('',*,*,#797,.T.);
#372=ORIENTED_EDGE('',*,*,#835,.T.);
#373=ORIENTED_EDGE('',*,*,#693,.F.);
#374=ORIENTED_EDGE('',*,*,#836,.T.);
#375=ORIENTED_EDGE('',*,*,#833,.T.);
#376=ORIENTED_EDGE('',*,*,#837,.T.);
#377=ORIENTED_EDGE('',*,*,#838,.T.);
#378=ORIENTED_EDGE('',*,*,#839,.T.);
#379=ORIENTED_EDGE('',*,*,#840,.T.);
#380=ORIENTED_EDGE('',*,*,#841,.T.);
#381=ORIENTED_EDGE('',*,*,#842,.T.);
#382=ORIENTED_EDGE('',*,*,#843,.T.);
#383=ORIENTED_EDGE('',*,*,#844,.T.);
#384=ORIENTED_EDGE('',*,*,#845,.T.);
#385=ORIENTED_EDGE('',*,*,#846,.T.);
#386=ORIENTED_EDGE('',*,*,#847,.T.);
#387=ORIENTED_EDGE('',*,*,#848,.T.);
#388=ORIENTED_EDGE('',*,*,#849,.F.);
#389=ORIENTED_EDGE('',*,*,#850,.T.);
#390=ORIENTED_EDGE('',*,*,#851,.T.);
#391=ORIENTED_EDGE('',*,*,#852,.T.);
#392=ORIENTED_EDGE('',*,*,#851,.F.);
#393=ORIENTED_EDGE('',*,*,#853,.T.);
#394=ORIENTED_EDGE('',*,*,#854,.T.);
#395=ORIENTED_EDGE('',*,*,#855,.T.);
#396=ORIENTED_EDGE('',*,*,#856,.T.);
#397=ORIENTED_EDGE('',*,*,#857,.T.);
#398=ORIENTED_EDGE('',*,*,#849,.T.);
#399=ORIENTED_EDGE('',*,*,#858,.T.);
#400=ORIENTED_EDGE('',*,*,#859,.T.);
#401=ORIENTED_EDGE('',*,*,#706,.T.);
#402=ORIENTED_EDGE('',*,*,#860,.F.);
#403=ORIENTED_EDGE('',*,*,#717,.F.);
#404=ORIENTED_EDGE('',*,*,#718,.T.);
#405=ORIENTED_EDGE('',*,*,#860,.T.);
#406=ORIENTED_EDGE('',*,*,#705,.F.);
#407=ORIENTED_EDGE('',*,*,#861,.F.);
#408=ORIENTED_EDGE('',*,*,#861,.T.);
#409=ORIENTED_EDGE('',*,*,#707,.T.);
#410=ORIENTED_EDGE('',*,*,#859,.F.);
#411=ORIENTED_EDGE('',*,*,#719,.F.);
#412=ORIENTED_EDGE('',*,*,#862,.T.);
#413=ORIENTED_EDGE('',*,*,#709,.T.);
#414=ORIENTED_EDGE('',*,*,#863,.F.);
#415=ORIENTED_EDGE('',*,*,#714,.F.);
#416=ORIENTED_EDGE('',*,*,#715,.T.);
#417=ORIENTED_EDGE('',*,*,#863,.T.);
#418=ORIENTED_EDGE('',*,*,#708,.F.);
#419=ORIENTED_EDGE('',*,*,#864,.F.);
#420=ORIENTED_EDGE('',*,*,#864,.T.);
#421=ORIENTED_EDGE('',*,*,#710,.T.);
#422=ORIENTED_EDGE('',*,*,#862,.F.);
#423=ORIENTED_EDGE('',*,*,#716,.F.);
#424=ORIENTED_EDGE('',*,*,#727,.T.);
#425=ORIENTED_EDGE('',*,*,#865,.T.);
#426=ORIENTED_EDGE('',*,*,#711,.F.);
#427=ORIENTED_EDGE('',*,*,#866,.F.);
#428=ORIENTED_EDGE('',*,*,#866,.T.);
#429=ORIENTED_EDGE('',*,*,#713,.T.);
#430=ORIENTED_EDGE('',*,*,#867,.F.);
#431=ORIENTED_EDGE('',*,*,#728,.F.);
#432=ORIENTED_EDGE('',*,*,#867,.T.);
#433=ORIENTED_EDGE('',*,*,#712,.T.);
#434=ORIENTED_EDGE('',*,*,#865,.F.);
#435=ORIENTED_EDGE('',*,*,#726,.F.);
#436=ORIENTED_EDGE('',*,*,#868,.T.);
#437=ORIENTED_EDGE('',*,*,#869,.T.);
#438=ORIENTED_EDGE('',*,*,#843,.F.);
#439=ORIENTED_EDGE('',*,*,#870,.T.);
#440=ORIENTED_EDGE('',*,*,#871,.F.);
#441=ORIENTED_EDGE('',*,*,#786,.F.);
#442=ORIENTED_EDGE('',*,*,#872,.F.);
#443=ORIENTED_EDGE('',*,*,#830,.F.);
#444=ORIENTED_EDGE('',*,*,#873,.F.);
#445=ORIENTED_EDGE('',*,*,#785,.F.);
#446=ORIENTED_EDGE('',*,*,#874,.F.);
#447=ORIENTED_EDGE('',*,*,#792,.F.);
#448=ORIENTED_EDGE('',*,*,#872,.T.);
#449=ORIENTED_EDGE('',*,*,#873,.T.);
#450=ORIENTED_EDGE('',*,*,#875,.F.);
#451=ORIENTED_EDGE('',*,*,#876,.F.);
#452=ORIENTED_EDGE('',*,*,#871,.T.);
#453=ORIENTED_EDGE('',*,*,#877,.F.);
#454=ORIENTED_EDGE('',*,*,#878,.F.);
#455=ORIENTED_EDGE('',*,*,#874,.T.);
#456=ORIENTED_EDGE('',*,*,#879,.F.);
#457=ORIENTED_EDGE('',*,*,#875,.T.);
#458=ORIENTED_EDGE('',*,*,#791,.F.);
#459=ORIENTED_EDGE('',*,*,#880,.F.);
#460=ORIENTED_EDGE('',*,*,#831,.F.);
#461=ORIENTED_EDGE('',*,*,#877,.T.);
#462=ORIENTED_EDGE('',*,*,#829,.F.);
#463=ORIENTED_EDGE('',*,*,#881,.F.);
#464=ORIENTED_EDGE('',*,*,#721,.F.);
#465=ORIENTED_EDGE('',*,*,#822,.F.);
#466=ORIENTED_EDGE('',*,*,#876,.T.);
#467=ORIENTED_EDGE('',*,*,#821,.F.);
#468=ORIENTED_EDGE('',*,*,#882,.F.);
#469=ORIENTED_EDGE('',*,*,#787,.F.);
#470=ORIENTED_EDGE('',*,*,#879,.T.);
#471=ORIENTED_EDGE('',*,*,#784,.F.);
#472=ORIENTED_EDGE('',*,*,#883,.F.);
#473=ORIENTED_EDGE('',*,*,#820,.F.);
#474=ORIENTED_EDGE('',*,*,#884,.F.);
#475=ORIENTED_EDGE('',*,*,#811,.F.);
#476=ORIENTED_EDGE('',*,*,#885,.F.);
#477=ORIENTED_EDGE('',*,*,#815,.F.);
#478=ORIENTED_EDGE('',*,*,#885,.T.);
#479=ORIENTED_EDGE('',*,*,#740,.F.);
#480=ORIENTED_EDGE('',*,*,#886,.F.);
#481=ORIENTED_EDGE('',*,*,#816,.F.);
#482=ORIENTED_EDGE('',*,*,#878,.T.);
#483=ORIENTED_EDGE('',*,*,#819,.F.);
#484=ORIENTED_EDGE('',*,*,#887,.F.);
#485=ORIENTED_EDGE('',*,*,#793,.F.);
#486=ORIENTED_EDGE('',*,*,#888,.F.);
#487=ORIENTED_EDGE('',*,*,#790,.F.);
#488=ORIENTED_EDGE('',*,*,#889,.F.);
#489=ORIENTED_EDGE('',*,*,#696,.F.);
#490=ORIENTED_EDGE('',*,*,#880,.T.);
#491=ORIENTED_EDGE('',*,*,#888,.T.);
#492=ORIENTED_EDGE('',*,*,#890,.F.);
#493=ORIENTED_EDGE('',*,*,#881,.T.);
#494=ORIENTED_EDGE('',*,*,#828,.F.);
#495=ORIENTED_EDGE('',*,*,#891,.F.);
#496=ORIENTED_EDGE('',*,*,#722,.F.);
#497=ORIENTED_EDGE('',*,*,#882,.T.);
#498=ORIENTED_EDGE('',*,*,#756,.F.);
#499=ORIENTED_EDGE('',*,*,#892,.F.);
#500=ORIENTED_EDGE('',*,*,#788,.F.);
#501=ORIENTED_EDGE('',*,*,#884,.T.);
#502=ORIENTED_EDGE('',*,*,#883,.T.);
#503=ORIENTED_EDGE('',*,*,#893,.F.);
#504=ORIENTED_EDGE('',*,*,#894,.F.);
#505=ORIENTED_EDGE('',*,*,#886,.T.);
#506=ORIENTED_EDGE('',*,*,#895,.F.);
#507=ORIENTED_EDGE('',*,*,#889,.T.);
#508=ORIENTED_EDGE('',*,*,#887,.T.);
#509=ORIENTED_EDGE('',*,*,#896,.F.);
#510=ORIENTED_EDGE('',*,*,#835,.F.);
#511=ORIENTED_EDGE('',*,*,#806,.F.);
#512=ORIENTED_EDGE('',*,*,#897,.F.);
#513=ORIENTED_EDGE('',*,*,#694,.F.);
#514=ORIENTED_EDGE('',*,*,#890,.T.);
#515=ORIENTED_EDGE('',*,*,#695,.F.);
#516=ORIENTED_EDGE('',*,*,#898,.F.);
#517=ORIENTED_EDGE('',*,*,#832,.F.);
#518=ORIENTED_EDGE('',*,*,#891,.T.);
#519=ORIENTED_EDGE('',*,*,#827,.F.);
#520=ORIENTED_EDGE('',*,*,#899,.F.);
#521=ORIENTED_EDGE('',*,*,#823,.F.);
#522=ORIENTED_EDGE('',*,*,#723,.F.);
#523=ORIENTED_EDGE('',*,*,#892,.T.);
#524=ORIENTED_EDGE('',*,*,#824,.F.);
#525=ORIENTED_EDGE('',*,*,#900,.F.);
#526=ORIENTED_EDGE('',*,*,#789,.F.);
#527=ORIENTED_EDGE('',*,*,#893,.T.);
#528=ORIENTED_EDGE('',*,*,#783,.F.);
#529=ORIENTED_EDGE('',*,*,#901,.F.);
#530=ORIENTED_EDGE('',*,*,#812,.F.);
#531=ORIENTED_EDGE('',*,*,#895,.T.);
#532=ORIENTED_EDGE('',*,*,#739,.F.);
#533=ORIENTED_EDGE('',*,*,#902,.F.);
#534=ORIENTED_EDGE('',*,*,#857,.F.);
#535=ORIENTED_EDGE('',*,*,#894,.T.);
#536=ORIENTED_EDGE('',*,*,#856,.F.);
#537=ORIENTED_EDGE('',*,*,#903,.F.);
#538=ORIENTED_EDGE('',*,*,#817,.F.);
#539=ORIENTED_EDGE('',*,*,#896,.T.);
#540=ORIENTED_EDGE('',*,*,#818,.F.);
#541=ORIENTED_EDGE('',*,*,#904,.F.);
#542=ORIENTED_EDGE('',*,*,#697,.F.);
#543=ORIENTED_EDGE('',*,*,#898,.T.);
#544=ORIENTED_EDGE('',*,*,#897,.T.);
#545=ORIENTED_EDGE('',*,*,#905,.F.);
#546=ORIENTED_EDGE('',*,*,#900,.T.);
#547=ORIENTED_EDGE('',*,*,#899,.T.);
#548=ORIENTED_EDGE('',*,*,#906,.F.);
#549=ORIENTED_EDGE('',*,*,#901,.T.);
#550=ORIENTED_EDGE('',*,*,#782,.F.);
#551=ORIENTED_EDGE('',*,*,#907,.F.);
#552=ORIENTED_EDGE('',*,*,#809,.F.);
#553=ORIENTED_EDGE('',*,*,#902,.T.);
#554=ORIENTED_EDGE('',*,*,#738,.F.);
#555=ORIENTED_EDGE('',*,*,#908,.F.);
#556=ORIENTED_EDGE('',*,*,#850,.F.);
#557=ORIENTED_EDGE('',*,*,#904,.T.);
#558=ORIENTED_EDGE('',*,*,#903,.T.);
#559=ORIENTED_EDGE('',*,*,#909,.F.);
#560=ORIENTED_EDGE('',*,*,#905,.T.);
#561=ORIENTED_EDGE('',*,*,#805,.F.);
#562=ORIENTED_EDGE('',*,*,#910,.F.);
#563=ORIENTED_EDGE('',*,*,#825,.F.);
#564=ORIENTED_EDGE('',*,*,#906,.T.);
#565=ORIENTED_EDGE('',*,*,#826,.F.);
#566=ORIENTED_EDGE('',*,*,#911,.F.);
#567=ORIENTED_EDGE('',*,*,#778,.F.);
#568=ORIENTED_EDGE('',*,*,#907,.T.);
#569=ORIENTED_EDGE('',*,*,#781,.F.);
#570=ORIENTED_EDGE('',*,*,#912,.F.);
#571=ORIENTED_EDGE('',*,*,#813,.F.);
#572=ORIENTED_EDGE('',*,*,#913,.F.);
#573=ORIENTED_EDGE('',*,*,#732,.F.);
#574=ORIENTED_EDGE('',*,*,#914,.F.);
#575=ORIENTED_EDGE('',*,*,#814,.F.);
#576=ORIENTED_EDGE('',*,*,#914,.T.);
#577=ORIENTED_EDGE('',*,*,#731,.F.);
#578=ORIENTED_EDGE('',*,*,#915,.F.);
#579=ORIENTED_EDGE('',*,*,#736,.F.);
#580=ORIENTED_EDGE('',*,*,#908,.T.);
#581=ORIENTED_EDGE('',*,*,#737,.F.);
#582=ORIENTED_EDGE('',*,*,#916,.F.);
#583=ORIENTED_EDGE('',*,*,#853,.F.);
#584=ORIENTED_EDGE('',*,*,#909,.T.);
#585=ORIENTED_EDGE('',*,*,#858,.F.);
#586=ORIENTED_EDGE('',*,*,#917,.F.);
#587=ORIENTED_EDGE('',*,*,#698,.F.);
#588=ORIENTED_EDGE('',*,*,#911,.T.);
#589=ORIENTED_EDGE('',*,*,#910,.T.);
#590=ORIENTED_EDGE('',*,*,#918,.F.);
#591=ORIENTED_EDGE('',*,*,#913,.T.);
#592=ORIENTED_EDGE('',*,*,#912,.T.);
#593=ORIENTED_EDGE('',*,*,#919,.F.);
#594=ORIENTED_EDGE('',*,*,#916,.T.);
#595=ORIENTED_EDGE('',*,*,#915,.T.);
#596=ORIENTED_EDGE('',*,*,#920,.F.);
#597=ORIENTED_EDGE('',*,*,#917,.T.);
#598=ORIENTED_EDGE('',*,*,#852,.F.);
#599=ORIENTED_EDGE('',*,*,#921,.F.);
#600=ORIENTED_EDGE('',*,*,#699,.F.);
#601=ORIENTED_EDGE('',*,*,#918,.T.);
#602=ORIENTED_EDGE('',*,*,#804,.F.);
#603=ORIENTED_EDGE('',*,*,#922,.F.);
#604=ORIENTED_EDGE('',*,*,#779,.F.);
#605=ORIENTED_EDGE('',*,*,#919,.T.);
#606=ORIENTED_EDGE('',*,*,#780,.F.);
#607=ORIENTED_EDGE('',*,*,#923,.F.);
#608=ORIENTED_EDGE('',*,*,#733,.F.);
#609=ORIENTED_EDGE('',*,*,#920,.T.);
#610=ORIENTED_EDGE('',*,*,#730,.F.);
#611=ORIENTED_EDGE('',*,*,#924,.F.);
#612=ORIENTED_EDGE('',*,*,#854,.F.);
#613=ORIENTED_EDGE('',*,*,#921,.T.);
#614=ORIENTED_EDGE('',*,*,#855,.F.);
#615=ORIENTED_EDGE('',*,*,#925,.F.);
#616=ORIENTED_EDGE('',*,*,#700,.F.);
#617=ORIENTED_EDGE('',*,*,#926,.F.);
#618=ORIENTED_EDGE('',*,*,#848,.F.);
#619=ORIENTED_EDGE('',*,*,#927,.F.);
#620=ORIENTED_EDGE('',*,*,#834,.F.);
#621=ORIENTED_EDGE('',*,*,#927,.T.);
#622=ORIENTED_EDGE('',*,*,#847,.F.);
#623=ORIENTED_EDGE('',*,*,#928,.F.);
#624=ORIENTED_EDGE('',*,*,#798,.F.);
#625=ORIENTED_EDGE('',*,*,#923,.T.);
#626=ORIENTED_EDGE('',*,*,#922,.T.);
#627=ORIENTED_EDGE('',*,*,#929,.F.);
#628=ORIENTED_EDGE('',*,*,#925,.T.);
#629=ORIENTED_EDGE('',*,*,#924,.T.);
#630=ORIENTED_EDGE('',*,*,#930,.F.);
#631=ORIENTED_EDGE('',*,*,#926,.T.);
#632=ORIENTED_EDGE('',*,*,#840,.F.);
#633=ORIENTED_EDGE('',*,*,#931,.F.);
#634=ORIENTED_EDGE('',*,*,#845,.F.);
#635=ORIENTED_EDGE('',*,*,#932,.F.);
#636=ORIENTED_EDGE('',*,*,#846,.F.);
#637=ORIENTED_EDGE('',*,*,#933,.F.);
#638=ORIENTED_EDGE('',*,*,#841,.F.);
#639=ORIENTED_EDGE('',*,*,#928,.T.);
#640=ORIENTED_EDGE('',*,*,#932,.T.);
#641=ORIENTED_EDGE('',*,*,#934,.F.);
#642=ORIENTED_EDGE('',*,*,#929,.T.);
#643=ORIENTED_EDGE('',*,*,#803,.F.);
#644=ORIENTED_EDGE('',*,*,#935,.F.);
#645=ORIENTED_EDGE('',*,*,#734,.F.);
#646=ORIENTED_EDGE('',*,*,#930,.T.);
#647=ORIENTED_EDGE('',*,*,#729,.F.);
#648=ORIENTED_EDGE('',*,*,#936,.F.);
#649=ORIENTED_EDGE('',*,*,#701,.F.);
#650=ORIENTED_EDGE('',*,*,#933,.T.);
#651=ORIENTED_EDGE('',*,*,#931,.T.);
#652=ORIENTED_EDGE('',*,*,#937,.F.);
#653=ORIENTED_EDGE('',*,*,#934,.T.);
#654=ORIENTED_EDGE('',*,*,#844,.F.);
#655=ORIENTED_EDGE('',*,*,#938,.F.);
#656=ORIENTED_EDGE('',*,*,#799,.F.);
#657=ORIENTED_EDGE('',*,*,#936,.T.);
#658=ORIENTED_EDGE('',*,*,#935,.T.);
#659=ORIENTED_EDGE('',*,*,#939,.F.);
#660=ORIENTED_EDGE('',*,*,#937,.T.);
#661=ORIENTED_EDGE('',*,*,#839,.F.);
#662=ORIENTED_EDGE('',*,*,#940,.F.);
#663=ORIENTED_EDGE('',*,*,#842,.F.);
#664=ORIENTED_EDGE('',*,*,#938,.T.);
#665=ORIENTED_EDGE('',*,*,#869,.F.);
#666=ORIENTED_EDGE('',*,*,#941,.F.);
#667=ORIENTED_EDGE('',*,*,#800,.F.);
#668=ORIENTED_EDGE('',*,*,#939,.T.);
#669=ORIENTED_EDGE('',*,*,#802,.F.);
#670=ORIENTED_EDGE('',*,*,#942,.F.);
#671=ORIENTED_EDGE('',*,*,#702,.F.);
#672=ORIENTED_EDGE('',*,*,#836,.F.);
#673=ORIENTED_EDGE('',*,*,#692,.F.);
#674=ORIENTED_EDGE('',*,*,#943,.F.);
#675=ORIENTED_EDGE('',*,*,#837,.F.);
#676=ORIENTED_EDGE('',*,*,#940,.T.);
#677=ORIENTED_EDGE('',*,*,#838,.F.);
#678=ORIENTED_EDGE('',*,*,#944,.F.);
#679=ORIENTED_EDGE('',*,*,#870,.F.);
#680=ORIENTED_EDGE('',*,*,#801,.T.);
#681=ORIENTED_EDGE('',*,*,#941,.T.);
#682=ORIENTED_EDGE('',*,*,#945,.F.);
#683=ORIENTED_EDGE('',*,*,#942,.T.);
#684=ORIENTED_EDGE('',*,*,#943,.T.);
#685=ORIENTED_EDGE('',*,*,#704,.T.);
#686=ORIENTED_EDGE('',*,*,#946,.F.);
#687=ORIENTED_EDGE('',*,*,#944,.T.);
#688=ORIENTED_EDGE('',*,*,#945,.T.);
#689=ORIENTED_EDGE('',*,*,#868,.F.);
#690=ORIENTED_EDGE('',*,*,#946,.T.);
#691=ORIENTED_EDGE('',*,*,#703,.F.);
#692=EDGE_CURVE('',#947,#948,#1093,.F.);
#693=EDGE_CURVE('',#948,#949,#1094,.T.);
#694=EDGE_CURVE('',#949,#950,#1095,.F.);
#695=EDGE_CURVE('',#950,#951,#1096,.F.);
#696=EDGE_CURVE('',#951,#952,#1097,.T.);
#697=EDGE_CURVE('',#952,#953,#1098,.T.);
#698=EDGE_CURVE('',#953,#954,#1099,.T.);
#699=EDGE_CURVE('',#954,#955,#1100,.T.);
#700=EDGE_CURVE('',#955,#956,#1101,.F.);
#701=EDGE_CURVE('',#956,#957,#1102,.T.);
#702=EDGE_CURVE('',#957,#958,#1103,.F.);
#703=EDGE_CURVE('',#958,#959,#1104,.F.);
#704=EDGE_CURVE('',#947,#959,#162,.F.);
#705=EDGE_CURVE('',#960,#961,#1105,.T.);
#706=EDGE_CURVE('',#962,#961,#86,.T.);
#707=EDGE_CURVE('',#960,#962,#1106,.T.);
#708=EDGE_CURVE('',#963,#964,#1107,.T.);
#709=EDGE_CURVE('',#965,#964,#87,.T.);
#710=EDGE_CURVE('',#963,#965,#1108,.T.);
#711=EDGE_CURVE('',#966,#967,#1109,.T.);
#712=EDGE_CURVE('',#968,#967,#88,.T.);
#713=EDGE_CURVE('',#966,#968,#1110,.T.);
#714=EDGE_CURVE('',#969,#970,#89,.F.);
#715=EDGE_CURVE('',#971,#970,#1111,.T.);
#716=EDGE_CURVE('',#971,#969,#1112,.T.);
#717=EDGE_CURVE('',#972,#973,#90,.F.);
#718=EDGE_CURVE('',#974,#973,#1113,.T.);
#719=EDGE_CURVE('',#974,#972,#1114,.T.);
#720=EDGE_CURVE('',#975,#976,#1115,.T.);
#721=EDGE_CURVE('',#975,#977,#163,.F.);
#722=EDGE_CURVE('',#977,#978,#1116,.T.);
#723=EDGE_CURVE('',#978,#979,#164,.F.);
#724=EDGE_CURVE('',#979,#980,#1117,.T.);
#725=EDGE_CURVE('',#976,#980,#1118,.T.);
#726=EDGE_CURVE('',#981,#982,#91,.F.);
#727=EDGE_CURVE('',#983,#982,#1119,.T.);
#728=EDGE_CURVE('',#983,#981,#1120,.T.);
#729=EDGE_CURVE('',#984,#985,#1121,.F.);
#730=EDGE_CURVE('',#985,#986,#1122,.F.);
#731=EDGE_CURVE('',#986,#987,#1123,.T.);
#732=EDGE_CURVE('',#987,#988,#1124,.T.);
#733=EDGE_CURVE('',#988,#989,#1125,.T.);
#734=EDGE_CURVE('',#989,#984,#1126,.F.);
#735=EDGE_CURVE('',#990,#991,#1127,.T.);
#736=EDGE_CURVE('',#990,#992,#1128,.F.);
#737=EDGE_CURVE('',#992,#993,#1129,.F.);
#738=EDGE_CURVE('',#993,#994,#1130,.T.);
#739=EDGE_CURVE('',#994,#995,#1131,.T.);
#740=EDGE_CURVE('',#995,#996,#1132,.F.);
#741=EDGE_CURVE('',#996,#997,#1133,.T.);
#742=EDGE_CURVE('',#997,#991,#1134,.T.);
#743=EDGE_CURVE('',#998,#999,#1135,.T.);
#744=EDGE_CURVE('',#998,#1000,#1136,.T.);
#745=EDGE_CURVE('',#999,#1000,#92,.T.);
#746=EDGE_CURVE('',#1001,#1002,#1137,.T.);
#747=EDGE_CURVE('',#1001,#1003,#1138,.T.);
#748=EDGE_CURVE('',#1002,#1003,#93,.T.);
#749=EDGE_CURVE('',#1004,#1005,#1139,.T.);
#750=EDGE_CURVE('',#1004,#1006,#1140,.T.);
#751=EDGE_CURVE('',#1005,#1006,#94,.T.);
#752=EDGE_CURVE('',#1007,#1008,#1141,.T.);
#753=EDGE_CURVE('',#1007,#1009,#1142,.T.);
#754=EDGE_CURVE('',#1008,#1009,#95,.T.);
#755=EDGE_CURVE('',#980,#1010,#1143,.T.);
#756=EDGE_CURVE('',#1010,#1011,#1144,.F.);
#757=EDGE_CURVE('',#976,#1011,#1145,.T.);
#758=EDGE_CURVE('',#1012,#1013,#1146,.T.);
#759=EDGE_CURVE('',#1007,#1012,#1147,.T.);
#760=EDGE_CURVE('',#1008,#1013,#1148,.T.);
#761=EDGE_CURVE('',#1012,#1014,#1149,.T.);
#762=EDGE_CURVE('',#1009,#1014,#1150,.T.);
#763=EDGE_CURVE('',#1015,#1016,#1151,.T.);
#764=EDGE_CURVE('',#1004,#1015,#1152,.T.);
#765=EDGE_CURVE('',#1005,#1016,#1153,.T.);
#766=EDGE_CURVE('',#1015,#1017,#1154,.T.);
#767=EDGE_CURVE('',#1006,#1017,#1155,.T.);
#768=EDGE_CURVE('',#1018,#1019,#1156,.T.);
#769=EDGE_CURVE('',#1001,#1018,#1157,.T.);
#770=EDGE_CURVE('',#1002,#1019,#1158,.T.);
#771=EDGE_CURVE('',#1018,#1020,#1159,.T.);
#772=EDGE_CURVE('',#1003,#1020,#1160,.T.);
#773=EDGE_CURVE('',#1021,#1022,#1161,.T.);
#774=EDGE_CURVE('',#998,#1021,#1162,.T.);
#775=EDGE_CURVE('',#999,#1022,#1163,.T.);
#776=EDGE_CURVE('',#1021,#1023,#1164,.T.);
#777=EDGE_CURVE('',#1000,#1023,#1165,.T.);
#778=EDGE_CURVE('',#1024,#1025,#1166,.T.);
#779=EDGE_CURVE('',#1025,#1026,#1167,.T.);
#780=EDGE_CURVE('',#1026,#1027,#1168,.F.);
#781=EDGE_CURVE('',#1027,#1028,#1169,.T.);
#782=EDGE_CURVE('',#1028,#1029,#1170,.F.);
#783=EDGE_CURVE('',#1029,#1030,#1171,.F.);
#784=EDGE_CURVE('',#1030,#1031,#1172,.F.);
#785=EDGE_CURVE('',#1031,#1032,#1173,.F.);
#786=EDGE_CURVE('',#1032,#1033,#1174,.T.);
#787=EDGE_CURVE('',#1033,#1034,#1175,.T.);
#788=EDGE_CURVE('',#1034,#1035,#1176,.T.);
#789=EDGE_CURVE('',#1035,#1024,#1177,.F.);
#790=EDGE_CURVE('',#1036,#1037,#1178,.F.);
#791=EDGE_CURVE('',#1037,#1038,#1179,.T.);
#792=EDGE_CURVE('',#1038,#1039,#1180,.T.);
#793=EDGE_CURVE('',#1039,#1036,#1181,.F.);
#794=EDGE_CURVE('',#1016,#1017,#96,.T.);
#795=EDGE_CURVE('',#1019,#1020,#97,.T.);
#796=EDGE_CURVE('',#1022,#1023,#98,.T.);
#797=EDGE_CURVE('',#1040,#1041,#1182,.T.);
#798=EDGE_CURVE('',#1040,#1042,#1183,.T.);
#799=EDGE_CURVE('',#1042,#1043,#1184,.T.);
#800=EDGE_CURVE('',#1043,#1044,#1185,.F.);
#801=EDGE_CURVE('',#1045,#1044,#99,.F.);
#802=EDGE_CURVE('',#1045,#1046,#1186,.T.);
#803=EDGE_CURVE('',#1046,#1047,#1187,.T.);
#804=EDGE_CURVE('',#1047,#1048,#1188,.F.);
#805=EDGE_CURVE('',#1048,#1049,#1189,.F.);
#806=EDGE_CURVE('',#1049,#1041,#1190,.T.);
#807=EDGE_CURVE('',#1013,#1014,#100,.T.);
#808=EDGE_CURVE('',#997,#1050,#1191,.T.);
#809=EDGE_CURVE('',#1050,#1051,#1192,.T.);
#810=EDGE_CURVE('',#991,#1051,#1193,.T.);
#811=EDGE_CURVE('',#996,#1052,#1194,.T.);
#812=EDGE_CURVE('',#1052,#1050,#1195,.T.);
#813=EDGE_CURVE('',#1051,#1053,#1196,.F.);
#814=EDGE_CURVE('',#1053,#990,#1197,.F.);
#815=EDGE_CURVE('',#1054,#1055,#1198,.F.);
#816=EDGE_CURVE('',#1055,#1056,#1199,.T.);
#817=EDGE_CURVE('',#1056,#1057,#1200,.T.);
#818=EDGE_CURVE('',#1057,#1058,#1201,.F.);
#819=EDGE_CURVE('',#1058,#1059,#1202,.T.);
#820=EDGE_CURVE('',#1059,#1054,#1203,.T.);
#821=EDGE_CURVE('',#1011,#1060,#1204,.F.);
#822=EDGE_CURVE('',#1060,#975,#1205,.F.);
#823=EDGE_CURVE('',#979,#1061,#1206,.T.);
#824=EDGE_CURVE('',#1061,#1010,#1207,.T.);
#825=EDGE_CURVE('',#1062,#1063,#1208,.T.);
#826=EDGE_CURVE('',#1063,#1064,#1209,.F.);
#827=EDGE_CURVE('',#1064,#1065,#1210,.F.);
#828=EDGE_CURVE('',#1065,#1066,#1211,.F.);
#829=EDGE_CURVE('',#1066,#1067,#1212,.T.);
#830=EDGE_CURVE('',#1067,#1068,#1213,.F.);
#831=EDGE_CURVE('',#1068,#1069,#1214,.F.);
#832=EDGE_CURVE('',#1069,#1062,#1215,.T.);
#833=EDGE_CURVE('',#1070,#1071,#1216,.T.);
#834=EDGE_CURVE('',#1070,#1040,#1217,.T.);
#835=EDGE_CURVE('',#1041,#949,#101,.F.);
#836=EDGE_CURVE('',#948,#1071,#102,.F.);
#837=EDGE_CURVE('',#1071,#1072,#1218,.T.);
#838=EDGE_CURVE('',#1072,#1073,#1219,.F.);
#839=EDGE_CURVE('',#1073,#1074,#1220,.F.);
#840=EDGE_CURVE('',#1074,#1070,#1221,.F.);
#841=EDGE_CURVE('',#1075,#1076,#1222,.F.);
#842=EDGE_CURVE('',#1076,#1077,#1223,.T.);
#843=EDGE_CURVE('',#1077,#1078,#1224,.T.);
#844=EDGE_CURVE('',#1078,#1075,#1225,.F.);
#845=EDGE_CURVE('',#1079,#1080,#1226,.T.);
#846=EDGE_CURVE('',#1080,#1081,#1227,.T.);
#847=EDGE_CURVE('',#1081,#1082,#1228,.F.);
#848=EDGE_CURVE('',#1082,#1079,#1229,.F.);
#849=EDGE_CURVE('',#1083,#1084,#1230,.T.);
#850=EDGE_CURVE('',#1083,#1085,#1231,.F.);
#851=EDGE_CURVE('',#1085,#1086,#1232,.T.);
#852=EDGE_CURVE('',#1086,#1084,#1233,.F.);
#853=EDGE_CURVE('',#1085,#1087,#1234,.T.);
#854=EDGE_CURVE('',#1087,#1088,#1235,.T.);
#855=EDGE_CURVE('',#1088,#1086,#1236,.T.);
#856=EDGE_CURVE('',#1089,#1090,#1237,.F.);
#857=EDGE_CURVE('',#1090,#1083,#1238,.F.);
#858=EDGE_CURVE('',#1084,#1089,#1239,.F.);
#859=EDGE_CURVE('',#972,#962,#1240,.T.);
#860=EDGE_CURVE('',#973,#961,#1241,.T.);
#861=EDGE_CURVE('',#974,#960,#1242,.T.);
#862=EDGE_CURVE('',#969,#965,#1243,.T.);
#863=EDGE_CURVE('',#970,#964,#1244,.T.);
#864=EDGE_CURVE('',#971,#963,#1245,.T.);
#865=EDGE_CURVE('',#982,#967,#1246,.T.);
#866=EDGE_CURVE('',#983,#966,#1247,.T.);
#867=EDGE_CURVE('',#981,#968,#1248,.T.);
#868=EDGE_CURVE('',#1091,#1092,#1249,.F.);
#869=EDGE_CURVE('',#1092,#1078,#1250,.F.);
#870=EDGE_CURVE('',#1077,#1091,#1251,.F.);
#871=EDGE_CURVE('',#1033,#1067,#103,.T.);
#872=EDGE_CURVE('',#1068,#1032,#104,.T.);
#873=EDGE_CURVE('',#1032,#1038,#105,.T.);
#874=EDGE_CURVE('',#1039,#1031,#106,.T.);
#875=EDGE_CURVE('',#1068,#1038,#107,.F.);
#876=EDGE_CURVE('',#1033,#1060,#108,.F.);
#877=EDGE_CURVE('',#1060,#1067,#109,.F.);
#878=EDGE_CURVE('',#1039,#1059,#110,.F.);
#879=EDGE_CURVE('',#1059,#1031,#111,.F.);
#880=EDGE_CURVE('',#1069,#1037,#112,.T.);
#881=EDGE_CURVE('',#977,#1066,#165,.T.);
#882=EDGE_CURVE('',#1034,#1011,#166,.T.);
#883=EDGE_CURVE('',#1054,#1030,#113,.T.);
#884=EDGE_CURVE('',#1052,#1054,#114,.T.);
#885=EDGE_CURVE('',#1055,#996,#167,.T.);
#886=EDGE_CURVE('',#1056,#995,#115,.T.);
#887=EDGE_CURVE('',#1036,#1058,#116,.T.);
#888=EDGE_CURVE('',#1037,#951,#117,.T.);
#889=EDGE_CURVE('',#952,#1036,#118,.T.);
#890=EDGE_CURVE('',#1069,#951,#119,.F.);
#891=EDGE_CURVE('',#978,#1065,#168,.T.);
#892=EDGE_CURVE('',#1035,#1010,#169,.T.);
#893=EDGE_CURVE('',#1052,#1030,#120,.F.);
#894=EDGE_CURVE('',#1056,#1090,#121,.F.);
#895=EDGE_CURVE('',#1090,#995,#122,.F.);
#896=EDGE_CURVE('',#952,#1058,#123,.F.);
#897=EDGE_CURVE('',#950,#1049,#124,.T.);
#898=EDGE_CURVE('',#1062,#950,#125,.T.);
#899=EDGE_CURVE('',#1061,#1064,#126,.T.);
#900=EDGE_CURVE('',#1024,#1061,#127,.T.);
#901=EDGE_CURVE('',#1050,#1029,#170,.F.);
#902=EDGE_CURVE('',#1083,#994,#171,.T.);
#903=EDGE_CURVE('',#1057,#1089,#128,.T.);
#904=EDGE_CURVE('',#953,#1057,#129,.T.);
#905=EDGE_CURVE('',#1062,#1049,#130,.F.);
#906=EDGE_CURVE('',#1024,#1064,#131,.F.);
#907=EDGE_CURVE('',#1051,#1028,#172,.F.);
#908=EDGE_CURVE('',#1085,#993,#173,.T.);
#909=EDGE_CURVE('',#953,#1089,#132,.F.);
#910=EDGE_CURVE('',#1063,#1048,#133,.T.);
#911=EDGE_CURVE('',#1025,#1063,#134,.T.);
#912=EDGE_CURVE('',#1053,#1027,#135,.T.);
#913=EDGE_CURVE('',#988,#1053,#136,.T.);
#914=EDGE_CURVE('',#990,#987,#174,.F.);
#915=EDGE_CURVE('',#992,#986,#137,.T.);
#916=EDGE_CURVE('',#1087,#992,#138,.T.);
#917=EDGE_CURVE('',#954,#1084,#175,.F.);
#918=EDGE_CURVE('',#1025,#1048,#139,.F.);
#919=EDGE_CURVE('',#988,#1027,#140,.F.);
#920=EDGE_CURVE('',#1087,#986,#141,.F.);
#921=EDGE_CURVE('',#955,#1086,#176,.F.);
#922=EDGE_CURVE('',#1026,#1047,#142,.T.);
#923=EDGE_CURVE('',#989,#1026,#143,.T.);
#924=EDGE_CURVE('',#1088,#985,#144,.T.);
#925=EDGE_CURVE('',#956,#1088,#145,.T.);
#926=EDGE_CURVE('',#1079,#1070,#177,.F.);
#927=EDGE_CURVE('',#1040,#1082,#178,.T.);
#928=EDGE_CURVE('',#1042,#1081,#146,.T.);
#929=EDGE_CURVE('',#989,#1047,#147,.F.);
#930=EDGE_CURVE('',#956,#985,#148,.F.);
#931=EDGE_CURVE('',#1080,#1074,#149,.T.);
#932=EDGE_CURVE('',#1081,#1075,#150,.T.);
#933=EDGE_CURVE('',#1076,#1080,#151,.T.);
#934=EDGE_CURVE('',#1042,#1075,#152,.F.);
#935=EDGE_CURVE('',#984,#1046,#153,.T.);
#936=EDGE_CURVE('',#957,#984,#154,.T.);
#937=EDGE_CURVE('',#1076,#1074,#155,.F.);
#938=EDGE_CURVE('',#1043,#1078,#179,.F.);
#939=EDGE_CURVE('',#957,#1046,#156,.F.);
#940=EDGE_CURVE('',#1077,#1073,#180,.T.);
#941=EDGE_CURVE('',#1044,#1092,#157,.T.);
#942=EDGE_CURVE('',#958,#1045,#158,.T.);
#943=EDGE_CURVE('',#1072,#947,#159,.T.);
#944=EDGE_CURVE('',#1091,#1072,#181,.F.);
#945=EDGE_CURVE('',#958,#1092,#160,.F.);
#946=EDGE_CURVE('',#1091,#959,#161,.F.);
#947=VERTEX_POINT('',#2604);
#948=VERTEX_POINT('',#2605);
#949=VERTEX_POINT('',#2607);
#950=VERTEX_POINT('',#2609);
#951=VERTEX_POINT('',#2611);
#952=VERTEX_POINT('',#2613);
#953=VERTEX_POINT('',#2615);
#954=VERTEX_POINT('',#2617);
#955=VERTEX_POINT('',#2619);
#956=VERTEX_POINT('',#2621);
#957=VERTEX_POINT('',#2623);
#958=VERTEX_POINT('',#2625);
#959=VERTEX_POINT('',#2627);
#960=VERTEX_POINT('',#2630);
#961=VERTEX_POINT('',#2631);
#962=VERTEX_POINT('',#2633);
#963=VERTEX_POINT('',#2636);
#964=VERTEX_POINT('',#2637);
#965=VERTEX_POINT('',#2639);
#966=VERTEX_POINT('',#2642);
#967=VERTEX_POINT('',#2643);
#968=VERTEX_POINT('',#2645);
#969=VERTEX_POINT('',#2649);
#970=VERTEX_POINT('',#2650);
#971=VERTEX_POINT('',#2652);
#972=VERTEX_POINT('',#2655);
#973=VERTEX_POINT('',#2656);
#974=VERTEX_POINT('',#2658);
#975=VERTEX_POINT('',#2661);
#976=VERTEX_POINT('',#2662);
#977=VERTEX_POINT('',#2664);
#978=VERTEX_POINT('',#2666);
#979=VERTEX_POINT('',#2668);
#980=VERTEX_POINT('',#2670);
#981=VERTEX_POINT('',#2673);
#982=VERTEX_POINT('',#2674);
#983=VERTEX_POINT('',#2676);
#984=VERTEX_POINT('',#2680);
#985=VERTEX_POINT('',#2681);
#986=VERTEX_POINT('',#2683);
#987=VERTEX_POINT('',#2685);
#988=VERTEX_POINT('',#2687);
#989=VERTEX_POINT('',#2689);
#990=VERTEX_POINT('',#2693);
#991=VERTEX_POINT('',#2694);
#992=VERTEX_POINT('',#2696);
#993=VERTEX_POINT('',#2698);
#994=VERTEX_POINT('',#2700);
#995=VERTEX_POINT('',#2702);
#996=VERTEX_POINT('',#2704);
#997=VERTEX_POINT('',#2706);
#998=VERTEX_POINT('',#2710);
#999=VERTEX_POINT('',#2711);
#1000=VERTEX_POINT('',#2713);
#1001=VERTEX_POINT('',#2716);
#1002=VERTEX_POINT('',#2717);
#1003=VERTEX_POINT('',#2719);
#1004=VERTEX_POINT('',#2722);
#1005=VERTEX_POINT('',#2723);
#1006=VERTEX_POINT('',#2725);
#1007=VERTEX_POINT('',#2728);
#1008=VERTEX_POINT('',#2729);
#1009=VERTEX_POINT('',#2731);
#1010=VERTEX_POINT('',#2734);
#1011=VERTEX_POINT('',#2736);
#1012=VERTEX_POINT('',#2740);
#1013=VERTEX_POINT('',#2741);
#1014=VERTEX_POINT('',#2746);
#1015=VERTEX_POINT('',#2750);
#1016=VERTEX_POINT('',#2751);
#1017=VERTEX_POINT('',#2756);
#1018=VERTEX_POINT('',#2760);
#1019=VERTEX_POINT('',#2761);
#1020=VERTEX_POINT('',#2766);
#1021=VERTEX_POINT('',#2770);
#1022=VERTEX_POINT('',#2771);
#1023=VERTEX_POINT('',#2776);
#1024=VERTEX_POINT('',#2780);
#1025=VERTEX_POINT('',#2781);
#1026=VERTEX_POINT('',#2783);
#1027=VERTEX_POINT('',#2785);
#1028=VERTEX_POINT('',#2787);
#1029=VERTEX_POINT('',#2789);
#1030=VERTEX_POINT('',#2791);
#1031=VERTEX_POINT('',#2793);
#1032=VERTEX_POINT('',#2795);
#1033=VERTEX_POINT('',#2797);
#1034=VERTEX_POINT('',#2799);
#1035=VERTEX_POINT('',#2801);
#1036=VERTEX_POINT('',#2805);
#1037=VERTEX_POINT('',#2806);
#1038=VERTEX_POINT('',#2808);
#1039=VERTEX_POINT('',#2810);
#1040=VERTEX_POINT('',#2820);
#1041=VERTEX_POINT('',#2821);
#1042=VERTEX_POINT('',#2823);
#1043=VERTEX_POINT('',#2825);
#1044=VERTEX_POINT('',#2827);
#1045=VERTEX_POINT('',#2829);
#1046=VERTEX_POINT('',#2831);
#1047=VERTEX_POINT('',#2833);
#1048=VERTEX_POINT('',#2835);
#1049=VERTEX_POINT('',#2837);
#1050=VERTEX_POINT('',#2843);
#1051=VERTEX_POINT('',#2845);
#1052=VERTEX_POINT('',#2849);
#1053=VERTEX_POINT('',#2853);
#1054=VERTEX_POINT('',#2857);
#1055=VERTEX_POINT('',#2858);
#1056=VERTEX_POINT('',#2860);
#1057=VERTEX_POINT('',#2862);
#1058=VERTEX_POINT('',#2864);
#1059=VERTEX_POINT('',#2866);
#1060=VERTEX_POINT('',#2870);
#1061=VERTEX_POINT('',#2874);
#1062=VERTEX_POINT('',#2878);
#1063=VERTEX_POINT('',#2879);
#1064=VERTEX_POINT('',#2881);
#1065=VERTEX_POINT('',#2883);
#1066=VERTEX_POINT('',#2885);
#1067=VERTEX_POINT('',#2887);
#1068=VERTEX_POINT('',#2889);
#1069=VERTEX_POINT('',#2891);
#1070=VERTEX_POINT('',#2895);
#1071=VERTEX_POINT('',#2896);
#1072=VERTEX_POINT('',#2902);
#1073=VERTEX_POINT('',#2904);
#1074=VERTEX_POINT('',#2906);
#1075=VERTEX_POINT('',#2910);
#1076=VERTEX_POINT('',#2911);
#1077=VERTEX_POINT('',#2913);
#1078=VERTEX_POINT('',#2915);
#1079=VERTEX_POINT('',#2919);
#1080=VERTEX_POINT('',#2920);
#1081=VERTEX_POINT('',#2922);
#1082=VERTEX_POINT('',#2924);
#1083=VERTEX_POINT('',#2928);
#1084=VERTEX_POINT('',#2929);
#1085=VERTEX_POINT('',#2931);
#1086=VERTEX_POINT('',#2933);
#1087=VERTEX_POINT('',#2937);
#1088=VERTEX_POINT('',#2939);
#1089=VERTEX_POINT('',#2943);
#1090=VERTEX_POINT('',#2944);
#1091=VERTEX_POINT('',#2967);
#1092=VERTEX_POINT('',#2968);
#1093=LINE('',#2603,#1252);
#1094=LINE('',#2606,#1253);
#1095=LINE('',#2608,#1254);
#1096=LINE('',#2610,#1255);
#1097=LINE('',#2612,#1256);
#1098=LINE('',#2614,#1257);
#1099=LINE('',#2616,#1258);
#1100=LINE('',#2618,#1259);
#1101=LINE('',#2620,#1260);
#1102=LINE('',#2622,#1261);
#1103=LINE('',#2624,#1262);
#1104=LINE('',#2626,#1263);
#1105=LINE('',#2629,#1264);
#1106=LINE('',#2634,#1265);
#1107=LINE('',#2635,#1266);
#1108=LINE('',#2640,#1267);
#1109=LINE('',#2641,#1268);
#1110=LINE('',#2646,#1269);
#1111=LINE('',#2651,#1270);
#1112=LINE('',#2653,#1271);
#1113=LINE('',#2657,#1272);
#1114=LINE('',#2659,#1273);
#1115=LINE('',#2660,#1274);
#1116=LINE('',#2665,#1275);
#1117=LINE('',#2669,#1276);
#1118=LINE('',#2671,#1277);
#1119=LINE('',#2675,#1278);
#1120=LINE('',#2677,#1279);
#1121=LINE('',#2679,#1280);
#1122=LINE('',#2682,#1281);
#1123=LINE('',#2684,#1282);
#1124=LINE('',#2686,#1283);
#1125=LINE('',#2688,#1284);
#1126=LINE('',#2690,#1285);
#1127=LINE('',#2692,#1286);
#1128=LINE('',#2695,#1287);
#1129=LINE('',#2697,#1288);
#1130=LINE('',#2699,#1289);
#1131=LINE('',#2701,#1290);
#1132=LINE('',#2703,#1291);
#1133=LINE('',#2705,#1292);
#1134=LINE('',#2707,#1293);
#1135=LINE('',#2709,#1294);
#1136=LINE('',#2712,#1295);
#1137=LINE('',#2715,#1296);
#1138=LINE('',#2718,#1297);
#1139=LINE('',#2721,#1298);
#1140=LINE('',#2724,#1299);
#1141=LINE('',#2727,#1300);
#1142=LINE('',#2730,#1301);
#1143=LINE('',#2733,#1302);
#1144=LINE('',#2735,#1303);
#1145=LINE('',#2737,#1304);
#1146=LINE('',#2739,#1305);
#1147=LINE('',#2742,#1306);
#1148=LINE('',#2743,#1307);
#1149=LINE('',#2745,#1308);
#1150=LINE('',#2747,#1309);
#1151=LINE('',#2749,#1310);
#1152=LINE('',#2752,#1311);
#1153=LINE('',#2753,#1312);
#1154=LINE('',#2755,#1313);
#1155=LINE('',#2757,#1314);
#1156=LINE('',#2759,#1315);
#1157=LINE('',#2762,#1316);
#1158=LINE('',#2763,#1317);
#1159=LINE('',#2765,#1318);
#1160=LINE('',#2767,#1319);
#1161=LINE('',#2769,#1320);
#1162=LINE('',#2772,#1321);
#1163=LINE('',#2773,#1322);
#1164=LINE('',#2775,#1323);
#1165=LINE('',#2777,#1324);
#1166=LINE('',#2779,#1325);
#1167=LINE('',#2782,#1326);
#1168=LINE('',#2784,#1327);
#1169=LINE('',#2786,#1328);
#1170=LINE('',#2788,#1329);
#1171=LINE('',#2790,#1330);
#1172=LINE('',#2792,#1331);
#1173=LINE('',#2794,#1332);
#1174=LINE('',#2796,#1333);
#1175=LINE('',#2798,#1334);
#1176=LINE('',#2800,#1335);
#1177=LINE('',#2802,#1336);
#1178=LINE('',#2804,#1337);
#1179=LINE('',#2807,#1338);
#1180=LINE('',#2809,#1339);
#1181=LINE('',#2811,#1340);
#1182=LINE('',#2819,#1341);
#1183=LINE('',#2822,#1342);
#1184=LINE('',#2824,#1343);
#1185=LINE('',#2826,#1344);
#1186=LINE('',#2830,#1345);
#1187=LINE('',#2832,#1346);
#1188=LINE('',#2834,#1347);
#1189=LINE('',#2836,#1348);
#1190=LINE('',#2838,#1349);
#1191=LINE('',#2842,#1350);
#1192=LINE('',#2844,#1351);
#1193=LINE('',#2846,#1352);
#1194=LINE('',#2848,#1353);
#1195=LINE('',#2850,#1354);
#1196=LINE('',#2852,#1355);
#1197=LINE('',#2854,#1356);
#1198=LINE('',#2856,#1357);
#1199=LINE('',#2859,#1358);
#1200=LINE('',#2861,#1359);
#1201=LINE('',#2863,#1360);
#1202=LINE('',#2865,#1361);
#1203=LINE('',#2867,#1362);
#1204=LINE('',#2869,#1363);
#1205=LINE('',#2871,#1364);
#1206=LINE('',#2873,#1365);
#1207=LINE('',#2875,#1366);
#1208=LINE('',#2877,#1367);
#1209=LINE('',#2880,#1368);
#1210=LINE('',#2882,#1369);
#1211=LINE('',#2884,#1370);
#1212=LINE('',#2886,#1371);
#1213=LINE('',#2888,#1372);
#1214=LINE('',#2890,#1373);
#1215=LINE('',#2892,#1374);
#1216=LINE('',#2894,#1375);
#1217=LINE('',#2897,#1376);
#1218=LINE('',#2901,#1377);
#1219=LINE('',#2903,#1378);
#1220=LINE('',#2905,#1379);
#1221=LINE('',#2907,#1380);
#1222=LINE('',#2909,#1381);
#1223=LINE('',#2912,#1382);
#1224=LINE('',#2914,#1383);
#1225=LINE('',#2916,#1384);
#1226=LINE('',#2918,#1385);
#1227=LINE('',#2921,#1386);
#1228=LINE('',#2923,#1387);
#1229=LINE('',#2925,#1388);
#1230=LINE('',#2927,#1389);
#1231=LINE('',#2930,#1390);
#1232=LINE('',#2932,#1391);
#1233=LINE('',#2934,#1392);
#1234=LINE('',#2936,#1393);
#1235=LINE('',#2938,#1394);
#1236=LINE('',#2940,#1395);
#1237=LINE('',#2942,#1396);
#1238=LINE('',#2945,#1397);
#1239=LINE('',#2946,#1398);
#1240=LINE('',#2948,#1399);
#1241=LINE('',#2949,#1400);
#1242=LINE('',#2951,#1401);
#1243=LINE('',#2954,#1402);
#1244=LINE('',#2955,#1403);
#1245=LINE('',#2957,#1404);
#1246=LINE('',#2960,#1405);
#1247=LINE('',#2961,#1406);
#1248=LINE('',#2963,#1407);
#1249=LINE('',#2966,#1408);
#1250=LINE('',#2969,#1409);
#1251=LINE('',#2970,#1410);
#1252=VECTOR('',#2032,1.);
#1253=VECTOR('',#2033,1.);
#1254=VECTOR('',#2034,1.);
#1255=VECTOR('',#2035,1.);
#1256=VECTOR('',#2036,1.);
#1257=VECTOR('',#2037,1.);
#1258=VECTOR('',#2038,1.);
#1259=VECTOR('',#2039,1.);
#1260=VECTOR('',#2040,1.);
#1261=VECTOR('',#2041,1.);
#1262=VECTOR('',#2042,1.);
#1263=VECTOR('',#2043,1.);
#1264=VECTOR('',#2046,1.);
#1265=VECTOR('',#2049,1.);
#1266=VECTOR('',#2050,1.);
#1267=VECTOR('',#2053,1.);
#1268=VECTOR('',#2054,1.);
#1269=VECTOR('',#2057,1.);
#1270=VECTOR('',#2062,1.);
#1271=VECTOR('',#2063,1.);
#1272=VECTOR('',#2066,1.);
#1273=VECTOR('',#2067,1.);
#1274=VECTOR('',#2068,1.);
#1275=VECTOR('',#2071,1.);
#1276=VECTOR('',#2074,1.);
#1277=VECTOR('',#2075,1.);
#1278=VECTOR('',#2078,1.);
#1279=VECTOR('',#2079,1.);
#1280=VECTOR('',#2082,1.);
#1281=VECTOR('',#2083,1.);
#1282=VECTOR('',#2084,1.);
#1283=VECTOR('',#2085,1.);
#1284=VECTOR('',#2086,1.);
#1285=VECTOR('',#2087,1.);
#1286=VECTOR('',#2090,1.);
#1287=VECTOR('',#2091,1.);
#1288=VECTOR('',#2092,1.);
#1289=VECTOR('',#2093,1.);
#1290=VECTOR('',#2094,1.);
#1291=VECTOR('',#2095,1.);
#1292=VECTOR('',#2096,1.);
#1293=VECTOR('',#2097,1.);
#1294=VECTOR('',#2100,1.);
#1295=VECTOR('',#2101,1.);
#1296=VECTOR('',#2104,1.);
#1297=VECTOR('',#2105,1.);
#1298=VECTOR('',#2108,1.);
#1299=VECTOR('',#2109,1.);
#1300=VECTOR('',#2112,1.);
#1301=VECTOR('',#2113,1.);
#1302=VECTOR('',#2116,1.);
#1303=VECTOR('',#2117,1.);
#1304=VECTOR('',#2118,1.);
#1305=VECTOR('',#2121,1.);
#1306=VECTOR('',#2122,1.);
#1307=VECTOR('',#2123,1.);
#1308=VECTOR('',#2126,1.);
#1309=VECTOR('',#2127,1.);
#1310=VECTOR('',#2130,1.);
#1311=VECTOR('',#2131,1.);
#1312=VECTOR('',#2132,1.);
#1313=VECTOR('',#2135,1.);
#1314=VECTOR('',#2136,1.);
#1315=VECTOR('',#2139,1.);
#1316=VECTOR('',#2140,1.);
#1317=VECTOR('',#2141,1.);
#1318=VECTOR('',#2144,1.);
#1319=VECTOR('',#2145,1.);
#1320=VECTOR('',#2148,1.);
#1321=VECTOR('',#2149,1.);
#1322=VECTOR('',#2150,1.);
#1323=VECTOR('',#2153,1.);
#1324=VECTOR('',#2154,1.);
#1325=VECTOR('',#2157,1.);
#1326=VECTOR('',#2158,1.);
#1327=VECTOR('',#2159,1.);
#1328=VECTOR('',#2160,1.);
#1329=VECTOR('',#2161,1.);
#1330=VECTOR('',#2162,1.);
#1331=VECTOR('',#2163,1.);
#1332=VECTOR('',#2164,1.);
#1333=VECTOR('',#2165,1.);
#1334=VECTOR('',#2166,1.);
#1335=VECTOR('',#2167,1.);
#1336=VECTOR('',#2168,1.);
#1337=VECTOR('',#2171,1.);
#1338=VECTOR('',#2172,1.);
#1339=VECTOR('',#2173,1.);
#1340=VECTOR('',#2174,1.);
#1341=VECTOR('',#2189,1.);
#1342=VECTOR('',#2190,1.);
#1343=VECTOR('',#2191,1.);
#1344=VECTOR('',#2192,1.);
#1345=VECTOR('',#2195,1.);
#1346=VECTOR('',#2196,1.);
#1347=VECTOR('',#2197,1.);
#1348=VECTOR('',#2198,1.);
#1349=VECTOR('',#2199,1.);
#1350=VECTOR('',#2206,1.);
#1351=VECTOR('',#2207,1.);
#1352=VECTOR('',#2208,1.);
#1353=VECTOR('',#2211,1.);
#1354=VECTOR('',#2212,1.);
#1355=VECTOR('',#2215,1.);
#1356=VECTOR('',#2216,1.);
#1357=VECTOR('',#2219,1.);
#1358=VECTOR('',#2220,1.);
#1359=VECTOR('',#2221,1.);
#1360=VECTOR('',#2222,1.);
#1361=VECTOR('',#2223,1.);
#1362=VECTOR('',#2224,1.);
#1363=VECTOR('',#2227,1.);
#1364=VECTOR('',#2228,1.);
#1365=VECTOR('',#2231,1.);
#1366=VECTOR('',#2232,1.);
#1367=VECTOR('',#2235,1.);
#1368=VECTOR('',#2236,1.);
#1369=VECTOR('',#2237,1.);
#1370=VECTOR('',#2238,1.);
#1371=VECTOR('',#2239,1.);
#1372=VECTOR('',#2240,1.);
#1373=VECTOR('',#2241,1.);
#1374=VECTOR('',#2242,1.);
#1375=VECTOR('',#2245,1.);
#1376=VECTOR('',#2246,1.);
#1377=VECTOR('',#2253,1.);
#1378=VECTOR('',#2254,1.);
#1379=VECTOR('',#2255,1.);
#1380=VECTOR('',#2256,1.);
#1381=VECTOR('',#2259,1.);
#1382=VECTOR('',#2260,1.);
#1383=VECTOR('',#2261,1.);
#1384=VECTOR('',#2262,1.);
#1385=VECTOR('',#2265,1.);
#1386=VECTOR('',#2266,1.);
#1387=VECTOR('',#2267,1.);
#1388=VECTOR('',#2268,1.);
#1389=VECTOR('',#2271,1.);
#1390=VECTOR('',#2272,1.);
#1391=VECTOR('',#2273,1.);
#1392=VECTOR('',#2274,1.);
#1393=VECTOR('',#2277,1.);
#1394=VECTOR('',#2278,1.);
#1395=VECTOR('',#2279,1.);
#1396=VECTOR('',#2282,1.);
#1397=VECTOR('',#2283,1.);
#1398=VECTOR('',#2284,1.);
#1399=VECTOR('',#2287,1.);
#1400=VECTOR('',#2288,1.);
#1401=VECTOR('',#2291,1.);
#1402=VECTOR('',#2296,1.);
#1403=VECTOR('',#2297,1.);
#1404=VECTOR('',#2300,1.);
#1405=VECTOR('',#2305,1.);
#1406=VECTOR('',#2306,1.);
#1407=VECTOR('',#2309,1.);
#1408=VECTOR('',#2314,1.);
#1409=VECTOR('',#2315,1.);
#1410=VECTOR('',#2316,1.);
#1411=EDGE_LOOP('',(#182,#183,#184,#185,#186,#187,#188,#189,#190,#191,#192,
#193,#194));
#1412=EDGE_LOOP('',(#195,#196,#197));
#1413=EDGE_LOOP('',(#198,#199,#200));
#1414=EDGE_LOOP('',(#201,#202,#203));
#1415=EDGE_LOOP('',(#204,#205,#206));
#1416=EDGE_LOOP('',(#207,#208,#209));
#1417=EDGE_LOOP('',(#210,#211,#212,#213,#214,#215));
#1418=EDGE_LOOP('',(#216,#217,#218));
#1419=EDGE_LOOP('',(#219,#220,#221,#222,#223,#224));
#1420=EDGE_LOOP('',(#225,#226,#227,#228,#229,#230,#231,#232));
#1421=EDGE_LOOP('',(#233,#234,#235));
#1422=EDGE_LOOP('',(#236,#237,#238));
#1423=EDGE_LOOP('',(#239,#240,#241));
#1424=EDGE_LOOP('',(#242,#243,#244));
#1425=EDGE_LOOP('',(#245,#246,#247,#248));
#1426=EDGE_LOOP('',(#249,#250,#251,#252));
#1427=EDGE_LOOP('',(#253,#254,#255,#256));
#1428=EDGE_LOOP('',(#257,#258,#259,#260));
#1429=EDGE_LOOP('',(#261,#262,#263,#264));
#1430=EDGE_LOOP('',(#265,#266,#267,#268));
#1431=EDGE_LOOP('',(#269,#270,#271,#272));
#1432=EDGE_LOOP('',(#273,#274,#275,#276));
#1433=EDGE_LOOP('',(#277,#278,#279,#280));
#1434=EDGE_LOOP('',(#281,#282,#283,#284,#285,#286,#287,#288,#289,#290,#291,
#292));
#1435=EDGE_LOOP('',(#293,#294,#295,#296));
#1436=EDGE_LOOP('',(#297,#298,#299,#300));
#1437=EDGE_LOOP('',(#301,#302,#303,#304));
#1438=EDGE_LOOP('',(#305,#306,#307,#308));
#1439=EDGE_LOOP('',(#309,#310,#311,#312,#313,#314,#315,#316,#317,#318));
#1440=EDGE_LOOP('',(#319,#320,#321,#322));
#1441=EDGE_LOOP('',(#323,#324,#325,#326));
#1442=EDGE_LOOP('',(#327,#328,#329));
#1443=EDGE_LOOP('',(#330,#331,#332));
#1444=EDGE_LOOP('',(#333,#334,#335));
#1445=EDGE_LOOP('',(#336,#337,#338));
#1446=EDGE_LOOP('',(#339,#340,#341,#342));
#1447=EDGE_LOOP('',(#343,#344,#345,#346));
#1448=EDGE_LOOP('',(#347,#348,#349,#350,#351,#352));
#1449=EDGE_LOOP('',(#353,#354,#355,#356));
#1450=EDGE_LOOP('',(#357,#358,#359,#360));
#1451=EDGE_LOOP('',(#361,#362,#363,#364,#365,#366,#367,#368));
#1452=EDGE_LOOP('',(#369,#370,#371,#372,#373,#374));
#1453=EDGE_LOOP('',(#375,#376,#377,#378,#379));
#1454=EDGE_LOOP('',(#380,#381,#382,#383));
#1455=EDGE_LOOP('',(#384,#385,#386,#387));
#1456=EDGE_LOOP('',(#388,#389,#390,#391));
#1457=EDGE_LOOP('',(#392,#393,#394,#395));
#1458=EDGE_LOOP('',(#396,#397,#398,#399));
#1459=EDGE_LOOP('',(#400,#401,#402,#403));
#1460=EDGE_LOOP('',(#404,#405,#406,#407));
#1461=EDGE_LOOP('',(#408,#409,#410,#411));
#1462=EDGE_LOOP('',(#412,#413,#414,#415));
#1463=EDGE_LOOP('',(#416,#417,#418,#419));
#1464=EDGE_LOOP('',(#420,#421,#422,#423));
#1465=EDGE_LOOP('',(#424,#425,#426,#427));
#1466=EDGE_LOOP('',(#428,#429,#430,#431));
#1467=EDGE_LOOP('',(#432,#433,#434,#435));
#1468=EDGE_LOOP('',(#436,#437,#438,#439));
#1469=EDGE_LOOP('',(#440,#441,#442,#443));
#1470=EDGE_LOOP('',(#444,#445,#446,#447));
#1471=EDGE_LOOP('',(#448,#449,#450));
#1472=EDGE_LOOP('',(#451,#452,#453));
#1473=EDGE_LOOP('',(#454,#455,#456));
#1474=EDGE_LOOP('',(#457,#458,#459,#460));
#1475=EDGE_LOOP('',(#461,#462,#463,#464,#465));
#1476=EDGE_LOOP('',(#466,#467,#468,#469));
#1477=EDGE_LOOP('',(#470,#471,#472,#473));
#1478=EDGE_LOOP('',(#474,#475,#476,#477));
#1479=EDGE_LOOP('',(#478,#479,#480,#481));
#1480=EDGE_LOOP('',(#482,#483,#484,#485));
#1481=EDGE_LOOP('',(#486,#487,#488,#489));
#1482=EDGE_LOOP('',(#490,#491,#492));
#1483=EDGE_LOOP('',(#493,#494,#495,#496));
#1484=EDGE_LOOP('',(#497,#498,#499,#500));
#1485=EDGE_LOOP('',(#501,#502,#503));
#1486=EDGE_LOOP('',(#504,#505,#506));
#1487=EDGE_LOOP('',(#507,#508,#509));
#1488=EDGE_LOOP('',(#510,#511,#512,#513));
#1489=EDGE_LOOP('',(#514,#515,#516,#517));
#1490=EDGE_LOOP('',(#518,#519,#520,#521,#522));
#1491=EDGE_LOOP('',(#523,#524,#525,#526));
#1492=EDGE_LOOP('',(#527,#528,#529,#530));
#1493=EDGE_LOOP('',(#531,#532,#533,#534));
#1494=EDGE_LOOP('',(#535,#536,#537,#538));
#1495=EDGE_LOOP('',(#539,#540,#541,#542));
#1496=EDGE_LOOP('',(#543,#544,#545));
#1497=EDGE_LOOP('',(#546,#547,#548));
#1498=EDGE_LOOP('',(#549,#550,#551,#552));
#1499=EDGE_LOOP('',(#553,#554,#555,#556));
#1500=EDGE_LOOP('',(#557,#558,#559));
#1501=EDGE_LOOP('',(#560,#561,#562,#563));
#1502=EDGE_LOOP('',(#564,#565,#566,#567));
#1503=EDGE_LOOP('',(#568,#569,#570,#571));
#1504=EDGE_LOOP('',(#572,#573,#574,#575));
#1505=EDGE_LOOP('',(#576,#577,#578,#579));
#1506=EDGE_LOOP('',(#580,#581,#582,#583));
#1507=EDGE_LOOP('',(#584,#585,#586,#587));
#1508=EDGE_LOOP('',(#588,#589,#590));
#1509=EDGE_LOOP('',(#591,#592,#593));
#1510=EDGE_LOOP('',(#594,#595,#596));
#1511=EDGE_LOOP('',(#597,#598,#599,#600));
#1512=EDGE_LOOP('',(#601,#602,#603,#604));
#1513=EDGE_LOOP('',(#605,#606,#607,#608));
#1514=EDGE_LOOP('',(#609,#610,#611,#612));
#1515=EDGE_LOOP('',(#613,#614,#615,#616));
#1516=EDGE_LOOP('',(#617,#618,#619,#620));
#1517=EDGE_LOOP('',(#621,#622,#623,#624));
#1518=EDGE_LOOP('',(#625,#626,#627));
#1519=EDGE_LOOP('',(#628,#629,#630));
#1520=EDGE_LOOP('',(#631,#632,#633,#634));
#1521=EDGE_LOOP('',(#635,#636,#637,#638));
#1522=EDGE_LOOP('',(#639,#640,#641));
#1523=EDGE_LOOP('',(#642,#643,#644,#645));
#1524=EDGE_LOOP('',(#646,#647,#648,#649));
#1525=EDGE_LOOP('',(#650,#651,#652));
#1526=EDGE_LOOP('',(#653,#654,#655,#656));
#1527=EDGE_LOOP('',(#657,#658,#659));
#1528=EDGE_LOOP('',(#660,#661,#662,#663));
#1529=EDGE_LOOP('',(#664,#665,#666,#667));
#1530=EDGE_LOOP('',(#668,#669,#670,#671));
#1531=EDGE_LOOP('',(#672,#673,#674,#675));
#1532=EDGE_LOOP('',(#676,#677,#678,#679));
#1533=EDGE_LOOP('',(#680,#681,#682,#683));
#1534=EDGE_LOOP('',(#684,#685,#686,#687));
#1535=EDGE_LOOP('',(#688,#689,#690,#691));
#1536=FACE_BOUND('',#1411,.T.);
#1537=FACE_BOUND('',#1412,.T.);
#1538=FACE_BOUND('',#1413,.T.);
#1539=FACE_BOUND('',#1414,.T.);
#1540=FACE_BOUND('',#1415,.T.);
#1541=FACE_BOUND('',#1416,.T.);
#1542=FACE_BOUND('',#1417,.T.);
#1543=FACE_BOUND('',#1418,.T.);
#1544=FACE_BOUND('',#1419,.T.);
#1545=FACE_BOUND('',#1420,.T.);
#1546=FACE_BOUND('',#1421,.T.);
#1547=FACE_BOUND('',#1422,.T.);
#1548=FACE_BOUND('',#1423,.T.);
#1549=FACE_BOUND('',#1424,.T.);
#1550=FACE_BOUND('',#1425,.T.);
#1551=FACE_BOUND('',#1426,.T.);
#1552=FACE_BOUND('',#1427,.T.);
#1553=FACE_BOUND('',#1428,.T.);
#1554=FACE_BOUND('',#1429,.T.);
#1555=FACE_BOUND('',#1430,.T.);
#1556=FACE_BOUND('',#1431,.T.);
#1557=FACE_BOUND('',#1432,.T.);
#1558=FACE_BOUND('',#1433,.T.);
#1559=FACE_BOUND('',#1434,.T.);
#1560=FACE_BOUND('',#1435,.T.);
#1561=FACE_BOUND('',#1436,.T.);
#1562=FACE_BOUND('',#1437,.T.);
#1563=FACE_BOUND('',#1438,.T.);
#1564=FACE_BOUND('',#1439,.T.);
#1565=FACE_BOUND('',#1440,.T.);
#1566=FACE_BOUND('',#1441,.T.);
#1567=FACE_BOUND('',#1442,.T.);
#1568=FACE_BOUND('',#1443,.T.);
#1569=FACE_BOUND('',#1444,.T.);
#1570=FACE_BOUND('',#1445,.T.);
#1571=FACE_BOUND('',#1446,.T.);
#1572=FACE_BOUND('',#1447,.T.);
#1573=FACE_BOUND('',#1448,.T.);
#1574=FACE_BOUND('',#1449,.T.);
#1575=FACE_BOUND('',#1450,.T.);
#1576=FACE_BOUND('',#1451,.T.);
#1577=FACE_BOUND('',#1452,.T.);
#1578=FACE_BOUND('',#1453,.T.);
#1579=FACE_BOUND('',#1454,.T.);
#1580=FACE_BOUND('',#1455,.T.);
#1581=FACE_BOUND('',#1456,.T.);
#1582=FACE_BOUND('',#1457,.T.);
#1583=FACE_BOUND('',#1458,.T.);
#1584=FACE_BOUND('',#1459,.T.);
#1585=FACE_BOUND('',#1460,.T.);
#1586=FACE_BOUND('',#1461,.T.);
#1587=FACE_BOUND('',#1462,.T.);
#1588=FACE_BOUND('',#1463,.T.);
#1589=FACE_BOUND('',#1464,.T.);
#1590=FACE_BOUND('',#1465,.T.);
#1591=FACE_BOUND('',#1466,.T.);
#1592=FACE_BOUND('',#1467,.T.);
#1593=FACE_BOUND('',#1468,.T.);
#1594=FACE_BOUND('',#1469,.T.);
#1595=FACE_BOUND('',#1470,.T.);
#1596=FACE_BOUND('',#1471,.T.);
#1597=FACE_BOUND('',#1472,.T.);
#1598=FACE_BOUND('',#1473,.T.);
#1599=FACE_BOUND('',#1474,.T.);
#1600=FACE_BOUND('',#1475,.T.);
#1601=FACE_BOUND('',#1476,.T.);
#1602=FACE_BOUND('',#1477,.T.);
#1603=FACE_BOUND('',#1478,.T.);
#1604=FACE_BOUND('',#1479,.T.);
#1605=FACE_BOUND('',#1480,.T.);
#1606=FACE_BOUND('',#1481,.T.);
#1607=FACE_BOUND('',#1482,.T.);
#1608=FACE_BOUND('',#1483,.T.);
#1609=FACE_BOUND('',#1484,.T.);
#1610=FACE_BOUND('',#1485,.T.);
#1611=FACE_BOUND('',#1486,.T.);
#1612=FACE_BOUND('',#1487,.T.);
#1613=FACE_BOUND('',#1488,.T.);
#1614=FACE_BOUND('',#1489,.T.);
#1615=FACE_BOUND('',#1490,.T.);
#1616=FACE_BOUND('',#1491,.T.);
#1617=FACE_BOUND('',#1492,.T.);
#1618=FACE_BOUND('',#1493,.T.);
#1619=FACE_BOUND('',#1494,.T.);
#1620=FACE_BOUND('',#1495,.T.);
#1621=FACE_BOUND('',#1496,.T.);
#1622=FACE_BOUND('',#1497,.T.);
#1623=FACE_BOUND('',#1498,.T.);
#1624=FACE_BOUND('',#1499,.T.);
#1625=FACE_BOUND('',#1500,.T.);
#1626=FACE_BOUND('',#1501,.T.);
#1627=FACE_BOUND('',#1502,.T.);
#1628=FACE_BOUND('',#1503,.T.);
#1629=FACE_BOUND('',#1504,.T.);
#1630=FACE_BOUND('',#1505,.T.);
#1631=FACE_BOUND('',#1506,.T.);
#1632=FACE_BOUND('',#1507,.T.);
#1633=FACE_BOUND('',#1508,.T.);
#1634=FACE_BOUND('',#1509,.T.);
#1635=FACE_BOUND('',#1510,.T.);
#1636=FACE_BOUND('',#1511,.T.);
#1637=FACE_BOUND('',#1512,.T.);
#1638=FACE_BOUND('',#1513,.T.);
#1639=FACE_BOUND('',#1514,.T.);
#1640=FACE_BOUND('',#1515,.T.);
#1641=FACE_BOUND('',#1516,.T.);
#1642=FACE_BOUND('',#1517,.T.);
#1643=FACE_BOUND('',#1518,.T.);
#1644=FACE_BOUND('',#1519,.T.);
#1645=FACE_BOUND('',#1520,.T.);
#1646=FACE_BOUND('',#1521,.T.);
#1647=FACE_BOUND('',#1522,.T.);
#1648=FACE_BOUND('',#1523,.T.);
#1649=FACE_BOUND('',#1524,.T.);
#1650=FACE_BOUND('',#1525,.T.);
#1651=FACE_BOUND('',#1526,.T.);
#1652=FACE_BOUND('',#1527,.T.);
#1653=FACE_BOUND('',#1528,.T.);
#1654=FACE_BOUND('',#1529,.T.);
#1655=FACE_BOUND('',#1530,.T.);
#1656=FACE_BOUND('',#1531,.T.);
#1657=FACE_BOUND('',#1532,.T.);
#1658=FACE_BOUND('',#1533,.T.);
#1659=FACE_BOUND('',#1534,.T.);
#1660=FACE_BOUND('',#1535,.T.);
#1661=PLANE('',#1822);
#1662=PLANE('',#1827);
#1663=PLANE('',#1833);
#1664=PLANE('',#1834);
#1665=PLANE('',#1835);
#1666=PLANE('',#1840);
#1667=PLANE('',#1841);
#1668=PLANE('',#1842);
#1669=PLANE('',#1843);
#1670=PLANE('',#1844);
#1671=PLANE('',#1845);
#1672=PLANE('',#1846);
#1673=PLANE('',#1847);
#1674=PLANE('',#1848);
#1675=PLANE('',#1849);
#1676=PLANE('',#1856);
#1677=PLANE('',#1860);
#1678=PLANE('',#1861);
#1679=PLANE('',#1862);
#1680=PLANE('',#1863);
#1681=PLANE('',#1864);
#1682=PLANE('',#1865);
#1683=PLANE('',#1866);
#1684=PLANE('',#1867);
#1685=PLANE('',#1870);
#1686=PLANE('',#1871);
#1687=PLANE('',#1872);
#1688=PLANE('',#1873);
#1689=PLANE('',#1874);
#1690=PLANE('',#1875);
#1691=PLANE('',#1877);
#1692=PLANE('',#1878);
#1693=PLANE('',#1880);
#1694=PLANE('',#1881);
#1695=PLANE('',#1882);
#1696=PLANE('',#1883);
#1697=PLANE('',#1885);
#1698=ADVANCED_FACE('',(#1536,#1537,#1538,#1539),#1661,.F.);
#1699=ADVANCED_FACE('',(#1540,#1541,#1542,#1543),#1662,.T.);
#1700=ADVANCED_FACE('',(#1544),#1663,.F.);
#1701=ADVANCED_FACE('',(#1545),#1664,.F.);
#1702=ADVANCED_FACE('',(#1546,#1547,#1548,#1549,#1550),#1665,.T.);
#1703=ADVANCED_FACE('',(#1551),#1666,.T.);
#1704=ADVANCED_FACE('',(#1552),#1667,.F.);
#1705=ADVANCED_FACE('',(#1553),#1668,.T.);
#1706=ADVANCED_FACE('',(#1554),#1669,.F.);
#1707=ADVANCED_FACE('',(#1555),#1670,.T.);
#1708=ADVANCED_FACE('',(#1556),#1671,.F.);
#1709=ADVANCED_FACE('',(#1557),#1672,.T.);
#1710=ADVANCED_FACE('',(#1558),#1673,.F.);
#1711=ADVANCED_FACE('',(#1559),#1674,.T.);
#1712=ADVANCED_FACE('',(#1560),#1675,.T.);
#1713=ADVANCED_FACE('',(#1561),#32,.F.);
#1714=ADVANCED_FACE('',(#1562),#33,.F.);
#1715=ADVANCED_FACE('',(#1563),#34,.F.);
#1716=ADVANCED_FACE('',(#1564),#1676,.F.);
#1717=ADVANCED_FACE('',(#1565),#35,.F.);
#1718=ADVANCED_FACE('',(#1566,#1567,#1568,#1569,#1570),#1677,.F.);
#1719=ADVANCED_FACE('',(#1571),#1678,.T.);
#1720=ADVANCED_FACE('',(#1572),#1679,.F.);
#1721=ADVANCED_FACE('',(#1573),#1680,.F.);
#1722=ADVANCED_FACE('',(#1574),#1681,.F.);
#1723=ADVANCED_FACE('',(#1575),#1682,.T.);
#1724=ADVANCED_FACE('',(#1576),#1683,.T.);
#1725=ADVANCED_FACE('',(#1577),#1684,.T.);
#1726=ADVANCED_FACE('',(#1578),#1685,.F.);
#1727=ADVANCED_FACE('',(#1579),#1686,.F.);
#1728=ADVANCED_FACE('',(#1580),#1687,.T.);
#1729=ADVANCED_FACE('',(#1581),#1688,.T.);
#1730=ADVANCED_FACE('',(#1582),#1689,.F.);
#1731=ADVANCED_FACE('',(#1583),#1690,.T.);
#1732=ADVANCED_FACE('',(#1584),#36,.F.);
#1733=ADVANCED_FACE('',(#1585),#1691,.T.);
#1734=ADVANCED_FACE('',(#1586),#1692,.F.);
#1735=ADVANCED_FACE('',(#1587),#37,.F.);
#1736=ADVANCED_FACE('',(#1588),#1693,.T.);
#1737=ADVANCED_FACE('',(#1589),#1694,.F.);
#1738=ADVANCED_FACE('',(#1590),#1695,.T.);
#1739=ADVANCED_FACE('',(#1591),#1696,.F.);
#1740=ADVANCED_FACE('',(#1592),#38,.F.);
#1741=ADVANCED_FACE('',(#1593),#1697,.T.);
#1742=ADVANCED_FACE('',(#1594),#39,.T.);
#1743=ADVANCED_FACE('',(#1595),#40,.T.);
#1744=ADVANCED_FACE('',(#1596),#14,.T.);
#1745=ADVANCED_FACE('',(#1597),#15,.T.);
#1746=ADVANCED_FACE('',(#1598),#16,.T.);
#1747=ADVANCED_FACE('',(#1599),#41,.T.);
#1748=ADVANCED_FACE('',(#1600),#42,.T.);
#1749=ADVANCED_FACE('',(#1601),#43,.T.);
#1750=ADVANCED_FACE('',(#1602),#44,.T.);
#1751=ADVANCED_FACE('',(#1603),#45,.T.);
#1752=ADVANCED_FACE('',(#1604),#46,.T.);
#1753=ADVANCED_FACE('',(#1605),#47,.T.);
#1754=ADVANCED_FACE('',(#1606),#48,.T.);
#1755=ADVANCED_FACE('',(#1607),#17,.T.);
#1756=ADVANCED_FACE('',(#1608),#49,.T.);
#1757=ADVANCED_FACE('',(#1609),#50,.T.);
#1758=ADVANCED_FACE('',(#1610),#18,.T.);
#1759=ADVANCED_FACE('',(#1611),#19,.T.);
#1760=ADVANCED_FACE('',(#1612),#20,.T.);
#1761=ADVANCED_FACE('',(#1613),#51,.T.);
#1762=ADVANCED_FACE('',(#1614),#52,.T.);
#1763=ADVANCED_FACE('',(#1615),#53,.T.);
#1764=ADVANCED_FACE('',(#1616),#54,.T.);
#1765=ADVANCED_FACE('',(#1617),#55,.T.);
#1766=ADVANCED_FACE('',(#1618),#56,.T.);
#1767=ADVANCED_FACE('',(#1619),#57,.T.);
#1768=ADVANCED_FACE('',(#1620),#58,.T.);
#1769=ADVANCED_FACE('',(#1621),#21,.T.);
#1770=ADVANCED_FACE('',(#1622),#22,.T.);
#1771=ADVANCED_FACE('',(#1623),#59,.T.);
#1772=ADVANCED_FACE('',(#1624),#60,.T.);
#1773=ADVANCED_FACE('',(#1625),#23,.T.);
#1774=ADVANCED_FACE('',(#1626),#61,.T.);
#1775=ADVANCED_FACE('',(#1627),#62,.T.);
#1776=ADVANCED_FACE('',(#1628),#63,.T.);
#1777=ADVANCED_FACE('',(#1629),#64,.T.);
#1778=ADVANCED_FACE('',(#1630),#65,.T.);
#1779=ADVANCED_FACE('',(#1631),#66,.T.);
#1780=ADVANCED_FACE('',(#1632),#67,.T.);
#1781=ADVANCED_FACE('',(#1633),#24,.T.);
#1782=ADVANCED_FACE('',(#1634),#25,.T.);
#1783=ADVANCED_FACE('',(#1635),#26,.T.);
#1784=ADVANCED_FACE('',(#1636),#68,.T.);
#1785=ADVANCED_FACE('',(#1637),#69,.T.);
#1786=ADVANCED_FACE('',(#1638),#70,.T.);
#1787=ADVANCED_FACE('',(#1639),#71,.T.);
#1788=ADVANCED_FACE('',(#1640),#72,.T.);
#1789=ADVANCED_FACE('',(#1641),#73,.T.);
#1790=ADVANCED_FACE('',(#1642),#74,.T.);
#1791=ADVANCED_FACE('',(#1643),#27,.T.);
#1792=ADVANCED_FACE('',(#1644),#28,.T.);
#1793=ADVANCED_FACE('',(#1645),#75,.T.);
#1794=ADVANCED_FACE('',(#1646),#76,.T.);
#1795=ADVANCED_FACE('',(#1647),#29,.T.);
#1796=ADVANCED_FACE('',(#1648),#77,.T.);
#1797=ADVANCED_FACE('',(#1649),#78,.T.);
#1798=ADVANCED_FACE('',(#1650),#30,.T.);
#1799=ADVANCED_FACE('',(#1651),#79,.T.);
#1800=ADVANCED_FACE('',(#1652),#31,.T.);
#1801=ADVANCED_FACE('',(#1653),#80,.T.);
#1802=ADVANCED_FACE('',(#1654),#81,.T.);
#1803=ADVANCED_FACE('',(#1655),#82,.T.);
#1804=ADVANCED_FACE('',(#1656),#83,.F.);
#1805=ADVANCED_FACE('',(#1657),#84,.T.);
#1806=ADVANCED_FACE('',(#1658),#13,.T.);
#1807=ADVANCED_FACE('',(#1659),#12,.F.);
#1808=ADVANCED_FACE('',(#1660),#85,.F.);
#1809=CLOSED_SHELL('',(#1698,#1699,#1700,#1701,#1702,#1703,#1704,#1705,
#1706,#1707,#1708,#1709,#1710,#1711,#1712,#1713,#1714,#1715,#1716,#1717,
#1718,#1719,#1720,#1721,#1722,#1723,#1724,#1725,#1726,#1727,#1728,#1729,
#1730,#1731,#1732,#1733,#1734,#1735,#1736,#1737,#1738,#1739,#1740,#1741,
#1742,#1743,#1744,#1745,#1746,#1747,#1748,#1749,#1750,#1751,#1752,#1753,
#1754,#1755,#1756,#1757,#1758,#1759,#1760,#1761,#1762,#1763,#1764,#1765,
#1766,#1767,#1768,#1769,#1770,#1771,#1772,#1773,#1774,#1775,#1776,#1777,
#1778,#1779,#1780,#1781,#1782,#1783,#1784,#1785,#1786,#1787,#1788,#1789,
#1790,#1791,#1792,#1793,#1794,#1795,#1796,#1797,#1798,#1799,#1800,#1801,
#1802,#1803,#1804,#1805,#1806,#1807,#1808));
#1810=STYLED_ITEM('',(#1811),#1818);
#1811=PRESENTATION_STYLE_ASSIGNMENT((#1812));
#1812=SURFACE_STYLE_USAGE(.BOTH.,#1813);
#1813=SURFACE_SIDE_STYLE('',(#1814));
#1814=SURFACE_STYLE_FILL_AREA(#1815);
#1815=FILL_AREA_STYLE('',(#1816));
#1816=FILL_AREA_STYLE_COLOUR('',#1817);
#1817=COLOUR_RGB('',0.615686274509804,0.811764705882353,0.929411764705882);
#1818=MANIFOLD_SOLID_BREP('y axis rail carriage',#1809);
#1819=SHAPE_DEFINITION_REPRESENTATION(#3134,#1820);
#1820=SHAPE_REPRESENTATION('y axis rail carriage',(#1821),#3129);
#1821=AXIS2_PLACEMENT_3D('',#2601,#2028,#2029);
#1822=AXIS2_PLACEMENT_3D('',#2602,#2030,#2031);
#1823=AXIS2_PLACEMENT_3D('',#2628,#2044,#2045);
#1824=AXIS2_PLACEMENT_3D('',#2632,#2047,#2048);
#1825=AXIS2_PLACEMENT_3D('',#2638,#2051,#2052);
#1826=AXIS2_PLACEMENT_3D('',#2644,#2055,#2056);
#1827=AXIS2_PLACEMENT_3D('',#2647,#2058,#2059);
#1828=AXIS2_PLACEMENT_3D('',#2648,#2060,#2061);
#1829=AXIS2_PLACEMENT_3D('',#2654,#2064,#2065);
#1830=AXIS2_PLACEMENT_3D('',#2663,#2069,#2070);
#1831=AXIS2_PLACEMENT_3D('',#2667,#2072,#2073);
#1832=AXIS2_PLACEMENT_3D('',#2672,#2076,#2077);
#1833=AXIS2_PLACEMENT_3D('',#2678,#2080,#2081);
#1834=AXIS2_PLACEMENT_3D('',#2691,#2088,#2089);
#1835=AXIS2_PLACEMENT_3D('',#2708,#2098,#2099);
#1836=AXIS2_PLACEMENT_3D('',#2714,#2102,#2103);
#1837=AXIS2_PLACEMENT_3D('',#2720,#2106,#2107);
#1838=AXIS2_PLACEMENT_3D('',#2726,#2110,#2111);
#1839=AXIS2_PLACEMENT_3D('',#2732,#2114,#2115);
#1840=AXIS2_PLACEMENT_3D('',#2738,#2119,#2120);
#1841=AXIS2_PLACEMENT_3D('',#2744,#2124,#2125);
#1842=AXIS2_PLACEMENT_3D('',#2748,#2128,#2129);
#1843=AXIS2_PLACEMENT_3D('',#2754,#2133,#2134);
#1844=AXIS2_PLACEMENT_3D('',#2758,#2137,#2138);
#1845=AXIS2_PLACEMENT_3D('',#2764,#2142,#2143);
#1846=AXIS2_PLACEMENT_3D('',#2768,#2146,#2147);
#1847=AXIS2_PLACEMENT_3D('',#2774,#2151,#2152);
#1848=AXIS2_PLACEMENT_3D('',#2778,#2155,#2156);
#1849=AXIS2_PLACEMENT_3D('',#2803,#2169,#2170);
#1850=AXIS2_PLACEMENT_3D('',#2812,#2175,#2176);
#1851=AXIS2_PLACEMENT_3D('',#2813,#2177,#2178);
#1852=AXIS2_PLACEMENT_3D('',#2814,#2179,#2180);
#1853=AXIS2_PLACEMENT_3D('',#2815,#2181,#2182);
#1854=AXIS2_PLACEMENT_3D('',#2816,#2183,#2184);
#1855=AXIS2_PLACEMENT_3D('',#2817,#2185,#2186);
#1856=AXIS2_PLACEMENT_3D('',#2818,#2187,#2188);
#1857=AXIS2_PLACEMENT_3D('',#2828,#2193,#2194);
#1858=AXIS2_PLACEMENT_3D('',#2839,#2200,#2201);
#1859=AXIS2_PLACEMENT_3D('',#2840,#2202,#2203);
#1860=AXIS2_PLACEMENT_3D('',#2841,#2204,#2205);
#1861=AXIS2_PLACEMENT_3D('',#2847,#2209,#2210);
#1862=AXIS2_PLACEMENT_3D('',#2851,#2213,#2214);
#1863=AXIS2_PLACEMENT_3D('',#2855,#2217,#2218);
#1864=AXIS2_PLACEMENT_3D('',#2868,#2225,#2226);
#1865=AXIS2_PLACEMENT_3D('',#2872,#2229,#2230);
#1866=AXIS2_PLACEMENT_3D('',#2876,#2233,#2234);
#1867=AXIS2_PLACEMENT_3D('',#2893,#2243,#2244);
#1868=AXIS2_PLACEMENT_3D('',#2898,#2247,#2248);
#1869=AXIS2_PLACEMENT_3D('',#2899,#2249,#2250);
#1870=AXIS2_PLACEMENT_3D('',#2900,#2251,#2252);
#1871=AXIS2_PLACEMENT_3D('',#2908,#2257,#2258);
#1872=AXIS2_PLACEMENT_3D('',#2917,#2263,#2264);
#1873=AXIS2_PLACEMENT_3D('',#2926,#2269,#2270);
#1874=AXIS2_PLACEMENT_3D('',#2935,#2275,#2276);
#1875=AXIS2_PLACEMENT_3D('',#2941,#2280,#2281);
#1876=AXIS2_PLACEMENT_3D('',#2947,#2285,#2286);
#1877=AXIS2_PLACEMENT_3D('',#2950,#2289,#2290);
#1878=AXIS2_PLACEMENT_3D('',#2952,#2292,#2293);
#1879=AXIS2_PLACEMENT_3D('',#2953,#2294,#2295);
#1880=AXIS2_PLACEMENT_3D('',#2956,#2298,#2299);
#1881=AXIS2_PLACEMENT_3D('',#2958,#2301,#2302);
#1882=AXIS2_PLACEMENT_3D('',#2959,#2303,#2304);
#1883=AXIS2_PLACEMENT_3D('',#2962,#2307,#2308);
#1884=AXIS2_PLACEMENT_3D('',#2964,#2310,#2311);
#1885=AXIS2_PLACEMENT_3D('',#2965,#2312,#2313);
#1886=AXIS2_PLACEMENT_3D('',#2971,#2317,#2318);
#1887=AXIS2_PLACEMENT_3D('',#2972,#2319,#2320);
#1888=AXIS2_PLACEMENT_3D('',#2973,#2321,#2322);
#1889=AXIS2_PLACEMENT_3D('',#2974,#2323,#2324);
#1890=AXIS2_PLACEMENT_3D('',#2975,#2325,#2326);
#1891=AXIS2_PLACEMENT_3D('',#2976,#2327,#2328);
#1892=AXIS2_PLACEMENT_3D('',#2977,#2329,#2330);
#1893=AXIS2_PLACEMENT_3D('',#2978,#2331,#2332);
#1894=AXIS2_PLACEMENT_3D('',#2979,#2333,#2334);
#1895=AXIS2_PLACEMENT_3D('',#2980,#2335,#2336);
#1896=AXIS2_PLACEMENT_3D('',#2981,#2337,#2338);
#1897=AXIS2_PLACEMENT_3D('',#2982,#2339,#2340);
#1898=AXIS2_PLACEMENT_3D('',#2983,#2341,#2342);
#1899=AXIS2_PLACEMENT_3D('',#2984,#2343,#2344);
#1900=AXIS2_PLACEMENT_3D('',#2985,#2345,#2346);
#1901=AXIS2_PLACEMENT_3D('',#2986,#2347,#2348);
#1902=AXIS2_PLACEMENT_3D('',#2987,#2349,#2350);
#1903=AXIS2_PLACEMENT_3D('',#2988,#2351,#2352);
#1904=AXIS2_PLACEMENT_3D('',#2989,#2353,#2354);
#1905=AXIS2_PLACEMENT_3D('',#2990,#2355,#2356);
#1906=AXIS2_PLACEMENT_3D('',#2991,#2357,#2358);
#1907=AXIS2_PLACEMENT_3D('',#2992,#2359,#2360);
#1908=AXIS2_PLACEMENT_3D('',#2993,#2361,#2362);
#1909=AXIS2_PLACEMENT_3D('',#2994,#2363,#2364);
#1910=AXIS2_PLACEMENT_3D('',#2995,#2365,#2366);
#1911=AXIS2_PLACEMENT_3D('',#2996,#2367,#2368);
#1912=AXIS2_PLACEMENT_3D('',#2997,#2369,#2370);
#1913=AXIS2_PLACEMENT_3D('',#2998,#2371,#2372);
#1914=AXIS2_PLACEMENT_3D('',#2999,#2373,#2374);
#1915=AXIS2_PLACEMENT_3D('',#3000,#2375,#2376);
#1916=AXIS2_PLACEMENT_3D('',#3001,#2377,#2378);
#1917=AXIS2_PLACEMENT_3D('',#3002,#2379,#2380);
#1918=AXIS2_PLACEMENT_3D('',#3003,#2381,#2382);
#1919=AXIS2_PLACEMENT_3D('',#3004,#2383,#2384);
#1920=AXIS2_PLACEMENT_3D('',#3005,#2385,#2386);
#1921=AXIS2_PLACEMENT_3D('',#3006,#2387,#2388);
#1922=AXIS2_PLACEMENT_3D('',#3007,#2389,#2390);
#1923=AXIS2_PLACEMENT_3D('',#3008,#2391,#2392);
#1924=AXIS2_PLACEMENT_3D('',#3009,#2393,#2394);
#1925=AXIS2_PLACEMENT_3D('',#3010,#2395,#2396);
#1926=AXIS2_PLACEMENT_3D('',#3011,#2397,#2398);
#1927=AXIS2_PLACEMENT_3D('',#3012,#2399,#2400);
#1928=AXIS2_PLACEMENT_3D('',#3013,#2401,#2402);
#1929=AXIS2_PLACEMENT_3D('',#3014,#2403,#2404);
#1930=AXIS2_PLACEMENT_3D('',#3015,#2405,#2406);
#1931=AXIS2_PLACEMENT_3D('',#3016,#2407,#2408);
#1932=AXIS2_PLACEMENT_3D('',#3017,#2409,#2410);
#1933=AXIS2_PLACEMENT_3D('',#3018,#2411,#2412);
#1934=AXIS2_PLACEMENT_3D('',#3019,#2413,#2414);
#1935=AXIS2_PLACEMENT_3D('',#3020,#2415,#2416);
#1936=AXIS2_PLACEMENT_3D('',#3021,#2417,#2418);
#1937=AXIS2_PLACEMENT_3D('',#3022,#2419,#2420);
#1938=AXIS2_PLACEMENT_3D('',#3023,#2421,#2422);
#1939=AXIS2_PLACEMENT_3D('',#3024,#2423,#2424);
#1940=AXIS2_PLACEMENT_3D('',#3025,#2425,#2426);
#1941=AXIS2_PLACEMENT_3D('',#3026,#2427,#2428);
#1942=AXIS2_PLACEMENT_3D('',#3027,#2429,#2430);
#1943=AXIS2_PLACEMENT_3D('',#3028,#2431,#2432);
#1944=AXIS2_PLACEMENT_3D('',#3029,#2433,#2434);
#1945=AXIS2_PLACEMENT_3D('',#3030,#2435,#2436);
#1946=AXIS2_PLACEMENT_3D('',#3031,#2437,#2438);
#1947=AXIS2_PLACEMENT_3D('',#3032,#2439,#2440);
#1948=AXIS2_PLACEMENT_3D('',#3033,#2441,#2442);
#1949=AXIS2_PLACEMENT_3D('',#3034,#2443,#2444);
#1950=AXIS2_PLACEMENT_3D('',#3035,#2445,#2446);
#1951=AXIS2_PLACEMENT_3D('',#3036,#2447,#2448);
#1952=AXIS2_PLACEMENT_3D('',#3037,#2449,#2450);
#1953=AXIS2_PLACEMENT_3D('',#3038,#2451,#2452);
#1954=AXIS2_PLACEMENT_3D('',#3039,#2453,#2454);
#1955=AXIS2_PLACEMENT_3D('',#3040,#2455,#2456);
#1956=AXIS2_PLACEMENT_3D('',#3041,#2457,#2458);
#1957=AXIS2_PLACEMENT_3D('',#3042,#2459,#2460);
#1958=AXIS2_PLACEMENT_3D('',#3043,#2461,#2462);
#1959=AXIS2_PLACEMENT_3D('',#3044,#2463,#2464);
#1960=AXIS2_PLACEMENT_3D('',#3045,#2465,#2466);
#1961=AXIS2_PLACEMENT_3D('',#3046,#2467,#2468);
#1962=AXIS2_PLACEMENT_3D('',#3047,#2469,#2470);
#1963=AXIS2_PLACEMENT_3D('',#3048,#2471,#2472);
#1964=AXIS2_PLACEMENT_3D('',#3049,#2473,#2474);
#1965=AXIS2_PLACEMENT_3D('',#3050,#2475,#2476);
#1966=AXIS2_PLACEMENT_3D('',#3051,#2477,#2478);
#1967=AXIS2_PLACEMENT_3D('',#3052,#2479,#2480);
#1968=AXIS2_PLACEMENT_3D('',#3053,#2481,#2482);
#1969=AXIS2_PLACEMENT_3D('',#3054,#2483,#2484);
#1970=AXIS2_PLACEMENT_3D('',#3055,#2485,#2486);
#1971=AXIS2_PLACEMENT_3D('',#3056,#2487,#2488);
#1972=AXIS2_PLACEMENT_3D('',#3057,#2489,#2490);
#1973=AXIS2_PLACEMENT_3D('',#3058,#2491,#2492);
#1974=AXIS2_PLACEMENT_3D('',#3059,#2493,#2494);
#1975=AXIS2_PLACEMENT_3D('',#3060,#2495,#2496);
#1976=AXIS2_PLACEMENT_3D('',#3061,#2497,#2498);
#1977=AXIS2_PLACEMENT_3D('',#3062,#2499,#2500);
#1978=AXIS2_PLACEMENT_3D('',#3063,#2501,#2502);
#1979=AXIS2_PLACEMENT_3D('',#3064,#2503,#2504);
#1980=AXIS2_PLACEMENT_3D('',#3065,#2505,#2506);
#1981=AXIS2_PLACEMENT_3D('',#3066,#2507,#2508);
#1982=AXIS2_PLACEMENT_3D('',#3067,#2509,#2510);
#1983=AXIS2_PLACEMENT_3D('',#3068,#2511,#2512);
#1984=AXIS2_PLACEMENT_3D('',#3069,#2513,#2514);
#1985=AXIS2_PLACEMENT_3D('',#3070,#2515,#2516);
#1986=AXIS2_PLACEMENT_3D('',#3071,#2517,#2518);
#1987=AXIS2_PLACEMENT_3D('',#3072,#2519,#2520);
#1988=AXIS2_PLACEMENT_3D('',#3073,#2521,#2522);
#1989=AXIS2_PLACEMENT_3D('',#3074,#2523,#2524);
#1990=AXIS2_PLACEMENT_3D('',#3075,#2525,#2526);
#1991=AXIS2_PLACEMENT_3D('',#3076,#2527,#2528);
#1992=AXIS2_PLACEMENT_3D('',#3077,#2529,#2530);
#1993=AXIS2_PLACEMENT_3D('',#3078,#2531,#2532);
#1994=AXIS2_PLACEMENT_3D('',#3079,#2533,#2534);
#1995=AXIS2_PLACEMENT_3D('',#3080,#2535,#2536);
#1996=AXIS2_PLACEMENT_3D('',#3081,#2537,#2538);
#1997=AXIS2_PLACEMENT_3D('',#3082,#2539,#2540);
#1998=AXIS2_PLACEMENT_3D('',#3083,#2541,#2542);
#1999=AXIS2_PLACEMENT_3D('',#3084,#2543,#2544);
#2000=AXIS2_PLACEMENT_3D('',#3085,#2545,#2546);
#2001=AXIS2_PLACEMENT_3D('',#3086,#2547,#2548);
#2002=AXIS2_PLACEMENT_3D('',#3087,#2549,#2550);
#2003=AXIS2_PLACEMENT_3D('',#3088,#2551,#2552);
#2004=AXIS2_PLACEMENT_3D('',#3089,#2553,#2554);
#2005=AXIS2_PLACEMENT_3D('',#3090,#2555,#2556);
#2006=AXIS2_PLACEMENT_3D('',#3091,#2557,#2558);
#2007=AXIS2_PLACEMENT_3D('',#3092,#2559,#2560);
#2008=AXIS2_PLACEMENT_3D('',#3093,#2561,#2562);
#2009=AXIS2_PLACEMENT_3D('',#3094,#2563,#2564);
#2010=AXIS2_PLACEMENT_3D('',#3095,#2565,#2566);
#2011=AXIS2_PLACEMENT_3D('',#3096,#2567,#2568);
#2012=AXIS2_PLACEMENT_3D('',#3097,#2569,#2570);
#2013=AXIS2_PLACEMENT_3D('',#3098,#2571,#2572);
#2014=AXIS2_PLACEMENT_3D('',#3099,#2573,#2574);
#2015=AXIS2_PLACEMENT_3D('',#3100,#2575,#2576);
#2016=AXIS2_PLACEMENT_3D('',#3101,#2577,#2578);
#2017=AXIS2_PLACEMENT_3D('',#3102,#2579,#2580);
#2018=AXIS2_PLACEMENT_3D('',#3103,#2581,#2582);
#2019=AXIS2_PLACEMENT_3D('',#3104,#2583,#2584);
#2020=AXIS2_PLACEMENT_3D('',#3105,#2585,#2586);
#2021=AXIS2_PLACEMENT_3D('',#3106,#2587,#2588);
#2022=AXIS2_PLACEMENT_3D('',#3107,#2589,#2590);
#2023=AXIS2_PLACEMENT_3D('',#3108,#2591,#2592);
#2024=AXIS2_PLACEMENT_3D('',#3109,#2593,#2594);
#2025=AXIS2_PLACEMENT_3D('',#3110,#2595,#2596);
#2026=AXIS2_PLACEMENT_3D('',#3126,#2597,#2598);
#2027=AXIS2_PLACEMENT_3D('',#3127,#2599,#2600);
#2028=DIRECTION('',(0.,0.,1.));
#2029=DIRECTION('',(1.,0.,0.));
#2030=DIRECTION('',(1.7347234759768E-16,0.,-1.));
#2031=DIRECTION('',(-1.,0.,-1.7347234759768E-16));
#2032=DIRECTION('',(0.,1.,0.));
#2033=DIRECTION('',(-1.,0.,-1.7347234759768E-16));
#2034=DIRECTION('',(0.,1.,0.));
#2035=DIRECTION('',(-1.,1.23259516440783E-32,-1.7347234759768E-16));
#2036=DIRECTION('',(0.,1.,0.));
#2037=DIRECTION('',(-1.,0.,-1.7347234759768E-16));
#2038=DIRECTION('',(3.1540426835942E-16,-1.,5.47139188746374E-32));
#2039=DIRECTION('',(-1.,-8.67361737988404E-17,-1.7347234759768E-16));
#2040=DIRECTION('',(3.1540426835942E-16,-1.,5.47139188746374E-32));
#2041=DIRECTION('',(-1.,0.,-1.7347234759768E-16));
#2042=DIRECTION('',(0.,1.,0.));
#2043=DIRECTION('',(-1.,-1.23259516440783E-32,-1.7347234759768E-16));
#2044=DIRECTION('',(1.7347234759768E-16,0.,-1.));
#2045=DIRECTION('',(0.,1.,0.));
#2046=DIRECTION('',(-0.707106781186548,-0.707106781186548,-1.2266347333467E-16));
#2047=DIRECTION('',(-1.7347234759768E-16,0.,1.));
#2048=DIRECTION('',(1.,0.,1.7347234759768E-16));
#2049=DIRECTION('',(-0.707106781186548,0.707106781186548,-1.2266347333467E-16));
#2050=DIRECTION('',(-0.707106781186548,-0.707106781186547,-1.2266347333467E-16));
#2051=DIRECTION('',(-1.7347234759768E-16,0.,1.));
#2052=DIRECTION('',(1.,0.,1.7347234759768E-16));
#2053=DIRECTION('',(-0.707106781186547,0.707106781186548,-1.2266347333467E-16));
#2054=DIRECTION('',(-0.707106781186548,-0.707106781186548,-1.2266347333467E-16));
#2055=DIRECTION('',(-1.7347234759768E-16,0.,1.));
#2056=DIRECTION('',(1.,0.,1.7347234759768E-16));
#2057=DIRECTION('',(-0.707106781186548,0.707106781186547,-1.2266347333467E-16));
#2058=DIRECTION('',(1.15648231731787E-16,0.,-1.));
#2059=DIRECTION('',(-1.,0.,-1.15648231731787E-16));
#2060=DIRECTION('',(1.15648231731787E-16,0.,-1.));
#2061=DIRECTION('',(-1.,0.,-1.15648231731787E-16));
#2062=DIRECTION('',(-0.707106781186548,-0.707106781186547,-8.177564888978E-17));
#2063=DIRECTION('',(-0.707106781186547,0.707106781186548,-8.17756488897799E-17));
#2064=DIRECTION('',(1.15648231731787E-16,0.,-1.));
#2065=DIRECTION('',(-1.,0.,-1.15648231731787E-16));
#2066=DIRECTION('',(-0.707106781186548,-0.707106781186548,-8.177564888978E-17));
#2067=DIRECTION('',(-0.707106781186548,0.707106781186548,-8.177564888978E-17));
#2068=DIRECTION('',(0.,1.,0.));
#2069=DIRECTION('',(1.15648231731787E-16,0.,-1.));
#2070=DIRECTION('',(1.52862064869913E-16,-1.,1.76782275010751E-32));
#2071=DIRECTION('',(-1.,-1.00154306582477E-16,-1.15648231731787E-16));
#2072=DIRECTION('',(1.15648231731787E-16,0.,-1.));
#2073=DIRECTION('',(-1.52862064869913E-16,1.,-1.76782275010751E-32));
#2074=DIRECTION('',(0.,1.,0.));
#2075=DIRECTION('',(-1.,0.,-1.15648231731787E-16));
#2076=DIRECTION('',(1.15648231731787E-16,0.,-1.));
#2077=DIRECTION('',(-1.,0.,-1.15648231731787E-16));
#2078=DIRECTION('',(-0.707106781186548,-0.707106781186548,-8.177564888978E-17));
#2079=DIRECTION('',(-0.707106781186548,0.707106781186547,-8.177564888978E-17));
#2080=DIRECTION('',(0.,-1.,0.));
#2081=DIRECTION('',(1.,0.,0.));
#2082=DIRECTION('',(-1.,0.,-1.7347234759768E-16));
#2083=DIRECTION('',(-1.7347234759768E-16,0.,1.));
#2084=DIRECTION('',(-1.,0.,0.));
#2085=DIRECTION('',(-5.82121971804298E-17,0.,-1.));
#2086=DIRECTION('',(-1.,0.,0.));
#2087=DIRECTION('',(2.9909025447876E-16,0.,-1.));
#2088=DIRECTION('',(0.,0.,1.));
#2089=DIRECTION('',(1.,0.,0.));
#2090=DIRECTION('',(0.,-1.,0.));
#2091=DIRECTION('',(-1.,0.,0.));
#2092=DIRECTION('',(-3.1540426835942E-16,1.,0.));
#2093=DIRECTION('',(1.,8.67361737988404E-17,0.));
#2094=DIRECTION('',(-3.1540426835942E-16,1.,0.));
#2095=DIRECTION('',(-1.,0.,0.));
#2096=DIRECTION('',(0.,-1.,0.));
#2097=DIRECTION('',(-1.,0.,0.));
#2098=DIRECTION('',(0.,-1.,0.));
#2099=DIRECTION('',(1.,0.,0.));
#2100=DIRECTION('',(-0.707106781186547,0.,0.707106781186548));
#2101=DIRECTION('',(-0.707106781186548,0.,-0.707106781186548));
#2102=DIRECTION('',(0.,-1.,0.));
#2103=DIRECTION('',(0.,0.,-1.));
#2104=DIRECTION('',(-0.707106781186548,0.,0.707106781186547));
#2105=DIRECTION('',(-0.707106781186547,0.,-0.707106781186548));
#2106=DIRECTION('',(0.,-1.,0.));
#2107=DIRECTION('',(0.,0.,-1.));
#2108=DIRECTION('',(-0.707106781186548,0.,0.707106781186547));
#2109=DIRECTION('',(-0.707106781186547,0.,-0.707106781186548));
#2110=DIRECTION('',(0.,-1.,0.));
#2111=DIRECTION('',(0.,0.,-1.));
#2112=DIRECTION('',(-0.707106781186548,0.,0.707106781186547));
#2113=DIRECTION('',(-0.707106781186547,0.,-0.707106781186548));
#2114=DIRECTION('',(0.,-1.,0.));
#2115=DIRECTION('',(0.,0.,-1.));
#2116=DIRECTION('',(-1.49116631172791E-16,0.,-1.));
#2117=DIRECTION('',(-1.,0.,0.));
#2118=DIRECTION('',(-1.49116631172791E-16,0.,-1.));
#2119=DIRECTION('',(-0.707106781186547,0.,-0.707106781186548));
#2120=DIRECTION('',(-0.707106781186548,0.,0.707106781186547));
#2121=DIRECTION('',(-0.707106781186548,0.,0.707106781186547));
#2122=DIRECTION('',(0.,1.,0.));
#2123=DIRECTION('',(0.,1.,0.));
#2124=DIRECTION('',(0.707106781186548,0.,-0.707106781186547));
#2125=DIRECTION('',(-0.707106781186547,0.,-0.707106781186548));
#2126=DIRECTION('',(-0.707106781186547,0.,-0.707106781186548));
#2127=DIRECTION('',(0.,1.,0.));
#2128=DIRECTION('',(-0.707106781186547,0.,-0.707106781186548));
#2129=DIRECTION('',(-0.707106781186548,0.,0.707106781186547));
#2130=DIRECTION('',(-0.707106781186548,0.,0.707106781186547));
#2131=DIRECTION('',(0.,1.,0.));
#2132=DIRECTION('',(0.,1.,0.));
#2133=DIRECTION('',(0.707106781186548,0.,-0.707106781186547));
#2134=DIRECTION('',(-0.707106781186547,0.,-0.707106781186548));
#2135=DIRECTION('',(-0.707106781186547,0.,-0.707106781186548));
#2136=DIRECTION('',(0.,1.,0.));
#2137=DIRECTION('',(-0.707106781186547,0.,-0.707106781186548));
#2138=DIRECTION('',(-0.707106781186548,0.,0.707106781186547));
#2139=DIRECTION('',(-0.707106781186548,0.,0.707106781186547));
#2140=DIRECTION('',(0.,1.,0.));
#2141=DIRECTION('',(0.,1.,0.));
#2142=DIRECTION('',(0.707106781186548,0.,-0.707106781186547));
#2143=DIRECTION('',(-0.707106781186547,0.,-0.707106781186548));
#2144=DIRECTION('',(-0.707106781186547,0.,-0.707106781186548));
#2145=DIRECTION('',(0.,1.,0.));
#2146=DIRECTION('',(-0.707106781186548,0.,-0.707106781186547));
#2147=DIRECTION('',(-0.707106781186547,0.,0.707106781186548));
#2148=DIRECTION('',(-0.707106781186547,0.,0.707106781186548));
#2149=DIRECTION('',(0.,1.,0.));
#2150=DIRECTION('',(0.,1.,0.));
#2151=DIRECTION('',(0.707106781186548,0.,-0.707106781186548));
#2152=DIRECTION('',(-0.707106781186548,0.,-0.707106781186548));
#2153=DIRECTION('',(-0.707106781186548,0.,-0.707106781186548));
#2154=DIRECTION('',(0.,1.,0.));
#2155=DIRECTION('',(0.,0.,-1.));
#2156=DIRECTION('',(-1.,0.,0.));
#2157=DIRECTION('',(-1.,-3.00462919747432E-16,0.));
#2158=DIRECTION('',(0.,1.,0.));
#2159=DIRECTION('',(-1.,0.,0.));
#2160=DIRECTION('',(0.,-1.,0.));
#2161=DIRECTION('',(-1.,0.,0.));
#2162=DIRECTION('',(0.,-1.,0.));
#2163=DIRECTION('',(-1.,0.,0.));
#2164=DIRECTION('',(0.,1.,0.));
#2165=DIRECTION('',(-1.,-3.00462919747432E-16,0.));
#2166=DIRECTION('',(0.,1.,0.));
#2167=DIRECTION('',(-1.,0.,0.));
#2168=DIRECTION('',(0.,1.,0.));
#2169=DIRECTION('',(1.,0.,2.9909025447876E-16));
#2170=DIRECTION('',(2.9909025447876E-16,0.,-1.));
#2171=DIRECTION('',(0.,1.,0.));
#2172=DIRECTION('',(1.4954512723938E-16,0.866025403784439,-0.5));
#2173=DIRECTION('',(0.,1.,0.));
#2174=DIRECTION('',(2.9909025447876E-16,0.,-1.));
#2175=DIRECTION('',(0.,1.,0.));
#2176=DIRECTION('',(0.,0.,1.));
#2177=DIRECTION('',(0.,-1.,0.));
#2178=DIRECTION('',(0.,0.,-1.));
#2179=DIRECTION('',(0.,1.,0.));
#2180=DIRECTION('',(0.,0.,1.));
#2181=DIRECTION('',(0.,-1.,0.));
#2182=DIRECTION('',(0.,0.,-1.));
#2183=DIRECTION('',(0.,1.,0.));
#2184=DIRECTION('',(0.,0.,1.));
#2185=DIRECTION('',(0.,-1.,0.));
#2186=DIRECTION('',(0.,0.,-1.));
#2187=DIRECTION('',(1.,0.,2.9909025447876E-16));
#2188=DIRECTION('',(2.9909025447876E-16,0.,-1.));
#2189=DIRECTION('',(1.7347234759768E-16,0.,-1.));
#2190=DIRECTION('',(0.,1.,0.));
#2191=DIRECTION('',(2.9909025447876E-16,0.,-1.));
#2192=DIRECTION('',(-2.11488747128741E-16,-0.707106781186548,0.707106781186548));
#2193=DIRECTION('',(1.,0.,2.9909025447876E-16));
#2194=DIRECTION('',(2.9909025447876E-16,0.,-1.));
#2195=DIRECTION('',(0.,1.,0.));
#2196=DIRECTION('',(2.9909025447876E-16,0.,-1.));
#2197=DIRECTION('',(0.,1.,0.));
#2198=DIRECTION('',(1.4954512723938E-16,0.866025403784439,-0.5));
#2199=DIRECTION('',(0.,1.,0.));
#2200=DIRECTION('',(0.,1.,0.));
#2201=DIRECTION('',(0.,0.,1.));
#2202=DIRECTION('',(0.,-1.,0.));
#2203=DIRECTION('',(0.,0.,-1.));
#2204=DIRECTION('',(0.,-1.,0.));
#2205=DIRECTION('',(1.,0.,0.));
#2206=DIRECTION('',(-5.82121971804298E-17,0.,-1.));
#2207=DIRECTION('',(-1.,0.,0.));
#2208=DIRECTION('',(-5.82121971804298E-17,0.,-1.));
#2209=DIRECTION('',(-1.,0.,5.82121971804298E-17));
#2210=DIRECTION('',(5.82121971804298E-17,0.,1.));
#2211=DIRECTION('',(-5.82121971804298E-17,0.,-1.));
#2212=DIRECTION('',(0.,-1.,0.));
#2213=DIRECTION('',(-1.,0.,5.82121971804298E-17));
#2214=DIRECTION('',(5.82121971804298E-17,0.,1.));
#2215=DIRECTION('',(0.,-1.,0.));
#2216=DIRECTION('',(-5.82121971804298E-17,0.,-1.));
#2217=DIRECTION('',(0.,-1.,0.));
#2218=DIRECTION('',(1.,0.,0.));
#2219=DIRECTION('',(-5.82121971804298E-17,0.,-1.));
#2220=DIRECTION('',(-1.,0.,0.));
#2221=DIRECTION('',(-1.7347234759768E-16,0.,1.));
#2222=DIRECTION('',(-1.,0.,-1.7347234759768E-16));
#2223=DIRECTION('',(2.9909025447876E-16,0.,-1.));
#2224=DIRECTION('',(-1.,0.,0.));
#2225=DIRECTION('',(1.,0.,-1.49116631172791E-16));
#2226=DIRECTION('',(-1.49116631172791E-16,0.,-1.));
#2227=DIRECTION('',(0.,1.,0.));
#2228=DIRECTION('',(-7.45583155863957E-17,0.866025403784439,-0.5));
#2229=DIRECTION('',(1.,0.,-1.49116631172791E-16));
#2230=DIRECTION('',(-1.49116631172791E-16,0.,-1.));
#2231=DIRECTION('',(-7.45583155863957E-17,0.866025403784439,-0.5));
#2232=DIRECTION('',(0.,1.,0.));
#2233=DIRECTION('',(1.50231459873716E-16,-0.5,-0.866025403784439));
#2234=DIRECTION('',(8.67361737988404E-17,0.866025403784439,-0.5));
#2235=DIRECTION('',(1.4954512723938E-16,0.866025403784439,-0.5));
#2236=DIRECTION('',(-1.,-3.00462919747432E-16,0.));
#2237=DIRECTION('',(-7.45583155863957E-17,0.866025403784439,-0.5));
#2238=DIRECTION('',(-1.,-1.00154306582477E-16,-1.15648231731787E-16));
#2239=DIRECTION('',(-7.45583155863957E-17,0.866025403784439,-0.5));
#2240=DIRECTION('',(-1.,-3.00462919747432E-16,0.));
#2241=DIRECTION('',(1.4954512723938E-16,0.866025403784439,-0.5));
#2242=DIRECTION('',(-1.,1.39773160385662E-32,-1.7347234759768E-16));
#2243=DIRECTION('',(0.,-1.,0.));
#2244=DIRECTION('',(0.,0.,-1.));
#2245=DIRECTION('',(1.7347234759768E-16,0.,-1.));
#2246=DIRECTION('',(-1.,0.,-1.7347234759768E-16));
#2247=DIRECTION('',(0.,-1.,0.));
#2248=DIRECTION('',(0.,0.,-1.));
#2249=DIRECTION('',(0.,-1.,0.));
#2250=DIRECTION('',(0.,0.,-1.));
#2251=DIRECTION('',(-1.,0.,-1.7347234759768E-16));
#2252=DIRECTION('',(-1.7347234759768E-16,0.,1.));
#2253=DIRECTION('',(0.,1.,0.));
#2254=DIRECTION('',(1.2266347333467E-16,0.707106781186548,-0.707106781186548));
#2255=DIRECTION('',(1.7347234759768E-16,0.,-1.));
#2256=DIRECTION('',(0.,1.,0.));
#2257=DIRECTION('',(0.,-1.,0.));
#2258=DIRECTION('',(0.,0.,-1.));
#2259=DIRECTION('',(-1.,0.,-1.7347234759768E-16));
#2260=DIRECTION('',(1.7347234759768E-16,0.,-1.));
#2261=DIRECTION('',(-1.,0.,-1.7347234759768E-16));
#2262=DIRECTION('',(2.9909025447876E-16,0.,-1.));
#2263=DIRECTION('',(-1.7347234759768E-16,0.,1.));
#2264=DIRECTION('',(1.,0.,1.7347234759768E-16));
#2265=DIRECTION('',(0.,1.,0.));
#2266=DIRECTION('',(-1.,0.,-1.7347234759768E-16));
#2267=DIRECTION('',(0.,1.,0.));
#2268=DIRECTION('',(-1.,0.,-1.7347234759768E-16));
#2269=DIRECTION('',(-8.67361737988404E-17,1.,-1.50463276905253E-32));
#2270=DIRECTION('',(-1.,-8.67361737988404E-17,0.));
#2271=DIRECTION('',(-1.7347234759768E-16,0.,1.));
#2272=DIRECTION('',(1.,8.67361737988404E-17,0.));
#2273=DIRECTION('',(-1.7347234759768E-16,0.,1.));
#2274=DIRECTION('',(-1.,-8.67361737988404E-17,-1.7347234759768E-16));
#2275=DIRECTION('',(-1.,-3.1540426835942E-16,-1.7347234759768E-16));
#2276=DIRECTION('',(3.1540426835942E-16,-1.,0.));
#2277=DIRECTION('',(-3.1540426835942E-16,1.,0.));
#2278=DIRECTION('',(-1.7347234759768E-16,0.,1.));
#2279=DIRECTION('',(3.1540426835942E-16,-1.,5.47139188746374E-32));
#2280=DIRECTION('',(-1.,-3.1540426835942E-16,-1.7347234759768E-16));
#2281=DIRECTION('',(3.1540426835942E-16,-1.,0.));
#2282=DIRECTION('',(-1.7347234759768E-16,0.,1.));
#2283=DIRECTION('',(-3.1540426835942E-16,1.,0.));
#2284=DIRECTION('',(3.1540426835942E-16,-1.,5.47139188746374E-32));
#2285=DIRECTION('',(-1.7347234759768E-16,0.,1.));
#2286=DIRECTION('',(1.,0.,1.7347234759768E-16));
#2287=DIRECTION('',(-1.7347234759768E-16,0.,1.));
#2288=DIRECTION('',(-1.7347234759768E-16,0.,1.));
#2289=DIRECTION('',(-0.707106781186548,0.707106781186548,-1.2266347333467E-16));
#2290=DIRECTION('',(-0.707106781186548,-0.707106781186548,0.));
#2291=DIRECTION('',(-1.7347234759768E-16,0.,1.));
#2292=DIRECTION('',(0.707106781186548,0.707106781186548,1.2266347333467E-16));
#2293=DIRECTION('',(-0.707106781186548,0.707106781186548,0.));
#2294=DIRECTION('',(-1.7347234759768E-16,0.,1.));
#2295=DIRECTION('',(1.,0.,1.7347234759768E-16));
#2296=DIRECTION('',(-1.7347234759768E-16,0.,1.));
#2297=DIRECTION('',(-1.7347234759768E-16,0.,1.));
#2298=DIRECTION('',(-0.707106781186547,0.707106781186548,-1.2266347333467E-16));
#2299=DIRECTION('',(-0.707106781186548,-0.707106781186547,0.));
#2300=DIRECTION('',(-1.7347234759768E-16,0.,1.));
#2301=DIRECTION('',(0.707106781186548,0.707106781186547,1.2266347333467E-16));
#2302=DIRECTION('',(-0.707106781186547,0.707106781186548,0.));
#2303=DIRECTION('',(-0.707106781186548,0.707106781186548,-1.2266347333467E-16));
#2304=DIRECTION('',(-0.707106781186548,-0.707106781186548,0.));
#2305=DIRECTION('',(-1.7347234759768E-16,0.,1.));
#2306=DIRECTION('',(-1.7347234759768E-16,0.,1.));
#2307=DIRECTION('',(0.707106781186547,0.707106781186548,1.2266347333467E-16));
#2308=DIRECTION('',(-0.707106781186548,0.707106781186547,0.));
#2309=DIRECTION('',(-1.7347234759768E-16,0.,1.));
#2310=DIRECTION('',(-1.7347234759768E-16,0.,1.));
#2311=DIRECTION('',(1.,0.,1.7347234759768E-16));
#2312=DIRECTION('',(-1.2266347333467E-16,0.707106781186548,0.707106781186548));
#2313=DIRECTION('',(1.,0.,1.7347234759768E-16));
#2314=DIRECTION('',(1.,1.23259516440783E-32,1.7347234759768E-16));
#2315=DIRECTION('',(2.11488747128741E-16,0.707106781186548,-0.707106781186548));
#2316=DIRECTION('',(-1.2266347333467E-16,-0.707106781186548,0.707106781186548));
#2317=DIRECTION('',(-1.,-3.00462919747432E-16,0.));
#2318=DIRECTION('',(3.00462919747432E-16,-1.,0.));
#2319=DIRECTION('',(-1.,0.,0.));
#2320=DIRECTION('',(0.,0.,1.));
#2321=DIRECTION('',(1.,6.00925839494868E-15,-3.46944695195364E-15));
#2322=DIRECTION('',(-6.00925839494868E-15,1.,0.));
#2323=DIRECTION('',(0.,1.,0.));
#2324=DIRECTION('',(0.,0.,1.));
#2325=DIRECTION('',(0.,-1.,0.));
#2326=DIRECTION('',(0.,0.,-1.));
#2327=DIRECTION('',(0.,1.,0.));
#2328=DIRECTION('',(0.,0.,1.));
#2329=DIRECTION('',(1.,3.46944695195361E-15,-1.73472347597681E-15));
#2330=DIRECTION('',(-3.46944695195361E-15,1.,0.));
#2331=DIRECTION('',(0.,0.86602540378444,-0.5));
#2332=DIRECTION('',(0.,0.5,0.86602540378444));
#2333=DIRECTION('',(-1.,-3.46944695195361E-15,0.));
#2334=DIRECTION('',(3.46944695195361E-15,-1.,0.));
#2335=DIRECTION('',(0.,-1.,-1.04083408558608E-14));
#2336=DIRECTION('',(0.,1.04083408558608E-14,-1.));
#2337=DIRECTION('',(-1.07486110683997E-14,0.866025403784439,-0.5));
#2338=DIRECTION('',(0.,0.5,0.866025403784439));
#2339=DIRECTION('',(0.,0.,-1.));
#2340=DIRECTION('',(-1.,0.,0.));
#2341=DIRECTION('',(-1.73472347597681E-15,0.,-1.));
#2342=DIRECTION('',(-1.,0.,1.73472347597681E-15));
#2343=DIRECTION('',(1.,-3.46944695195361E-15,0.));
#2344=DIRECTION('',(3.46944695195361E-15,1.,0.));
#2345=DIRECTION('',(1.4954512723938E-16,0.866025403784439,-0.5));
#2346=DIRECTION('',(0.,0.5,0.866025403784439));
#2347=DIRECTION('',(1.73472347597681E-15,-0.866025403784439,0.5));
#2348=DIRECTION('',(0.,-0.5,-0.866025403784439));
#2349=DIRECTION('',(7.45583155863957E-17,-0.866025403784439,0.5));
#2350=DIRECTION('',(0.,-0.5,-0.866025403784439));
#2351=DIRECTION('',(-0.707106781186547,-0.612372435695795,0.353553390593274));
#2352=DIRECTION('',(-0.707106781186548,0.612372435695795,-0.353553390593274));
#2353=DIRECTION('',(0.,-1.,0.));
#2354=DIRECTION('',(0.,0.,-1.));
#2355=DIRECTION('',(-0.707106781186548,0.707106781186548,0.));
#2356=DIRECTION('',(-0.707106781186548,-0.707106781186548,0.));
#2357=DIRECTION('',(1.,0.,0.));
#2358=DIRECTION('',(0.,0.,-1.));
#2359=DIRECTION('',(-1.,0.,-1.73472347597681E-15));
#2360=DIRECTION('',(-1.73472347597681E-15,0.,1.));
#2361=DIRECTION('',(5.82121971804298E-17,0.,1.));
#2362=DIRECTION('',(1.,0.,-5.82121971804298E-17));
#2363=DIRECTION('',(0.,0.,-1.));
#2364=DIRECTION('',(-1.,0.,0.));
#2365=DIRECTION('',(-0.707106781186548,0.,0.707106781186548));
#2366=DIRECTION('',(-0.707106781186548,0.,-0.707106781186548));
#2367=DIRECTION('',(-1.,0.,0.));
#2368=DIRECTION('',(0.,0.,1.));
#2369=DIRECTION('',(-1.,0.,0.));
#2370=DIRECTION('',(0.,0.,1.));
#2371=DIRECTION('',(-2.9909025447876E-16,0.,1.));
#2372=DIRECTION('',(1.,0.,2.9909025447876E-16));
#2373=DIRECTION('',(0.,0.,1.));
#2374=DIRECTION('',(1.,0.,0.));
#2375=DIRECTION('',(0.,-1.,0.));
#2376=DIRECTION('',(0.,0.,-1.));
#2377=DIRECTION('',(0.,-1.,0.));
#2378=DIRECTION('',(0.,0.,-1.));
#2379=DIRECTION('',(0.,1.,0.));
#2380=DIRECTION('',(0.,0.,1.));
#2381=DIRECTION('',(1.,0.,0.));
#2382=DIRECTION('',(0.,0.,-1.));
#2383=DIRECTION('',(1.,0.,0.));
#2384=DIRECTION('',(0.,0.,-1.));
#2385=DIRECTION('',(-1.,-1.00154306582477E-16,-1.15648231731787E-16));
#2386=DIRECTION('',(-1.15648231731787E-16,0.,1.));
#2387=DIRECTION('',(-0.707106781186548,0.612372435695795,-0.353553390593274));
#2388=DIRECTION('',(0.707106781186547,0.612372435695795,-0.353553390593274));
#2389=DIRECTION('',(-1.,0.,0.));
#2390=DIRECTION('',(0.,0.,1.));
#2391=DIRECTION('',(-0.707106781186548,-0.707106781186548,0.));
#2392=DIRECTION('',(-0.707106781186548,0.707106781186548,0.));
#2393=DIRECTION('',(-1.73472347597681E-15,1.,0.));
#2394=DIRECTION('',(-1.,-1.73472347597681E-15,0.));
#2395=DIRECTION('',(0.,1.,0.));
#2396=DIRECTION('',(0.,0.,1.));
#2397=DIRECTION('',(0.,0.,-1.));
#2398=DIRECTION('',(-1.,0.,0.));
#2399=DIRECTION('',(0.,0.,-1.));
#2400=DIRECTION('',(-1.,0.,0.));
#2401=DIRECTION('',(0.,1.,0.));
#2402=DIRECTION('',(0.,0.,1.));
#2403=DIRECTION('',(1.,0.,0.));
#2404=DIRECTION('',(0.,0.,-1.));
#2405=DIRECTION('',(1.,0.,0.));
#2406=DIRECTION('',(0.,0.,-1.));
#2407=DIRECTION('',(0.,1.,0.));
#2408=DIRECTION('',(0.,0.,1.));
#2409=DIRECTION('',(0.,-1.,0.));
#2410=DIRECTION('',(0.,0.,-1.));
#2411=DIRECTION('',(1.,-1.23259516440783E-32,1.7347234759768E-16));
#2412=DIRECTION('',(1.7347234759768E-16,0.,-1.));
#2413=DIRECTION('',(-1.,-6.00925839494865E-15,3.46944695195363E-15));
#2414=DIRECTION('',(6.00925839494865E-15,-1.,0.));
#2415=DIRECTION('',(-7.45583155863957E-17,0.866025403784439,-0.5));
#2416=DIRECTION('',(0.,0.5,0.866025403784439));
#2417=DIRECTION('',(0.,0.86602540378444,-0.5));
#2418=DIRECTION('',(0.,0.5,0.86602540378444));
#2419=DIRECTION('',(0.,1.,0.));
#2420=DIRECTION('',(0.,0.,1.));
#2421=DIRECTION('',(0.,-1.,0.));
#2422=DIRECTION('',(0.,0.,-1.));
#2423=DIRECTION('',(0.,-1.,0.));
#2424=DIRECTION('',(0.,0.,-1.));
#2425=DIRECTION('',(0.707106781186548,0.707106781186548,0.));
#2426=DIRECTION('',(0.707106781186548,-0.707106781186548,0.));
#2427=DIRECTION('',(3.1540426835942E-16,-1.,0.));
#2428=DIRECTION('',(1.,3.1540426835942E-16,0.));
#2429=DIRECTION('',(-0.707106781186547,-0.707106781186548,0.));
#2430=DIRECTION('',(0.707106781186548,-0.707106781186547,0.));
#2431=DIRECTION('',(1.7347234759768E-16,0.,-1.));
#2432=DIRECTION('',(-1.,0.,-1.7347234759768E-16));
#2433=DIRECTION('',(0.,0.,1.));
#2434=DIRECTION('',(1.,0.,0.));
#2435=DIRECTION('',(-1.,0.,-1.7347234759768E-16));
#2436=DIRECTION('',(-1.7347234759768E-16,0.,1.));
#2437=DIRECTION('',(-1.,0.,0.));
#2438=DIRECTION('',(0.,0.,1.));
#2439=DIRECTION('',(-1.,0.,3.46944695195361E-15));
#2440=DIRECTION('',(3.46944695195361E-15,0.,1.));
#2441=DIRECTION('',(0.,-0.866025403784439,0.5));
#2442=DIRECTION('',(0.,-0.5,-0.866025403784439));
#2443=DIRECTION('',(1.,1.38777878078145E-14,0.));
#2444=DIRECTION('',(-1.38777878078145E-14,1.,0.));
#2445=DIRECTION('',(1.,0.,0.));
#2446=DIRECTION('',(0.,0.,-1.));
#2447=DIRECTION('',(1.,0.,0.));
#2448=DIRECTION('',(0.,0.,-1.));
#2449=DIRECTION('',(0.707106781186548,-0.707106781186548,0.));
#2450=DIRECTION('',(0.707106781186548,0.707106781186548,0.));
#2451=DIRECTION('',(-1.,-8.67361737988404E-17,0.));
#2452=DIRECTION('',(8.67361737988404E-17,-1.,0.));
#2453=DIRECTION('',(-0.707106781186548,0.707106781186547,0.));
#2454=DIRECTION('',(0.707106781186547,0.707106781186548,0.));
#2455=DIRECTION('',(-8.67361737988404E-16,1.,0.));
#2456=DIRECTION('',(-1.,-8.67361737988404E-16,0.));
#2457=DIRECTION('',(0.,1.,0.));
#2458=DIRECTION('',(0.,0.,1.));
#2459=DIRECTION('',(-1.4954512723938E-16,-0.866025403784439,0.5));
#2460=DIRECTION('',(0.,-0.5,-0.866025403784439));
#2461=DIRECTION('',(0.,0.866025403784439,-0.5));
#2462=DIRECTION('',(0.,0.5,0.866025403784439));
#2463=DIRECTION('',(-1.,-3.00462919747432E-16,0.));
#2464=DIRECTION('',(3.00462919747432E-16,-1.,0.));
#2465=DIRECTION('',(-1.,6.93889390390722E-15,0.));
#2466=DIRECTION('',(-6.93889390390722E-15,-1.,0.));
#2467=DIRECTION('',(0.,1.,0.));
#2468=DIRECTION('',(0.,0.,1.));
#2469=DIRECTION('',(0.,1.,0.));
#2470=DIRECTION('',(0.,0.,1.));
#2471=DIRECTION('',(-5.82121971804298E-17,0.,-1.));
#2472=DIRECTION('',(-1.,0.,5.82121971804298E-17));
#2473=DIRECTION('',(0.,0.,-1.));
#2474=DIRECTION('',(-1.,0.,0.));
#2475=DIRECTION('',(-0.707106781186548,0.,-0.707106781186548));
#2476=DIRECTION('',(-0.707106781186548,0.,0.707106781186548));
#2477=DIRECTION('',(-1.,0.,0.));
#2478=DIRECTION('',(0.,0.,1.));
#2479=DIRECTION('',(1.,0.,0.));
#2480=DIRECTION('',(0.,0.,-1.));
#2481=DIRECTION('',(-3.1540426835942E-16,1.,0.));
#2482=DIRECTION('',(-1.,-3.1540426835942E-16,0.));
#2483=DIRECTION('',(0.,1.,0.));
#2484=DIRECTION('',(0.,0.,1.));
#2485=DIRECTION('',(-3.1540426835942E-16,1.,-5.47139188746374E-32));
#2486=DIRECTION('',(-1.,-3.1540426835942E-16,0.));
#2487=DIRECTION('',(0.707106781186547,0.707106781186548,1.2266347333467E-16));
#2488=DIRECTION('',(-0.707106781186548,0.707106781186547,-1.2266347333467E-16));
#2489=DIRECTION('',(-1.,1.38777878078144E-14,0.));
#2490=DIRECTION('',(-1.38777878078144E-14,-1.,0.));
#2491=DIRECTION('',(0.,-1.,0.));
#2492=DIRECTION('',(0.,0.,-1.));
#2493=DIRECTION('',(1.,0.,0.));
#2494=DIRECTION('',(0.,0.,-1.));
#2495=DIRECTION('',(1.,1.73472347597681E-15,0.));
#2496=DIRECTION('',(-1.73472347597681E-15,1.,0.));
#2497=DIRECTION('',(0.,0.,-1.));
#2498=DIRECTION('',(-1.,0.,0.));
#2499=DIRECTION('',(0.,0.,-1.));
#2500=DIRECTION('',(-1.,0.,0.));
#2501=DIRECTION('',(1.,8.67361737988404E-17,1.7347234759768E-16));
#2502=DIRECTION('',(1.7347234759768E-16,0.,-1.));
#2503=DIRECTION('',(0.707106781186548,-0.707106781186547,1.2266347333467E-16));
#2504=DIRECTION('',(-0.707106781186547,-0.707106781186548,-1.2266347333467E-16));
#2505=DIRECTION('',(0.,-1.,0.));
#2506=DIRECTION('',(0.,0.,-1.));
#2507=DIRECTION('',(0.,1.,0.));
#2508=DIRECTION('',(0.,0.,1.));
#2509=DIRECTION('',(1.,0.,0.));
#2510=DIRECTION('',(0.,0.,-1.));
#2511=DIRECTION('',(-1.,0.,-3.46944695195361E-15));
#2512=DIRECTION('',(-3.46944695195361E-15,0.,1.));
#2513=DIRECTION('',(-1.7347234759768E-16,0.,1.));
#2514=DIRECTION('',(1.,0.,1.7347234759768E-16));
#2515=DIRECTION('',(0.,0.,1.));
#2516=DIRECTION('',(1.,0.,0.));
#2517=DIRECTION('',(3.1540426835942E-16,-1.,5.47139188746374E-32));
#2518=DIRECTION('',(1.,3.1540426835942E-16,0.));
#2519=DIRECTION('',(0.,1.,0.));
#2520=DIRECTION('',(0.,0.,1.));
#2521=DIRECTION('',(-1.,0.,-1.7347234759768E-16));
#2522=DIRECTION('',(-1.7347234759768E-16,0.,1.));
#2523=DIRECTION('',(-0.707106781186548,-0.707106781186548,-1.2266347333467E-16));
#2524=DIRECTION('',(-0.707106781186548,0.707106781186548,-1.2266347333467E-16));
#2525=DIRECTION('',(-0.707106781186548,0.707106781186548,-1.2266347333467E-16));
#2526=DIRECTION('',(-0.707106781186548,-0.707106781186548,-1.2266347333467E-16));
#2527=DIRECTION('',(0.,-1.,0.));
#2528=DIRECTION('',(0.,0.,-1.));
#2529=DIRECTION('',(0.,1.,0.));
#2530=DIRECTION('',(0.,0.,1.));
#2531=DIRECTION('',(3.46944695195361E-15,0.,-1.));
#2532=DIRECTION('',(-1.,0.,-3.46944695195361E-15));
#2533=DIRECTION('',(0.,0.,-1.));
#2534=DIRECTION('',(-1.,0.,0.));
#2535=DIRECTION('',(1.,0.,0.));
#2536=DIRECTION('',(0.,0.,-1.));
#2537=DIRECTION('',(1.,0.,0.));
#2538=DIRECTION('',(0.,0.,-1.));
#2539=DIRECTION('',(0.,-1.,0.));
#2540=DIRECTION('',(0.,0.,-1.));
#2541=DIRECTION('',(0.,1.,0.));
#2542=DIRECTION('',(0.,0.,1.));
#2543=DIRECTION('',(1.,0.,1.7347234759768E-16));
#2544=DIRECTION('',(1.7347234759768E-16,0.,-1.));
#2545=DIRECTION('',(-1.,0.,0.));
#2546=DIRECTION('',(0.,0.,1.));
#2547=DIRECTION('',(1.,0.,-6.50521303491302E-16));
#2548=DIRECTION('',(-6.50521303491302E-16,0.,-1.));
#2549=DIRECTION('',(0.,0.,1.));
#2550=DIRECTION('',(1.,0.,0.));
#2551=DIRECTION('',(0.,0.,1.));
#2552=DIRECTION('',(1.,0.,0.));
#2553=DIRECTION('',(2.9909025447876E-16,0.,-1.));
#2554=DIRECTION('',(-1.,0.,-2.9909025447876E-16));
#2555=DIRECTION('',(0.,0.,1.));
#2556=DIRECTION('',(1.,0.,0.));
#2557=DIRECTION('',(-1.,0.,-1.7347234759768E-16));
#2558=DIRECTION('',(-1.7347234759768E-16,0.,1.));
#2559=DIRECTION('',(-1.,-3.46944695195361E-15,0.));
#2560=DIRECTION('',(3.46944695195361E-15,-1.,0.));
#2561=DIRECTION('',(-2.16840434497101E-16,0.,1.));
#2562=DIRECTION('',(1.,0.,2.16840434497101E-16));
#2563=DIRECTION('',(0.,0.,1.));
#2564=DIRECTION('',(1.,0.,0.));
#2565=DIRECTION('',(2.9909025447876E-16,0.,-1.));
#2566=DIRECTION('',(-1.,0.,-2.9909025447876E-16));
#2567=DIRECTION('',(-2.76323364486518E-16,-0.38268343236509,0.923879532511287));
#2568=DIRECTION('',(1.1445688517088E-16,-0.923879532511287,-0.38268343236509));
#2569=DIRECTION('',(-3.46944695195361E-15,1.,0.));
#2570=DIRECTION('',(-1.,-3.46944695195361E-15,0.));
#2571=DIRECTION('',(0.,1.,0.));
#2572=DIRECTION('',(0.,0.,1.));
#2573=DIRECTION('',(1.7347234759768E-16,0.,-1.));
#2574=DIRECTION('',(-1.,0.,-1.7347234759768E-16));
#2575=DIRECTION('',(1.6026755140218E-16,0.38268343236509,-0.923879532511287));
#2576=DIRECTION('',(-6.63849933991104E-17,0.923879532511287,0.38268343236509));
#2577=DIRECTION('',(-2.11488747128741E-16,-0.707106781186548,0.707106781186548));
#2578=DIRECTION('',(0.,-0.707106781186548,-0.707106781186548));
#2579=DIRECTION('',(0.,0.707106781186548,-0.707106781186548));
#2580=DIRECTION('',(0.,0.707106781186548,0.707106781186548));
#2581=DIRECTION('',(0.,1.,0.));
#2582=DIRECTION('',(0.,0.,1.));
#2583=DIRECTION('',(0.,-1.,0.));
#2584=DIRECTION('',(0.,0.,-1.));
#2585=DIRECTION('',(0.,-1.,0.));
#2586=DIRECTION('',(0.,0.,-1.));
#2587=DIRECTION('',(0.,-1.,0.));
#2588=DIRECTION('',(0.,0.,-1.));
#2589=DIRECTION('',(1.2266347333467E-16,0.707106781186548,-0.707106781186548));
#2590=DIRECTION('',(0.,0.707106781186548,0.707106781186548));
#2591=DIRECTION('',(-1.64570318839533E-16,0.316227766016837,0.948683298050514));
#2592=DIRECTION('',(0.,0.948683298050514,-0.316227766016837));
#2593=DIRECTION('',(1.,0.,2.9909025447876E-16));
#2594=DIRECTION('',(2.9909025447876E-16,0.,-1.));
#2595=DIRECTION('',(1.,0.,2.9909025447876E-16));
#2596=DIRECTION('',(2.9909025447876E-16,0.,-1.));
#2597=DIRECTION('',(-1.,-8.98182488395737E-17,-2.16840434497101E-16));
#2598=DIRECTION('',(-2.16840434497101E-16,0.,1.));
#2599=DIRECTION('',(1.,1.23259516440783E-32,1.7347234759768E-16));
#2600=DIRECTION('',(1.7347234759768E-16,0.,-1.));
#2601=CARTESIAN_POINT('',(0.,0.,0.));
#2602=CARTESIAN_POINT('',(-1.7347234759768E-17,-0.005,0.0199));
#2603=CARTESIAN_POINT('',(0.000999999999999981,-0.032,0.0199));
#2604=CARTESIAN_POINT('',(0.000999999999999981,-0.0244142135623731,0.0199));
#2605=CARTESIAN_POINT('',(0.000999999999999981,-0.032,0.0199));
#2606=CARTESIAN_POINT('',(-0.01,-0.032,0.0199));
#2607=CARTESIAN_POINT('',(-0.019,-0.032,0.0199));
#2608=CARTESIAN_POINT('',(-0.019,-0.005,0.0199));
#2609=CARTESIAN_POINT('',(-0.019,-0.0812679491924311,0.0199));
#2610=CARTESIAN_POINT('',(0.02,-0.0812679491924311,0.0199));
#2611=CARTESIAN_POINT('',(0.019,-0.0812679491924311,0.0199));
#2612=CARTESIAN_POINT('',(0.019,0.008,0.0199));
#2613=CARTESIAN_POINT('',(0.019,0.007,0.0199));
#2614=CARTESIAN_POINT('',(-1.7347234759768E-17,0.007,0.0199));
#2615=CARTESIAN_POINT('',(0.006,0.007,0.0199));
#2616=CARTESIAN_POINT('',(0.006,0.0025,0.0199));
#2617=CARTESIAN_POINT('',(0.006,0.0015,0.0199));
#2618=CARTESIAN_POINT('',(-0.005,0.0015,0.0199));
#2619=CARTESIAN_POINT('',(-0.006,0.0015,0.0199));
#2620=CARTESIAN_POINT('',(-0.006,-0.005,0.0199));
#2621=CARTESIAN_POINT('',(-0.006,0.007,0.0199));
#2622=CARTESIAN_POINT('',(-1.7347234759768E-17,0.007,0.0199));
#2623=CARTESIAN_POINT('',(-0.019,0.007,0.0199));
#2624=CARTESIAN_POINT('',(-0.019,-0.005,0.0199));
#2625=CARTESIAN_POINT('',(-0.019,-0.0215857864376269,0.0199));
#2626=CARTESIAN_POINT('',(-1.90646110009851E-17,-0.0215857864376269,0.0199));
#2627=CARTESIAN_POINT('',(-0.00100000000000002,-0.0215857864376269,0.0199));
#2628=CARTESIAN_POINT('',(-0.00100000000000002,-0.0244142135623731,0.0199));
#2629=CARTESIAN_POINT('',(-0.00734834957055045,-0.0688838834764832,0.0199));
#2630=CARTESIAN_POINT('',(-0.00646446609406727,-0.068,0.0199));
#2631=CARTESIAN_POINT('',(-0.00823223304703363,-0.0697677669529664,0.0199));
#2632=CARTESIAN_POINT('',(-0.01,-0.068,0.0199));
#2633=CARTESIAN_POINT('',(-0.00823223304703365,-0.0662322330470336,0.0199));
#2634=CARTESIAN_POINT('',(-0.00734834957055046,-0.0671161165235168,0.0199));
#2635=CARTESIAN_POINT('',(-0.00734834957055046,-0.0568838834764832,0.0199));
#2636=CARTESIAN_POINT('',(-0.00646446609406727,-0.056,0.0199));
#2637=CARTESIAN_POINT('',(-0.00823223304703364,-0.0577677669529664,0.0199));
#2638=CARTESIAN_POINT('',(-0.01,-0.056,0.0199));
#2639=CARTESIAN_POINT('',(-0.00823223304703364,-0.0542322330470336,0.0199));
#2640=CARTESIAN_POINT('',(-0.00734834957055046,-0.0551161165235168,0.0199));
#2641=CARTESIAN_POINT('',(-0.00734834957055046,-0.0448838834764832,0.0199));
#2642=CARTESIAN_POINT('',(-0.00646446609406727,-0.044,0.0199));
#2643=CARTESIAN_POINT('',(-0.00823223304703365,-0.0457677669529664,0.0199));
#2644=CARTESIAN_POINT('',(-0.01,-0.044,0.0199));
#2645=CARTESIAN_POINT('',(-0.00823223304703364,-0.0422322330470336,0.0199));
#2646=CARTESIAN_POINT('',(-0.00734834957055046,-0.0431161165235168,0.0199));
#2647=CARTESIAN_POINT('',(-1.7347234759768E-17,-0.085,0.0149));
#2648=CARTESIAN_POINT('',(-0.01,-0.056,0.0149));
#2649=CARTESIAN_POINT('',(-0.00823223304703363,-0.0542322330470336,0.0149));
#2650=CARTESIAN_POINT('',(-0.00823223304703364,-0.0577677669529664,0.0149));
#2651=CARTESIAN_POINT('',(-0.00734834957055046,-0.0568838834764832,0.0149));
#2652=CARTESIAN_POINT('',(-0.00646446609406727,-0.056,0.0149));
#2653=CARTESIAN_POINT('',(-0.00734834957055046,-0.0551161165235168,0.0149));
#2654=CARTESIAN_POINT('',(-0.01,-0.068,0.0149));
#2655=CARTESIAN_POINT('',(-0.00823223304703365,-0.0662322330470336,0.0149));
#2656=CARTESIAN_POINT('',(-0.00823223304703363,-0.0697677669529664,0.0149));
#2657=CARTESIAN_POINT('',(-0.00734834957055045,-0.0688838834764832,0.0149));
#2658=CARTESIAN_POINT('',(-0.00646446609406727,-0.068,0.0149));
#2659=CARTESIAN_POINT('',(-0.00734834957055046,-0.0671161165235168,0.0149));
#2660=CARTESIAN_POINT('',(0.015,-0.085,0.0149));
#2661=CARTESIAN_POINT('',(0.015,-0.0743397459621556,0.0149));
#2662=CARTESIAN_POINT('',(0.015,-0.005,0.0149));
#2663=CARTESIAN_POINT('',(0.016,-0.0743397459621556,0.0149));
#2664=CARTESIAN_POINT('',(0.0155,-0.0760717967697245,0.0149));
#2665=CARTESIAN_POINT('',(-1.82414327633238E-17,-0.0760717967697245,0.0149));
#2666=CARTESIAN_POINT('',(-0.0155,-0.0760717967697245,0.0149));
#2667=CARTESIAN_POINT('',(-0.016,-0.0743397459621556,0.0149));
#2668=CARTESIAN_POINT('',(-0.015,-0.0743397459621556,0.0149));
#2669=CARTESIAN_POINT('',(-0.015,-0.085,0.0149));
#2670=CARTESIAN_POINT('',(-0.015,-0.005,0.0149));
#2671=CARTESIAN_POINT('',(-1.7347234759768E-17,-0.005,0.0149));
#2672=CARTESIAN_POINT('',(-0.01,-0.044,0.0149));
#2673=CARTESIAN_POINT('',(-0.00823223304703364,-0.0422322330470336,0.0149));
#2674=CARTESIAN_POINT('',(-0.00823223304703364,-0.0457677669529664,0.0149));
#2675=CARTESIAN_POINT('',(-0.00734834957055046,-0.0448838834764832,0.0149));
#2676=CARTESIAN_POINT('',(-0.00646446609406727,-0.044,0.0149));
#2677=CARTESIAN_POINT('',(-0.00734834957055046,-0.0431161165235168,0.0149));
#2678=CARTESIAN_POINT('',(-1.38777878078145E-17,0.008,0.0025));
#2679=CARTESIAN_POINT('',(-1.67227343084164E-17,0.008,0.0189));
#2680=CARTESIAN_POINT('',(-0.019,0.008,0.0189));
#2681=CARTESIAN_POINT('',(-0.006,0.008,0.0189));
#2682=CARTESIAN_POINT('',(-0.006,0.008,0.0025));
#2683=CARTESIAN_POINT('',(-0.006,0.008,0.0159));
#2684=CARTESIAN_POINT('',(-1.38777878078145E-17,0.008,0.0159));
#2685=CARTESIAN_POINT('',(-0.0111,0.008,0.0159));
#2686=CARTESIAN_POINT('',(-0.0111,0.008,0.0025));
#2687=CARTESIAN_POINT('',(-0.0111,0.008,-0.0139));
#2688=CARTESIAN_POINT('',(-0.02,0.008,-0.0139));
#2689=CARTESIAN_POINT('',(-0.019,0.008,-0.0139));
#2690=CARTESIAN_POINT('',(-0.019,0.008,0.0025));
#2691=CARTESIAN_POINT('',(0.,0.008,0.0149));
#2692=CARTESIAN_POINT('',(-0.0101,0.008,0.0149));
#2693=CARTESIAN_POINT('',(-0.0101,0.007,0.0149));
#2694=CARTESIAN_POINT('',(-0.0101,0.,0.0149));
#2695=CARTESIAN_POINT('',(0.,0.007,0.0149));
#2696=CARTESIAN_POINT('',(-0.006,0.007,0.0149));
#2697=CARTESIAN_POINT('',(-0.006,0.008,0.0149));
#2698=CARTESIAN_POINT('',(-0.006,0.0015,0.0149));
#2699=CARTESIAN_POINT('',(0.005,0.0015,0.0149));
#2700=CARTESIAN_POINT('',(0.006,0.0015,0.0149));
#2701=CARTESIAN_POINT('',(0.006,0.008,0.0149));
#2702=CARTESIAN_POINT('',(0.006,0.007,0.0149));
#2703=CARTESIAN_POINT('',(0.,0.007,0.0149));
#2704=CARTESIAN_POINT('',(0.0101,0.007,0.0149));
#2705=CARTESIAN_POINT('',(0.0101,0.008,0.0149));
#2706=CARTESIAN_POINT('',(0.0101,0.,0.0149));
#2707=CARTESIAN_POINT('',(0.,0.,0.0149));
#2708=CARTESIAN_POINT('',(-1.38777878078145E-17,-0.005,0.0025));
#2709=CARTESIAN_POINT('',(0.00919705627484771,-0.005,-0.00443431457505076));
#2710=CARTESIAN_POINT('',(0.00976274169979695,-0.005,-0.005));
#2711=CARTESIAN_POINT('',(0.00863137084989848,-0.005,-0.00386862915010153));
#2712=CARTESIAN_POINT('',(0.00919705627484771,-0.005,-0.00556568542494924));
#2713=CARTESIAN_POINT('',(0.00863137084989848,-0.005,-0.00613137084989848));
#2714=CARTESIAN_POINT('',(0.0075,-0.005,-0.005));
#2715=CARTESIAN_POINT('',(-0.00580294372515229,-0.005,-0.00443431457505076));
#2716=CARTESIAN_POINT('',(-0.00523725830020305,-0.005,-0.005));
#2717=CARTESIAN_POINT('',(-0.00636862915010152,-0.005,-0.00386862915010153));
#2718=CARTESIAN_POINT('',(-0.00580294372515229,-0.005,-0.00556568542494924));
#2719=CARTESIAN_POINT('',(-0.00636862915010152,-0.005,-0.00613137084989848));
#2720=CARTESIAN_POINT('',(-0.0075,-0.005,-0.005));
#2721=CARTESIAN_POINT('',(0.00919705627484771,-0.005,0.00556568542494924));
#2722=CARTESIAN_POINT('',(0.00976274169979695,-0.005,0.005));
#2723=CARTESIAN_POINT('',(0.00863137084989848,-0.005,0.00613137084989848));
#2724=CARTESIAN_POINT('',(0.00919705627484772,-0.005,0.00443431457505077));
#2725=CARTESIAN_POINT('',(0.00863137084989848,-0.005,0.00386862915010153));
#2726=CARTESIAN_POINT('',(0.0075,-0.005,0.005));
#2727=CARTESIAN_POINT('',(-0.00580294372515229,-0.005,0.00556568542494924));
#2728=CARTESIAN_POINT('',(-0.00523725830020305,-0.005,0.005));
#2729=CARTESIAN_POINT('',(-0.00636862915010152,-0.005,0.00613137084989847));
#2730=CARTESIAN_POINT('',(-0.00580294372515229,-0.005,0.00443431457505076));
#2731=CARTESIAN_POINT('',(-0.00636862915010152,-0.005,0.00386862915010153));
#2732=CARTESIAN_POINT('',(-0.0075,-0.005,0.005));
#2733=CARTESIAN_POINT('',(-0.015,-0.005,-0.00255));
#2734=CARTESIAN_POINT('',(-0.015,-0.005,-0.0139));
#2735=CARTESIAN_POINT('',(-1.38777878078145E-17,-0.005,-0.0139));
#2736=CARTESIAN_POINT('',(0.015,-0.005,-0.0139));
#2737=CARTESIAN_POINT('',(0.015,-0.005,-0.00255));
#2738=CARTESIAN_POINT('',(-0.00580294372515229,-0.005,0.00556568542494924));
#2739=CARTESIAN_POINT('',(-0.00580294372515229,0.,0.00556568542494924));
#2740=CARTESIAN_POINT('',(-0.00523725830020305,0.,0.005));
#2741=CARTESIAN_POINT('',(-0.00636862915010152,0.,0.00613137084989847));
#2742=CARTESIAN_POINT('',(-0.00523725830020305,-0.005,0.005));
#2743=CARTESIAN_POINT('',(-0.00636862915010152,-0.005,0.00613137084989847));
#2744=CARTESIAN_POINT('',(-0.00580294372515229,-0.005,0.00443431457505076));
#2745=CARTESIAN_POINT('',(-0.00580294372515229,0.,0.00443431457505076));
#2746=CARTESIAN_POINT('',(-0.00636862915010152,0.,0.00386862915010153));
#2747=CARTESIAN_POINT('',(-0.00636862915010152,-0.005,0.00386862915010153));
#2748=CARTESIAN_POINT('',(0.00919705627484771,-0.005,0.00556568542494924));
#2749=CARTESIAN_POINT('',(0.00919705627484771,0.,0.00556568542494924));
#2750=CARTESIAN_POINT('',(0.00976274169979695,0.,0.005));
#2751=CARTESIAN_POINT('',(0.00863137084989848,0.,0.00613137084989848));
#2752=CARTESIAN_POINT('',(0.00976274169979695,-0.005,0.005));
#2753=CARTESIAN_POINT('',(0.00863137084989848,-0.005,0.00613137084989848));
#2754=CARTESIAN_POINT('',(0.00919705627484772,-0.005,0.00443431457505077));
#2755=CARTESIAN_POINT('',(0.00919705627484772,0.,0.00443431457505077));
#2756=CARTESIAN_POINT('',(0.00863137084989848,0.,0.00386862915010153));
#2757=CARTESIAN_POINT('',(0.00863137084989848,-0.005,0.00386862915010153));
#2758=CARTESIAN_POINT('',(-0.00580294372515229,-0.005,-0.00443431457505076));
#2759=CARTESIAN_POINT('',(-0.00580294372515229,0.,-0.00443431457505076));
#2760=CARTESIAN_POINT('',(-0.00523725830020305,0.,-0.005));
#2761=CARTESIAN_POINT('',(-0.00636862915010152,0.,-0.00386862915010153));
#2762=CARTESIAN_POINT('',(-0.00523725830020305,-0.005,-0.005));
#2763=CARTESIAN_POINT('',(-0.00636862915010152,-0.005,-0.00386862915010153));
#2764=CARTESIAN_POINT('',(-0.00580294372515229,-0.005,-0.00556568542494924));
#2765=CARTESIAN_POINT('',(-0.00580294372515229,0.,-0.00556568542494924));
#2766=CARTESIAN_POINT('',(-0.00636862915010152,0.,-0.00613137084989848));
#2767=CARTESIAN_POINT('',(-0.00636862915010152,-0.005,-0.00613137084989848));
#2768=CARTESIAN_POINT('',(0.00919705627484771,-0.005,-0.00443431457505076));
#2769=CARTESIAN_POINT('',(0.00919705627484771,0.,-0.00443431457505076));
#2770=CARTESIAN_POINT('',(0.00976274169979695,0.,-0.005));
#2771=CARTESIAN_POINT('',(0.00863137084989848,0.,-0.00386862915010153));
#2772=CARTESIAN_POINT('',(0.00976274169979695,-0.005,-0.005));
#2773=CARTESIAN_POINT('',(0.00863137084989848,-0.005,-0.00386862915010153));
#2774=CARTESIAN_POINT('',(0.00919705627484771,-0.005,-0.00556568542494924));
#2775=CARTESIAN_POINT('',(0.00919705627484771,0.,-0.00556568542494924));
#2776=CARTESIAN_POINT('',(0.00863137084989848,0.,-0.00613137084989848));
#2777=CARTESIAN_POINT('',(0.00863137084989848,-0.005,-0.00613137084989848));
#2778=CARTESIAN_POINT('',(8.67361737988404E-18,-0.005,-0.0149));
#2779=CARTESIAN_POINT('',(1.45196290737789E-17,-0.024456682704172,-0.0149));
#2780=CARTESIAN_POINT('',(-0.016,-0.024456682704172,-0.0149));
#2781=CARTESIAN_POINT('',(-0.019,-0.024456682704172,-0.0149));
#2782=CARTESIAN_POINT('',(-0.019,0.008,-0.0149));
#2783=CARTESIAN_POINT('',(-0.019,0.007,-0.0149));
#2784=CARTESIAN_POINT('',(-0.0101,0.007,-0.0149));
#2785=CARTESIAN_POINT('',(-0.0111,0.007,-0.0149));
#2786=CARTESIAN_POINT('',(-0.0111,0.,-0.0149));
#2787=CARTESIAN_POINT('',(-0.0111,-0.001,-0.0149));
#2788=CARTESIAN_POINT('',(0.0101,-0.001,-0.0149));
#2789=CARTESIAN_POINT('',(0.0111,-0.001,-0.0149));
#2790=CARTESIAN_POINT('',(0.0111,-0.005,-0.0149));
#2791=CARTESIAN_POINT('',(0.0111,0.007,-0.0149));
#2792=CARTESIAN_POINT('',(0.02,0.007,-0.0149));
#2793=CARTESIAN_POINT('',(0.019,0.007,-0.0149));
#2794=CARTESIAN_POINT('',(0.019,-0.005,-0.0149));
#2795=CARTESIAN_POINT('',(0.019,-0.024456682704172,-0.0149));
#2796=CARTESIAN_POINT('',(1.45196290737789E-17,-0.024456682704172,-0.0149));
#2797=CARTESIAN_POINT('',(0.016,-0.024456682704172,-0.0149));
#2798=CARTESIAN_POINT('',(0.016,-0.005,-0.0149));
#2799=CARTESIAN_POINT('',(0.016,-0.004,-0.0149));
#2800=CARTESIAN_POINT('',(8.67361737988404E-18,-0.004,-0.0149));
#2801=CARTESIAN_POINT('',(-0.016,-0.004,-0.0149));
#2802=CARTESIAN_POINT('',(-0.016,-0.005,-0.0149));
#2803=CARTESIAN_POINT('',(0.02,-0.005,0.0025));
#2804=CARTESIAN_POINT('',(0.02,-0.085,0.0189));
#2805=CARTESIAN_POINT('',(0.02,0.007,0.0189));
#2806=CARTESIAN_POINT('',(0.02,-0.0812679491924311,0.0189));
#2807=CARTESIAN_POINT('',(0.02,-0.0169655789870754,-0.0182249907475931));
#2808=CARTESIAN_POINT('',(0.02,-0.024456682704172,-0.0139));
#2809=CARTESIAN_POINT('',(0.02,-0.005,-0.0139));
#2810=CARTESIAN_POINT('',(0.02,0.007,-0.0139));
#2811=CARTESIAN_POINT('',(0.02,0.007,0.0199));
#2812=CARTESIAN_POINT('',(0.0075,-0.005,0.005));
#2813=CARTESIAN_POINT('',(0.0075,0.,0.005));
#2814=CARTESIAN_POINT('',(-0.0075,-0.005,-0.005));
#2815=CARTESIAN_POINT('',(-0.0075,0.,-0.005));
#2816=CARTESIAN_POINT('',(0.0075,-0.005,-0.005));
#2817=CARTESIAN_POINT('',(0.0075,0.,-0.005));
#2818=CARTESIAN_POINT('',(-0.02,-0.005,0.0025));
#2819=CARTESIAN_POINT('',(-0.02,-0.032,0.0399));
#2820=CARTESIAN_POINT('',(-0.02,-0.032,0.0389));
#2821=CARTESIAN_POINT('',(-0.02,-0.032,0.0189));
#2822=CARTESIAN_POINT('',(-0.02,-0.027,0.0389));
#2823=CARTESIAN_POINT('',(-0.02,-0.028,0.0389));
#2824=CARTESIAN_POINT('',(-0.02,-0.028,0.0025));
#2825=CARTESIAN_POINT('',(-0.02,-0.028,0.0244857864376269));
#2826=CARTESIAN_POINT('',(-0.02,-0.00550710678118654,0.00199289321881346));
#2827=CARTESIAN_POINT('',(-0.02,-0.023,0.0194857864376269));
#2828=CARTESIAN_POINT('',(-0.02,-0.0215857864376269,0.0209));
#2829=CARTESIAN_POINT('',(-0.02,-0.0215857864376269,0.0189));
#2830=CARTESIAN_POINT('',(-0.02,-0.005,0.0189));
#2831=CARTESIAN_POINT('',(-0.02,0.007,0.0189));
#2832=CARTESIAN_POINT('',(-0.02,0.007,0.0025));
#2833=CARTESIAN_POINT('',(-0.02,0.007,-0.0139));
#2834=CARTESIAN_POINT('',(-0.02,-0.0247246318966031,-0.0139));
#2835=CARTESIAN_POINT('',(-0.02,-0.024456682704172,-0.0139));
#2836=CARTESIAN_POINT('',(-0.02,-0.0845,0.0207660254037844));
#2837=CARTESIAN_POINT('',(-0.02,-0.0812679491924311,0.0189));
#2838=CARTESIAN_POINT('',(-0.02,-0.005,0.0189));
#2839=CARTESIAN_POINT('',(-0.0075,-0.005,0.005));
#2840=CARTESIAN_POINT('',(-0.0075,0.,0.005));
#2841=CARTESIAN_POINT('',(-1.38777878078145E-17,0.,0.0025));
#2842=CARTESIAN_POINT('',(0.0101,0.,6.93889390390723E-18));
#2843=CARTESIAN_POINT('',(0.0101,0.,-0.0139));
#2844=CARTESIAN_POINT('',(-0.0101,0.,-0.0139));
#2845=CARTESIAN_POINT('',(-0.0101,0.,-0.0139));
#2846=CARTESIAN_POINT('',(-0.0101,0.,0.));
#2847=CARTESIAN_POINT('',(0.0101,0.008,6.93889390390723E-18));
#2848=CARTESIAN_POINT('',(0.0101,0.007,-0.0149));
#2849=CARTESIAN_POINT('',(0.0101,0.007,-0.0139));
#2850=CARTESIAN_POINT('',(0.0101,0.008,-0.0139));
#2851=CARTESIAN_POINT('',(-0.0101,0.008,0.));
#2852=CARTESIAN_POINT('',(-0.0101,0.008,-0.0139));
#2853=CARTESIAN_POINT('',(-0.0101,0.007,-0.0139));
#2854=CARTESIAN_POINT('',(-0.0101,0.007,0.));
#2855=CARTESIAN_POINT('',(-1.38777878078145E-17,0.008,0.0025));
#2856=CARTESIAN_POINT('',(0.0111,0.008,0.0149));
#2857=CARTESIAN_POINT('',(0.0111,0.008,-0.0139));
#2858=CARTESIAN_POINT('',(0.0111,0.008,0.0159));
#2859=CARTESIAN_POINT('',(-1.38777878078145E-17,0.008,0.0159));
#2860=CARTESIAN_POINT('',(0.006,0.008,0.0159));
#2861=CARTESIAN_POINT('',(0.006,0.008,0.0199));
#2862=CARTESIAN_POINT('',(0.006,0.008,0.0189));
#2863=CARTESIAN_POINT('',(-1.67227343084164E-17,0.008,0.0189));
#2864=CARTESIAN_POINT('',(0.019,0.008,0.0189));
#2865=CARTESIAN_POINT('',(0.019,0.008,-0.0149));
#2866=CARTESIAN_POINT('',(0.019,0.008,-0.0139));
#2867=CARTESIAN_POINT('',(0.0101,0.008,-0.0139));
#2868=CARTESIAN_POINT('',(0.015,-0.085,-0.00255));
#2869=CARTESIAN_POINT('',(0.015,-0.0247246318966031,-0.0139));
#2870=CARTESIAN_POINT('',(0.015,-0.024456682704172,-0.0139));
#2871=CARTESIAN_POINT('',(0.015,-0.0758397459621556,0.0157660254037844));
#2872=CARTESIAN_POINT('',(-0.015,-0.085,-0.00255));
#2873=CARTESIAN_POINT('',(-0.015,-0.0747788648425197,0.0151535254037844));
#2874=CARTESIAN_POINT('',(-0.015,-0.024456682704172,-0.0139));
#2875=CARTESIAN_POINT('',(-0.015,-0.085,-0.0139));
#2876=CARTESIAN_POINT('',(-1.7347234759768E-17,-0.085,0.0199));
#2877=CARTESIAN_POINT('',(-0.019,-0.0247246318966031,-0.0149));
#2878=CARTESIAN_POINT('',(-0.019,-0.0817679491924311,0.0180339745962156));
#2879=CARTESIAN_POINT('',(-0.019,-0.024956682704172,-0.0147660254037844));
#2880=CARTESIAN_POINT('',(-3.5388025185794E-17,-0.024956682704172,-0.0147660254037844));
#2881=CARTESIAN_POINT('',(-0.016,-0.024956682704172,-0.0147660254037844));
#2882=CARTESIAN_POINT('',(-0.016,-0.085,0.0199));
#2883=CARTESIAN_POINT('',(-0.016,-0.0765717967697245,0.0150339745962156));
#2884=CARTESIAN_POINT('',(-1.76286083765229E-17,-0.0765717967697245,0.0150339745962156));
#2885=CARTESIAN_POINT('',(0.016,-0.0765717967697245,0.0150339745962156));
#2886=CARTESIAN_POINT('',(0.016,-0.0247246318966031,-0.0149));
#2887=CARTESIAN_POINT('',(0.016,-0.024956682704172,-0.0147660254037844));
#2888=CARTESIAN_POINT('',(-3.5388025185794E-17,-0.024956682704172,-0.0147660254037844));
#2889=CARTESIAN_POINT('',(0.019,-0.024956682704172,-0.0147660254037844));
#2890=CARTESIAN_POINT('',(0.019,-0.085,0.0199));
#2891=CARTESIAN_POINT('',(0.019,-0.0817679491924311,0.0180339745962156));
#2892=CARTESIAN_POINT('',(-0.02,-0.0817679491924311,0.0180339745962156));
#2893=CARTESIAN_POINT('',(-0.01,-0.032,0.0399));
#2894=CARTESIAN_POINT('',(-2.25340579529387E-17,-0.032,0.0399));
#2895=CARTESIAN_POINT('',(-2.2360585605341E-17,-0.032,0.0389));
#2896=CARTESIAN_POINT('',(-1.92380833485828E-17,-0.032,0.0209));
#2897=CARTESIAN_POINT('',(-0.01,-0.032,0.0389));
#2898=CARTESIAN_POINT('',(-0.019,-0.032,0.0189));
#2899=CARTESIAN_POINT('',(0.000999999999999981,-0.032,0.0209));
#2900=CARTESIAN_POINT('',(-2.25340579529387E-17,-0.0295,0.0399));
#2901=CARTESIAN_POINT('',(-1.92380833485828E-17,-0.022,0.0209));
#2902=CARTESIAN_POINT('',(-1.92380833485828E-17,-0.0244142135623731,0.0209));
#2903=CARTESIAN_POINT('',(-2.13271923071186E-17,-0.0364571067811865,0.0329428932188134));
#2904=CARTESIAN_POINT('',(-1.98601181399018E-17,-0.028,0.0244857864376269));
#2905=CARTESIAN_POINT('',(-2.25340579529387E-17,-0.028,0.0399));
#2906=CARTESIAN_POINT('',(-2.2360585605341E-17,-0.028,0.0389));
#2907=CARTESIAN_POINT('',(-2.2360585605341E-17,-0.032,0.0389));
#2908=CARTESIAN_POINT('',(-0.01,-0.027,0.0399));
#2909=CARTESIAN_POINT('',(-2.2360585605341E-17,-0.027,0.0389));
#2910=CARTESIAN_POINT('',(-0.019,-0.027,0.0389));
#2911=CARTESIAN_POINT('',(-0.00100000000000002,-0.027,0.0389));
#2912=CARTESIAN_POINT('',(-0.00100000000000002,-0.027,0.0399));
#2913=CARTESIAN_POINT('',(-0.00100000000000002,-0.027,0.0249));
#2914=CARTESIAN_POINT('',(-0.02,-0.027,0.0249));
#2915=CARTESIAN_POINT('',(-0.019,-0.027,0.0249));
#2916=CARTESIAN_POINT('',(-0.019,-0.027,0.0399));
#2917=CARTESIAN_POINT('',(-6.92154666914746E-18,-0.0385,0.0399));
#2918=CARTESIAN_POINT('',(-0.00100000000000002,-0.027,0.0399));
#2919=CARTESIAN_POINT('',(-0.00100000000000002,-0.031,0.0399));
#2920=CARTESIAN_POINT('',(-0.00100000000000002,-0.028,0.0399));
#2921=CARTESIAN_POINT('',(-0.02,-0.028,0.0399));
#2922=CARTESIAN_POINT('',(-0.019,-0.028,0.0399));
#2923=CARTESIAN_POINT('',(-0.019,-0.032,0.0399));
#2924=CARTESIAN_POINT('',(-0.019,-0.031,0.0399));
#2925=CARTESIAN_POINT('',(-6.92154666914746E-18,-0.031,0.0399));
#2926=CARTESIAN_POINT('',(-1.73437653128161E-18,0.0025,0.014898));
#2927=CARTESIAN_POINT('',(0.005,0.0025,0.014898));
#2928=CARTESIAN_POINT('',(0.005,0.0025,0.0159));
#2929=CARTESIAN_POINT('',(0.005,0.0025,0.0189));
#2930=CARTESIAN_POINT('',(-0.005,0.0025,0.0159));
#2931=CARTESIAN_POINT('',(-0.005,0.0025,0.0159));
#2932=CARTESIAN_POINT('',(-0.005,0.0025,0.014898));
#2933=CARTESIAN_POINT('',(-0.005,0.0025,0.0189));
#2934=CARTESIAN_POINT('',(0.005,0.0025,0.0189));
#2935=CARTESIAN_POINT('',(-0.005,0.00525,0.014898));
#2936=CARTESIAN_POINT('',(-0.005,0.00525,0.0159));
#2937=CARTESIAN_POINT('',(-0.005,0.007,0.0159));
#2938=CARTESIAN_POINT('',(-0.005,0.007,0.014898));
#2939=CARTESIAN_POINT('',(-0.005,0.007,0.0189));
#2940=CARTESIAN_POINT('',(-0.005,0.00525,0.0189));
#2941=CARTESIAN_POINT('',(0.005,0.00525,0.014898));
#2942=CARTESIAN_POINT('',(0.005,0.007,0.0149));
#2943=CARTESIAN_POINT('',(0.005,0.007,0.0189));
#2944=CARTESIAN_POINT('',(0.005,0.007,0.0159));
#2945=CARTESIAN_POINT('',(0.005,0.0025,0.0159));
#2946=CARTESIAN_POINT('',(0.005,0.008,0.0189));
#2947=CARTESIAN_POINT('',(-0.01,-0.068,0.014898));
#2948=CARTESIAN_POINT('',(-0.00823223304703365,-0.0662322330470336,0.014898));
#2949=CARTESIAN_POINT('',(-0.00823223304703363,-0.0697677669529664,0.014898));
#2950=CARTESIAN_POINT('',(-0.00734834957055045,-0.0688838834764832,0.014898));
#2951=CARTESIAN_POINT('',(-0.00646446609406727,-0.068,0.014898));
#2952=CARTESIAN_POINT('',(-0.00734834957055046,-0.0671161165235168,0.014898));
#2953=CARTESIAN_POINT('',(-0.01,-0.056,0.014898));
#2954=CARTESIAN_POINT('',(-0.00823223304703364,-0.0542322330470336,0.014898));
#2955=CARTESIAN_POINT('',(-0.00823223304703364,-0.0577677669529664,0.014898));
#2956=CARTESIAN_POINT('',(-0.00734834957055046,-0.0568838834764832,0.014898));
#2957=CARTESIAN_POINT('',(-0.00646446609406727,-0.056,0.014898));
#2958=CARTESIAN_POINT('',(-0.00734834957055046,-0.0551161165235168,0.014898));
#2959=CARTESIAN_POINT('',(-0.00734834957055046,-0.0448838834764832,0.014898));
#2960=CARTESIAN_POINT('',(-0.00823223304703364,-0.0457677669529664,0.014898));
#2961=CARTESIAN_POINT('',(-0.00646446609406727,-0.044,0.014898));
#2962=CARTESIAN_POINT('',(-0.00734834957055046,-0.0431161165235168,0.014898));
#2963=CARTESIAN_POINT('',(-0.00823223304703364,-0.0422322330470336,0.014898));
#2964=CARTESIAN_POINT('',(-0.01,-0.044,0.014898));
#2965=CARTESIAN_POINT('',(-0.01,-0.027,0.0249));
#2966=CARTESIAN_POINT('',(-0.02,-0.0222928932188135,0.0201928932188134));
#2967=CARTESIAN_POINT('',(-0.00100000000000002,-0.0222928932188135,0.0201928932188134));
#2968=CARTESIAN_POINT('',(-0.019,-0.0222928932188135,0.0201928932188134));
#2969=CARTESIAN_POINT('',(-0.019,-0.027,0.0249));
#2970=CARTESIAN_POINT('',(-0.00100000000000002,-0.027,0.0249));
#2971=CARTESIAN_POINT('',(1.45196290737789E-17,-0.024456682704172,-0.0139));
#2972=CARTESIAN_POINT('',(0.016,-0.024456682704172,-0.0139));
#2973=CARTESIAN_POINT('',(0.019,-0.024456682704172,-0.0139));
#2974=CARTESIAN_POINT('',(0.019,-0.005,-0.0139));
#2975=CARTESIAN_POINT('',(0.019,-0.024456682704172,-0.0139));
#2976=CARTESIAN_POINT('',(0.019,0.007,-0.0139));
#2977=CARTESIAN_POINT('',(0.019,-0.024456682704172,-0.0139));
#2978=CARTESIAN_POINT('',(0.019,-0.024456682704172,-0.0139));
#2979=CARTESIAN_POINT('',(0.016,-0.024456682704172,-0.0139));
#2980=CARTESIAN_POINT('',(0.016,-0.024456682704172,-0.0139));
#2981=CARTESIAN_POINT('',(0.016,-0.024456682704172,-0.0139));
#2982=CARTESIAN_POINT('',(0.019,0.007,-0.0139));
#2983=CARTESIAN_POINT('',(0.019,0.007,-0.0139));
#2984=CARTESIAN_POINT('',(0.019,0.007,-0.0139));
#2985=CARTESIAN_POINT('',(0.019,-0.0169655789870754,-0.0182249907475931));
#2986=CARTESIAN_POINT('',(0.019,-0.0812679491924311,0.0189));
#2987=CARTESIAN_POINT('',(0.016,-0.0845,0.0207660254037844));
#2988=CARTESIAN_POINT('',(0.016,-0.0760717967697245,0.0159));
#2989=CARTESIAN_POINT('',(0.016,-0.005,-0.0139));
#2990=CARTESIAN_POINT('',(0.016,-0.004,-0.0139));
#2991=CARTESIAN_POINT('',(-1.38777878078145E-17,0.007,-0.0139));
#2992=CARTESIAN_POINT('',(0.0111,0.007,-0.0139));
#2993=CARTESIAN_POINT('',(0.0111,0.007,6.8806817067268E-18));
#2994=CARTESIAN_POINT('',(0.0111,0.007,-0.0139));
#2995=CARTESIAN_POINT('',(0.0111,0.007,0.0159));
#2996=CARTESIAN_POINT('',(-1.38777878078145E-17,0.007,0.0159));
#2997=CARTESIAN_POINT('',(0.006,0.007,0.0159));
#2998=CARTESIAN_POINT('',(0.019,0.007,0.0025));
#2999=CARTESIAN_POINT('',(0.019,0.007,0.0189));
#3000=CARTESIAN_POINT('',(0.019,-0.005,0.0189));
#3001=CARTESIAN_POINT('',(0.019,-0.0812679491924311,0.0189));
#3002=CARTESIAN_POINT('',(0.019,0.007,0.0189));
#3003=CARTESIAN_POINT('',(0.019,-0.0812679491924311,0.0189));
#3004=CARTESIAN_POINT('',(0.019,-0.0812679491924311,0.0189));
#3005=CARTESIAN_POINT('',(-1.83570809950556E-17,-0.0760717967697245,0.0159));
#3006=CARTESIAN_POINT('',(-0.016,-0.0760717967697245,0.0159));
#3007=CARTESIAN_POINT('',(8.67361737988404E-18,-0.004,-0.0139));
#3008=CARTESIAN_POINT('',(-0.016,-0.004,-0.0139));
#3009=CARTESIAN_POINT('',(0.0111,0.007,-0.0139));
#3010=CARTESIAN_POINT('',(0.0111,0.007,-0.0139));
#3011=CARTESIAN_POINT('',(0.006,0.007,0.0159));
#3012=CARTESIAN_POINT('',(0.006,0.007,0.0159));
#3013=CARTESIAN_POINT('',(0.006,0.007,0.0159));
#3014=CARTESIAN_POINT('',(0.019,0.007,0.0189));
#3015=CARTESIAN_POINT('',(0.019,0.007,0.0189));
#3016=CARTESIAN_POINT('',(-0.019,-0.005,0.0189));
#3017=CARTESIAN_POINT('',(-0.019,-0.0812679491924311,0.0189));
#3018=CARTESIAN_POINT('',(-1.71737624121704E-17,-0.0812679491924311,0.0189));
#3019=CARTESIAN_POINT('',(-0.019,-0.0812679491924311,0.0189));
#3020=CARTESIAN_POINT('',(-0.016,-0.0747788648425197,0.0151535254037844));
#3021=CARTESIAN_POINT('',(-0.016,-0.024456682704172,-0.0139));
#3022=CARTESIAN_POINT('',(-0.016,-0.085,-0.0139));
#3023=CARTESIAN_POINT('',(-0.016,-0.024456682704172,-0.0139));
#3024=CARTESIAN_POINT('',(0.0111,0.008,-0.0139));
#3025=CARTESIAN_POINT('',(0.0111,-0.001,-0.0139));
#3026=CARTESIAN_POINT('',(0.006,0.008,0.0159));
#3027=CARTESIAN_POINT('',(0.006,0.0015,0.0159));
#3028=CARTESIAN_POINT('',(0.006,0.007,0.0025));
#3029=CARTESIAN_POINT('',(0.006,0.007,0.0189));
#3030=CARTESIAN_POINT('',(-1.71737624121704E-17,0.007,0.0189));
#3031=CARTESIAN_POINT('',(0.006,0.007,0.0189));
#3032=CARTESIAN_POINT('',(-0.019,-0.0812679491924311,0.0189));
#3033=CARTESIAN_POINT('',(-0.019,-0.0812679491924311,0.0189));
#3034=CARTESIAN_POINT('',(-0.016,-0.024456682704172,-0.0139));
#3035=CARTESIAN_POINT('',(-0.016,-0.024456682704172,-0.0139));
#3036=CARTESIAN_POINT('',(-1.38777878078145E-17,-0.001,-0.0139));
#3037=CARTESIAN_POINT('',(-0.0111,-0.001,-0.0139));
#3038=CARTESIAN_POINT('',(5.63785129692462E-19,0.0015,0.0159));
#3039=CARTESIAN_POINT('',(-0.006,0.0015,0.0159));
#3040=CARTESIAN_POINT('',(0.006,0.007,0.0189));
#3041=CARTESIAN_POINT('',(0.006,0.007,0.0189));
#3042=CARTESIAN_POINT('',(-0.019,-0.0845,0.0207660254037844));
#3043=CARTESIAN_POINT('',(-0.019,-0.024456682704172,-0.0139));
#3044=CARTESIAN_POINT('',(1.45196290737789E-17,-0.024456682704172,-0.0139));
#3045=CARTESIAN_POINT('',(-0.019,-0.024456682704172,-0.0139));
#3046=CARTESIAN_POINT('',(-0.0111,-0.005,-0.0139));
#3047=CARTESIAN_POINT('',(-0.0111,0.007,-0.0139));
#3048=CARTESIAN_POINT('',(-0.0111,0.007,0.0025));
#3049=CARTESIAN_POINT('',(-0.0111,0.007,-0.0139));
#3050=CARTESIAN_POINT('',(-0.0111,0.007,0.0159));
#3051=CARTESIAN_POINT('',(-1.38777878078145E-17,0.007,0.0159));
#3052=CARTESIAN_POINT('',(-0.006,0.007,0.0159));
#3053=CARTESIAN_POINT('',(-0.006,0.00525,0.0159));
#3054=CARTESIAN_POINT('',(-0.006,0.007,0.0159));
#3055=CARTESIAN_POINT('',(0.006,-0.005,0.0189));
#3056=CARTESIAN_POINT('',(0.006,0.0015,0.0189));
#3057=CARTESIAN_POINT('',(-0.019,-0.024456682704172,-0.0139));
#3058=CARTESIAN_POINT('',(-0.019,-0.024456682704172,-0.0139));
#3059=CARTESIAN_POINT('',(-0.0111,0.007,-0.0139));
#3060=CARTESIAN_POINT('',(-0.0111,0.007,-0.0139));
#3061=CARTESIAN_POINT('',(-0.006,0.007,0.0159));
#3062=CARTESIAN_POINT('',(-0.006,0.007,0.0159));
#3063=CARTESIAN_POINT('',(-1.77375475418628E-17,0.0015,0.0189));
#3064=CARTESIAN_POINT('',(-0.006,0.0015,0.0189));
#3065=CARTESIAN_POINT('',(-0.019,-0.005,-0.0139));
#3066=CARTESIAN_POINT('',(-0.019,0.007,-0.0139));
#3067=CARTESIAN_POINT('',(-1.38777878078145E-17,0.007,-0.0139));
#3068=CARTESIAN_POINT('',(-0.019,0.007,-0.0139));
#3069=CARTESIAN_POINT('',(-0.006,0.007,0.014898));
#3070=CARTESIAN_POINT('',(-0.006,0.007,0.0189));
#3071=CARTESIAN_POINT('',(-0.006,0.00525,0.0189));
#3072=CARTESIAN_POINT('',(-0.006,0.007,0.0189));
#3073=CARTESIAN_POINT('',(-0.01,-0.031,0.0389));
#3074=CARTESIAN_POINT('',(-0.00100000000000002,-0.031,0.0389));
#3075=CARTESIAN_POINT('',(-0.019,-0.031,0.0389));
#3076=CARTESIAN_POINT('',(-0.019,-0.005,0.0389));
#3077=CARTESIAN_POINT('',(-0.019,-0.028,0.0389));
#3078=CARTESIAN_POINT('',(-0.019,0.007,-0.0139));
#3079=CARTESIAN_POINT('',(-0.019,0.007,-0.0139));
#3080=CARTESIAN_POINT('',(-0.006,0.007,0.0189));
#3081=CARTESIAN_POINT('',(-0.006,0.007,0.0189));
#3082=CARTESIAN_POINT('',(-0.00100000000000002,-0.0385,0.0389));
#3083=CARTESIAN_POINT('',(-0.00100000000000002,-0.028,0.0389));
#3084=CARTESIAN_POINT('',(-6.74807432154978E-18,-0.028,0.0389));
#3085=CARTESIAN_POINT('',(-0.019,-0.028,0.0389));
#3086=CARTESIAN_POINT('',(-0.00100000000000002,-0.028,0.0389));
#3087=CARTESIAN_POINT('',(-0.019,-0.028,0.0389));
#3088=CARTESIAN_POINT('',(-0.019,-0.028,0.0389));
#3089=CARTESIAN_POINT('',(-0.019,0.007,0.0025));
#3090=CARTESIAN_POINT('',(-0.019,0.007,0.0189));
#3091=CARTESIAN_POINT('',(-1.71737624121704E-17,0.007,0.0189));
#3092=CARTESIAN_POINT('',(-0.019,0.007,0.0189));
#3093=CARTESIAN_POINT('',(-0.00100000000000002,-0.028,0.0389));
#3094=CARTESIAN_POINT('',(-0.00100000000000002,-0.028,0.0389));
#3095=CARTESIAN_POINT('',(-0.019,-0.028,0.0025));
#3096=CARTESIAN_POINT('',(-0.019,-0.028,0.0244857864376269));
#3097=CARTESIAN_POINT('',(-0.019,0.007,0.0189));
#3098=CARTESIAN_POINT('',(-0.019,0.007,0.0189));
#3099=CARTESIAN_POINT('',(-0.00100000000000002,-0.028,0.0399));
#3100=CARTESIAN_POINT('',(-0.00100000000000002,-0.028,0.0244857864376269));
#3101=CARTESIAN_POINT('',(-0.019,-0.00550710678118655,0.00199289321881346));
#3102=CARTESIAN_POINT('',(-0.019,-0.023,0.0194857864376269));
#3103=CARTESIAN_POINT('',(-0.019,-0.005,0.0189));
#3104=CARTESIAN_POINT('',(-0.019,-0.0215857864376269,0.0189));
#3105=CARTESIAN_POINT('',(0.000999999999999981,-0.0295,0.0209));
#3106=CARTESIAN_POINT('',(0.000999999999999981,-0.0244142135623731,0.0209));
#3107=CARTESIAN_POINT('',(-0.00100000000000002,-0.0364571067811865,0.0329428932188134));
#3108=CARTESIAN_POINT('',(-0.00100000000000002,-0.0244142135623731,0.0209));
#3109=CARTESIAN_POINT('',(-0.019,-0.0215857864376269,0.0209));
#3110=CARTESIAN_POINT('',(-0.019,-0.0215857864376269,0.0209));
#3111=CARTESIAN_POINT('',(-0.00100000000000002,-0.0215857864376269,0.0199));
#3112=CARTESIAN_POINT('',(-0.00100000000000002,-0.022,0.0199));
#3113=CARTESIAN_POINT('',(-0.00100000000000002,-0.0222928932188134,0.0201928932188134));
#3114=CARTESIAN_POINT('',(-0.000476401180768439,-0.0215857864376514,0.0199));
#3115=CARTESIAN_POINT('',(-0.000629759689249301,-0.0220000000000556,0.0198999999999986));
#3116=CARTESIAN_POINT('',(-0.000738200590384229,-0.0222928932188257,0.0201928932188257));
#3117=CARTESIAN_POINT('',(0.00056662771513319,-0.0221986673850075,0.0199));
#3118=CARTESIAN_POINT('',(0.000143017491077343,-0.0226319978850822,0.019900000000001));
#3119=CARTESIAN_POINT('',(-0.000216686142434824,-0.0227525539293518,0.0203461134556538));
#3120=CARTESIAN_POINT('',(0.00099999999999436,-0.023673733041826,0.0199));
#3121=CARTESIAN_POINT('',(0.00016943705185259,-0.0239059024596923,0.0198999999999994));
#3122=CARTESIAN_POINT('',(-1.35266752612839E-17,-0.0238588531719631,0.0207148798698667));
#3123=CARTESIAN_POINT('',(0.00099999999999998,-0.0244142135623731,0.0199));
#3124=CARTESIAN_POINT('',(-9.54097911787244E-18,-0.0244142135623731,0.0199));
#3125=CARTESIAN_POINT('',(-1.99493199737333E-17,-0.0244142135623731,0.0209));
#3126=CARTESIAN_POINT('',(-0.00100000000000002,-0.0215857864376269,0.0209));
#3127=CARTESIAN_POINT('',(-1.75207071073658E-17,-0.0215857864376269,0.0209));
#3128=MECHANICAL_DESIGN_GEOMETRIC_PRESENTATION_REPRESENTATION('',(#1810),
#3129);
#3129=(
GEOMETRIC_REPRESENTATION_CONTEXT(3)
GLOBAL_UNCERTAINTY_ASSIGNED_CONTEXT((#3130))
GLOBAL_UNIT_ASSIGNED_CONTEXT((#3133,#3132,#3131))
REPRESENTATION_CONTEXT('y axis rail carriage','TOP_LEVEL_ASSEMBLY_PART')
);
#3130=UNCERTAINTY_MEASURE_WITH_UNIT(LENGTH_MEASURE(2.E-5),#3133,
'DISTANCE_ACCURACY_VALUE','Maximum Tolerance applied to model');
#3131=(
NAMED_UNIT(*)
SI_UNIT($,.STERADIAN.)
SOLID_ANGLE_UNIT()
);
#3132=(
NAMED_UNIT(*)
PLANE_ANGLE_UNIT()
SI_UNIT($,.RADIAN.)
);
#3133=(
LENGTH_UNIT()
NAMED_UNIT(*)
SI_UNIT($,.METRE.)
);
#3134=PRODUCT_DEFINITION_SHAPE('','',#3135);
#3135=PRODUCT_DEFINITION('','',#3137,#3136);
#3136=PRODUCT_DEFINITION_CONTEXT('',#3143,'design');
#3137=PRODUCT_DEFINITION_FORMATION_WITH_SPECIFIED_SOURCE('','',#3139,
 .NOT_KNOWN.);
#3138=PRODUCT_RELATED_PRODUCT_CATEGORY('','',(#3139));
#3139=PRODUCT('y axis rail carriage','y axis rail carriage',
'y axis rail carriage',(#3141));
#3140=PRODUCT_CATEGORY('','');
#3141=PRODUCT_CONTEXT('',#3143,'mechanical');
#3142=APPLICATION_PROTOCOL_DEFINITION('international standard',
'ap242_managed_model_based_3d_engineering',2020,#3143);
#3143=APPLICATION_CONTEXT('managed model based 3d engineering');
ENDSEC;
END-ISO-10303-21;
