ISO-10303-21;
HEADER;
/* Generated by software containing ST-Developer
 * from STEP Tools, Inc. (www.steptools.com) 
 */
/* OPTION: using custom renumber hook */

FILE_DESCRIPTION(
/* description */ ('STEP AP242 Edition 2',
'CAx-IF Rec.Pracs.---Representation and Presentation of Product Manufa
cturing Information (PMI)---4.0---2014-10-13',
'CAx-IF Rec.Pracs.---3D Tessellated Geometry---0.4---2014-09-14','2;1',
'CAx-IF Rec.Pracs.---User Defined Attributes---1.5---2016-08-15'),
/* implementation_level */ '2;1');

FILE_NAME(
/* name */ 'Part Studio 1 - Part 1',
/* time_stamp */ '2026-08-31T18:17:49Z',
/* author */ (''),
/* organization */ (''),
/* preprocessor_version */ 'ST-DEVELOPER v20',
/* originating_system */ 'ONSHAPE BY PTC INC, 1.220',
/* authorisation */ '  ');

FILE_SCHEMA (('AP242_MANAGED_MODEL_BASED_3D_ENGINEERING_MIM_LF { 1 0 10303 442 3 1 4 }'));
ENDSEC;

DATA;
#10=SHAPE_REPRESENTATION_RELATIONSHIP('','',#2319,#11);
#11=ADVANCED_BREP_SHAPE_REPRESENTATION('',(#2317),#3982);
#12=TOROIDAL_SURFACE('',#2460,0.004,0.002);
#13=TOROIDAL_SURFACE('',#2466,0.004,0.002);
#14=TOROIDAL_SURFACE('',#2476,0.004,0.002);
#15=TOROIDAL_SURFACE('',#2488,0.004,0.002);
#16=TOROIDAL_SURFACE('',#2494,0.004,0.002);
#17=TOROIDAL_SURFACE('',#2504,0.004,0.002);
#18=TOROIDAL_SURFACE('',#2516,0.004,0.002);
#19=TOROIDAL_SURFACE('',#2522,0.004,0.002);
#20=TOROIDAL_SURFACE('',#2564,0.004,0.002);
#21=TOROIDAL_SURFACE('',#2576,0.004,0.002);
#22=SPHERICAL_SURFACE('',#2454,0.002);
#23=SPHERICAL_SURFACE('',#2472,0.002);
#24=SPHERICAL_SURFACE('',#2482,0.002);
#25=SPHERICAL_SURFACE('',#2500,0.002);
#26=SPHERICAL_SURFACE('',#2510,0.002);
#27=SPHERICAL_SURFACE('',#2528,0.002);
#28=SPHERICAL_SURFACE('',#2532,0.002);
#29=SPHERICAL_SURFACE('',#2546,0.002);
#30=SPHERICAL_SURFACE('',#2549,0.002);
#31=SPHERICAL_SURFACE('',#2552,0.002);
#32=SPHERICAL_SURFACE('',#2566,0.002);
#33=SPHERICAL_SURFACE('',#2568,0.002);
#34=SPHERICAL_SURFACE('',#2578,0.002);
#35=ELLIPSE('',#2443,0.00707106781186547,0.005);
#36=ELLIPSE('',#2447,0.00282842712474619,0.002);
#37=ELLIPSE('',#2449,0.00282842712474619,0.002);
#38=ELLIPSE('',#2531,0.00216478440058479,0.002);
#39=ELLIPSE('',#2537,0.00216478440058479,0.002);
#40=ELLIPSE('',#2581,0.00216478440058479,0.002);
#41=ELLIPSE('',#2583,0.00216478440058479,0.002);
#42=CIRCLE('',#2323,0.0025);
#43=CIRCLE('',#2324,0.0025);
#44=CIRCLE('',#2327,0.0025);
#45=CIRCLE('',#2328,0.0025);
#46=CIRCLE('',#2333,0.0025);
#47=CIRCLE('',#2334,0.0025);
#48=CIRCLE('',#2337,0.005);
#49=CIRCLE('',#2338,0.005);
#50=CIRCLE('',#2339,0.005);
#51=CIRCLE('',#2340,0.005);
#52=CIRCLE('',#2342,0.004);
#53=CIRCLE('',#2343,0.003);
#54=CIRCLE('',#2345,0.003);
#55=CIRCLE('',#2346,0.003);
#56=CIRCLE('',#2348,0.002);
#57=CIRCLE('',#2349,0.002);
#58=CIRCLE('',#2350,0.002);
#59=CIRCLE('',#2351,0.002);
#60=CIRCLE('',#2353,0.002);
#61=CIRCLE('',#2354,0.002);
#62=CIRCLE('',#2355,0.002);
#63=CIRCLE('',#2356,0.002);
#64=CIRCLE('',#2358,0.004);
#65=CIRCLE('',#2359,0.004);
#66=CIRCLE('',#2361,0.004);
#67=CIRCLE('',#2362,0.004);
#68=CIRCLE('',#2374,0.002);
#69=CIRCLE('',#2375,0.002);
#70=CIRCLE('',#2377,0.002);
#71=CIRCLE('',#2378,0.002);
#72=CIRCLE('',#2380,0.002);
#73=CIRCLE('',#2381,0.002);
#74=CIRCLE('',#2383,0.0125);
#75=CIRCLE('',#2384,0.0125);
#76=CIRCLE('',#2386,0.002);
#77=CIRCLE('',#2387,0.002);
#78=CIRCLE('',#2389,0.004);
#79=CIRCLE('',#2390,0.004);
#80=CIRCLE('',#2392,0.003);
#81=CIRCLE('',#2393,0.003);
#82=CIRCLE('',#2394,0.003);
#83=CIRCLE('',#2395,0.003);
#84=CIRCLE('',#2398,0.002);
#85=CIRCLE('',#2399,0.002);
#86=CIRCLE('',#2400,0.002);
#87=CIRCLE('',#2401,0.002);
#88=CIRCLE('',#2406,0.003);
#89=CIRCLE('',#2408,0.004);
#90=CIRCLE('',#2409,0.004);
#91=CIRCLE('',#2411,0.006);
#92=CIRCLE('',#2412,0.006);
#93=CIRCLE('',#2414,0.006);
#94=CIRCLE('',#2415,0.006);
#95=CIRCLE('',#2417,0.004);
#96=CIRCLE('',#2431,0.005);
#97=CIRCLE('',#2436,0.005);
#98=CIRCLE('',#2444,0.005);
#99=CIRCLE('',#2451,0.002);
#100=CIRCLE('',#2453,0.002);
#101=CIRCLE('',#2455,0.002);
#102=CIRCLE('',#2457,0.002);
#103=CIRCLE('',#2459,0.002);
#104=CIRCLE('',#2461,0.002);
#105=CIRCLE('',#2463,0.002);
#106=CIRCLE('',#2465,0.002);
#107=CIRCLE('',#2467,0.002);
#108=CIRCLE('',#2469,0.002);
#109=CIRCLE('',#2471,0.002);
#110=CIRCLE('',#2473,0.002);
#111=CIRCLE('',#2475,0.002);
#112=CIRCLE('',#2477,0.002);
#113=CIRCLE('',#2479,0.002);
#114=CIRCLE('',#2481,0.002);
#115=CIRCLE('',#2483,0.002);
#116=CIRCLE('',#2485,0.002);
#117=CIRCLE('',#2487,0.002);
#118=CIRCLE('',#2489,0.002);
#119=CIRCLE('',#2491,0.002);
#120=CIRCLE('',#2493,0.002);
#121=CIRCLE('',#2495,0.002);
#122=CIRCLE('',#2497,0.002);
#123=CIRCLE('',#2499,0.002);
#124=CIRCLE('',#2501,0.002);
#125=CIRCLE('',#2503,0.002);
#126=CIRCLE('',#2505,0.002);
#127=CIRCLE('',#2507,0.002);
#128=CIRCLE('',#2509,0.002);
#129=CIRCLE('',#2511,0.002);
#130=CIRCLE('',#2513,0.002);
#131=CIRCLE('',#2515,0.002);
#132=CIRCLE('',#2517,0.002);
#133=CIRCLE('',#2519,0.002);
#134=CIRCLE('',#2521,0.002);
#135=CIRCLE('',#2523,0.002);
#136=CIRCLE('',#2525,0.002);
#137=CIRCLE('',#2527,0.002);
#138=CIRCLE('',#2529,0.002);
#139=CIRCLE('',#2533,0.002);
#140=CIRCLE('',#2534,0.002);
#141=CIRCLE('',#2535,0.002);
#142=CIRCLE('',#2539,0.002);
#143=CIRCLE('',#2541,0.002);
#144=CIRCLE('',#2543,0.002);
#145=CIRCLE('',#2545,0.002);
#146=CIRCLE('',#2547,0.002);
#147=CIRCLE('',#2548,0.002);
#148=CIRCLE('',#2550,0.002);
#149=CIRCLE('',#2551,0.002);
#150=CIRCLE('',#2553,0.002);
#151=CIRCLE('',#2555,0.002);
#152=CIRCLE('',#2557,0.002);
#153=CIRCLE('',#2559,0.002);
#154=CIRCLE('',#2561,0.002);
#155=CIRCLE('',#2563,0.002);
#156=CIRCLE('',#2565,0.002);
#157=CIRCLE('',#2567,0.002);
#158=CIRCLE('',#2569,0.002);
#159=CIRCLE('',#2571,0.002);
#160=CIRCLE('',#2573,0.002);
#161=CIRCLE('',#2575,0.002);
#162=CIRCLE('',#2577,0.002);
#163=CIRCLE('',#2579,0.002);
#164=CYLINDRICAL_SURFACE('',#2322,0.0025);
#165=CYLINDRICAL_SURFACE('',#2326,0.0025);
#166=CYLINDRICAL_SURFACE('',#2332,0.0025);
#167=CYLINDRICAL_SURFACE('',#2373,0.002);
#168=CYLINDRICAL_SURFACE('',#2376,0.002);
#169=CYLINDRICAL_SURFACE('',#2379,0.002);
#170=CYLINDRICAL_SURFACE('',#2382,0.0125);
#171=CYLINDRICAL_SURFACE('',#2385,0.002);
#172=CYLINDRICAL_SURFACE('',#2402,0.003);
#173=CYLINDRICAL_SURFACE('',#2403,0.003);
#174=CYLINDRICAL_SURFACE('',#2404,0.003);
#175=CYLINDRICAL_SURFACE('',#2405,0.003);
#176=CYLINDRICAL_SURFACE('',#2410,0.006);
#177=CYLINDRICAL_SURFACE('',#2413,0.006);
#178=CYLINDRICAL_SURFACE('',#2430,0.005);
#179=CYLINDRICAL_SURFACE('',#2435,0.005);
#180=CYLINDRICAL_SURFACE('',#2442,0.005);
#181=CYLINDRICAL_SURFACE('',#2450,0.002);
#182=CYLINDRICAL_SURFACE('',#2452,0.002);
#183=CYLINDRICAL_SURFACE('',#2456,0.002);
#184=CYLINDRICAL_SURFACE('',#2458,0.002);
#185=CYLINDRICAL_SURFACE('',#2462,0.002);
#186=CYLINDRICAL_SURFACE('',#2464,0.002);
#187=CYLINDRICAL_SURFACE('',#2468,0.002);
#188=CYLINDRICAL_SURFACE('',#2470,0.002);
#189=CYLINDRICAL_SURFACE('',#2474,0.002);
#190=CYLINDRICAL_SURFACE('',#2478,0.002);
#191=CYLINDRICAL_SURFACE('',#2480,0.002);
#192=CYLINDRICAL_SURFACE('',#2484,0.002);
#193=CYLINDRICAL_SURFACE('',#2486,0.002);
#194=CYLINDRICAL_SURFACE('',#2490,0.002);
#195=CYLINDRICAL_SURFACE('',#2492,0.002);
#196=CYLINDRICAL_SURFACE('',#2496,0.002);
#197=CYLINDRICAL_SURFACE('',#2498,0.002);
#198=CYLINDRICAL_SURFACE('',#2502,0.002);
#199=CYLINDRICAL_SURFACE('',#2506,0.002);
#200=CYLINDRICAL_SURFACE('',#2508,0.002);
#201=CYLINDRICAL_SURFACE('',#2512,0.002);
#202=CYLINDRICAL_SURFACE('',#2514,0.002);
#203=CYLINDRICAL_SURFACE('',#2518,0.002);
#204=CYLINDRICAL_SURFACE('',#2520,0.002);
#205=CYLINDRICAL_SURFACE('',#2524,0.002);
#206=CYLINDRICAL_SURFACE('',#2526,0.002);
#207=CYLINDRICAL_SURFACE('',#2530,0.002);
#208=CYLINDRICAL_SURFACE('',#2536,0.002);
#209=CYLINDRICAL_SURFACE('',#2538,0.002);
#210=CYLINDRICAL_SURFACE('',#2540,0.002);
#211=CYLINDRICAL_SURFACE('',#2542,0.002);
#212=CYLINDRICAL_SURFACE('',#2544,0.002);
#213=CYLINDRICAL_SURFACE('',#2554,0.002);
#214=CYLINDRICAL_SURFACE('',#2556,0.002);
#215=CYLINDRICAL_SURFACE('',#2558,0.002);
#216=CYLINDRICAL_SURFACE('',#2560,0.002);
#217=CYLINDRICAL_SURFACE('',#2562,0.002);
#218=CYLINDRICAL_SURFACE('',#2570,0.002);
#219=CYLINDRICAL_SURFACE('',#2572,0.002);
#220=CYLINDRICAL_SURFACE('',#2574,0.002);
#221=CYLINDRICAL_SURFACE('',#2580,0.002);
#222=CYLINDRICAL_SURFACE('',#2582,0.002);
#223=CYLINDRICAL_SURFACE('',#2584,0.002);
#224=ORIENTED_EDGE('',*,*,#884,.T.);
#225=ORIENTED_EDGE('',*,*,#885,.F.);
#226=ORIENTED_EDGE('',*,*,#886,.F.);
#227=ORIENTED_EDGE('',*,*,#887,.T.);
#228=ORIENTED_EDGE('',*,*,#886,.T.);
#229=ORIENTED_EDGE('',*,*,#888,.F.);
#230=ORIENTED_EDGE('',*,*,#889,.F.);
#231=ORIENTED_EDGE('',*,*,#890,.T.);
#232=ORIENTED_EDGE('',*,*,#891,.T.);
#233=ORIENTED_EDGE('',*,*,#892,.F.);
#234=ORIENTED_EDGE('',*,*,#893,.F.);
#235=ORIENTED_EDGE('',*,*,#894,.T.);
#236=ORIENTED_EDGE('',*,*,#893,.T.);
#237=ORIENTED_EDGE('',*,*,#895,.F.);
#238=ORIENTED_EDGE('',*,*,#896,.F.);
#239=ORIENTED_EDGE('',*,*,#897,.T.);
#240=ORIENTED_EDGE('',*,*,#898,.T.);
#241=ORIENTED_EDGE('',*,*,#899,.F.);
#242=ORIENTED_EDGE('',*,*,#900,.F.);
#243=ORIENTED_EDGE('',*,*,#901,.T.);
#244=ORIENTED_EDGE('',*,*,#902,.T.);
#245=ORIENTED_EDGE('',*,*,#903,.F.);
#246=ORIENTED_EDGE('',*,*,#904,.F.);
#247=ORIENTED_EDGE('',*,*,#900,.T.);
#248=ORIENTED_EDGE('',*,*,#896,.T.);
#249=ORIENTED_EDGE('',*,*,#905,.F.);
#250=ORIENTED_EDGE('',*,*,#891,.F.);
#251=ORIENTED_EDGE('',*,*,#906,.T.);
#252=ORIENTED_EDGE('',*,*,#903,.T.);
#253=ORIENTED_EDGE('',*,*,#907,.F.);
#254=ORIENTED_EDGE('',*,*,#898,.F.);
#255=ORIENTED_EDGE('',*,*,#908,.T.);
#256=ORIENTED_EDGE('',*,*,#889,.T.);
#257=ORIENTED_EDGE('',*,*,#909,.F.);
#258=ORIENTED_EDGE('',*,*,#884,.F.);
#259=ORIENTED_EDGE('',*,*,#910,.T.);
#260=ORIENTED_EDGE('',*,*,#911,.T.);
#261=ORIENTED_EDGE('',*,*,#912,.F.);
#262=ORIENTED_EDGE('',*,*,#913,.F.);
#263=ORIENTED_EDGE('',*,*,#914,.T.);
#264=ORIENTED_EDGE('',*,*,#915,.F.);
#265=ORIENTED_EDGE('',*,*,#916,.F.);
#266=ORIENTED_EDGE('',*,*,#917,.T.);
#267=ORIENTED_EDGE('',*,*,#918,.T.);
#268=ORIENTED_EDGE('',*,*,#919,.T.);
#269=ORIENTED_EDGE('',*,*,#920,.T.);
#270=ORIENTED_EDGE('',*,*,#921,.T.);
#271=ORIENTED_EDGE('',*,*,#922,.T.);
#272=ORIENTED_EDGE('',*,*,#923,.F.);
#273=ORIENTED_EDGE('',*,*,#924,.F.);
#274=ORIENTED_EDGE('',*,*,#925,.T.);
#275=ORIENTED_EDGE('',*,*,#926,.F.);
#276=ORIENTED_EDGE('',*,*,#927,.T.);
#277=ORIENTED_EDGE('',*,*,#928,.F.);
#278=ORIENTED_EDGE('',*,*,#929,.T.);
#279=ORIENTED_EDGE('',*,*,#930,.T.);
#280=ORIENTED_EDGE('',*,*,#931,.T.);
#281=ORIENTED_EDGE('',*,*,#932,.T.);
#282=ORIENTED_EDGE('',*,*,#933,.T.);
#283=ORIENTED_EDGE('',*,*,#934,.F.);
#284=ORIENTED_EDGE('',*,*,#935,.F.);
#285=ORIENTED_EDGE('',*,*,#936,.T.);
#286=ORIENTED_EDGE('',*,*,#937,.T.);
#287=ORIENTED_EDGE('',*,*,#938,.T.);
#288=ORIENTED_EDGE('',*,*,#939,.F.);
#289=ORIENTED_EDGE('',*,*,#940,.F.);
#290=ORIENTED_EDGE('',*,*,#941,.F.);
#291=ORIENTED_EDGE('',*,*,#942,.F.);
#292=ORIENTED_EDGE('',*,*,#943,.T.);
#293=ORIENTED_EDGE('',*,*,#944,.T.);
#294=ORIENTED_EDGE('',*,*,#945,.T.);
#295=ORIENTED_EDGE('',*,*,#946,.T.);
#296=ORIENTED_EDGE('',*,*,#947,.T.);
#297=ORIENTED_EDGE('',*,*,#928,.T.);
#298=ORIENTED_EDGE('',*,*,#948,.T.);
#299=ORIENTED_EDGE('',*,*,#949,.F.);
#300=ORIENTED_EDGE('',*,*,#950,.F.);
#301=ORIENTED_EDGE('',*,*,#939,.T.);
#302=ORIENTED_EDGE('',*,*,#951,.T.);
#303=ORIENTED_EDGE('',*,*,#952,.F.);
#304=ORIENTED_EDGE('',*,*,#953,.T.);
#305=ORIENTED_EDGE('',*,*,#954,.T.);
#306=ORIENTED_EDGE('',*,*,#955,.T.);
#307=ORIENTED_EDGE('',*,*,#956,.T.);
#308=ORIENTED_EDGE('',*,*,#957,.T.);
#309=ORIENTED_EDGE('',*,*,#958,.T.);
#310=ORIENTED_EDGE('',*,*,#959,.T.);
#311=ORIENTED_EDGE('',*,*,#960,.F.);
#312=ORIENTED_EDGE('',*,*,#961,.F.);
#313=ORIENTED_EDGE('',*,*,#934,.T.);
#314=ORIENTED_EDGE('',*,*,#962,.T.);
#315=ORIENTED_EDGE('',*,*,#963,.F.);
#316=ORIENTED_EDGE('',*,*,#964,.T.);
#317=ORIENTED_EDGE('',*,*,#965,.T.);
#318=ORIENTED_EDGE('',*,*,#966,.T.);
#319=ORIENTED_EDGE('',*,*,#967,.T.);
#320=ORIENTED_EDGE('',*,*,#968,.T.);
#321=ORIENTED_EDGE('',*,*,#969,.T.);
#322=ORIENTED_EDGE('',*,*,#970,.T.);
#323=ORIENTED_EDGE('',*,*,#971,.T.);
#324=ORIENTED_EDGE('',*,*,#972,.T.);
#325=ORIENTED_EDGE('',*,*,#973,.T.);
#326=ORIENTED_EDGE('',*,*,#974,.T.);
#327=ORIENTED_EDGE('',*,*,#975,.T.);
#328=ORIENTED_EDGE('',*,*,#976,.T.);
#329=ORIENTED_EDGE('',*,*,#977,.F.);
#330=ORIENTED_EDGE('',*,*,#978,.T.);
#331=ORIENTED_EDGE('',*,*,#979,.F.);
#332=ORIENTED_EDGE('',*,*,#980,.T.);
#333=ORIENTED_EDGE('',*,*,#981,.T.);
#334=ORIENTED_EDGE('',*,*,#982,.T.);
#335=ORIENTED_EDGE('',*,*,#983,.T.);
#336=ORIENTED_EDGE('',*,*,#984,.F.);
#337=ORIENTED_EDGE('',*,*,#985,.T.);
#338=ORIENTED_EDGE('',*,*,#986,.T.);
#339=ORIENTED_EDGE('',*,*,#987,.F.);
#340=ORIENTED_EDGE('',*,*,#988,.T.);
#341=ORIENTED_EDGE('',*,*,#989,.F.);
#342=ORIENTED_EDGE('',*,*,#990,.T.);
#343=ORIENTED_EDGE('',*,*,#991,.F.);
#344=ORIENTED_EDGE('',*,*,#992,.F.);
#345=ORIENTED_EDGE('',*,*,#993,.T.);
#346=ORIENTED_EDGE('',*,*,#994,.F.);
#347=ORIENTED_EDGE('',*,*,#993,.F.);
#348=ORIENTED_EDGE('',*,*,#995,.T.);
#349=ORIENTED_EDGE('',*,*,#996,.T.);
#350=ORIENTED_EDGE('',*,*,#997,.T.);
#351=ORIENTED_EDGE('',*,*,#998,.F.);
#352=ORIENTED_EDGE('',*,*,#999,.F.);
#353=ORIENTED_EDGE('',*,*,#1000,.T.);
#354=ORIENTED_EDGE('',*,*,#1001,.F.);
#355=ORIENTED_EDGE('',*,*,#1000,.F.);
#356=ORIENTED_EDGE('',*,*,#1002,.T.);
#357=ORIENTED_EDGE('',*,*,#1003,.T.);
#358=ORIENTED_EDGE('',*,*,#1004,.T.);
#359=ORIENTED_EDGE('',*,*,#1005,.F.);
#360=ORIENTED_EDGE('',*,*,#1006,.F.);
#361=ORIENTED_EDGE('',*,*,#1007,.T.);
#362=ORIENTED_EDGE('',*,*,#1008,.F.);
#363=ORIENTED_EDGE('',*,*,#1007,.F.);
#364=ORIENTED_EDGE('',*,*,#1009,.T.);
#365=ORIENTED_EDGE('',*,*,#1010,.T.);
#366=ORIENTED_EDGE('',*,*,#1011,.T.);
#367=ORIENTED_EDGE('',*,*,#1012,.F.);
#368=ORIENTED_EDGE('',*,*,#1013,.F.);
#369=ORIENTED_EDGE('',*,*,#1014,.T.);
#370=ORIENTED_EDGE('',*,*,#1015,.F.);
#371=ORIENTED_EDGE('',*,*,#1014,.F.);
#372=ORIENTED_EDGE('',*,*,#1016,.T.);
#373=ORIENTED_EDGE('',*,*,#1017,.T.);
#374=ORIENTED_EDGE('',*,*,#1018,.T.);
#375=ORIENTED_EDGE('',*,*,#1019,.F.);
#376=ORIENTED_EDGE('',*,*,#1020,.F.);
#377=ORIENTED_EDGE('',*,*,#1021,.T.);
#378=ORIENTED_EDGE('',*,*,#1022,.F.);
#379=ORIENTED_EDGE('',*,*,#1021,.F.);
#380=ORIENTED_EDGE('',*,*,#1023,.T.);
#381=ORIENTED_EDGE('',*,*,#1024,.T.);
#382=ORIENTED_EDGE('',*,*,#1025,.T.);
#383=ORIENTED_EDGE('',*,*,#996,.F.);
#384=ORIENTED_EDGE('',*,*,#1026,.F.);
#385=ORIENTED_EDGE('',*,*,#991,.T.);
#386=ORIENTED_EDGE('',*,*,#1027,.F.);
#387=ORIENTED_EDGE('',*,*,#1003,.F.);
#388=ORIENTED_EDGE('',*,*,#1028,.T.);
#389=ORIENTED_EDGE('',*,*,#998,.T.);
#390=ORIENTED_EDGE('',*,*,#1029,.T.);
#391=ORIENTED_EDGE('',*,*,#1010,.F.);
#392=ORIENTED_EDGE('',*,*,#1030,.F.);
#393=ORIENTED_EDGE('',*,*,#1005,.T.);
#394=ORIENTED_EDGE('',*,*,#1031,.T.);
#395=ORIENTED_EDGE('',*,*,#1017,.F.);
#396=ORIENTED_EDGE('',*,*,#1032,.F.);
#397=ORIENTED_EDGE('',*,*,#1012,.T.);
#398=ORIENTED_EDGE('',*,*,#1033,.F.);
#399=ORIENTED_EDGE('',*,*,#1024,.F.);
#400=ORIENTED_EDGE('',*,*,#1034,.T.);
#401=ORIENTED_EDGE('',*,*,#1019,.T.);
#402=ORIENTED_EDGE('',*,*,#1035,.T.);
#403=ORIENTED_EDGE('',*,*,#1036,.T.);
#404=ORIENTED_EDGE('',*,*,#1037,.T.);
#405=ORIENTED_EDGE('',*,*,#1038,.T.);
#406=ORIENTED_EDGE('',*,*,#1039,.T.);
#407=ORIENTED_EDGE('',*,*,#1040,.T.);
#408=ORIENTED_EDGE('',*,*,#1041,.T.);
#409=ORIENTED_EDGE('',*,*,#1042,.T.);
#410=ORIENTED_EDGE('',*,*,#1043,.T.);
#411=ORIENTED_EDGE('',*,*,#1020,.T.);
#412=ORIENTED_EDGE('',*,*,#1034,.F.);
#413=ORIENTED_EDGE('',*,*,#1023,.F.);
#414=ORIENTED_EDGE('',*,*,#1013,.T.);
#415=ORIENTED_EDGE('',*,*,#1032,.T.);
#416=ORIENTED_EDGE('',*,*,#1016,.F.);
#417=ORIENTED_EDGE('',*,*,#1006,.T.);
#418=ORIENTED_EDGE('',*,*,#1030,.T.);
#419=ORIENTED_EDGE('',*,*,#1009,.F.);
#420=ORIENTED_EDGE('',*,*,#999,.T.);
#421=ORIENTED_EDGE('',*,*,#1028,.F.);
#422=ORIENTED_EDGE('',*,*,#1002,.F.);
#423=ORIENTED_EDGE('',*,*,#992,.T.);
#424=ORIENTED_EDGE('',*,*,#1026,.T.);
#425=ORIENTED_EDGE('',*,*,#995,.F.);
#426=ORIENTED_EDGE('',*,*,#1018,.F.);
#427=ORIENTED_EDGE('',*,*,#1022,.T.);
#428=ORIENTED_EDGE('',*,*,#1033,.T.);
#429=ORIENTED_EDGE('',*,*,#1011,.F.);
#430=ORIENTED_EDGE('',*,*,#1015,.T.);
#431=ORIENTED_EDGE('',*,*,#1031,.F.);
#432=ORIENTED_EDGE('',*,*,#1004,.F.);
#433=ORIENTED_EDGE('',*,*,#1008,.T.);
#434=ORIENTED_EDGE('',*,*,#1029,.F.);
#435=ORIENTED_EDGE('',*,*,#997,.F.);
#436=ORIENTED_EDGE('',*,*,#1001,.T.);
#437=ORIENTED_EDGE('',*,*,#1027,.T.);
#438=ORIENTED_EDGE('',*,*,#990,.F.);
#439=ORIENTED_EDGE('',*,*,#994,.T.);
#440=ORIENTED_EDGE('',*,*,#1025,.F.);
#441=ORIENTED_EDGE('',*,*,#1044,.T.);
#442=ORIENTED_EDGE('',*,*,#1045,.T.);
#443=ORIENTED_EDGE('',*,*,#949,.T.);
#444=ORIENTED_EDGE('',*,*,#1046,.T.);
#445=ORIENTED_EDGE('',*,*,#960,.T.);
#446=ORIENTED_EDGE('',*,*,#1047,.T.);
#447=ORIENTED_EDGE('',*,*,#1048,.F.);
#448=ORIENTED_EDGE('',*,*,#1049,.T.);
#449=ORIENTED_EDGE('',*,*,#1044,.F.);
#450=ORIENTED_EDGE('',*,*,#1050,.F.);
#451=ORIENTED_EDGE('',*,*,#941,.T.);
#452=ORIENTED_EDGE('',*,*,#1051,.T.);
#453=ORIENTED_EDGE('',*,*,#1052,.T.);
#454=ORIENTED_EDGE('',*,*,#1053,.T.);
#455=ORIENTED_EDGE('',*,*,#943,.F.);
#456=ORIENTED_EDGE('',*,*,#1054,.T.);
#457=ORIENTED_EDGE('',*,*,#1048,.T.);
#458=ORIENTED_EDGE('',*,*,#1055,.F.);
#459=ORIENTED_EDGE('',*,*,#1056,.F.);
#460=ORIENTED_EDGE('',*,*,#1057,.T.);
#461=ORIENTED_EDGE('',*,*,#1058,.F.);
#462=ORIENTED_EDGE('',*,*,#1059,.T.);
#463=ORIENTED_EDGE('',*,*,#1060,.F.);
#464=ORIENTED_EDGE('',*,*,#1061,.T.);
#465=ORIENTED_EDGE('',*,*,#1049,.F.);
#466=ORIENTED_EDGE('',*,*,#1054,.F.);
#467=ORIENTED_EDGE('',*,*,#942,.T.);
#468=ORIENTED_EDGE('',*,*,#1050,.T.);
#469=ORIENTED_EDGE('',*,*,#1045,.F.);
#470=ORIENTED_EDGE('',*,*,#1051,.F.);
#471=ORIENTED_EDGE('',*,*,#940,.T.);
#472=ORIENTED_EDGE('',*,*,#950,.T.);
#473=ORIENTED_EDGE('',*,*,#1046,.F.);
#474=ORIENTED_EDGE('',*,*,#948,.F.);
#475=ORIENTED_EDGE('',*,*,#935,.T.);
#476=ORIENTED_EDGE('',*,*,#961,.T.);
#477=ORIENTED_EDGE('',*,*,#1047,.F.);
#478=ORIENTED_EDGE('',*,*,#959,.F.);
#479=ORIENTED_EDGE('',*,*,#1062,.T.);
#480=ORIENTED_EDGE('',*,*,#1055,.T.);
#481=ORIENTED_EDGE('',*,*,#1063,.T.);
#482=ORIENTED_EDGE('',*,*,#1064,.T.);
#483=ORIENTED_EDGE('',*,*,#1065,.T.);
#484=ORIENTED_EDGE('',*,*,#1066,.T.);
#485=ORIENTED_EDGE('',*,*,#1067,.F.);
#486=ORIENTED_EDGE('',*,*,#1068,.T.);
#487=ORIENTED_EDGE('',*,*,#1069,.T.);
#488=ORIENTED_EDGE('',*,*,#1070,.F.);
#489=ORIENTED_EDGE('',*,*,#1071,.T.);
#490=ORIENTED_EDGE('',*,*,#1072,.F.);
#491=ORIENTED_EDGE('',*,*,#969,.F.);
#492=ORIENTED_EDGE('',*,*,#1073,.T.);
#493=ORIENTED_EDGE('',*,*,#984,.T.);
#494=ORIENTED_EDGE('',*,*,#1074,.T.);
#495=ORIENTED_EDGE('',*,*,#982,.F.);
#496=ORIENTED_EDGE('',*,*,#1075,.T.);
#497=ORIENTED_EDGE('',*,*,#1067,.T.);
#498=ORIENTED_EDGE('',*,*,#1076,.T.);
#499=ORIENTED_EDGE('',*,*,#1077,.T.);
#500=ORIENTED_EDGE('',*,*,#1078,.T.);
#501=ORIENTED_EDGE('',*,*,#1056,.T.);
#502=ORIENTED_EDGE('',*,*,#1062,.F.);
#503=ORIENTED_EDGE('',*,*,#958,.F.);
#504=ORIENTED_EDGE('',*,*,#1079,.T.);
#505=ORIENTED_EDGE('',*,*,#1080,.T.);
#506=ORIENTED_EDGE('',*,*,#1081,.T.);
#507=ORIENTED_EDGE('',*,*,#1082,.T.);
#508=ORIENTED_EDGE('',*,*,#1083,.T.);
#509=ORIENTED_EDGE('',*,*,#956,.F.);
#510=ORIENTED_EDGE('',*,*,#1084,.T.);
#511=ORIENTED_EDGE('',*,*,#1085,.T.);
#512=ORIENTED_EDGE('',*,*,#1086,.T.);
#513=ORIENTED_EDGE('',*,*,#963,.T.);
#514=ORIENTED_EDGE('',*,*,#1087,.T.);
#515=ORIENTED_EDGE('',*,*,#1088,.T.);
#516=ORIENTED_EDGE('',*,*,#1089,.T.);
#517=ORIENTED_EDGE('',*,*,#965,.F.);
#518=ORIENTED_EDGE('',*,*,#1090,.T.);
#519=ORIENTED_EDGE('',*,*,#1091,.T.);
#520=ORIENTED_EDGE('',*,*,#1092,.T.);
#521=ORIENTED_EDGE('',*,*,#1052,.F.);
#522=ORIENTED_EDGE('',*,*,#1093,.T.);
#523=ORIENTED_EDGE('',*,*,#1094,.T.);
#524=ORIENTED_EDGE('',*,*,#1095,.T.);
#525=ORIENTED_EDGE('',*,*,#1058,.T.);
#526=ORIENTED_EDGE('',*,*,#1096,.T.);
#527=ORIENTED_EDGE('',*,*,#1097,.T.);
#528=ORIENTED_EDGE('',*,*,#1098,.T.);
#529=ORIENTED_EDGE('',*,*,#1060,.T.);
#530=ORIENTED_EDGE('',*,*,#1099,.T.);
#531=ORIENTED_EDGE('',*,*,#1100,.T.);
#532=ORIENTED_EDGE('',*,*,#1101,.T.);
#533=ORIENTED_EDGE('',*,*,#952,.T.);
#534=ORIENTED_EDGE('',*,*,#1102,.T.);
#535=ORIENTED_EDGE('',*,*,#946,.F.);
#536=ORIENTED_EDGE('',*,*,#1103,.T.);
#537=ORIENTED_EDGE('',*,*,#1104,.T.);
#538=ORIENTED_EDGE('',*,*,#1105,.T.);
#539=ORIENTED_EDGE('',*,*,#954,.F.);
#540=ORIENTED_EDGE('',*,*,#1106,.T.);
#541=ORIENTED_EDGE('',*,*,#1107,.T.);
#542=ORIENTED_EDGE('',*,*,#1108,.T.);
#543=ORIENTED_EDGE('',*,*,#1109,.T.);
#544=ORIENTED_EDGE('',*,*,#1110,.T.);
#545=ORIENTED_EDGE('',*,*,#1111,.T.);
#546=ORIENTED_EDGE('',*,*,#1112,.T.);
#547=ORIENTED_EDGE('',*,*,#1113,.T.);
#548=ORIENTED_EDGE('',*,*,#1114,.T.);
#549=ORIENTED_EDGE('',*,*,#1115,.T.);
#550=ORIENTED_EDGE('',*,*,#1116,.T.);
#551=ORIENTED_EDGE('',*,*,#1117,.T.);
#552=ORIENTED_EDGE('',*,*,#1118,.T.);
#553=ORIENTED_EDGE('',*,*,#1119,.T.);
#554=ORIENTED_EDGE('',*,*,#1120,.T.);
#555=ORIENTED_EDGE('',*,*,#901,.F.);
#556=ORIENTED_EDGE('',*,*,#904,.T.);
#557=ORIENTED_EDGE('',*,*,#908,.F.);
#558=ORIENTED_EDGE('',*,*,#894,.F.);
#559=ORIENTED_EDGE('',*,*,#897,.F.);
#560=ORIENTED_EDGE('',*,*,#906,.F.);
#561=ORIENTED_EDGE('',*,*,#887,.F.);
#562=ORIENTED_EDGE('',*,*,#890,.F.);
#563=ORIENTED_EDGE('',*,*,#910,.F.);
#564=ORIENTED_EDGE('',*,*,#912,.T.);
#565=ORIENTED_EDGE('',*,*,#1121,.F.);
#566=ORIENTED_EDGE('',*,*,#1122,.F.);
#567=ORIENTED_EDGE('',*,*,#1123,.T.);
#568=ORIENTED_EDGE('',*,*,#911,.F.);
#569=ORIENTED_EDGE('',*,*,#1124,.F.);
#570=ORIENTED_EDGE('',*,*,#1125,.T.);
#571=ORIENTED_EDGE('',*,*,#1121,.T.);
#572=ORIENTED_EDGE('',*,*,#913,.T.);
#573=ORIENTED_EDGE('',*,*,#1123,.F.);
#574=ORIENTED_EDGE('',*,*,#1126,.F.);
#575=ORIENTED_EDGE('',*,*,#1124,.T.);
#576=ORIENTED_EDGE('',*,*,#895,.T.);
#577=ORIENTED_EDGE('',*,*,#892,.T.);
#578=ORIENTED_EDGE('',*,*,#905,.T.);
#579=ORIENTED_EDGE('',*,*,#1122,.T.);
#580=ORIENTED_EDGE('',*,*,#1125,.F.);
#581=ORIENTED_EDGE('',*,*,#1126,.T.);
#582=ORIENTED_EDGE('',*,*,#915,.T.);
#583=ORIENTED_EDGE('',*,*,#1127,.F.);
#584=ORIENTED_EDGE('',*,*,#1128,.F.);
#585=ORIENTED_EDGE('',*,*,#1129,.T.);
#586=ORIENTED_EDGE('',*,*,#914,.F.);
#587=ORIENTED_EDGE('',*,*,#1130,.F.);
#588=ORIENTED_EDGE('',*,*,#1131,.T.);
#589=ORIENTED_EDGE('',*,*,#1127,.T.);
#590=ORIENTED_EDGE('',*,*,#916,.T.);
#591=ORIENTED_EDGE('',*,*,#1129,.F.);
#592=ORIENTED_EDGE('',*,*,#1132,.F.);
#593=ORIENTED_EDGE('',*,*,#1130,.T.);
#594=ORIENTED_EDGE('',*,*,#902,.F.);
#595=ORIENTED_EDGE('',*,*,#899,.T.);
#596=ORIENTED_EDGE('',*,*,#907,.T.);
#597=ORIENTED_EDGE('',*,*,#1128,.T.);
#598=ORIENTED_EDGE('',*,*,#1131,.F.);
#599=ORIENTED_EDGE('',*,*,#1132,.T.);
#600=ORIENTED_EDGE('',*,*,#925,.F.);
#601=ORIENTED_EDGE('',*,*,#1133,.F.);
#602=ORIENTED_EDGE('',*,*,#1134,.T.);
#603=ORIENTED_EDGE('',*,*,#1135,.T.);
#604=ORIENTED_EDGE('',*,*,#924,.T.);
#605=ORIENTED_EDGE('',*,*,#1136,.F.);
#606=ORIENTED_EDGE('',*,*,#1137,.F.);
#607=ORIENTED_EDGE('',*,*,#1133,.T.);
#608=ORIENTED_EDGE('',*,*,#923,.T.);
#609=ORIENTED_EDGE('',*,*,#1138,.T.);
#610=ORIENTED_EDGE('',*,*,#926,.T.);
#611=ORIENTED_EDGE('',*,*,#1135,.F.);
#612=ORIENTED_EDGE('',*,*,#1139,.F.);
#613=ORIENTED_EDGE('',*,*,#1136,.T.);
#614=ORIENTED_EDGE('',*,*,#1134,.F.);
#615=ORIENTED_EDGE('',*,*,#1137,.T.);
#616=ORIENTED_EDGE('',*,*,#1139,.T.);
#617=ORIENTED_EDGE('',*,*,#888,.T.);
#618=ORIENTED_EDGE('',*,*,#885,.T.);
#619=ORIENTED_EDGE('',*,*,#909,.T.);
#620=ORIENTED_EDGE('',*,*,#936,.F.);
#621=ORIENTED_EDGE('',*,*,#1140,.T.);
#622=ORIENTED_EDGE('',*,*,#917,.F.);
#623=ORIENTED_EDGE('',*,*,#1141,.F.);
#624=ORIENTED_EDGE('',*,*,#1142,.T.);
#625=ORIENTED_EDGE('',*,*,#922,.F.);
#626=ORIENTED_EDGE('',*,*,#1143,.T.);
#627=ORIENTED_EDGE('',*,*,#1065,.F.);
#628=ORIENTED_EDGE('',*,*,#1144,.T.);
#629=ORIENTED_EDGE('',*,*,#1141,.T.);
#630=ORIENTED_EDGE('',*,*,#927,.F.);
#631=ORIENTED_EDGE('',*,*,#1138,.F.);
#632=ORIENTED_EDGE('',*,*,#1144,.F.);
#633=ORIENTED_EDGE('',*,*,#1064,.F.);
#634=ORIENTED_EDGE('',*,*,#1145,.F.);
#635=ORIENTED_EDGE('',*,*,#937,.F.);
#636=ORIENTED_EDGE('',*,*,#1142,.F.);
#637=ORIENTED_EDGE('',*,*,#951,.F.);
#638=ORIENTED_EDGE('',*,*,#938,.F.);
#639=ORIENTED_EDGE('',*,*,#1146,.F.);
#640=ORIENTED_EDGE('',*,*,#1102,.F.);
#641=ORIENTED_EDGE('',*,*,#1146,.T.);
#642=ORIENTED_EDGE('',*,*,#1145,.T.);
#643=ORIENTED_EDGE('',*,*,#1147,.F.);
#644=ORIENTED_EDGE('',*,*,#1147,.T.);
#645=ORIENTED_EDGE('',*,*,#1063,.F.);
#646=ORIENTED_EDGE('',*,*,#1148,.F.);
#647=ORIENTED_EDGE('',*,*,#1100,.F.);
#648=ORIENTED_EDGE('',*,*,#953,.F.);
#649=ORIENTED_EDGE('',*,*,#1101,.F.);
#650=ORIENTED_EDGE('',*,*,#1149,.F.);
#651=ORIENTED_EDGE('',*,*,#1106,.F.);
#652=ORIENTED_EDGE('',*,*,#1148,.T.);
#653=ORIENTED_EDGE('',*,*,#1072,.T.);
#654=ORIENTED_EDGE('',*,*,#1150,.F.);
#655=ORIENTED_EDGE('',*,*,#1149,.T.);
#656=ORIENTED_EDGE('',*,*,#1150,.T.);
#657=ORIENTED_EDGE('',*,*,#1071,.F.);
#658=ORIENTED_EDGE('',*,*,#1151,.F.);
#659=ORIENTED_EDGE('',*,*,#1107,.F.);
#660=ORIENTED_EDGE('',*,*,#955,.F.);
#661=ORIENTED_EDGE('',*,*,#1108,.F.);
#662=ORIENTED_EDGE('',*,*,#1152,.F.);
#663=ORIENTED_EDGE('',*,*,#1103,.F.);
#664=ORIENTED_EDGE('',*,*,#1151,.T.);
#665=ORIENTED_EDGE('',*,*,#1070,.T.);
#666=ORIENTED_EDGE('',*,*,#1153,.F.);
#667=ORIENTED_EDGE('',*,*,#1152,.T.);
#668=ORIENTED_EDGE('',*,*,#1153,.T.);
#669=ORIENTED_EDGE('',*,*,#1069,.F.);
#670=ORIENTED_EDGE('',*,*,#1154,.F.);
#671=ORIENTED_EDGE('',*,*,#1104,.F.);
#672=ORIENTED_EDGE('',*,*,#947,.F.);
#673=ORIENTED_EDGE('',*,*,#1105,.F.);
#674=ORIENTED_EDGE('',*,*,#1155,.F.);
#675=ORIENTED_EDGE('',*,*,#929,.F.);
#676=ORIENTED_EDGE('',*,*,#1155,.T.);
#677=ORIENTED_EDGE('',*,*,#1154,.T.);
#678=ORIENTED_EDGE('',*,*,#1156,.F.);
#679=ORIENTED_EDGE('',*,*,#1156,.T.);
#680=ORIENTED_EDGE('',*,*,#1068,.F.);
#681=ORIENTED_EDGE('',*,*,#1157,.F.);
#682=ORIENTED_EDGE('',*,*,#930,.F.);
#683=ORIENTED_EDGE('',*,*,#1157,.T.);
#684=ORIENTED_EDGE('',*,*,#1075,.F.);
#685=ORIENTED_EDGE('',*,*,#1158,.F.);
#686=ORIENTED_EDGE('',*,*,#931,.F.);
#687=ORIENTED_EDGE('',*,*,#1158,.T.);
#688=ORIENTED_EDGE('',*,*,#981,.F.);
#689=ORIENTED_EDGE('',*,*,#1159,.F.);
#690=ORIENTED_EDGE('',*,*,#932,.F.);
#691=ORIENTED_EDGE('',*,*,#962,.F.);
#692=ORIENTED_EDGE('',*,*,#933,.F.);
#693=ORIENTED_EDGE('',*,*,#1160,.F.);
#694=ORIENTED_EDGE('',*,*,#1087,.F.);
#695=ORIENTED_EDGE('',*,*,#1160,.T.);
#696=ORIENTED_EDGE('',*,*,#1159,.T.);
#697=ORIENTED_EDGE('',*,*,#1161,.F.);
#698=ORIENTED_EDGE('',*,*,#1161,.T.);
#699=ORIENTED_EDGE('',*,*,#980,.F.);
#700=ORIENTED_EDGE('',*,*,#1162,.F.);
#701=ORIENTED_EDGE('',*,*,#1085,.F.);
#702=ORIENTED_EDGE('',*,*,#964,.F.);
#703=ORIENTED_EDGE('',*,*,#1086,.F.);
#704=ORIENTED_EDGE('',*,*,#1163,.F.);
#705=ORIENTED_EDGE('',*,*,#1090,.F.);
#706=ORIENTED_EDGE('',*,*,#1162,.T.);
#707=ORIENTED_EDGE('',*,*,#989,.T.);
#708=ORIENTED_EDGE('',*,*,#1164,.F.);
#709=ORIENTED_EDGE('',*,*,#1163,.T.);
#710=ORIENTED_EDGE('',*,*,#1164,.T.);
#711=ORIENTED_EDGE('',*,*,#988,.F.);
#712=ORIENTED_EDGE('',*,*,#1165,.F.);
#713=ORIENTED_EDGE('',*,*,#1088,.F.);
#714=ORIENTED_EDGE('',*,*,#966,.F.);
#715=ORIENTED_EDGE('',*,*,#1089,.F.);
#716=ORIENTED_EDGE('',*,*,#1166,.F.);
#717=ORIENTED_EDGE('',*,*,#1084,.F.);
#718=ORIENTED_EDGE('',*,*,#1165,.T.);
#719=ORIENTED_EDGE('',*,*,#987,.T.);
#720=ORIENTED_EDGE('',*,*,#1167,.F.);
#721=ORIENTED_EDGE('',*,*,#1166,.T.);
#722=ORIENTED_EDGE('',*,*,#1167,.T.);
#723=ORIENTED_EDGE('',*,*,#986,.F.);
#724=ORIENTED_EDGE('',*,*,#1168,.F.);
#725=ORIENTED_EDGE('',*,*,#1082,.F.);
#726=ORIENTED_EDGE('',*,*,#957,.F.);
#727=ORIENTED_EDGE('',*,*,#1083,.F.);
#728=ORIENTED_EDGE('',*,*,#1169,.F.);
#729=ORIENTED_EDGE('',*,*,#1079,.F.);
#730=ORIENTED_EDGE('',*,*,#1169,.T.);
#731=ORIENTED_EDGE('',*,*,#1168,.T.);
#732=ORIENTED_EDGE('',*,*,#1170,.F.);
#733=ORIENTED_EDGE('',*,*,#1170,.T.);
#734=ORIENTED_EDGE('',*,*,#985,.F.);
#735=ORIENTED_EDGE('',*,*,#1171,.F.);
#736=ORIENTED_EDGE('',*,*,#1080,.F.);
#737=ORIENTED_EDGE('',*,*,#1171,.T.);
#738=ORIENTED_EDGE('',*,*,#1073,.F.);
#739=ORIENTED_EDGE('',*,*,#1172,.F.);
#740=ORIENTED_EDGE('',*,*,#1081,.F.);
#741=ORIENTED_EDGE('',*,*,#1172,.T.);
#742=ORIENTED_EDGE('',*,*,#968,.F.);
#743=ORIENTED_EDGE('',*,*,#1173,.F.);
#744=ORIENTED_EDGE('',*,*,#1077,.F.);
#745=ORIENTED_EDGE('',*,*,#1057,.F.);
#746=ORIENTED_EDGE('',*,*,#1078,.F.);
#747=ORIENTED_EDGE('',*,*,#1174,.F.);
#748=ORIENTED_EDGE('',*,*,#1096,.F.);
#749=ORIENTED_EDGE('',*,*,#1174,.T.);
#750=ORIENTED_EDGE('',*,*,#1173,.T.);
#751=ORIENTED_EDGE('',*,*,#1175,.F.);
#752=ORIENTED_EDGE('',*,*,#1175,.T.);
#753=ORIENTED_EDGE('',*,*,#967,.F.);
#754=ORIENTED_EDGE('',*,*,#1176,.F.);
#755=ORIENTED_EDGE('',*,*,#1094,.F.);
#756=ORIENTED_EDGE('',*,*,#1059,.F.);
#757=ORIENTED_EDGE('',*,*,#1095,.F.);
#758=ORIENTED_EDGE('',*,*,#1177,.F.);
#759=ORIENTED_EDGE('',*,*,#1099,.F.);
#760=ORIENTED_EDGE('',*,*,#1176,.T.);
#761=ORIENTED_EDGE('',*,*,#979,.T.);
#762=ORIENTED_EDGE('',*,*,#1178,.F.);
#763=ORIENTED_EDGE('',*,*,#1177,.T.);
#764=ORIENTED_EDGE('',*,*,#1178,.T.);
#765=ORIENTED_EDGE('',*,*,#978,.F.);
#766=ORIENTED_EDGE('',*,*,#1179,.F.);
#767=ORIENTED_EDGE('',*,*,#1097,.F.);
#768=ORIENTED_EDGE('',*,*,#1061,.F.);
#769=ORIENTED_EDGE('',*,*,#1098,.F.);
#770=ORIENTED_EDGE('',*,*,#1180,.F.);
#771=ORIENTED_EDGE('',*,*,#1093,.F.);
#772=ORIENTED_EDGE('',*,*,#1179,.T.);
#773=ORIENTED_EDGE('',*,*,#977,.T.);
#774=ORIENTED_EDGE('',*,*,#1181,.F.);
#775=ORIENTED_EDGE('',*,*,#1180,.T.);
#776=ORIENTED_EDGE('',*,*,#1181,.T.);
#777=ORIENTED_EDGE('',*,*,#976,.F.);
#778=ORIENTED_EDGE('',*,*,#1182,.F.);
#779=ORIENTED_EDGE('',*,*,#1091,.F.);
#780=ORIENTED_EDGE('',*,*,#1053,.F.);
#781=ORIENTED_EDGE('',*,*,#1092,.F.);
#782=ORIENTED_EDGE('',*,*,#1183,.F.);
#783=ORIENTED_EDGE('',*,*,#944,.F.);
#784=ORIENTED_EDGE('',*,*,#1183,.T.);
#785=ORIENTED_EDGE('',*,*,#1182,.T.);
#786=ORIENTED_EDGE('',*,*,#1184,.F.);
#787=ORIENTED_EDGE('',*,*,#1184,.T.);
#788=ORIENTED_EDGE('',*,*,#975,.F.);
#789=ORIENTED_EDGE('',*,*,#1185,.F.);
#790=ORIENTED_EDGE('',*,*,#945,.F.);
#791=ORIENTED_EDGE('',*,*,#1186,.F.);
#792=ORIENTED_EDGE('',*,*,#1187,.F.);
#793=ORIENTED_EDGE('',*,*,#1188,.F.);
#794=ORIENTED_EDGE('',*,*,#1185,.T.);
#795=ORIENTED_EDGE('',*,*,#974,.F.);
#796=ORIENTED_EDGE('',*,*,#1189,.F.);
#797=ORIENTED_EDGE('',*,*,#1140,.F.);
#798=ORIENTED_EDGE('',*,*,#1187,.T.);
#799=ORIENTED_EDGE('',*,*,#971,.F.);
#800=ORIENTED_EDGE('',*,*,#1190,.F.);
#801=ORIENTED_EDGE('',*,*,#1118,.F.);
#802=ORIENTED_EDGE('',*,*,#1188,.T.);
#803=ORIENTED_EDGE('',*,*,#1117,.F.);
#804=ORIENTED_EDGE('',*,*,#1191,.F.);
#805=ORIENTED_EDGE('',*,*,#1114,.F.);
#806=ORIENTED_EDGE('',*,*,#1186,.T.);
#807=ORIENTED_EDGE('',*,*,#1113,.F.);
#808=ORIENTED_EDGE('',*,*,#1192,.F.);
#809=ORIENTED_EDGE('',*,*,#972,.F.);
#810=ORIENTED_EDGE('',*,*,#1189,.T.);
#811=ORIENTED_EDGE('',*,*,#973,.F.);
#812=ORIENTED_EDGE('',*,*,#1193,.F.);
#813=ORIENTED_EDGE('',*,*,#918,.F.);
#814=ORIENTED_EDGE('',*,*,#1194,.F.);
#815=ORIENTED_EDGE('',*,*,#1190,.T.);
#816=ORIENTED_EDGE('',*,*,#1195,.F.);
#817=ORIENTED_EDGE('',*,*,#1196,.F.);
#818=ORIENTED_EDGE('',*,*,#1191,.T.);
#819=ORIENTED_EDGE('',*,*,#1197,.F.);
#820=ORIENTED_EDGE('',*,*,#1193,.T.);
#821=ORIENTED_EDGE('',*,*,#1192,.T.);
#822=ORIENTED_EDGE('',*,*,#1198,.F.);
#823=ORIENTED_EDGE('',*,*,#1195,.T.);
#824=ORIENTED_EDGE('',*,*,#970,.F.);
#825=ORIENTED_EDGE('',*,*,#1199,.F.);
#826=ORIENTED_EDGE('',*,*,#1039,.F.);
#827=ORIENTED_EDGE('',*,*,#1194,.T.);
#828=ORIENTED_EDGE('',*,*,#1038,.F.);
#829=ORIENTED_EDGE('',*,*,#1200,.F.);
#830=ORIENTED_EDGE('',*,*,#1119,.F.);
#831=ORIENTED_EDGE('',*,*,#1197,.T.);
#832=ORIENTED_EDGE('',*,*,#1120,.F.);
#833=ORIENTED_EDGE('',*,*,#1201,.F.);
#834=ORIENTED_EDGE('',*,*,#1111,.F.);
#835=ORIENTED_EDGE('',*,*,#1196,.T.);
#836=ORIENTED_EDGE('',*,*,#1110,.F.);
#837=ORIENTED_EDGE('',*,*,#1202,.F.);
#838=ORIENTED_EDGE('',*,*,#1115,.F.);
#839=ORIENTED_EDGE('',*,*,#1198,.T.);
#840=ORIENTED_EDGE('',*,*,#1116,.F.);
#841=ORIENTED_EDGE('',*,*,#1203,.F.);
#842=ORIENTED_EDGE('',*,*,#919,.F.);
#843=ORIENTED_EDGE('',*,*,#1199,.T.);
#844=ORIENTED_EDGE('',*,*,#1074,.F.);
#845=ORIENTED_EDGE('',*,*,#1204,.F.);
#846=ORIENTED_EDGE('',*,*,#1040,.F.);
#847=ORIENTED_EDGE('',*,*,#1201,.T.);
#848=ORIENTED_EDGE('',*,*,#1200,.T.);
#849=ORIENTED_EDGE('',*,*,#1205,.F.);
#850=ORIENTED_EDGE('',*,*,#1203,.T.);
#851=ORIENTED_EDGE('',*,*,#1202,.T.);
#852=ORIENTED_EDGE('',*,*,#1206,.F.);
#853=ORIENTED_EDGE('',*,*,#1204,.T.);
#854=ORIENTED_EDGE('',*,*,#983,.F.);
#855=ORIENTED_EDGE('',*,*,#1207,.F.);
#856=ORIENTED_EDGE('',*,*,#1041,.F.);
#857=ORIENTED_EDGE('',*,*,#1205,.T.);
#858=ORIENTED_EDGE('',*,*,#1037,.F.);
#859=ORIENTED_EDGE('',*,*,#1208,.F.);
#860=ORIENTED_EDGE('',*,*,#1112,.F.);
#861=ORIENTED_EDGE('',*,*,#1206,.T.);
#862=ORIENTED_EDGE('',*,*,#1109,.F.);
#863=ORIENTED_EDGE('',*,*,#1209,.F.);
#864=ORIENTED_EDGE('',*,*,#920,.F.);
#865=ORIENTED_EDGE('',*,*,#1207,.T.);
#866=ORIENTED_EDGE('',*,*,#1076,.F.);
#867=ORIENTED_EDGE('',*,*,#1210,.F.);
#868=ORIENTED_EDGE('',*,*,#1042,.F.);
#869=ORIENTED_EDGE('',*,*,#1209,.T.);
#870=ORIENTED_EDGE('',*,*,#1208,.T.);
#871=ORIENTED_EDGE('',*,*,#1211,.F.);
#872=ORIENTED_EDGE('',*,*,#1210,.T.);
#873=ORIENTED_EDGE('',*,*,#1066,.F.);
#874=ORIENTED_EDGE('',*,*,#1212,.F.);
#875=ORIENTED_EDGE('',*,*,#1043,.F.);
#876=ORIENTED_EDGE('',*,*,#1211,.T.);
#877=ORIENTED_EDGE('',*,*,#1036,.F.);
#878=ORIENTED_EDGE('',*,*,#1213,.F.);
#879=ORIENTED_EDGE('',*,*,#921,.F.);
#880=ORIENTED_EDGE('',*,*,#1212,.T.);
#881=ORIENTED_EDGE('',*,*,#1143,.F.);
#882=ORIENTED_EDGE('',*,*,#1213,.T.);
#883=ORIENTED_EDGE('',*,*,#1035,.F.);
#884=EDGE_CURVE('',#1214,#1215,#1413,.T.);
#885=EDGE_CURVE('',#1216,#1215,#1414,.T.);
#886=EDGE_CURVE('',#1217,#1216,#1415,.T.);
#887=EDGE_CURVE('',#1217,#1214,#1416,.T.);
#888=EDGE_CURVE('',#1218,#1216,#42,.T.);
#889=EDGE_CURVE('',#1219,#1218,#1417,.T.);
#890=EDGE_CURVE('',#1219,#1217,#43,.T.);
#891=EDGE_CURVE('',#1220,#1221,#1418,.T.);
#892=EDGE_CURVE('',#1222,#1221,#1419,.T.);
#893=EDGE_CURVE('',#1223,#1222,#1420,.T.);
#894=EDGE_CURVE('',#1223,#1220,#1421,.T.);
#895=EDGE_CURVE('',#1224,#1222,#44,.T.);
#896=EDGE_CURVE('',#1225,#1224,#1422,.T.);
#897=EDGE_CURVE('',#1225,#1223,#45,.T.);
#898=EDGE_CURVE('',#1226,#1227,#1423,.T.);
#899=EDGE_CURVE('',#1228,#1227,#1424,.T.);
#900=EDGE_CURVE('',#1229,#1228,#1425,.T.);
#901=EDGE_CURVE('',#1229,#1226,#1426,.T.);
#902=EDGE_CURVE('',#1228,#1230,#1427,.T.);
#903=EDGE_CURVE('',#1231,#1230,#1428,.T.);
#904=EDGE_CURVE('',#1229,#1231,#1429,.T.);
#905=EDGE_CURVE('',#1221,#1224,#1430,.T.);
#906=EDGE_CURVE('',#1220,#1225,#1431,.T.);
#907=EDGE_CURVE('',#1227,#1230,#46,.T.);
#908=EDGE_CURVE('',#1226,#1231,#47,.T.);
#909=EDGE_CURVE('',#1215,#1218,#1432,.T.);
#910=EDGE_CURVE('',#1214,#1219,#1433,.T.);
#911=EDGE_CURVE('',#1232,#1233,#1434,.T.);
#912=EDGE_CURVE('',#1234,#1233,#48,.T.);
#913=EDGE_CURVE('',#1232,#1234,#1435,.T.);
#914=EDGE_CURVE('',#1235,#1236,#1436,.T.);
#915=EDGE_CURVE('',#1237,#1236,#49,.T.);
#916=EDGE_CURVE('',#1235,#1237,#1437,.T.);
#917=EDGE_CURVE('',#1238,#1239,#1438,.T.);
#918=EDGE_CURVE('',#1239,#1240,#1439,.T.);
#919=EDGE_CURVE('',#1240,#1241,#1440,.T.);
#920=EDGE_CURVE('',#1241,#1242,#1441,.T.);
#921=EDGE_CURVE('',#1242,#1243,#1442,.F.);
#922=EDGE_CURVE('',#1243,#1244,#1443,.T.);
#923=EDGE_CURVE('',#1245,#1244,#50,.T.);
#924=EDGE_CURVE('',#1246,#1245,#1444,.T.);
#925=EDGE_CURVE('',#1246,#1247,#1445,.T.);
#926=EDGE_CURVE('',#1248,#1247,#51,.T.);
#927=EDGE_CURVE('',#1248,#1238,#1446,.T.);
#928=EDGE_CURVE('',#1249,#1250,#1447,.T.);
#929=EDGE_CURVE('',#1249,#1251,#1448,.F.);
#930=EDGE_CURVE('',#1251,#1252,#1449,.T.);
#931=EDGE_CURVE('',#1252,#1253,#52,.F.);
#932=EDGE_CURVE('',#1253,#1254,#1450,.F.);
#933=EDGE_CURVE('',#1254,#1255,#1451,.F.);
#934=EDGE_CURVE('',#1256,#1255,#1452,.T.);
#935=EDGE_CURVE('',#1250,#1256,#53,.T.);
#936=EDGE_CURVE('',#1257,#1258,#1453,.T.);
#937=EDGE_CURVE('',#1258,#1259,#1454,.T.);
#938=EDGE_CURVE('',#1259,#1260,#1455,.T.);
#939=EDGE_CURVE('',#1261,#1260,#1456,.T.);
#940=EDGE_CURVE('',#1262,#1261,#54,.T.);
#941=EDGE_CURVE('',#1263,#1262,#1457,.T.);
#942=EDGE_CURVE('',#1264,#1263,#55,.T.);
#943=EDGE_CURVE('',#1264,#1265,#1458,.T.);
#944=EDGE_CURVE('',#1265,#1266,#1459,.F.);
#945=EDGE_CURVE('',#1266,#1257,#1460,.F.);
#946=EDGE_CURVE('',#1267,#1268,#1461,.T.);
#947=EDGE_CURVE('',#1268,#1249,#56,.T.);
#948=EDGE_CURVE('',#1250,#1269,#1462,.T.);
#949=EDGE_CURVE('',#1270,#1269,#1463,.T.);
#950=EDGE_CURVE('',#1261,#1270,#1464,.T.);
#951=EDGE_CURVE('',#1260,#1271,#57,.T.);
#952=EDGE_CURVE('',#1272,#1271,#1465,.T.);
#953=EDGE_CURVE('',#1272,#1273,#58,.F.);
#954=EDGE_CURVE('',#1273,#1274,#1466,.T.);
#955=EDGE_CURVE('',#1274,#1267,#59,.F.);
#956=EDGE_CURVE('',#1275,#1276,#1467,.T.);
#957=EDGE_CURVE('',#1276,#1277,#60,.T.);
#958=EDGE_CURVE('',#1277,#1278,#1468,.T.);
#959=EDGE_CURVE('',#1278,#1279,#1469,.T.);
#960=EDGE_CURVE('',#1280,#1279,#1470,.T.);
#961=EDGE_CURVE('',#1256,#1280,#1471,.T.);
#962=EDGE_CURVE('',#1255,#1281,#61,.T.);
#963=EDGE_CURVE('',#1282,#1281,#1472,.T.);
#964=EDGE_CURVE('',#1282,#1283,#62,.F.);
#965=EDGE_CURVE('',#1283,#1284,#1473,.T.);
#966=EDGE_CURVE('',#1284,#1275,#63,.F.);
#967=EDGE_CURVE('',#1285,#1286,#1474,.T.);
#968=EDGE_CURVE('',#1286,#1287,#1475,.T.);
#969=EDGE_CURVE('',#1287,#1288,#1476,.T.);
#970=EDGE_CURVE('',#1288,#1289,#1477,.F.);
#971=EDGE_CURVE('',#1289,#1290,#1478,.F.);
#972=EDGE_CURVE('',#1290,#1291,#1479,.T.);
#973=EDGE_CURVE('',#1291,#1292,#1480,.F.);
#974=EDGE_CURVE('',#1292,#1293,#1481,.F.);
#975=EDGE_CURVE('',#1293,#1294,#1482,.T.);
#976=EDGE_CURVE('',#1294,#1295,#1483,.F.);
#977=EDGE_CURVE('',#1296,#1295,#64,.T.);
#978=EDGE_CURVE('',#1296,#1297,#1484,.T.);
#979=EDGE_CURVE('',#1285,#1297,#65,.T.);
#980=EDGE_CURVE('',#1298,#1299,#1485,.T.);
#981=EDGE_CURVE('',#1299,#1300,#1486,.T.);
#982=EDGE_CURVE('',#1300,#1301,#1487,.T.);
#983=EDGE_CURVE('',#1301,#1302,#1488,.F.);
#984=EDGE_CURVE('',#1303,#1302,#1489,.T.);
#985=EDGE_CURVE('',#1303,#1304,#1490,.T.);
#986=EDGE_CURVE('',#1304,#1305,#1491,.F.);
#987=EDGE_CURVE('',#1306,#1305,#66,.T.);
#988=EDGE_CURVE('',#1306,#1307,#1492,.T.);
#989=EDGE_CURVE('',#1298,#1307,#67,.T.);
#990=EDGE_CURVE('',#1308,#1309,#1493,.T.);
#991=EDGE_CURVE('',#1310,#1309,#1494,.T.);
#992=EDGE_CURVE('',#1311,#1310,#1495,.T.);
#993=EDGE_CURVE('',#1311,#1308,#1496,.T.);
#994=EDGE_CURVE('',#1308,#1312,#1497,.T.);
#995=EDGE_CURVE('',#1311,#1313,#1498,.T.);
#996=EDGE_CURVE('',#1313,#1312,#1499,.T.);
#997=EDGE_CURVE('',#1314,#1315,#1500,.T.);
#998=EDGE_CURVE('',#1316,#1315,#1501,.T.);
#999=EDGE_CURVE('',#1317,#1316,#1502,.T.);
#1000=EDGE_CURVE('',#1317,#1314,#1503,.T.);
#1001=EDGE_CURVE('',#1314,#1318,#1504,.T.);
#1002=EDGE_CURVE('',#1317,#1319,#1505,.T.);
#1003=EDGE_CURVE('',#1319,#1318,#1506,.T.);
#1004=EDGE_CURVE('',#1320,#1321,#1507,.T.);
#1005=EDGE_CURVE('',#1322,#1321,#1508,.T.);
#1006=EDGE_CURVE('',#1323,#1322,#1509,.T.);
#1007=EDGE_CURVE('',#1323,#1320,#1510,.T.);
#1008=EDGE_CURVE('',#1320,#1324,#1511,.T.);
#1009=EDGE_CURVE('',#1323,#1325,#1512,.T.);
#1010=EDGE_CURVE('',#1325,#1324,#1513,.T.);
#1011=EDGE_CURVE('',#1326,#1327,#1514,.T.);
#1012=EDGE_CURVE('',#1328,#1327,#1515,.T.);
#1013=EDGE_CURVE('',#1329,#1328,#1516,.T.);
#1014=EDGE_CURVE('',#1329,#1326,#1517,.T.);
#1015=EDGE_CURVE('',#1326,#1330,#1518,.T.);
#1016=EDGE_CURVE('',#1329,#1331,#1519,.T.);
#1017=EDGE_CURVE('',#1331,#1330,#1520,.T.);
#1018=EDGE_CURVE('',#1332,#1333,#1521,.T.);
#1019=EDGE_CURVE('',#1334,#1333,#1522,.T.);
#1020=EDGE_CURVE('',#1335,#1334,#1523,.T.);
#1021=EDGE_CURVE('',#1335,#1332,#1524,.T.);
#1022=EDGE_CURVE('',#1332,#1336,#1525,.T.);
#1023=EDGE_CURVE('',#1335,#1337,#1526,.T.);
#1024=EDGE_CURVE('',#1337,#1336,#1527,.T.);
#1025=EDGE_CURVE('',#1309,#1312,#68,.T.);
#1026=EDGE_CURVE('',#1310,#1313,#69,.T.);
#1027=EDGE_CURVE('',#1318,#1315,#70,.T.);
#1028=EDGE_CURVE('',#1319,#1316,#71,.T.);
#1029=EDGE_CURVE('',#1321,#1324,#72,.T.);
#1030=EDGE_CURVE('',#1322,#1325,#73,.T.);
#1031=EDGE_CURVE('',#1327,#1330,#74,.T.);
#1032=EDGE_CURVE('',#1328,#1331,#75,.T.);
#1033=EDGE_CURVE('',#1336,#1333,#76,.T.);
#1034=EDGE_CURVE('',#1337,#1334,#77,.T.);
#1035=EDGE_CURVE('',#1338,#1339,#1528,.F.);
#1036=EDGE_CURVE('',#1339,#1340,#1529,.T.);
#1037=EDGE_CURVE('',#1340,#1341,#1530,.F.);
#1038=EDGE_CURVE('',#1341,#1342,#1531,.F.);
#1039=EDGE_CURVE('',#1342,#1343,#1532,.T.);
#1040=EDGE_CURVE('',#1343,#1344,#78,.F.);
#1041=EDGE_CURVE('',#1344,#1345,#1533,.T.);
#1042=EDGE_CURVE('',#1345,#1346,#79,.F.);
#1043=EDGE_CURVE('',#1346,#1338,#1534,.F.);
#1044=EDGE_CURVE('',#1347,#1348,#1535,.T.);
#1045=EDGE_CURVE('',#1348,#1270,#80,.T.);
#1046=EDGE_CURVE('',#1269,#1280,#81,.T.);
#1047=EDGE_CURVE('',#1279,#1349,#82,.T.);
#1048=EDGE_CURVE('',#1350,#1349,#1536,.T.);
#1049=EDGE_CURVE('',#1350,#1347,#83,.T.);
#1050=EDGE_CURVE('',#1263,#1347,#1537,.T.);
#1051=EDGE_CURVE('',#1262,#1348,#1538,.T.);
#1052=EDGE_CURVE('',#1351,#1352,#1539,.T.);
#1053=EDGE_CURVE('',#1352,#1265,#84,.F.);
#1054=EDGE_CURVE('',#1264,#1350,#1540,.T.);
#1055=EDGE_CURVE('',#1353,#1349,#1541,.T.);
#1056=EDGE_CURVE('',#1354,#1353,#1542,.T.);
#1057=EDGE_CURVE('',#1354,#1355,#85,.F.);
#1058=EDGE_CURVE('',#1356,#1355,#1543,.T.);
#1059=EDGE_CURVE('',#1356,#1357,#86,.T.);
#1060=EDGE_CURVE('',#1358,#1357,#1544,.T.);
#1061=EDGE_CURVE('',#1358,#1351,#87,.T.);
#1062=EDGE_CURVE('',#1278,#1353,#88,.T.);
#1063=EDGE_CURVE('',#1359,#1360,#1545,.T.);
#1064=EDGE_CURVE('',#1360,#1361,#1546,.F.);
#1065=EDGE_CURVE('',#1361,#1362,#1547,.T.);
#1066=EDGE_CURVE('',#1362,#1363,#1548,.T.);
#1067=EDGE_CURVE('',#1364,#1363,#1549,.T.);
#1068=EDGE_CURVE('',#1364,#1365,#1550,.F.);
#1069=EDGE_CURVE('',#1365,#1366,#1551,.F.);
#1070=EDGE_CURVE('',#1367,#1366,#89,.F.);
#1071=EDGE_CURVE('',#1367,#1368,#1552,.F.);
#1072=EDGE_CURVE('',#1359,#1368,#90,.F.);
#1073=EDGE_CURVE('',#1287,#1303,#91,.T.);
#1074=EDGE_CURVE('',#1302,#1288,#92,.T.);
#1075=EDGE_CURVE('',#1300,#1364,#93,.T.);
#1076=EDGE_CURVE('',#1363,#1301,#94,.T.);
#1077=EDGE_CURVE('',#1369,#1370,#1553,.F.);
#1078=EDGE_CURVE('',#1370,#1354,#1554,.T.);
#1079=EDGE_CURVE('',#1277,#1371,#1555,.T.);
#1080=EDGE_CURVE('',#1371,#1372,#1556,.F.);
#1081=EDGE_CURVE('',#1372,#1369,#95,.F.);
#1082=EDGE_CURVE('',#1373,#1374,#1557,.T.);
#1083=EDGE_CURVE('',#1374,#1276,#1558,.F.);
#1084=EDGE_CURVE('',#1275,#1373,#1559,.T.);
#1085=EDGE_CURVE('',#1375,#1376,#1560,.F.);
#1086=EDGE_CURVE('',#1376,#1282,#1561,.F.);
#1087=EDGE_CURVE('',#1281,#1375,#1562,.T.);
#1088=EDGE_CURVE('',#1377,#1378,#1563,.F.);
#1089=EDGE_CURVE('',#1378,#1284,#1564,.F.);
#1090=EDGE_CURVE('',#1283,#1377,#1565,.T.);
#1091=EDGE_CURVE('',#1379,#1380,#1566,.T.);
#1092=EDGE_CURVE('',#1380,#1352,#1567,.T.);
#1093=EDGE_CURVE('',#1351,#1379,#1568,.F.);
#1094=EDGE_CURVE('',#1381,#1382,#1569,.F.);
#1095=EDGE_CURVE('',#1382,#1356,#1570,.T.);
#1096=EDGE_CURVE('',#1355,#1381,#1571,.F.);
#1097=EDGE_CURVE('',#1383,#1384,#1572,.F.);
#1098=EDGE_CURVE('',#1384,#1358,#1573,.T.);
#1099=EDGE_CURVE('',#1357,#1383,#1574,.F.);
#1100=EDGE_CURVE('',#1385,#1386,#1575,.F.);
#1101=EDGE_CURVE('',#1386,#1272,#1576,.T.);
#1102=EDGE_CURVE('',#1271,#1385,#1577,.F.);
#1103=EDGE_CURVE('',#1267,#1387,#1578,.F.);
#1104=EDGE_CURVE('',#1387,#1388,#1579,.T.);
#1105=EDGE_CURVE('',#1388,#1268,#1580,.T.);
#1106=EDGE_CURVE('',#1273,#1389,#1581,.F.);
#1107=EDGE_CURVE('',#1389,#1390,#1582,.T.);
#1108=EDGE_CURVE('',#1390,#1274,#1583,.T.);
#1109=EDGE_CURVE('',#1391,#1392,#1584,.F.);
#1110=EDGE_CURVE('',#1392,#1393,#1585,.F.);
#1111=EDGE_CURVE('',#1393,#1394,#1586,.T.);
#1112=EDGE_CURVE('',#1394,#1391,#1587,.T.);
#1113=EDGE_CURVE('',#1395,#1396,#1588,.F.);
#1114=EDGE_CURVE('',#1396,#1397,#1589,.T.);
#1115=EDGE_CURVE('',#1397,#1398,#1590,.T.);
#1116=EDGE_CURVE('',#1398,#1395,#1591,.F.);
#1117=EDGE_CURVE('',#1399,#1400,#1592,.F.);
#1118=EDGE_CURVE('',#1400,#1401,#1593,.T.);
#1119=EDGE_CURVE('',#1401,#1402,#1594,.T.);
#1120=EDGE_CURVE('',#1402,#1399,#1595,.F.);
#1121=EDGE_CURVE('',#1403,#1233,#1596,.T.);
#1122=EDGE_CURVE('',#1404,#1403,#96,.T.);
#1123=EDGE_CURVE('',#1404,#1234,#1597,.T.);
#1124=EDGE_CURVE('',#1405,#1232,#1598,.T.);
#1125=EDGE_CURVE('',#1405,#1403,#1599,.T.);
#1126=EDGE_CURVE('',#1405,#1404,#1600,.T.);
#1127=EDGE_CURVE('',#1406,#1236,#1601,.T.);
#1128=EDGE_CURVE('',#1407,#1406,#97,.T.);
#1129=EDGE_CURVE('',#1407,#1237,#1602,.T.);
#1130=EDGE_CURVE('',#1408,#1235,#1603,.T.);
#1131=EDGE_CURVE('',#1408,#1406,#1604,.T.);
#1132=EDGE_CURVE('',#1408,#1407,#1605,.T.);
#1133=EDGE_CURVE('',#1409,#1246,#1606,.T.);
#1134=EDGE_CURVE('',#1409,#1410,#1607,.T.);
#1135=EDGE_CURVE('',#1410,#1247,#1608,.T.);
#1136=EDGE_CURVE('',#1411,#1245,#1609,.T.);
#1137=EDGE_CURVE('',#1409,#1411,#1610,.T.);
#1138=EDGE_CURVE('',#1244,#1248,#35,.T.);
#1139=EDGE_CURVE('',#1411,#1410,#98,.T.);
#1140=EDGE_CURVE('',#1257,#1239,#1611,.F.);
#1141=EDGE_CURVE('',#1412,#1238,#1612,.F.);
#1142=EDGE_CURVE('',#1412,#1258,#36,.F.);
#1143=EDGE_CURVE('',#1243,#1362,#1613,.F.);
#1144=EDGE_CURVE('',#1361,#1412,#37,.F.);
#1145=EDGE_CURVE('',#1259,#1360,#99,.T.);
#1146=EDGE_CURVE('',#1385,#1259,#100,.T.);
#1147=EDGE_CURVE('',#1385,#1360,#101,.F.);
#1148=EDGE_CURVE('',#1386,#1359,#102,.T.);
#1149=EDGE_CURVE('',#1389,#1386,#103,.T.);
#1150=EDGE_CURVE('',#1389,#1368,#104,.F.);
#1151=EDGE_CURVE('',#1390,#1367,#105,.T.);
#1152=EDGE_CURVE('',#1387,#1390,#106,.T.);
#1153=EDGE_CURVE('',#1387,#1366,#107,.F.);
#1154=EDGE_CURVE('',#1388,#1365,#108,.T.);
#1155=EDGE_CURVE('',#1251,#1388,#109,.T.);
#1156=EDGE_CURVE('',#1251,#1365,#110,.F.);
#1157=EDGE_CURVE('',#1252,#1364,#111,.T.);
#1158=EDGE_CURVE('',#1253,#1300,#112,.T.);
#1159=EDGE_CURVE('',#1254,#1299,#113,.T.);
#1160=EDGE_CURVE('',#1375,#1254,#114,.T.);
#1161=EDGE_CURVE('',#1375,#1299,#115,.F.);
#1162=EDGE_CURVE('',#1376,#1298,#116,.T.);
#1163=EDGE_CURVE('',#1377,#1376,#117,.F.);
#1164=EDGE_CURVE('',#1377,#1307,#118,.F.);
#1165=EDGE_CURVE('',#1378,#1306,#119,.T.);
#1166=EDGE_CURVE('',#1373,#1378,#120,.F.);
#1167=EDGE_CURVE('',#1373,#1305,#121,.F.);
#1168=EDGE_CURVE('',#1374,#1304,#122,.T.);
#1169=EDGE_CURVE('',#1371,#1374,#123,.T.);
#1170=EDGE_CURVE('',#1371,#1304,#124,.F.);
#1171=EDGE_CURVE('',#1372,#1303,#125,.T.);
#1172=EDGE_CURVE('',#1369,#1287,#126,.T.);
#1173=EDGE_CURVE('',#1370,#1286,#127,.T.);
#1174=EDGE_CURVE('',#1381,#1370,#128,.T.);
#1175=EDGE_CURVE('',#1381,#1286,#129,.F.);
#1176=EDGE_CURVE('',#1382,#1285,#130,.T.);
#1177=EDGE_CURVE('',#1383,#1382,#131,.F.);
#1178=EDGE_CURVE('',#1383,#1297,#132,.F.);
#1179=EDGE_CURVE('',#1384,#1296,#133,.T.);
#1180=EDGE_CURVE('',#1379,#1384,#134,.F.);
#1181=EDGE_CURVE('',#1379,#1295,#135,.F.);
#1182=EDGE_CURVE('',#1380,#1294,#136,.T.);
#1183=EDGE_CURVE('',#1266,#1380,#137,.T.);
#1184=EDGE_CURVE('',#1266,#1294,#138,.F.);
#1185=EDGE_CURVE('',#1257,#1293,#38,.T.);
#1186=EDGE_CURVE('',#1290,#1396,#139,.F.);
#1187=EDGE_CURVE('',#1400,#1290,#140,.F.);
#1188=EDGE_CURVE('',#1396,#1400,#141,.F.);
#1189=EDGE_CURVE('',#1239,#1292,#39,.F.);
#1190=EDGE_CURVE('',#1401,#1289,#142,.T.);
#1191=EDGE_CURVE('',#1397,#1399,#143,.T.);
#1192=EDGE_CURVE('',#1291,#1395,#144,.T.);
#1193=EDGE_CURVE('',#1240,#1291,#145,.T.);
#1194=EDGE_CURVE('',#1401,#1342,#146,.F.);
#1195=EDGE_CURVE('',#1342,#1289,#147,.F.);
#1196=EDGE_CURVE('',#1397,#1393,#148,.F.);
#1197=EDGE_CURVE('',#1393,#1399,#149,.F.);
#1198=EDGE_CURVE('',#1240,#1395,#150,.F.);
#1199=EDGE_CURVE('',#1343,#1288,#151,.T.);
#1200=EDGE_CURVE('',#1402,#1341,#152,.T.);
#1201=EDGE_CURVE('',#1394,#1402,#153,.T.);
#1202=EDGE_CURVE('',#1398,#1392,#154,.T.);
#1203=EDGE_CURVE('',#1241,#1398,#155,.T.);
#1204=EDGE_CURVE('',#1344,#1302,#156,.T.);
#1205=EDGE_CURVE('',#1394,#1341,#157,.F.);
#1206=EDGE_CURVE('',#1241,#1392,#158,.F.);
#1207=EDGE_CURVE('',#1345,#1301,#159,.T.);
#1208=EDGE_CURVE('',#1391,#1340,#160,.T.);
#1209=EDGE_CURVE('',#1242,#1391,#161,.T.);
#1210=EDGE_CURVE('',#1346,#1363,#162,.T.);
#1211=EDGE_CURVE('',#1242,#1340,#163,.F.);
#1212=EDGE_CURVE('',#1338,#1362,#40,.F.);
#1213=EDGE_CURVE('',#1243,#1339,#41,.T.);
#1214=VERTEX_POINT('',#3319);
#1215=VERTEX_POINT('',#3320);
#1216=VERTEX_POINT('',#3322);
#1217=VERTEX_POINT('',#3324);
#1218=VERTEX_POINT('',#3328);
#1219=VERTEX_POINT('',#3330);
#1220=VERTEX_POINT('',#3334);
#1221=VERTEX_POINT('',#3335);
#1222=VERTEX_POINT('',#3337);
#1223=VERTEX_POINT('',#3339);
#1224=VERTEX_POINT('',#3343);
#1225=VERTEX_POINT('',#3345);
#1226=VERTEX_POINT('',#3349);
#1227=VERTEX_POINT('',#3350);
#1228=VERTEX_POINT('',#3352);
#1229=VERTEX_POINT('',#3354);
#1230=VERTEX_POINT('',#3358);
#1231=VERTEX_POINT('',#3360);
#1232=VERTEX_POINT('',#3373);
#1233=VERTEX_POINT('',#3374);
#1234=VERTEX_POINT('',#3376);
#1235=VERTEX_POINT('',#3379);
#1236=VERTEX_POINT('',#3380);
#1237=VERTEX_POINT('',#3382);
#1238=VERTEX_POINT('',#3385);
#1239=VERTEX_POINT('',#3386);
#1240=VERTEX_POINT('',#3388);
#1241=VERTEX_POINT('',#3390);
#1242=VERTEX_POINT('',#3392);
#1243=VERTEX_POINT('',#3394);
#1244=VERTEX_POINT('',#3396);
#1245=VERTEX_POINT('',#3398);
#1246=VERTEX_POINT('',#3400);
#1247=VERTEX_POINT('',#3402);
#1248=VERTEX_POINT('',#3404);
#1249=VERTEX_POINT('',#3408);
#1250=VERTEX_POINT('',#3409);
#1251=VERTEX_POINT('',#3411);
#1252=VERTEX_POINT('',#3413);
#1253=VERTEX_POINT('',#3415);
#1254=VERTEX_POINT('',#3417);
#1255=VERTEX_POINT('',#3419);
#1256=VERTEX_POINT('',#3421);
#1257=VERTEX_POINT('',#3425);
#1258=VERTEX_POINT('',#3426);
#1259=VERTEX_POINT('',#3428);
#1260=VERTEX_POINT('',#3430);
#1261=VERTEX_POINT('',#3432);
#1262=VERTEX_POINT('',#3434);
#1263=VERTEX_POINT('',#3436);
#1264=VERTEX_POINT('',#3438);
#1265=VERTEX_POINT('',#3440);
#1266=VERTEX_POINT('',#3442);
#1267=VERTEX_POINT('',#3446);
#1268=VERTEX_POINT('',#3447);
#1269=VERTEX_POINT('',#3450);
#1270=VERTEX_POINT('',#3452);
#1271=VERTEX_POINT('',#3455);
#1272=VERTEX_POINT('',#3457);
#1273=VERTEX_POINT('',#3459);
#1274=VERTEX_POINT('',#3461);
#1275=VERTEX_POINT('',#3465);
#1276=VERTEX_POINT('',#3466);
#1277=VERTEX_POINT('',#3468);
#1278=VERTEX_POINT('',#3470);
#1279=VERTEX_POINT('',#3472);
#1280=VERTEX_POINT('',#3474);
#1281=VERTEX_POINT('',#3477);
#1282=VERTEX_POINT('',#3479);
#1283=VERTEX_POINT('',#3481);
#1284=VERTEX_POINT('',#3483);
#1285=VERTEX_POINT('',#3487);
#1286=VERTEX_POINT('',#3488);
#1287=VERTEX_POINT('',#3490);
#1288=VERTEX_POINT('',#3492);
#1289=VERTEX_POINT('',#3494);
#1290=VERTEX_POINT('',#3496);
#1291=VERTEX_POINT('',#3498);
#1292=VERTEX_POINT('',#3500);
#1293=VERTEX_POINT('',#3502);
#1294=VERTEX_POINT('',#3504);
#1295=VERTEX_POINT('',#3506);
#1296=VERTEX_POINT('',#3508);
#1297=VERTEX_POINT('',#3510);
#1298=VERTEX_POINT('',#3514);
#1299=VERTEX_POINT('',#3515);
#1300=VERTEX_POINT('',#3517);
#1301=VERTEX_POINT('',#3519);
#1302=VERTEX_POINT('',#3521);
#1303=VERTEX_POINT('',#3523);
#1304=VERTEX_POINT('',#3525);
#1305=VERTEX_POINT('',#3527);
#1306=VERTEX_POINT('',#3529);
#1307=VERTEX_POINT('',#3531);
#1308=VERTEX_POINT('',#3535);
#1309=VERTEX_POINT('',#3536);
#1310=VERTEX_POINT('',#3538);
#1311=VERTEX_POINT('',#3540);
#1312=VERTEX_POINT('',#3544);
#1313=VERTEX_POINT('',#3546);
#1314=VERTEX_POINT('',#3550);
#1315=VERTEX_POINT('',#3551);
#1316=VERTEX_POINT('',#3553);
#1317=VERTEX_POINT('',#3555);
#1318=VERTEX_POINT('',#3559);
#1319=VERTEX_POINT('',#3561);
#1320=VERTEX_POINT('',#3565);
#1321=VERTEX_POINT('',#3566);
#1322=VERTEX_POINT('',#3568);
#1323=VERTEX_POINT('',#3570);
#1324=VERTEX_POINT('',#3574);
#1325=VERTEX_POINT('',#3576);
#1326=VERTEX_POINT('',#3580);
#1327=VERTEX_POINT('',#3581);
#1328=VERTEX_POINT('',#3583);
#1329=VERTEX_POINT('',#3585);
#1330=VERTEX_POINT('',#3589);
#1331=VERTEX_POINT('',#3591);
#1332=VERTEX_POINT('',#3595);
#1333=VERTEX_POINT('',#3596);
#1334=VERTEX_POINT('',#3598);
#1335=VERTEX_POINT('',#3600);
#1336=VERTEX_POINT('',#3604);
#1337=VERTEX_POINT('',#3606);
#1338=VERTEX_POINT('',#3625);
#1339=VERTEX_POINT('',#3626);
#1340=VERTEX_POINT('',#3628);
#1341=VERTEX_POINT('',#3630);
#1342=VERTEX_POINT('',#3632);
#1343=VERTEX_POINT('',#3634);
#1344=VERTEX_POINT('',#3636);
#1345=VERTEX_POINT('',#3638);
#1346=VERTEX_POINT('',#3640);
#1347=VERTEX_POINT('',#3644);
#1348=VERTEX_POINT('',#3645);
#1349=VERTEX_POINT('',#3649);
#1350=VERTEX_POINT('',#3651);
#1351=VERTEX_POINT('',#3658);
#1352=VERTEX_POINT('',#3659);
#1353=VERTEX_POINT('',#3663);
#1354=VERTEX_POINT('',#3665);
#1355=VERTEX_POINT('',#3667);
#1356=VERTEX_POINT('',#3669);
#1357=VERTEX_POINT('',#3671);
#1358=VERTEX_POINT('',#3673);
#1359=VERTEX_POINT('',#3682);
#1360=VERTEX_POINT('',#3683);
#1361=VERTEX_POINT('',#3685);
#1362=VERTEX_POINT('',#3687);
#1363=VERTEX_POINT('',#3689);
#1364=VERTEX_POINT('',#3691);
#1365=VERTEX_POINT('',#3693);
#1366=VERTEX_POINT('',#3695);
#1367=VERTEX_POINT('',#3697);
#1368=VERTEX_POINT('',#3699);
#1369=VERTEX_POINT('',#3709);
#1370=VERTEX_POINT('',#3710);
#1371=VERTEX_POINT('',#3713);
#1372=VERTEX_POINT('',#3715);
#1373=VERTEX_POINT('',#3719);
#1374=VERTEX_POINT('',#3720);
#1375=VERTEX_POINT('',#3725);
#1376=VERTEX_POINT('',#3726);
#1377=VERTEX_POINT('',#3731);
#1378=VERTEX_POINT('',#3732);
#1379=VERTEX_POINT('',#3737);
#1380=VERTEX_POINT('',#3738);
#1381=VERTEX_POINT('',#3743);
#1382=VERTEX_POINT('',#3744);
#1383=VERTEX_POINT('',#3749);
#1384=VERTEX_POINT('',#3750);
#1385=VERTEX_POINT('',#3755);
#1386=VERTEX_POINT('',#3756);
#1387=VERTEX_POINT('',#3761);
#1388=VERTEX_POINT('',#3763);
#1389=VERTEX_POINT('',#3767);
#1390=VERTEX_POINT('',#3769);
#1391=VERTEX_POINT('',#3773);
#1392=VERTEX_POINT('',#3774);
#1393=VERTEX_POINT('',#3776);
#1394=VERTEX_POINT('',#3778);
#1395=VERTEX_POINT('',#3782);
#1396=VERTEX_POINT('',#3783);
#1397=VERTEX_POINT('',#3785);
#1398=VERTEX_POINT('',#3787);
#1399=VERTEX_POINT('',#3791);
#1400=VERTEX_POINT('',#3792);
#1401=VERTEX_POINT('',#3794);
#1402=VERTEX_POINT('',#3796);
#1403=VERTEX_POINT('',#3800);
#1404=VERTEX_POINT('',#3802);
#1405=VERTEX_POINT('',#3806);
#1406=VERTEX_POINT('',#3813);
#1407=VERTEX_POINT('',#3815);
#1408=VERTEX_POINT('',#3819);
#1409=VERTEX_POINT('',#3826);
#1410=VERTEX_POINT('',#3828);
#1411=VERTEX_POINT('',#3832);
#1412=VERTEX_POINT('',#3841);
#1413=LINE('',#3318,#1614);
#1414=LINE('',#3321,#1615);
#1415=LINE('',#3323,#1616);
#1416=LINE('',#3325,#1617);
#1417=LINE('',#3329,#1618);
#1418=LINE('',#3333,#1619);
#1419=LINE('',#3336,#1620);
#1420=LINE('',#3338,#1621);
#1421=LINE('',#3340,#1622);
#1422=LINE('',#3344,#1623);
#1423=LINE('',#3348,#1624);
#1424=LINE('',#3351,#1625);
#1425=LINE('',#3353,#1626);
#1426=LINE('',#3355,#1627);
#1427=LINE('',#3357,#1628);
#1428=LINE('',#3359,#1629);
#1429=LINE('',#3361,#1630);
#1430=LINE('',#3363,#1631);
#1431=LINE('',#3364,#1632);
#1432=LINE('',#3369,#1633);
#1433=LINE('',#3370,#1634);
#1434=LINE('',#3372,#1635);
#1435=LINE('',#3377,#1636);
#1436=LINE('',#3378,#1637);
#1437=LINE('',#3383,#1638);
#1438=LINE('',#3384,#1639);
#1439=LINE('',#3387,#1640);
#1440=LINE('',#3389,#1641);
#1441=LINE('',#3391,#1642);
#1442=LINE('',#3393,#1643);
#1443=LINE('',#3395,#1644);
#1444=LINE('',#3399,#1645);
#1445=LINE('',#3401,#1646);
#1446=LINE('',#3405,#1647);
#1447=LINE('',#3407,#1648);
#1448=LINE('',#3410,#1649);
#1449=LINE('',#3412,#1650);
#1450=LINE('',#3416,#1651);
#1451=LINE('',#3418,#1652);
#1452=LINE('',#3420,#1653);
#1453=LINE('',#3424,#1654);
#1454=LINE('',#3427,#1655);
#1455=LINE('',#3429,#1656);
#1456=LINE('',#3431,#1657);
#1457=LINE('',#3435,#1658);
#1458=LINE('',#3439,#1659);
#1459=LINE('',#3441,#1660);
#1460=LINE('',#3443,#1661);
#1461=LINE('',#3445,#1662);
#1462=LINE('',#3449,#1663);
#1463=LINE('',#3451,#1664);
#1464=LINE('',#3453,#1665);
#1465=LINE('',#3456,#1666);
#1466=LINE('',#3460,#1667);
#1467=LINE('',#3464,#1668);
#1468=LINE('',#3469,#1669);
#1469=LINE('',#3471,#1670);
#1470=LINE('',#3473,#1671);
#1471=LINE('',#3475,#1672);
#1472=LINE('',#3478,#1673);
#1473=LINE('',#3482,#1674);
#1474=LINE('',#3486,#1675);
#1475=LINE('',#3489,#1676);
#1476=LINE('',#3491,#1677);
#1477=LINE('',#3493,#1678);
#1478=LINE('',#3495,#1679);
#1479=LINE('',#3497,#1680);
#1480=LINE('',#3499,#1681);
#1481=LINE('',#3501,#1682);
#1482=LINE('',#3503,#1683);
#1483=LINE('',#3505,#1684);
#1484=LINE('',#3509,#1685);
#1485=LINE('',#3513,#1686);
#1486=LINE('',#3516,#1687);
#1487=LINE('',#3518,#1688);
#1488=LINE('',#3520,#1689);
#1489=LINE('',#3522,#1690);
#1490=LINE('',#3524,#1691);
#1491=LINE('',#3526,#1692);
#1492=LINE('',#3530,#1693);
#1493=LINE('',#3534,#1694);
#1494=LINE('',#3537,#1695);
#1495=LINE('',#3539,#1696);
#1496=LINE('',#3541,#1697);
#1497=LINE('',#3543,#1698);
#1498=LINE('',#3545,#1699);
#1499=LINE('',#3547,#1700);
#1500=LINE('',#3549,#1701);
#1501=LINE('',#3552,#1702);
#1502=LINE('',#3554,#1703);
#1503=LINE('',#3556,#1704);
#1504=LINE('',#3558,#1705);
#1505=LINE('',#3560,#1706);
#1506=LINE('',#3562,#1707);
#1507=LINE('',#3564,#1708);
#1508=LINE('',#3567,#1709);
#1509=LINE('',#3569,#1710);
#1510=LINE('',#3571,#1711);
#1511=LINE('',#3573,#1712);
#1512=LINE('',#3575,#1713);
#1513=LINE('',#3577,#1714);
#1514=LINE('',#3579,#1715);
#1515=LINE('',#3582,#1716);
#1516=LINE('',#3584,#1717);
#1517=LINE('',#3586,#1718);
#1518=LINE('',#3588,#1719);
#1519=LINE('',#3590,#1720);
#1520=LINE('',#3592,#1721);
#1521=LINE('',#3594,#1722);
#1522=LINE('',#3597,#1723);
#1523=LINE('',#3599,#1724);
#1524=LINE('',#3601,#1725);
#1525=LINE('',#3603,#1726);
#1526=LINE('',#3605,#1727);
#1527=LINE('',#3607,#1728);
#1528=LINE('',#3624,#1729);
#1529=LINE('',#3627,#1730);
#1530=LINE('',#3629,#1731);
#1531=LINE('',#3631,#1732);
#1532=LINE('',#3633,#1733);
#1533=LINE('',#3637,#1734);
#1534=LINE('',#3641,#1735);
#1535=LINE('',#3643,#1736);
#1536=LINE('',#3650,#1737);
#1537=LINE('',#3654,#1738);
#1538=LINE('',#3655,#1739);
#1539=LINE('',#3657,#1740);
#1540=LINE('',#3661,#1741);
#1541=LINE('',#3662,#1742);
#1542=LINE('',#3664,#1743);
#1543=LINE('',#3668,#1744);
#1544=LINE('',#3672,#1745);
#1545=LINE('',#3681,#1746);
#1546=LINE('',#3684,#1747);
#1547=LINE('',#3686,#1748);
#1548=LINE('',#3688,#1749);
#1549=LINE('',#3690,#1750);
#1550=LINE('',#3692,#1751);
#1551=LINE('',#3694,#1752);
#1552=LINE('',#3698,#1753);
#1553=LINE('',#3708,#1754);
#1554=LINE('',#3711,#1755);
#1555=LINE('',#3712,#1756);
#1556=LINE('',#3714,#1757);
#1557=LINE('',#3718,#1758);
#1558=LINE('',#3721,#1759);
#1559=LINE('',#3722,#1760);
#1560=LINE('',#3724,#1761);
#1561=LINE('',#3727,#1762);
#1562=LINE('',#3728,#1763);
#1563=LINE('',#3730,#1764);
#1564=LINE('',#3733,#1765);
#1565=LINE('',#3734,#1766);
#1566=LINE('',#3736,#1767);
#1567=LINE('',#3739,#1768);
#1568=LINE('',#3740,#1769);
#1569=LINE('',#3742,#1770);
#1570=LINE('',#3745,#1771);
#1571=LINE('',#3746,#1772);
#1572=LINE('',#3748,#1773);
#1573=LINE('',#3751,#1774);
#1574=LINE('',#3752,#1775);
#1575=LINE('',#3754,#1776);
#1576=LINE('',#3757,#1777);
#1577=LINE('',#3758,#1778);
#1578=LINE('',#3760,#1779);
#1579=LINE('',#3762,#1780);
#1580=LINE('',#3764,#1781);
#1581=LINE('',#3766,#1782);
#1582=LINE('',#3768,#1783);
#1583=LINE('',#3770,#1784);
#1584=LINE('',#3772,#1785);
#1585=LINE('',#3775,#1786);
#1586=LINE('',#3777,#1787);
#1587=LINE('',#3779,#1788);
#1588=LINE('',#3781,#1789);
#1589=LINE('',#3784,#1790);
#1590=LINE('',#3786,#1791);
#1591=LINE('',#3788,#1792);
#1592=LINE('',#3790,#1793);
#1593=LINE('',#3793,#1794);
#1594=LINE('',#3795,#1795);
#1595=LINE('',#3797,#1796);
#1596=LINE('',#3799,#1797);
#1597=LINE('',#3803,#1798);
#1598=LINE('',#3805,#1799);
#1599=LINE('',#3807,#1800);
#1600=LINE('',#3809,#1801);
#1601=LINE('',#3812,#1802);
#1602=LINE('',#3816,#1803);
#1603=LINE('',#3818,#1804);
#1604=LINE('',#3820,#1805);
#1605=LINE('',#3822,#1806);
#1606=LINE('',#3825,#1807);
#1607=LINE('',#3827,#1808);
#1608=LINE('',#3829,#1809);
#1609=LINE('',#3831,#1810);
#1610=LINE('',#3833,#1811);
#1611=LINE('',#3839,#1812);
#1612=LINE('',#3840,#1813);
#1613=LINE('',#3844,#1814);
#1614=VECTOR('',#2589,1.);
#1615=VECTOR('',#2590,1.);
#1616=VECTOR('',#2591,1.);
#1617=VECTOR('',#2592,1.);
#1618=VECTOR('',#2597,1.);
#1619=VECTOR('',#2602,1.);
#1620=VECTOR('',#2603,1.);
#1621=VECTOR('',#2604,1.);
#1622=VECTOR('',#2605,1.);
#1623=VECTOR('',#2610,1.);
#1624=VECTOR('',#2615,1.);
#1625=VECTOR('',#2616,1.);
#1626=VECTOR('',#2617,1.);
#1627=VECTOR('',#2618,1.);
#1628=VECTOR('',#2621,1.);
#1629=VECTOR('',#2622,1.);
#1630=VECTOR('',#2623,1.);
#1631=VECTOR('',#2626,1.);
#1632=VECTOR('',#2627,1.);
#1633=VECTOR('',#2636,1.);
#1634=VECTOR('',#2637,1.);
#1635=VECTOR('',#2640,1.);
#1636=VECTOR('',#2643,1.);
#1637=VECTOR('',#2644,1.);
#1638=VECTOR('',#2647,1.);
#1639=VECTOR('',#2648,1.);
#1640=VECTOR('',#2649,1.);
#1641=VECTOR('',#2650,1.);
#1642=VECTOR('',#2651,1.);
#1643=VECTOR('',#2652,1.);
#1644=VECTOR('',#2653,1.);
#1645=VECTOR('',#2656,1.);
#1646=VECTOR('',#2657,1.);
#1647=VECTOR('',#2660,1.);
#1648=VECTOR('',#2663,1.);
#1649=VECTOR('',#2664,1.);
#1650=VECTOR('',#2665,1.);
#1651=VECTOR('',#2668,1.);
#1652=VECTOR('',#2669,1.);
#1653=VECTOR('',#2670,1.);
#1654=VECTOR('',#2675,1.);
#1655=VECTOR('',#2676,1.);
#1656=VECTOR('',#2677,1.);
#1657=VECTOR('',#2678,1.);
#1658=VECTOR('',#2681,1.);
#1659=VECTOR('',#2684,1.);
#1660=VECTOR('',#2685,1.);
#1661=VECTOR('',#2686,1.);
#1662=VECTOR('',#2689,1.);
#1663=VECTOR('',#2692,1.);
#1664=VECTOR('',#2693,1.);
#1665=VECTOR('',#2694,1.);
#1666=VECTOR('',#2697,1.);
#1667=VECTOR('',#2700,1.);
#1668=VECTOR('',#2705,1.);
#1669=VECTOR('',#2708,1.);
#1670=VECTOR('',#2709,1.);
#1671=VECTOR('',#2710,1.);
#1672=VECTOR('',#2711,1.);
#1673=VECTOR('',#2714,1.);
#1674=VECTOR('',#2717,1.);
#1675=VECTOR('',#2722,1.);
#1676=VECTOR('',#2723,1.);
#1677=VECTOR('',#2724,1.);
#1678=VECTOR('',#2725,1.);
#1679=VECTOR('',#2726,1.);
#1680=VECTOR('',#2727,1.);
#1681=VECTOR('',#2728,1.);
#1682=VECTOR('',#2729,1.);
#1683=VECTOR('',#2730,1.);
#1684=VECTOR('',#2731,1.);
#1685=VECTOR('',#2734,1.);
#1686=VECTOR('',#2739,1.);
#1687=VECTOR('',#2740,1.);
#1688=VECTOR('',#2741,1.);
#1689=VECTOR('',#2742,1.);
#1690=VECTOR('',#2743,1.);
#1691=VECTOR('',#2744,1.);
#1692=VECTOR('',#2745,1.);
#1693=VECTOR('',#2748,1.);
#1694=VECTOR('',#2753,1.);
#1695=VECTOR('',#2754,1.);
#1696=VECTOR('',#2755,1.);
#1697=VECTOR('',#2756,1.);
#1698=VECTOR('',#2759,1.);
#1699=VECTOR('',#2760,1.);
#1700=VECTOR('',#2761,1.);
#1701=VECTOR('',#2764,1.);
#1702=VECTOR('',#2765,1.);
#1703=VECTOR('',#2766,1.);
#1704=VECTOR('',#2767,1.);
#1705=VECTOR('',#2770,1.);
#1706=VECTOR('',#2771,1.);
#1707=VECTOR('',#2772,1.);
#1708=VECTOR('',#2775,1.);
#1709=VECTOR('',#2776,1.);
#1710=VECTOR('',#2777,1.);
#1711=VECTOR('',#2778,1.);
#1712=VECTOR('',#2781,1.);
#1713=VECTOR('',#2782,1.);
#1714=VECTOR('',#2783,1.);
#1715=VECTOR('',#2786,1.);
#1716=VECTOR('',#2787,1.);
#1717=VECTOR('',#2788,1.);
#1718=VECTOR('',#2789,1.);
#1719=VECTOR('',#2792,1.);
#1720=VECTOR('',#2793,1.);
#1721=VECTOR('',#2794,1.);
#1722=VECTOR('',#2797,1.);
#1723=VECTOR('',#2798,1.);
#1724=VECTOR('',#2799,1.);
#1725=VECTOR('',#2800,1.);
#1726=VECTOR('',#2803,1.);
#1727=VECTOR('',#2804,1.);
#1728=VECTOR('',#2805,1.);
#1729=VECTOR('',#2838,1.);
#1730=VECTOR('',#2839,1.);
#1731=VECTOR('',#2840,1.);
#1732=VECTOR('',#2841,1.);
#1733=VECTOR('',#2842,1.);
#1734=VECTOR('',#2845,1.);
#1735=VECTOR('',#2848,1.);
#1736=VECTOR('',#2851,1.);
#1737=VECTOR('',#2858,1.);
#1738=VECTOR('',#2863,1.);
#1739=VECTOR('',#2864,1.);
#1740=VECTOR('',#2867,1.);
#1741=VECTOR('',#2870,1.);
#1742=VECTOR('',#2871,1.);
#1743=VECTOR('',#2872,1.);
#1744=VECTOR('',#2875,1.);
#1745=VECTOR('',#2878,1.);
#1746=VECTOR('',#2893,1.);
#1747=VECTOR('',#2894,1.);
#1748=VECTOR('',#2895,1.);
#1749=VECTOR('',#2896,1.);
#1750=VECTOR('',#2897,1.);
#1751=VECTOR('',#2898,1.);
#1752=VECTOR('',#2899,1.);
#1753=VECTOR('',#2902,1.);
#1754=VECTOR('',#2919,1.);
#1755=VECTOR('',#2920,1.);
#1756=VECTOR('',#2921,1.);
#1757=VECTOR('',#2922,1.);
#1758=VECTOR('',#2927,1.);
#1759=VECTOR('',#2928,1.);
#1760=VECTOR('',#2929,1.);
#1761=VECTOR('',#2932,1.);
#1762=VECTOR('',#2933,1.);
#1763=VECTOR('',#2934,1.);
#1764=VECTOR('',#2937,1.);
#1765=VECTOR('',#2938,1.);
#1766=VECTOR('',#2939,1.);
#1767=VECTOR('',#2942,1.);
#1768=VECTOR('',#2943,1.);
#1769=VECTOR('',#2944,1.);
#1770=VECTOR('',#2947,1.);
#1771=VECTOR('',#2948,1.);
#1772=VECTOR('',#2949,1.);
#1773=VECTOR('',#2952,1.);
#1774=VECTOR('',#2953,1.);
#1775=VECTOR('',#2954,1.);
#1776=VECTOR('',#2957,1.);
#1777=VECTOR('',#2958,1.);
#1778=VECTOR('',#2959,1.);
#1779=VECTOR('',#2962,1.);
#1780=VECTOR('',#2963,1.);
#1781=VECTOR('',#2964,1.);
#1782=VECTOR('',#2967,1.);
#1783=VECTOR('',#2968,1.);
#1784=VECTOR('',#2969,1.);
#1785=VECTOR('',#2972,1.);
#1786=VECTOR('',#2973,1.);
#1787=VECTOR('',#2974,1.);
#1788=VECTOR('',#2975,1.);
#1789=VECTOR('',#2978,1.);
#1790=VECTOR('',#2979,1.);
#1791=VECTOR('',#2980,1.);
#1792=VECTOR('',#2981,1.);
#1793=VECTOR('',#2984,1.);
#1794=VECTOR('',#2985,1.);
#1795=VECTOR('',#2986,1.);
#1796=VECTOR('',#2987,1.);
#1797=VECTOR('',#2990,1.);
#1798=VECTOR('',#2993,1.);
#1799=VECTOR('',#2996,1.);
#1800=VECTOR('',#2997,1.);
#1801=VECTOR('',#3000,1.);
#1802=VECTOR('',#3005,1.);
#1803=VECTOR('',#3008,1.);
#1804=VECTOR('',#3011,1.);
#1805=VECTOR('',#3012,1.);
#1806=VECTOR('',#3015,1.);
#1807=VECTOR('',#3020,1.);
#1808=VECTOR('',#3021,1.);
#1809=VECTOR('',#3022,1.);
#1810=VECTOR('',#3025,1.);
#1811=VECTOR('',#3026,1.);
#1812=VECTOR('',#3037,1.);
#1813=VECTOR('',#3038,1.);
#1814=VECTOR('',#3043,1.);
#1815=EDGE_LOOP('',(#224,#225,#226,#227));
#1816=EDGE_LOOP('',(#228,#229,#230,#231));
#1817=EDGE_LOOP('',(#232,#233,#234,#235));
#1818=EDGE_LOOP('',(#236,#237,#238,#239));
#1819=EDGE_LOOP('',(#240,#241,#242,#243));
#1820=EDGE_LOOP('',(#244,#245,#246,#247));
#1821=EDGE_LOOP('',(#248,#249,#250,#251));
#1822=EDGE_LOOP('',(#252,#253,#254,#255));
#1823=EDGE_LOOP('',(#256,#257,#258,#259));
#1824=EDGE_LOOP('',(#260,#261,#262));
#1825=EDGE_LOOP('',(#263,#264,#265));
#1826=EDGE_LOOP('',(#266,#267,#268,#269,#270,#271,#272,#273,#274,#275,#276));
#1827=EDGE_LOOP('',(#277,#278,#279,#280,#281,#282,#283,#284));
#1828=EDGE_LOOP('',(#285,#286,#287,#288,#289,#290,#291,#292,#293,#294));
#1829=EDGE_LOOP('',(#295,#296,#297,#298,#299,#300,#301,#302,#303,#304,#305,
#306));
#1830=EDGE_LOOP('',(#307,#308,#309,#310,#311,#312,#313,#314,#315,#316,#317,
#318));
#1831=EDGE_LOOP('',(#319,#320,#321,#322,#323,#324,#325,#326,#327,#328,#329,
#330,#331));
#1832=EDGE_LOOP('',(#332,#333,#334,#335,#336,#337,#338,#339,#340,#341));
#1833=EDGE_LOOP('',(#342,#343,#344,#345));
#1834=EDGE_LOOP('',(#346,#347,#348,#349));
#1835=EDGE_LOOP('',(#350,#351,#352,#353));
#1836=EDGE_LOOP('',(#354,#355,#356,#357));
#1837=EDGE_LOOP('',(#358,#359,#360,#361));
#1838=EDGE_LOOP('',(#362,#363,#364,#365));
#1839=EDGE_LOOP('',(#366,#367,#368,#369));
#1840=EDGE_LOOP('',(#370,#371,#372,#373));
#1841=EDGE_LOOP('',(#374,#375,#376,#377));
#1842=EDGE_LOOP('',(#378,#379,#380,#381));
#1843=EDGE_LOOP('',(#382,#383,#384,#385));
#1844=EDGE_LOOP('',(#386,#387,#388,#389));
#1845=EDGE_LOOP('',(#390,#391,#392,#393));
#1846=EDGE_LOOP('',(#394,#395,#396,#397));
#1847=EDGE_LOOP('',(#398,#399,#400,#401));
#1848=EDGE_LOOP('',(#402,#403,#404,#405,#406,#407,#408,#409,#410));
#1849=EDGE_LOOP('',(#411,#412,#413));
#1850=EDGE_LOOP('',(#414,#415,#416));
#1851=EDGE_LOOP('',(#417,#418,#419));
#1852=EDGE_LOOP('',(#420,#421,#422));
#1853=EDGE_LOOP('',(#423,#424,#425));
#1854=EDGE_LOOP('',(#426,#427,#428));
#1855=EDGE_LOOP('',(#429,#430,#431));
#1856=EDGE_LOOP('',(#432,#433,#434));
#1857=EDGE_LOOP('',(#435,#436,#437));
#1858=EDGE_LOOP('',(#438,#439,#440));
#1859=EDGE_LOOP('',(#441,#442,#443,#444,#445,#446,#447,#448));
#1860=EDGE_LOOP('',(#449,#450,#451,#452));
#1861=EDGE_LOOP('',(#453,#454,#455,#456,#457,#458,#459,#460,#461,#462,#463,
#464));
#1862=EDGE_LOOP('',(#465,#466,#467,#468));
#1863=EDGE_LOOP('',(#469,#470,#471,#472));
#1864=EDGE_LOOP('',(#473,#474,#475,#476));
#1865=EDGE_LOOP('',(#477,#478,#479,#480));
#1866=EDGE_LOOP('',(#481,#482,#483,#484,#485,#486,#487,#488,#489,#490));
#1867=EDGE_LOOP('',(#491,#492,#493,#494));
#1868=EDGE_LOOP('',(#495,#496,#497,#498));
#1869=EDGE_LOOP('',(#499,#500,#501,#502,#503,#504,#505,#506));
#1870=EDGE_LOOP('',(#507,#508,#509,#510));
#1871=EDGE_LOOP('',(#511,#512,#513,#514));
#1872=EDGE_LOOP('',(#515,#516,#517,#518));
#1873=EDGE_LOOP('',(#519,#520,#521,#522));
#1874=EDGE_LOOP('',(#523,#524,#525,#526));
#1875=EDGE_LOOP('',(#527,#528,#529,#530));
#1876=EDGE_LOOP('',(#531,#532,#533,#534));
#1877=EDGE_LOOP('',(#535,#536,#537,#538));
#1878=EDGE_LOOP('',(#539,#540,#541,#542));
#1879=EDGE_LOOP('',(#543,#544,#545,#546));
#1880=EDGE_LOOP('',(#547,#548,#549,#550));
#1881=EDGE_LOOP('',(#551,#552,#553,#554));
#1882=EDGE_LOOP('',(#555,#556,#557));
#1883=EDGE_LOOP('',(#558,#559,#560));
#1884=EDGE_LOOP('',(#561,#562,#563));
#1885=EDGE_LOOP('',(#564,#565,#566,#567));
#1886=EDGE_LOOP('',(#568,#569,#570,#571));
#1887=EDGE_LOOP('',(#572,#573,#574,#575));
#1888=EDGE_LOOP('',(#576,#577,#578));
#1889=EDGE_LOOP('',(#579,#580,#581));
#1890=EDGE_LOOP('',(#582,#583,#584,#585));
#1891=EDGE_LOOP('',(#586,#587,#588,#589));
#1892=EDGE_LOOP('',(#590,#591,#592,#593));
#1893=EDGE_LOOP('',(#594,#595,#596));
#1894=EDGE_LOOP('',(#597,#598,#599));
#1895=EDGE_LOOP('',(#600,#601,#602,#603));
#1896=EDGE_LOOP('',(#604,#605,#606,#607));
#1897=EDGE_LOOP('',(#608,#609,#610,#611,#612,#613));
#1898=EDGE_LOOP('',(#614,#615,#616));
#1899=EDGE_LOOP('',(#617,#618,#619));
#1900=EDGE_LOOP('',(#620,#621,#622,#623,#624));
#1901=EDGE_LOOP('',(#625,#626,#627,#628,#629,#630,#631));
#1902=EDGE_LOOP('',(#632,#633,#634,#635,#636));
#1903=EDGE_LOOP('',(#637,#638,#639,#640));
#1904=EDGE_LOOP('',(#641,#642,#643));
#1905=EDGE_LOOP('',(#644,#645,#646,#647));
#1906=EDGE_LOOP('',(#648,#649,#650,#651));
#1907=EDGE_LOOP('',(#652,#653,#654,#655));
#1908=EDGE_LOOP('',(#656,#657,#658,#659));
#1909=EDGE_LOOP('',(#660,#661,#662,#663));
#1910=EDGE_LOOP('',(#664,#665,#666,#667));
#1911=EDGE_LOOP('',(#668,#669,#670,#671));
#1912=EDGE_LOOP('',(#672,#673,#674,#675));
#1913=EDGE_LOOP('',(#676,#677,#678));
#1914=EDGE_LOOP('',(#679,#680,#681,#682));
#1915=EDGE_LOOP('',(#683,#684,#685,#686));
#1916=EDGE_LOOP('',(#687,#688,#689,#690));
#1917=EDGE_LOOP('',(#691,#692,#693,#694));
#1918=EDGE_LOOP('',(#695,#696,#697));
#1919=EDGE_LOOP('',(#698,#699,#700,#701));
#1920=EDGE_LOOP('',(#702,#703,#704,#705));
#1921=EDGE_LOOP('',(#706,#707,#708,#709));
#1922=EDGE_LOOP('',(#710,#711,#712,#713));
#1923=EDGE_LOOP('',(#714,#715,#716,#717));
#1924=EDGE_LOOP('',(#718,#719,#720,#721));
#1925=EDGE_LOOP('',(#722,#723,#724,#725));
#1926=EDGE_LOOP('',(#726,#727,#728,#729));
#1927=EDGE_LOOP('',(#730,#731,#732));
#1928=EDGE_LOOP('',(#733,#734,#735,#736));
#1929=EDGE_LOOP('',(#737,#738,#739,#740));
#1930=EDGE_LOOP('',(#741,#742,#743,#744));
#1931=EDGE_LOOP('',(#745,#746,#747,#748));
#1932=EDGE_LOOP('',(#749,#750,#751));
#1933=EDGE_LOOP('',(#752,#753,#754,#755));
#1934=EDGE_LOOP('',(#756,#757,#758,#759));
#1935=EDGE_LOOP('',(#760,#761,#762,#763));
#1936=EDGE_LOOP('',(#764,#765,#766,#767));
#1937=EDGE_LOOP('',(#768,#769,#770,#771));
#1938=EDGE_LOOP('',(#772,#773,#774,#775));
#1939=EDGE_LOOP('',(#776,#777,#778,#779));
#1940=EDGE_LOOP('',(#780,#781,#782,#783));
#1941=EDGE_LOOP('',(#784,#785,#786));
#1942=EDGE_LOOP('',(#787,#788,#789,#790));
#1943=EDGE_LOOP('',(#791,#792,#793));
#1944=EDGE_LOOP('',(#794,#795,#796,#797));
#1945=EDGE_LOOP('',(#798,#799,#800,#801));
#1946=EDGE_LOOP('',(#802,#803,#804,#805));
#1947=EDGE_LOOP('',(#806,#807,#808,#809));
#1948=EDGE_LOOP('',(#810,#811,#812,#813));
#1949=EDGE_LOOP('',(#814,#815,#816));
#1950=EDGE_LOOP('',(#817,#818,#819));
#1951=EDGE_LOOP('',(#820,#821,#822));
#1952=EDGE_LOOP('',(#823,#824,#825,#826));
#1953=EDGE_LOOP('',(#827,#828,#829,#830));
#1954=EDGE_LOOP('',(#831,#832,#833,#834));
#1955=EDGE_LOOP('',(#835,#836,#837,#838));
#1956=EDGE_LOOP('',(#839,#840,#841,#842));
#1957=EDGE_LOOP('',(#843,#844,#845,#846));
#1958=EDGE_LOOP('',(#847,#848,#849));
#1959=EDGE_LOOP('',(#850,#851,#852));
#1960=EDGE_LOOP('',(#853,#854,#855,#856));
#1961=EDGE_LOOP('',(#857,#858,#859,#860));
#1962=EDGE_LOOP('',(#861,#862,#863,#864));
#1963=EDGE_LOOP('',(#865,#866,#867,#868));
#1964=EDGE_LOOP('',(#869,#870,#871));
#1965=EDGE_LOOP('',(#872,#873,#874,#875));
#1966=EDGE_LOOP('',(#876,#877,#878,#879));
#1967=EDGE_LOOP('',(#880,#881,#882,#883));
#1968=FACE_BOUND('',#1815,.T.);
#1969=FACE_BOUND('',#1816,.T.);
#1970=FACE_BOUND('',#1817,.T.);
#1971=FACE_BOUND('',#1818,.T.);
#1972=FACE_BOUND('',#1819,.T.);
#1973=FACE_BOUND('',#1820,.T.);
#1974=FACE_BOUND('',#1821,.T.);
#1975=FACE_BOUND('',#1822,.T.);
#1976=FACE_BOUND('',#1823,.T.);
#1977=FACE_BOUND('',#1824,.T.);
#1978=FACE_BOUND('',#1825,.T.);
#1979=FACE_BOUND('',#1826,.T.);
#1980=FACE_BOUND('',#1827,.T.);
#1981=FACE_BOUND('',#1828,.T.);
#1982=FACE_BOUND('',#1829,.T.);
#1983=FACE_BOUND('',#1830,.T.);
#1984=FACE_BOUND('',#1831,.T.);
#1985=FACE_BOUND('',#1832,.T.);
#1986=FACE_BOUND('',#1833,.T.);
#1987=FACE_BOUND('',#1834,.T.);
#1988=FACE_BOUND('',#1835,.T.);
#1989=FACE_BOUND('',#1836,.T.);
#1990=FACE_BOUND('',#1837,.T.);
#1991=FACE_BOUND('',#1838,.T.);
#1992=FACE_BOUND('',#1839,.T.);
#1993=FACE_BOUND('',#1840,.T.);
#1994=FACE_BOUND('',#1841,.T.);
#1995=FACE_BOUND('',#1842,.T.);
#1996=FACE_BOUND('',#1843,.T.);
#1997=FACE_BOUND('',#1844,.T.);
#1998=FACE_BOUND('',#1845,.T.);
#1999=FACE_BOUND('',#1846,.T.);
#2000=FACE_BOUND('',#1847,.T.);
#2001=FACE_BOUND('',#1848,.T.);
#2002=FACE_BOUND('',#1849,.T.);
#2003=FACE_BOUND('',#1850,.T.);
#2004=FACE_BOUND('',#1851,.T.);
#2005=FACE_BOUND('',#1852,.T.);
#2006=FACE_BOUND('',#1853,.T.);
#2007=FACE_BOUND('',#1854,.T.);
#2008=FACE_BOUND('',#1855,.T.);
#2009=FACE_BOUND('',#1856,.T.);
#2010=FACE_BOUND('',#1857,.T.);
#2011=FACE_BOUND('',#1858,.T.);
#2012=FACE_BOUND('',#1859,.T.);
#2013=FACE_BOUND('',#1860,.T.);
#2014=FACE_BOUND('',#1861,.T.);
#2015=FACE_BOUND('',#1862,.T.);
#2016=FACE_BOUND('',#1863,.T.);
#2017=FACE_BOUND('',#1864,.T.);
#2018=FACE_BOUND('',#1865,.T.);
#2019=FACE_BOUND('',#1866,.T.);
#2020=FACE_BOUND('',#1867,.T.);
#2021=FACE_BOUND('',#1868,.T.);
#2022=FACE_BOUND('',#1869,.T.);
#2023=FACE_BOUND('',#1870,.T.);
#2024=FACE_BOUND('',#1871,.T.);
#2025=FACE_BOUND('',#1872,.T.);
#2026=FACE_BOUND('',#1873,.T.);
#2027=FACE_BOUND('',#1874,.T.);
#2028=FACE_BOUND('',#1875,.T.);
#2029=FACE_BOUND('',#1876,.T.);
#2030=FACE_BOUND('',#1877,.T.);
#2031=FACE_BOUND('',#1878,.T.);
#2032=FACE_BOUND('',#1879,.T.);
#2033=FACE_BOUND('',#1880,.T.);
#2034=FACE_BOUND('',#1881,.T.);
#2035=FACE_BOUND('',#1882,.T.);
#2036=FACE_BOUND('',#1883,.T.);
#2037=FACE_BOUND('',#1884,.T.);
#2038=FACE_BOUND('',#1885,.T.);
#2039=FACE_BOUND('',#1886,.T.);
#2040=FACE_BOUND('',#1887,.T.);
#2041=FACE_BOUND('',#1888,.T.);
#2042=FACE_BOUND('',#1889,.T.);
#2043=FACE_BOUND('',#1890,.T.);
#2044=FACE_BOUND('',#1891,.T.);
#2045=FACE_BOUND('',#1892,.T.);
#2046=FACE_BOUND('',#1893,.T.);
#2047=FACE_BOUND('',#1894,.T.);
#2048=FACE_BOUND('',#1895,.T.);
#2049=FACE_BOUND('',#1896,.T.);
#2050=FACE_BOUND('',#1897,.T.);
#2051=FACE_BOUND('',#1898,.T.);
#2052=FACE_BOUND('',#1899,.T.);
#2053=FACE_BOUND('',#1900,.T.);
#2054=FACE_BOUND('',#1901,.T.);
#2055=FACE_BOUND('',#1902,.T.);
#2056=FACE_BOUND('',#1903,.T.);
#2057=FACE_BOUND('',#1904,.T.);
#2058=FACE_BOUND('',#1905,.T.);
#2059=FACE_BOUND('',#1906,.T.);
#2060=FACE_BOUND('',#1907,.T.);
#2061=FACE_BOUND('',#1908,.T.);
#2062=FACE_BOUND('',#1909,.T.);
#2063=FACE_BOUND('',#1910,.T.);
#2064=FACE_BOUND('',#1911,.T.);
#2065=FACE_BOUND('',#1912,.T.);
#2066=FACE_BOUND('',#1913,.T.);
#2067=FACE_BOUND('',#1914,.T.);
#2068=FACE_BOUND('',#1915,.T.);
#2069=FACE_BOUND('',#1916,.T.);
#2070=FACE_BOUND('',#1917,.T.);
#2071=FACE_BOUND('',#1918,.T.);
#2072=FACE_BOUND('',#1919,.T.);
#2073=FACE_BOUND('',#1920,.T.);
#2074=FACE_BOUND('',#1921,.T.);
#2075=FACE_BOUND('',#1922,.T.);
#2076=FACE_BOUND('',#1923,.T.);
#2077=FACE_BOUND('',#1924,.T.);
#2078=FACE_BOUND('',#1925,.T.);
#2079=FACE_BOUND('',#1926,.T.);
#2080=FACE_BOUND('',#1927,.T.);
#2081=FACE_BOUND('',#1928,.T.);
#2082=FACE_BOUND('',#1929,.T.);
#2083=FACE_BOUND('',#1930,.T.);
#2084=FACE_BOUND('',#1931,.T.);
#2085=FACE_BOUND('',#1932,.T.);
#2086=FACE_BOUND('',#1933,.T.);
#2087=FACE_BOUND('',#1934,.T.);
#2088=FACE_BOUND('',#1935,.T.);
#2089=FACE_BOUND('',#1936,.T.);
#2090=FACE_BOUND('',#1937,.T.);
#2091=FACE_BOUND('',#1938,.T.);
#2092=FACE_BOUND('',#1939,.T.);
#2093=FACE_BOUND('',#1940,.T.);
#2094=FACE_BOUND('',#1941,.T.);
#2095=FACE_BOUND('',#1942,.T.);
#2096=FACE_BOUND('',#1943,.T.);
#2097=FACE_BOUND('',#1944,.T.);
#2098=FACE_BOUND('',#1945,.T.);
#2099=FACE_BOUND('',#1946,.T.);
#2100=FACE_BOUND('',#1947,.T.);
#2101=FACE_BOUND('',#1948,.T.);
#2102=FACE_BOUND('',#1949,.T.);
#2103=FACE_BOUND('',#1950,.T.);
#2104=FACE_BOUND('',#1951,.T.);
#2105=FACE_BOUND('',#1952,.T.);
#2106=FACE_BOUND('',#1953,.T.);
#2107=FACE_BOUND('',#1954,.T.);
#2108=FACE_BOUND('',#1955,.T.);
#2109=FACE_BOUND('',#1956,.T.);
#2110=FACE_BOUND('',#1957,.T.);
#2111=FACE_BOUND('',#1958,.T.);
#2112=FACE_BOUND('',#1959,.T.);
#2113=FACE_BOUND('',#1960,.T.);
#2114=FACE_BOUND('',#1961,.T.);
#2115=FACE_BOUND('',#1962,.T.);
#2116=FACE_BOUND('',#1963,.T.);
#2117=FACE_BOUND('',#1964,.T.);
#2118=FACE_BOUND('',#1965,.T.);
#2119=FACE_BOUND('',#1966,.T.);
#2120=FACE_BOUND('',#1967,.T.);
#2121=PLANE('',#2321);
#2122=PLANE('',#2325);
#2123=PLANE('',#2329);
#2124=PLANE('',#2330);
#2125=PLANE('',#2331);
#2126=PLANE('',#2335);
#2127=PLANE('',#2336);
#2128=PLANE('',#2341);
#2129=PLANE('',#2344);
#2130=PLANE('',#2347);
#2131=PLANE('',#2352);
#2132=PLANE('',#2357);
#2133=PLANE('',#2360);
#2134=PLANE('',#2363);
#2135=PLANE('',#2364);
#2136=PLANE('',#2365);
#2137=PLANE('',#2366);
#2138=PLANE('',#2367);
#2139=PLANE('',#2368);
#2140=PLANE('',#2369);
#2141=PLANE('',#2370);
#2142=PLANE('',#2371);
#2143=PLANE('',#2372);
#2144=PLANE('',#2388);
#2145=PLANE('',#2391);
#2146=PLANE('',#2396);
#2147=PLANE('',#2397);
#2148=PLANE('',#2407);
#2149=PLANE('',#2416);
#2150=PLANE('',#2418);
#2151=PLANE('',#2419);
#2152=PLANE('',#2420);
#2153=PLANE('',#2421);
#2154=PLANE('',#2422);
#2155=PLANE('',#2423);
#2156=PLANE('',#2424);
#2157=PLANE('',#2425);
#2158=PLANE('',#2426);
#2159=PLANE('',#2427);
#2160=PLANE('',#2428);
#2161=PLANE('',#2429);
#2162=PLANE('',#2432);
#2163=PLANE('',#2433);
#2164=PLANE('',#2434);
#2165=PLANE('',#2437);
#2166=PLANE('',#2438);
#2167=PLANE('',#2439);
#2168=PLANE('',#2440);
#2169=PLANE('',#2441);
#2170=PLANE('',#2445);
#2171=PLANE('',#2446);
#2172=PLANE('',#2448);
#2173=ADVANCED_FACE('',(#1968),#2121,.T.);
#2174=ADVANCED_FACE('',(#1969),#164,.F.);
#2175=ADVANCED_FACE('',(#1970),#2122,.T.);
#2176=ADVANCED_FACE('',(#1971),#165,.F.);
#2177=ADVANCED_FACE('',(#1972),#2123,.T.);
#2178=ADVANCED_FACE('',(#1973),#2124,.F.);
#2179=ADVANCED_FACE('',(#1974),#2125,.T.);
#2180=ADVANCED_FACE('',(#1975),#166,.F.);
#2181=ADVANCED_FACE('',(#1976),#2126,.T.);
#2182=ADVANCED_FACE('',(#1977,#1978,#1979),#2127,.F.);
#2183=ADVANCED_FACE('',(#1980),#2128,.F.);
#2184=ADVANCED_FACE('',(#1981),#2129,.F.);
#2185=ADVANCED_FACE('',(#1982),#2130,.T.);
#2186=ADVANCED_FACE('',(#1983),#2131,.T.);
#2187=ADVANCED_FACE('',(#1984),#2132,.T.);
#2188=ADVANCED_FACE('',(#1985),#2133,.T.);
#2189=ADVANCED_FACE('',(#1986),#2134,.F.);
#2190=ADVANCED_FACE('',(#1987),#2135,.T.);
#2191=ADVANCED_FACE('',(#1988),#2136,.F.);
#2192=ADVANCED_FACE('',(#1989),#2137,.T.);
#2193=ADVANCED_FACE('',(#1990),#2138,.F.);
#2194=ADVANCED_FACE('',(#1991),#2139,.T.);
#2195=ADVANCED_FACE('',(#1992),#2140,.F.);
#2196=ADVANCED_FACE('',(#1993),#2141,.T.);
#2197=ADVANCED_FACE('',(#1994),#2142,.F.);
#2198=ADVANCED_FACE('',(#1995),#2143,.T.);
#2199=ADVANCED_FACE('',(#1996),#167,.F.);
#2200=ADVANCED_FACE('',(#1997),#168,.F.);
#2201=ADVANCED_FACE('',(#1998),#169,.F.);
#2202=ADVANCED_FACE('',(#1999),#170,.F.);
#2203=ADVANCED_FACE('',(#2000),#171,.F.);
#2204=ADVANCED_FACE('',(#2001,#2002,#2003,#2004,#2005,#2006),#2144,.F.);
#2205=ADVANCED_FACE('',(#2007,#2008,#2009,#2010,#2011,#2012),#2145,.T.);
#2206=ADVANCED_FACE('',(#2013),#2146,.T.);
#2207=ADVANCED_FACE('',(#2014),#2147,.F.);
#2208=ADVANCED_FACE('',(#2015),#172,.F.);
#2209=ADVANCED_FACE('',(#2016),#173,.F.);
#2210=ADVANCED_FACE('',(#2017),#174,.F.);
#2211=ADVANCED_FACE('',(#2018),#175,.F.);
#2212=ADVANCED_FACE('',(#2019),#2148,.F.);
#2213=ADVANCED_FACE('',(#2020),#176,.T.);
#2214=ADVANCED_FACE('',(#2021),#177,.T.);
#2215=ADVANCED_FACE('',(#2022),#2149,.F.);
#2216=ADVANCED_FACE('',(#2023),#2150,.T.);
#2217=ADVANCED_FACE('',(#2024),#2151,.F.);
#2218=ADVANCED_FACE('',(#2025),#2152,.T.);
#2219=ADVANCED_FACE('',(#2026),#2153,.F.);
#2220=ADVANCED_FACE('',(#2027),#2154,.T.);
#2221=ADVANCED_FACE('',(#2028),#2155,.T.);
#2222=ADVANCED_FACE('',(#2029),#2156,.T.);
#2223=ADVANCED_FACE('',(#2030),#2157,.F.);
#2224=ADVANCED_FACE('',(#2031),#2158,.T.);
#2225=ADVANCED_FACE('',(#2032),#2159,.T.);
#2226=ADVANCED_FACE('',(#2033),#2160,.T.);
#2227=ADVANCED_FACE('',(#2034,#2035,#2036,#2037),#2161,.T.);
#2228=ADVANCED_FACE('',(#2038),#178,.F.);
#2229=ADVANCED_FACE('',(#2039),#2162,.T.);
#2230=ADVANCED_FACE('',(#2040),#2163,.F.);
#2231=ADVANCED_FACE('',(#2041,#2042),#2164,.T.);
#2232=ADVANCED_FACE('',(#2043),#179,.F.);
#2233=ADVANCED_FACE('',(#2044),#2165,.T.);
#2234=ADVANCED_FACE('',(#2045),#2166,.F.);
#2235=ADVANCED_FACE('',(#2046,#2047),#2167,.T.);
#2236=ADVANCED_FACE('',(#2048),#2168,.T.);
#2237=ADVANCED_FACE('',(#2049),#2169,.F.);
#2238=ADVANCED_FACE('',(#2050),#180,.F.);
#2239=ADVANCED_FACE('',(#2051,#2052),#2170,.T.);
#2240=ADVANCED_FACE('',(#2053),#2171,.T.);
#2241=ADVANCED_FACE('',(#2054),#2172,.T.);
#2242=ADVANCED_FACE('',(#2055),#181,.T.);
#2243=ADVANCED_FACE('',(#2056),#182,.T.);
#2244=ADVANCED_FACE('',(#2057),#22,.T.);
#2245=ADVANCED_FACE('',(#2058),#183,.T.);
#2246=ADVANCED_FACE('',(#2059),#184,.F.);
#2247=ADVANCED_FACE('',(#2060),#12,.T.);
#2248=ADVANCED_FACE('',(#2061),#185,.T.);
#2249=ADVANCED_FACE('',(#2062),#186,.F.);
#2250=ADVANCED_FACE('',(#2063),#13,.T.);
#2251=ADVANCED_FACE('',(#2064),#187,.T.);
#2252=ADVANCED_FACE('',(#2065),#188,.T.);
#2253=ADVANCED_FACE('',(#2066),#23,.T.);
#2254=ADVANCED_FACE('',(#2067),#189,.T.);
#2255=ADVANCED_FACE('',(#2068),#14,.T.);
#2256=ADVANCED_FACE('',(#2069),#190,.T.);
#2257=ADVANCED_FACE('',(#2070),#191,.T.);
#2258=ADVANCED_FACE('',(#2071),#24,.T.);
#2259=ADVANCED_FACE('',(#2072),#192,.T.);
#2260=ADVANCED_FACE('',(#2073),#193,.F.);
#2261=ADVANCED_FACE('',(#2074),#15,.T.);
#2262=ADVANCED_FACE('',(#2075),#194,.T.);
#2263=ADVANCED_FACE('',(#2076),#195,.F.);
#2264=ADVANCED_FACE('',(#2077),#16,.T.);
#2265=ADVANCED_FACE('',(#2078),#196,.T.);
#2266=ADVANCED_FACE('',(#2079),#197,.T.);
#2267=ADVANCED_FACE('',(#2080),#25,.T.);
#2268=ADVANCED_FACE('',(#2081),#198,.T.);
#2269=ADVANCED_FACE('',(#2082),#17,.T.);
#2270=ADVANCED_FACE('',(#2083),#199,.T.);
#2271=ADVANCED_FACE('',(#2084),#200,.T.);
#2272=ADVANCED_FACE('',(#2085),#26,.T.);
#2273=ADVANCED_FACE('',(#2086),#201,.T.);
#2274=ADVANCED_FACE('',(#2087),#202,.F.);
#2275=ADVANCED_FACE('',(#2088),#18,.T.);
#2276=ADVANCED_FACE('',(#2089),#203,.T.);
#2277=ADVANCED_FACE('',(#2090),#204,.F.);
#2278=ADVANCED_FACE('',(#2091),#19,.T.);
#2279=ADVANCED_FACE('',(#2092),#205,.T.);
#2280=ADVANCED_FACE('',(#2093),#206,.T.);
#2281=ADVANCED_FACE('',(#2094),#27,.T.);
#2282=ADVANCED_FACE('',(#2095),#207,.T.);
#2283=ADVANCED_FACE('',(#2096),#28,.T.);
#2284=ADVANCED_FACE('',(#2097),#208,.T.);
#2285=ADVANCED_FACE('',(#2098),#209,.T.);
#2286=ADVANCED_FACE('',(#2099),#210,.T.);
#2287=ADVANCED_FACE('',(#2100),#211,.T.);
#2288=ADVANCED_FACE('',(#2101),#212,.T.);
#2289=ADVANCED_FACE('',(#2102),#29,.T.);
#2290=ADVANCED_FACE('',(#2103),#30,.T.);
#2291=ADVANCED_FACE('',(#2104),#31,.T.);
#2292=ADVANCED_FACE('',(#2105),#213,.T.);
#2293=ADVANCED_FACE('',(#2106),#214,.T.);
#2294=ADVANCED_FACE('',(#2107),#215,.T.);
#2295=ADVANCED_FACE('',(#2108),#216,.T.);
#2296=ADVANCED_FACE('',(#2109),#217,.T.);
#2297=ADVANCED_FACE('',(#2110),#20,.T.);
#2298=ADVANCED_FACE('',(#2111),#32,.T.);
#2299=ADVANCED_FACE('',(#2112),#33,.T.);
#2300=ADVANCED_FACE('',(#2113),#218,.T.);
#2301=ADVANCED_FACE('',(#2114),#219,.T.);
#2302=ADVANCED_FACE('',(#2115),#220,.T.);
#2303=ADVANCED_FACE('',(#2116),#21,.T.);
#2304=ADVANCED_FACE('',(#2117),#34,.T.);
#2305=ADVANCED_FACE('',(#2118),#221,.T.);
#2306=ADVANCED_FACE('',(#2119),#222,.T.);
#2307=ADVANCED_FACE('',(#2120),#223,.T.);
#2308=CLOSED_SHELL('',(#2173,#2174,#2175,#2176,#2177,#2178,#2179,#2180,
#2181,#2182,#2183,#2184,#2185,#2186,#2187,#2188,#2189,#2190,#2191,#2192,
#2193,#2194,#2195,#2196,#2197,#2198,#2199,#2200,#2201,#2202,#2203,#2204,
#2205,#2206,#2207,#2208,#2209,#2210,#2211,#2212,#2213,#2214,#2215,#2216,
#2217,#2218,#2219,#2220,#2221,#2222,#2223,#2224,#2225,#2226,#2227,#2228,
#2229,#2230,#2231,#2232,#2233,#2234,#2235,#2236,#2237,#2238,#2239,#2240,
#2241,#2242,#2243,#2244,#2245,#2246,#2247,#2248,#2249,#2250,#2251,#2252,
#2253,#2254,#2255,#2256,#2257,#2258,#2259,#2260,#2261,#2262,#2263,#2264,
#2265,#2266,#2267,#2268,#2269,#2270,#2271,#2272,#2273,#2274,#2275,#2276,
#2277,#2278,#2279,#2280,#2281,#2282,#2283,#2284,#2285,#2286,#2287,#2288,
#2289,#2290,#2291,#2292,#2293,#2294,#2295,#2296,#2297,#2298,#2299,#2300,
#2301,#2302,#2303,#2304,#2305,#2306,#2307));
#2309=STYLED_ITEM('',(#2310),#2317);
#2310=PRESENTATION_STYLE_ASSIGNMENT((#2311));
#2311=SURFACE_STYLE_USAGE(.BOTH.,#2312);
#2312=SURFACE_SIDE_STYLE('',(#2313));
#2313=SURFACE_STYLE_FILL_AREA(#2314);
#2314=FILL_AREA_STYLE('',(#2315));
#2315=FILL_AREA_STYLE_COLOUR('',#2316);
#2316=COLOUR_RGB('',0.615686274509804,0.811764705882353,0.929411764705882);
#2317=MANIFOLD_SOLID_BREP('Part 1',#2308);
#2318=SHAPE_DEFINITION_REPRESENTATION(#3987,#2319);
#2319=SHAPE_REPRESENTATION('Part 1',(#2320),#3982);
#2320=AXIS2_PLACEMENT_3D('',#3316,#2585,#2586);
#2321=AXIS2_PLACEMENT_3D('',#3317,#2587,#2588);
#2322=AXIS2_PLACEMENT_3D('',#3326,#2593,#2594);
#2323=AXIS2_PLACEMENT_3D('',#3327,#2595,#2596);
#2324=AXIS2_PLACEMENT_3D('',#3331,#2598,#2599);
#2325=AXIS2_PLACEMENT_3D('',#3332,#2600,#2601);
#2326=AXIS2_PLACEMENT_3D('',#3341,#2606,#2607);
#2327=AXIS2_PLACEMENT_3D('',#3342,#2608,#2609);
#2328=AXIS2_PLACEMENT_3D('',#3346,#2611,#2612);
#2329=AXIS2_PLACEMENT_3D('',#3347,#2613,#2614);
#2330=AXIS2_PLACEMENT_3D('',#3356,#2619,#2620);
#2331=AXIS2_PLACEMENT_3D('',#3362,#2624,#2625);
#2332=AXIS2_PLACEMENT_3D('',#3365,#2628,#2629);
#2333=AXIS2_PLACEMENT_3D('',#3366,#2630,#2631);
#2334=AXIS2_PLACEMENT_3D('',#3367,#2632,#2633);
#2335=AXIS2_PLACEMENT_3D('',#3368,#2634,#2635);
#2336=AXIS2_PLACEMENT_3D('',#3371,#2638,#2639);
#2337=AXIS2_PLACEMENT_3D('',#3375,#2641,#2642);
#2338=AXIS2_PLACEMENT_3D('',#3381,#2645,#2646);
#2339=AXIS2_PLACEMENT_3D('',#3397,#2654,#2655);
#2340=AXIS2_PLACEMENT_3D('',#3403,#2658,#2659);
#2341=AXIS2_PLACEMENT_3D('',#3406,#2661,#2662);
#2342=AXIS2_PLACEMENT_3D('',#3414,#2666,#2667);
#2343=AXIS2_PLACEMENT_3D('',#3422,#2671,#2672);
#2344=AXIS2_PLACEMENT_3D('',#3423,#2673,#2674);
#2345=AXIS2_PLACEMENT_3D('',#3433,#2679,#2680);
#2346=AXIS2_PLACEMENT_3D('',#3437,#2682,#2683);
#2347=AXIS2_PLACEMENT_3D('',#3444,#2687,#2688);
#2348=AXIS2_PLACEMENT_3D('',#3448,#2690,#2691);
#2349=AXIS2_PLACEMENT_3D('',#3454,#2695,#2696);
#2350=AXIS2_PLACEMENT_3D('',#3458,#2698,#2699);
#2351=AXIS2_PLACEMENT_3D('',#3462,#2701,#2702);
#2352=AXIS2_PLACEMENT_3D('',#3463,#2703,#2704);
#2353=AXIS2_PLACEMENT_3D('',#3467,#2706,#2707);
#2354=AXIS2_PLACEMENT_3D('',#3476,#2712,#2713);
#2355=AXIS2_PLACEMENT_3D('',#3480,#2715,#2716);
#2356=AXIS2_PLACEMENT_3D('',#3484,#2718,#2719);
#2357=AXIS2_PLACEMENT_3D('',#3485,#2720,#2721);
#2358=AXIS2_PLACEMENT_3D('',#3507,#2732,#2733);
#2359=AXIS2_PLACEMENT_3D('',#3511,#2735,#2736);
#2360=AXIS2_PLACEMENT_3D('',#3512,#2737,#2738);
#2361=AXIS2_PLACEMENT_3D('',#3528,#2746,#2747);
#2362=AXIS2_PLACEMENT_3D('',#3532,#2749,#2750);
#2363=AXIS2_PLACEMENT_3D('',#3533,#2751,#2752);
#2364=AXIS2_PLACEMENT_3D('',#3542,#2757,#2758);
#2365=AXIS2_PLACEMENT_3D('',#3548,#2762,#2763);
#2366=AXIS2_PLACEMENT_3D('',#3557,#2768,#2769);
#2367=AXIS2_PLACEMENT_3D('',#3563,#2773,#2774);
#2368=AXIS2_PLACEMENT_3D('',#3572,#2779,#2780);
#2369=AXIS2_PLACEMENT_3D('',#3578,#2784,#2785);
#2370=AXIS2_PLACEMENT_3D('',#3587,#2790,#2791);
#2371=AXIS2_PLACEMENT_3D('',#3593,#2795,#2796);
#2372=AXIS2_PLACEMENT_3D('',#3602,#2801,#2802);
#2373=AXIS2_PLACEMENT_3D('',#3608,#2806,#2807);
#2374=AXIS2_PLACEMENT_3D('',#3609,#2808,#2809);
#2375=AXIS2_PLACEMENT_3D('',#3610,#2810,#2811);
#2376=AXIS2_PLACEMENT_3D('',#3611,#2812,#2813);
#2377=AXIS2_PLACEMENT_3D('',#3612,#2814,#2815);
#2378=AXIS2_PLACEMENT_3D('',#3613,#2816,#2817);
#2379=AXIS2_PLACEMENT_3D('',#3614,#2818,#2819);
#2380=AXIS2_PLACEMENT_3D('',#3615,#2820,#2821);
#2381=AXIS2_PLACEMENT_3D('',#3616,#2822,#2823);
#2382=AXIS2_PLACEMENT_3D('',#3617,#2824,#2825);
#2383=AXIS2_PLACEMENT_3D('',#3618,#2826,#2827);
#2384=AXIS2_PLACEMENT_3D('',#3619,#2828,#2829);
#2385=AXIS2_PLACEMENT_3D('',#3620,#2830,#2831);
#2386=AXIS2_PLACEMENT_3D('',#3621,#2832,#2833);
#2387=AXIS2_PLACEMENT_3D('',#3622,#2834,#2835);
#2388=AXIS2_PLACEMENT_3D('',#3623,#2836,#2837);
#2389=AXIS2_PLACEMENT_3D('',#3635,#2843,#2844);
#2390=AXIS2_PLACEMENT_3D('',#3639,#2846,#2847);
#2391=AXIS2_PLACEMENT_3D('',#3642,#2849,#2850);
#2392=AXIS2_PLACEMENT_3D('',#3646,#2852,#2853);
#2393=AXIS2_PLACEMENT_3D('',#3647,#2854,#2855);
#2394=AXIS2_PLACEMENT_3D('',#3648,#2856,#2857);
#2395=AXIS2_PLACEMENT_3D('',#3652,#2859,#2860);
#2396=AXIS2_PLACEMENT_3D('',#3653,#2861,#2862);
#2397=AXIS2_PLACEMENT_3D('',#3656,#2865,#2866);
#2398=AXIS2_PLACEMENT_3D('',#3660,#2868,#2869);
#2399=AXIS2_PLACEMENT_3D('',#3666,#2873,#2874);
#2400=AXIS2_PLACEMENT_3D('',#3670,#2876,#2877);
#2401=AXIS2_PLACEMENT_3D('',#3674,#2879,#2880);
#2402=AXIS2_PLACEMENT_3D('',#3675,#2881,#2882);
#2403=AXIS2_PLACEMENT_3D('',#3676,#2883,#2884);
#2404=AXIS2_PLACEMENT_3D('',#3677,#2885,#2886);
#2405=AXIS2_PLACEMENT_3D('',#3678,#2887,#2888);
#2406=AXIS2_PLACEMENT_3D('',#3679,#2889,#2890);
#2407=AXIS2_PLACEMENT_3D('',#3680,#2891,#2892);
#2408=AXIS2_PLACEMENT_3D('',#3696,#2900,#2901);
#2409=AXIS2_PLACEMENT_3D('',#3700,#2903,#2904);
#2410=AXIS2_PLACEMENT_3D('',#3701,#2905,#2906);
#2411=AXIS2_PLACEMENT_3D('',#3702,#2907,#2908);
#2412=AXIS2_PLACEMENT_3D('',#3703,#2909,#2910);
#2413=AXIS2_PLACEMENT_3D('',#3704,#2911,#2912);
#2414=AXIS2_PLACEMENT_3D('',#3705,#2913,#2914);
#2415=AXIS2_PLACEMENT_3D('',#3706,#2915,#2916);
#2416=AXIS2_PLACEMENT_3D('',#3707,#2917,#2918);
#2417=AXIS2_PLACEMENT_3D('',#3716,#2923,#2924);
#2418=AXIS2_PLACEMENT_3D('',#3717,#2925,#2926);
#2419=AXIS2_PLACEMENT_3D('',#3723,#2930,#2931);
#2420=AXIS2_PLACEMENT_3D('',#3729,#2935,#2936);
#2421=AXIS2_PLACEMENT_3D('',#3735,#2940,#2941);
#2422=AXIS2_PLACEMENT_3D('',#3741,#2945,#2946);
#2423=AXIS2_PLACEMENT_3D('',#3747,#2950,#2951);
#2424=AXIS2_PLACEMENT_3D('',#3753,#2955,#2956);
#2425=AXIS2_PLACEMENT_3D('',#3759,#2960,#2961);
#2426=AXIS2_PLACEMENT_3D('',#3765,#2965,#2966);
#2427=AXIS2_PLACEMENT_3D('',#3771,#2970,#2971);
#2428=AXIS2_PLACEMENT_3D('',#3780,#2976,#2977);
#2429=AXIS2_PLACEMENT_3D('',#3789,#2982,#2983);
#2430=AXIS2_PLACEMENT_3D('',#3798,#2988,#2989);
#2431=AXIS2_PLACEMENT_3D('',#3801,#2991,#2992);
#2432=AXIS2_PLACEMENT_3D('',#3804,#2994,#2995);
#2433=AXIS2_PLACEMENT_3D('',#3808,#2998,#2999);
#2434=AXIS2_PLACEMENT_3D('',#3810,#3001,#3002);
#2435=AXIS2_PLACEMENT_3D('',#3811,#3003,#3004);
#2436=AXIS2_PLACEMENT_3D('',#3814,#3006,#3007);
#2437=AXIS2_PLACEMENT_3D('',#3817,#3009,#3010);
#2438=AXIS2_PLACEMENT_3D('',#3821,#3013,#3014);
#2439=AXIS2_PLACEMENT_3D('',#3823,#3016,#3017);
#2440=AXIS2_PLACEMENT_3D('',#3824,#3018,#3019);
#2441=AXIS2_PLACEMENT_3D('',#3830,#3023,#3024);
#2442=AXIS2_PLACEMENT_3D('',#3834,#3027,#3028);
#2443=AXIS2_PLACEMENT_3D('',#3835,#3029,#3030);
#2444=AXIS2_PLACEMENT_3D('',#3836,#3031,#3032);
#2445=AXIS2_PLACEMENT_3D('',#3837,#3033,#3034);
#2446=AXIS2_PLACEMENT_3D('',#3838,#3035,#3036);
#2447=AXIS2_PLACEMENT_3D('',#3842,#3039,#3040);
#2448=AXIS2_PLACEMENT_3D('',#3843,#3041,#3042);
#2449=AXIS2_PLACEMENT_3D('',#3845,#3044,#3045);
#2450=AXIS2_PLACEMENT_3D('',#3846,#3046,#3047);
#2451=AXIS2_PLACEMENT_3D('',#3847,#3048,#3049);
#2452=AXIS2_PLACEMENT_3D('',#3848,#3050,#3051);
#2453=AXIS2_PLACEMENT_3D('',#3849,#3052,#3053);
#2454=AXIS2_PLACEMENT_3D('',#3850,#3054,#3055);
#2455=AXIS2_PLACEMENT_3D('',#3851,#3056,#3057);
#2456=AXIS2_PLACEMENT_3D('',#3852,#3058,#3059);
#2457=AXIS2_PLACEMENT_3D('',#3853,#3060,#3061);
#2458=AXIS2_PLACEMENT_3D('',#3854,#3062,#3063);
#2459=AXIS2_PLACEMENT_3D('',#3855,#3064,#3065);
#2460=AXIS2_PLACEMENT_3D('',#3856,#3066,#3067);
#2461=AXIS2_PLACEMENT_3D('',#3857,#3068,#3069);
#2462=AXIS2_PLACEMENT_3D('',#3858,#3070,#3071);
#2463=AXIS2_PLACEMENT_3D('',#3859,#3072,#3073);
#2464=AXIS2_PLACEMENT_3D('',#3860,#3074,#3075);
#2465=AXIS2_PLACEMENT_3D('',#3861,#3076,#3077);
#2466=AXIS2_PLACEMENT_3D('',#3862,#3078,#3079);
#2467=AXIS2_PLACEMENT_3D('',#3863,#3080,#3081);
#2468=AXIS2_PLACEMENT_3D('',#3864,#3082,#3083);
#2469=AXIS2_PLACEMENT_3D('',#3865,#3084,#3085);
#2470=AXIS2_PLACEMENT_3D('',#3866,#3086,#3087);
#2471=AXIS2_PLACEMENT_3D('',#3867,#3088,#3089);
#2472=AXIS2_PLACEMENT_3D('',#3868,#3090,#3091);
#2473=AXIS2_PLACEMENT_3D('',#3869,#3092,#3093);
#2474=AXIS2_PLACEMENT_3D('',#3870,#3094,#3095);
#2475=AXIS2_PLACEMENT_3D('',#3871,#3096,#3097);
#2476=AXIS2_PLACEMENT_3D('',#3872,#3098,#3099);
#2477=AXIS2_PLACEMENT_3D('',#3873,#3100,#3101);
#2478=AXIS2_PLACEMENT_3D('',#3874,#3102,#3103);
#2479=AXIS2_PLACEMENT_3D('',#3875,#3104,#3105);
#2480=AXIS2_PLACEMENT_3D('',#3876,#3106,#3107);
#2481=AXIS2_PLACEMENT_3D('',#3877,#3108,#3109);
#2482=AXIS2_PLACEMENT_3D('',#3878,#3110,#3111);
#2483=AXIS2_PLACEMENT_3D('',#3879,#3112,#3113);
#2484=AXIS2_PLACEMENT_3D('',#3880,#3114,#3115);
#2485=AXIS2_PLACEMENT_3D('',#3881,#3116,#3117);
#2486=AXIS2_PLACEMENT_3D('',#3882,#3118,#3119);
#2487=AXIS2_PLACEMENT_3D('',#3883,#3120,#3121);
#2488=AXIS2_PLACEMENT_3D('',#3884,#3122,#3123);
#2489=AXIS2_PLACEMENT_3D('',#3885,#3124,#3125);
#2490=AXIS2_PLACEMENT_3D('',#3886,#3126,#3127);
#2491=AXIS2_PLACEMENT_3D('',#3887,#3128,#3129);
#2492=AXIS2_PLACEMENT_3D('',#3888,#3130,#3131);
#2493=AXIS2_PLACEMENT_3D('',#3889,#3132,#3133);
#2494=AXIS2_PLACEMENT_3D('',#3890,#3134,#3135);
#2495=AXIS2_PLACEMENT_3D('',#3891,#3136,#3137);
#2496=AXIS2_PLACEMENT_3D('',#3892,#3138,#3139);
#2497=AXIS2_PLACEMENT_3D('',#3893,#3140,#3141);
#2498=AXIS2_PLACEMENT_3D('',#3894,#3142,#3143);
#2499=AXIS2_PLACEMENT_3D('',#3895,#3144,#3145);
#2500=AXIS2_PLACEMENT_3D('',#3896,#3146,#3147);
#2501=AXIS2_PLACEMENT_3D('',#3897,#3148,#3149);
#2502=AXIS2_PLACEMENT_3D('',#3898,#3150,#3151);
#2503=AXIS2_PLACEMENT_3D('',#3899,#3152,#3153);
#2504=AXIS2_PLACEMENT_3D('',#3900,#3154,#3155);
#2505=AXIS2_PLACEMENT_3D('',#3901,#3156,#3157);
#2506=AXIS2_PLACEMENT_3D('',#3902,#3158,#3159);
#2507=AXIS2_PLACEMENT_3D('',#3903,#3160,#3161);
#2508=AXIS2_PLACEMENT_3D('',#3904,#3162,#3163);
#2509=AXIS2_PLACEMENT_3D('',#3905,#3164,#3165);
#2510=AXIS2_PLACEMENT_3D('',#3906,#3166,#3167);
#2511=AXIS2_PLACEMENT_3D('',#3907,#3168,#3169);
#2512=AXIS2_PLACEMENT_3D('',#3908,#3170,#3171);
#2513=AXIS2_PLACEMENT_3D('',#3909,#3172,#3173);
#2514=AXIS2_PLACEMENT_3D('',#3910,#3174,#3175);
#2515=AXIS2_PLACEMENT_3D('',#3911,#3176,#3177);
#2516=AXIS2_PLACEMENT_3D('',#3912,#3178,#3179);
#2517=AXIS2_PLACEMENT_3D('',#3913,#3180,#3181);
#2518=AXIS2_PLACEMENT_3D('',#3914,#3182,#3183);
#2519=AXIS2_PLACEMENT_3D('',#3915,#3184,#3185);
#2520=AXIS2_PLACEMENT_3D('',#3916,#3186,#3187);
#2521=AXIS2_PLACEMENT_3D('',#3917,#3188,#3189);
#2522=AXIS2_PLACEMENT_3D('',#3918,#3190,#3191);
#2523=AXIS2_PLACEMENT_3D('',#3919,#3192,#3193);
#2524=AXIS2_PLACEMENT_3D('',#3920,#3194,#3195);
#2525=AXIS2_PLACEMENT_3D('',#3921,#3196,#3197);
#2526=AXIS2_PLACEMENT_3D('',#3922,#3198,#3199);
#2527=AXIS2_PLACEMENT_3D('',#3923,#3200,#3201);
#2528=AXIS2_PLACEMENT_3D('',#3924,#3202,#3203);
#2529=AXIS2_PLACEMENT_3D('',#3925,#3204,#3205);
#2530=AXIS2_PLACEMENT_3D('',#3926,#3206,#3207);
#2531=AXIS2_PLACEMENT_3D('',#3927,#3208,#3209);
#2532=AXIS2_PLACEMENT_3D('',#3928,#3210,#3211);
#2533=AXIS2_PLACEMENT_3D('',#3929,#3212,#3213);
#2534=AXIS2_PLACEMENT_3D('',#3930,#3214,#3215);
#2535=AXIS2_PLACEMENT_3D('',#3931,#3216,#3217);
#2536=AXIS2_PLACEMENT_3D('',#3932,#3218,#3219);
#2537=AXIS2_PLACEMENT_3D('',#3933,#3220,#3221);
#2538=AXIS2_PLACEMENT_3D('',#3934,#3222,#3223);
#2539=AXIS2_PLACEMENT_3D('',#3935,#3224,#3225);
#2540=AXIS2_PLACEMENT_3D('',#3936,#3226,#3227);
#2541=AXIS2_PLACEMENT_3D('',#3937,#3228,#3229);
#2542=AXIS2_PLACEMENT_3D('',#3938,#3230,#3231);
#2543=AXIS2_PLACEMENT_3D('',#3939,#3232,#3233);
#2544=AXIS2_PLACEMENT_3D('',#3940,#3234,#3235);
#2545=AXIS2_PLACEMENT_3D('',#3941,#3236,#3237);
#2546=AXIS2_PLACEMENT_3D('',#3942,#3238,#3239);
#2547=AXIS2_PLACEMENT_3D('',#3943,#3240,#3241);
#2548=AXIS2_PLACEMENT_3D('',#3944,#3242,#3243);
#2549=AXIS2_PLACEMENT_3D('',#3945,#3244,#3245);
#2550=AXIS2_PLACEMENT_3D('',#3946,#3246,#3247);
#2551=AXIS2_PLACEMENT_3D('',#3947,#3248,#3249);
#2552=AXIS2_PLACEMENT_3D('',#3948,#3250,#3251);
#2553=AXIS2_PLACEMENT_3D('',#3949,#3252,#3253);
#2554=AXIS2_PLACEMENT_3D('',#3950,#3254,#3255);
#2555=AXIS2_PLACEMENT_3D('',#3951,#3256,#3257);
#2556=AXIS2_PLACEMENT_3D('',#3952,#3258,#3259);
#2557=AXIS2_PLACEMENT_3D('',#3953,#3260,#3261);
#2558=AXIS2_PLACEMENT_3D('',#3954,#3262,#3263);
#2559=AXIS2_PLACEMENT_3D('',#3955,#3264,#3265);
#2560=AXIS2_PLACEMENT_3D('',#3956,#3266,#3267);
#2561=AXIS2_PLACEMENT_3D('',#3957,#3268,#3269);
#2562=AXIS2_PLACEMENT_3D('',#3958,#3270,#3271);
#2563=AXIS2_PLACEMENT_3D('',#3959,#3272,#3273);
#2564=AXIS2_PLACEMENT_3D('',#3960,#3274,#3275);
#2565=AXIS2_PLACEMENT_3D('',#3961,#3276,#3277);
#2566=AXIS2_PLACEMENT_3D('',#3962,#3278,#3279);
#2567=AXIS2_PLACEMENT_3D('',#3963,#3280,#3281);
#2568=AXIS2_PLACEMENT_3D('',#3964,#3282,#3283);
#2569=AXIS2_PLACEMENT_3D('',#3965,#3284,#3285);
#2570=AXIS2_PLACEMENT_3D('',#3966,#3286,#3287);
#2571=AXIS2_PLACEMENT_3D('',#3967,#3288,#3289);
#2572=AXIS2_PLACEMENT_3D('',#3968,#3290,#3291);
#2573=AXIS2_PLACEMENT_3D('',#3969,#3292,#3293);
#2574=AXIS2_PLACEMENT_3D('',#3970,#3294,#3295);
#2575=AXIS2_PLACEMENT_3D('',#3971,#3296,#3297);
#2576=AXIS2_PLACEMENT_3D('',#3972,#3298,#3299);
#2577=AXIS2_PLACEMENT_3D('',#3973,#3300,#3301);
#2578=AXIS2_PLACEMENT_3D('',#3974,#3302,#3303);
#2579=AXIS2_PLACEMENT_3D('',#3975,#3304,#3305);
#2580=AXIS2_PLACEMENT_3D('',#3976,#3306,#3307);
#2581=AXIS2_PLACEMENT_3D('',#3977,#3308,#3309);
#2582=AXIS2_PLACEMENT_3D('',#3978,#3310,#3311);
#2583=AXIS2_PLACEMENT_3D('',#3979,#3312,#3313);
#2584=AXIS2_PLACEMENT_3D('',#3980,#3314,#3315);
#2585=DIRECTION('',(0.,0.,1.));
#2586=DIRECTION('',(1.,0.,0.));
#2587=DIRECTION('',(0.707106781186547,0.,0.707106781186548));
#2588=DIRECTION('',(0.707106781186548,0.,-0.707106781186547));
#2589=DIRECTION('',(0.,-1.,0.));
#2590=DIRECTION('',(-0.707106781186548,0.,0.707106781186547));
#2591=DIRECTION('',(0.,-1.,0.));
#2592=DIRECTION('',(-0.707106781186548,0.,0.707106781186547));
#2593=DIRECTION('',(0.,-1.,0.));
#2594=DIRECTION('',(0.,0.,-1.));
#2595=DIRECTION('',(0.,1.,0.));
#2596=DIRECTION('',(0.,0.,1.));
#2597=DIRECTION('',(0.,-1.,0.));
#2598=DIRECTION('',(0.,1.,0.));
#2599=DIRECTION('',(0.,0.,1.));
#2600=DIRECTION('',(0.707106781186549,0.,0.707106781186547));
#2601=DIRECTION('',(0.707106781186547,0.,-0.707106781186549));
#2602=DIRECTION('',(0.,-1.,0.));
#2603=DIRECTION('',(-0.707106781186547,0.,0.707106781186549));
#2604=DIRECTION('',(0.,-1.,0.));
#2605=DIRECTION('',(-0.707106781186547,0.,0.707106781186549));
#2606=DIRECTION('',(0.,-1.,0.));
#2607=DIRECTION('',(0.,0.,-1.));
#2608=DIRECTION('',(0.,1.,0.));
#2609=DIRECTION('',(0.,0.,1.));
#2610=DIRECTION('',(0.,-1.,0.));
#2611=DIRECTION('',(0.,1.,0.));
#2612=DIRECTION('',(0.,0.,1.));
#2613=DIRECTION('',(0.70710678118655,0.,-0.707106781186546));
#2614=DIRECTION('',(-0.707106781186546,0.,-0.70710678118655));
#2615=DIRECTION('',(0.,-1.,0.));
#2616=DIRECTION('',(0.707106781186546,0.,0.70710678118655));
#2617=DIRECTION('',(0.,-1.,0.));
#2618=DIRECTION('',(0.707106781186546,0.,0.70710678118655));
#2619=DIRECTION('',(-0.707106781186546,0.,-0.707106781186549));
#2620=DIRECTION('',(-0.707106781186549,0.,0.707106781186546));
#2621=DIRECTION('',(0.707106781186549,0.,-0.707106781186546));
#2622=DIRECTION('',(0.,-1.,0.));
#2623=DIRECTION('',(0.707106781186549,0.,-0.707106781186546));
#2624=DIRECTION('',(0.707106781186547,0.,-0.707106781186549));
#2625=DIRECTION('',(-0.707106781186549,0.,-0.707106781186547));
#2626=DIRECTION('',(0.707106781186549,0.,0.707106781186547));
#2627=DIRECTION('',(0.707106781186549,0.,0.707106781186547));
#2628=DIRECTION('',(0.,-1.,0.));
#2629=DIRECTION('',(0.,0.,-1.));
#2630=DIRECTION('',(0.,1.,0.));
#2631=DIRECTION('',(0.,0.,1.));
#2632=DIRECTION('',(0.,1.,0.));
#2633=DIRECTION('',(0.,0.,1.));
#2634=DIRECTION('',(0.707106781186549,0.,-0.707106781186546));
#2635=DIRECTION('',(-0.707106781186546,0.,-0.707106781186549));
#2636=DIRECTION('',(0.707106781186546,0.,0.707106781186549));
#2637=DIRECTION('',(0.707106781186546,0.,0.707106781186549));
#2638=DIRECTION('',(0.,1.,0.));
#2639=DIRECTION('',(-1.,0.,0.));
#2640=DIRECTION('',(0.707106781186548,0.,0.707106781186548));
#2641=DIRECTION('',(0.,-1.,0.));
#2642=DIRECTION('',(0.,0.,-1.));
#2643=DIRECTION('',(0.707106781186547,0.,-0.707106781186548));
#2644=DIRECTION('',(0.707106781186548,0.,0.707106781186547));
#2645=DIRECTION('',(0.,-1.,0.));
#2646=DIRECTION('',(0.,0.,-1.));
#2647=DIRECTION('',(0.707106781186547,0.,-0.707106781186548));
#2648=DIRECTION('',(1.,0.,0.));
#2649=DIRECTION('',(0.,0.,1.));
#2650=DIRECTION('',(-1.,0.,0.));
#2651=DIRECTION('',(0.,0.,-1.));
#2652=DIRECTION('',(-1.,0.,0.));
#2653=DIRECTION('',(0.,0.,1.));
#2654=DIRECTION('',(0.,-1.,0.));
#2655=DIRECTION('',(0.,0.,-1.));
#2656=DIRECTION('',(0.707106781186547,0.,-0.707106781186548));
#2657=DIRECTION('',(0.707106781186548,0.,0.707106781186548));
#2658=DIRECTION('',(0.,-1.,0.));
#2659=DIRECTION('',(0.,0.,-1.));
#2660=DIRECTION('',(0.,0.,1.));
#2661=DIRECTION('',(0.,0.,-1.));
#2662=DIRECTION('',(1.,0.,0.));
#2663=DIRECTION('',(0.,-1.,0.));
#2664=DIRECTION('',(1.,0.,0.));
#2665=DIRECTION('',(0.,-1.,0.));
#2666=DIRECTION('',(0.,0.,-1.));
#2667=DIRECTION('',(-1.,0.,0.));
#2668=DIRECTION('',(-1.,0.,0.));
#2669=DIRECTION('',(0.,-1.,0.));
#2670=DIRECTION('',(1.,0.,0.));
#2671=DIRECTION('',(0.,0.,1.));
#2672=DIRECTION('',(1.,0.,0.));
#2673=DIRECTION('',(0.,0.,-1.));
#2674=DIRECTION('',(1.,0.,0.));
#2675=DIRECTION('',(-1.,0.,0.));
#2676=DIRECTION('',(0.,-1.,0.));
#2677=DIRECTION('',(1.,0.,0.));
#2678=DIRECTION('',(0.,-1.,0.));
#2679=DIRECTION('',(0.,0.,1.));
#2680=DIRECTION('',(1.,0.,0.));
#2681=DIRECTION('',(-1.,0.,0.));
#2682=DIRECTION('',(0.,0.,1.));
#2683=DIRECTION('',(1.,0.,0.));
#2684=DIRECTION('',(0.,-1.,0.));
#2685=DIRECTION('',(-1.,0.,0.));
#2686=DIRECTION('',(0.,-1.,0.));
#2687=DIRECTION('',(1.,0.,0.));
#2688=DIRECTION('',(0.,0.,-1.));
#2689=DIRECTION('',(0.,0.,1.));
#2690=DIRECTION('',(1.,0.,0.));
#2691=DIRECTION('',(0.,0.,-1.));
#2692=DIRECTION('',(0.,0.,-1.));
#2693=DIRECTION('',(0.,-1.,0.));
#2694=DIRECTION('',(0.,0.,-1.));
#2695=DIRECTION('',(1.,0.,0.));
#2696=DIRECTION('',(0.,0.,-1.));
#2697=DIRECTION('',(0.,0.,1.));
#2698=DIRECTION('',(1.,0.,0.));
#2699=DIRECTION('',(0.,0.,-1.));
#2700=DIRECTION('',(0.,-1.,0.));
#2701=DIRECTION('',(1.,0.,0.));
#2702=DIRECTION('',(0.,0.,-1.));
#2703=DIRECTION('',(0.,1.,0.));
#2704=DIRECTION('',(0.,0.,1.));
#2705=DIRECTION('',(0.,0.,1.));
#2706=DIRECTION('',(0.,1.,0.));
#2707=DIRECTION('',(0.,0.,1.));
#2708=DIRECTION('',(1.,0.,0.));
#2709=DIRECTION('',(0.,0.,-1.));
#2710=DIRECTION('',(1.,0.,0.));
#2711=DIRECTION('',(0.,0.,-1.));
#2712=DIRECTION('',(0.,1.,0.));
#2713=DIRECTION('',(0.,0.,1.));
#2714=DIRECTION('',(0.,0.,1.));
#2715=DIRECTION('',(0.,1.,0.));
#2716=DIRECTION('',(0.,0.,1.));
#2717=DIRECTION('',(1.,0.,0.));
#2718=DIRECTION('',(0.,1.,0.));
#2719=DIRECTION('',(0.,0.,1.));
#2720=DIRECTION('',(1.,0.,0.));
#2721=DIRECTION('',(0.,0.,-1.));
#2722=DIRECTION('',(0.,0.,1.));
#2723=DIRECTION('',(0.,-1.,0.));
#2724=DIRECTION('',(0.,0.,-1.));
#2725=DIRECTION('',(0.,-1.,0.));
#2726=DIRECTION('',(0.,0.,-1.));
#2727=DIRECTION('',(0.,-1.,0.));
#2728=DIRECTION('',(0.,0.,1.));
#2729=DIRECTION('',(0.,0.707106781186547,0.707106781186548));
#2730=DIRECTION('',(0.,-1.,0.));
#2731=DIRECTION('',(0.,0.,1.));
#2732=DIRECTION('',(1.,0.,0.));
#2733=DIRECTION('',(0.,0.,-1.));
#2734=DIRECTION('',(0.,-1.,0.));
#2735=DIRECTION('',(1.,0.,0.));
#2736=DIRECTION('',(0.,0.,-1.));
#2737=DIRECTION('',(0.,-1.,0.));
#2738=DIRECTION('',(0.,0.,-1.));
#2739=DIRECTION('',(0.,0.,1.));
#2740=DIRECTION('',(-1.,0.,0.));
#2741=DIRECTION('',(0.,0.,-1.));
#2742=DIRECTION('',(-1.,0.,0.));
#2743=DIRECTION('',(0.,0.,-1.));
#2744=DIRECTION('',(-1.,0.,0.));
#2745=DIRECTION('',(0.,0.,1.));
#2746=DIRECTION('',(0.,-1.,0.));
#2747=DIRECTION('',(0.,0.,-1.));
#2748=DIRECTION('',(-1.,0.,0.));
#2749=DIRECTION('',(0.,-1.,0.));
#2750=DIRECTION('',(0.,0.,-1.));
#2751=DIRECTION('',(-0.707106781186546,-0.707106781186549,0.));
#2752=DIRECTION('',(0.707106781186549,-0.707106781186546,0.));
#2753=DIRECTION('',(0.707106781186549,-0.707106781186546,0.));
#2754=DIRECTION('',(0.,0.,1.));
#2755=DIRECTION('',(0.707106781186549,-0.707106781186546,0.));
#2756=DIRECTION('',(0.,0.,1.));
#2757=DIRECTION('',(0.707106781186548,-0.707106781186547,0.));
#2758=DIRECTION('',(0.707106781186547,0.707106781186549,0.));
#2759=DIRECTION('',(0.707106781186547,0.707106781186549,0.));
#2760=DIRECTION('',(0.707106781186547,0.707106781186549,0.));
#2761=DIRECTION('',(0.,0.,1.));
#2762=DIRECTION('',(-0.707106781186548,-0.707106781186547,0.));
#2763=DIRECTION('',(0.707106781186547,-0.707106781186548,0.));
#2764=DIRECTION('',(0.707106781186547,-0.707106781186548,0.));
#2765=DIRECTION('',(0.,0.,1.));
#2766=DIRECTION('',(0.707106781186547,-0.707106781186548,0.));
#2767=DIRECTION('',(0.,0.,1.));
#2768=DIRECTION('',(0.707106781186547,-0.707106781186548,0.));
#2769=DIRECTION('',(0.707106781186548,0.707106781186547,0.));
#2770=DIRECTION('',(0.707106781186548,0.707106781186547,0.));
#2771=DIRECTION('',(0.707106781186548,0.707106781186547,0.));
#2772=DIRECTION('',(0.,0.,1.));
#2773=DIRECTION('',(-0.707106781186547,-0.707106781186548,0.));
#2774=DIRECTION('',(0.707106781186549,-0.707106781186547,0.));
#2775=DIRECTION('',(0.707106781186549,-0.707106781186547,0.));
#2776=DIRECTION('',(0.,0.,1.));
#2777=DIRECTION('',(0.707106781186549,-0.707106781186547,0.));
#2778=DIRECTION('',(0.,0.,1.));
#2779=DIRECTION('',(0.707106781186548,-0.707106781186547,0.));
#2780=DIRECTION('',(0.707106781186547,0.707106781186548,0.));
#2781=DIRECTION('',(0.707106781186547,0.707106781186548,0.));
#2782=DIRECTION('',(0.707106781186547,0.707106781186548,0.));
#2783=DIRECTION('',(0.,0.,1.));
#2784=DIRECTION('',(-0.707106781186548,-0.707106781186547,0.));
#2785=DIRECTION('',(0.707106781186547,-0.707106781186548,0.));
#2786=DIRECTION('',(0.707106781186547,-0.707106781186548,0.));
#2787=DIRECTION('',(0.,0.,1.));
#2788=DIRECTION('',(0.707106781186547,-0.707106781186548,0.));
#2789=DIRECTION('',(0.,0.,1.));
#2790=DIRECTION('',(0.707106781186548,-0.707106781186547,0.));
#2791=DIRECTION('',(0.707106781186547,0.707106781186548,0.));
#2792=DIRECTION('',(0.707106781186547,0.707106781186548,0.));
#2793=DIRECTION('',(0.707106781186547,0.707106781186548,0.));
#2794=DIRECTION('',(0.,0.,1.));
#2795=DIRECTION('',(-0.707106781186548,-0.707106781186548,0.));
#2796=DIRECTION('',(0.707106781186548,-0.707106781186548,0.));
#2797=DIRECTION('',(0.707106781186548,-0.707106781186548,0.));
#2798=DIRECTION('',(0.,0.,1.));
#2799=DIRECTION('',(0.707106781186548,-0.707106781186548,0.));
#2800=DIRECTION('',(0.,0.,1.));
#2801=DIRECTION('',(0.707106781186548,-0.707106781186548,0.));
#2802=DIRECTION('',(0.707106781186548,0.707106781186548,0.));
#2803=DIRECTION('',(0.707106781186548,0.707106781186548,0.));
#2804=DIRECTION('',(0.707106781186548,0.707106781186548,0.));
#2805=DIRECTION('',(0.,0.,1.));
#2806=DIRECTION('',(0.,0.,1.));
#2807=DIRECTION('',(1.,0.,0.));
#2808=DIRECTION('',(0.,0.,1.));
#2809=DIRECTION('',(1.,0.,0.));
#2810=DIRECTION('',(0.,0.,1.));
#2811=DIRECTION('',(1.,0.,0.));
#2812=DIRECTION('',(0.,0.,1.));
#2813=DIRECTION('',(1.,0.,0.));
#2814=DIRECTION('',(0.,0.,-1.));
#2815=DIRECTION('',(1.,0.,0.));
#2816=DIRECTION('',(0.,0.,-1.));
#2817=DIRECTION('',(1.,0.,0.));
#2818=DIRECTION('',(0.,0.,1.));
#2819=DIRECTION('',(1.,0.,0.));
#2820=DIRECTION('',(0.,0.,1.));
#2821=DIRECTION('',(1.,0.,0.));
#2822=DIRECTION('',(0.,0.,1.));
#2823=DIRECTION('',(1.,0.,0.));
#2824=DIRECTION('',(0.,0.,1.));
#2825=DIRECTION('',(1.,0.,0.));
#2826=DIRECTION('',(0.,0.,1.));
#2827=DIRECTION('',(1.,0.,0.));
#2828=DIRECTION('',(0.,0.,1.));
#2829=DIRECTION('',(1.,0.,0.));
#2830=DIRECTION('',(0.,0.,1.));
#2831=DIRECTION('',(1.,0.,0.));
#2832=DIRECTION('',(0.,0.,-1.));
#2833=DIRECTION('',(1.,0.,0.));
#2834=DIRECTION('',(0.,0.,-1.));
#2835=DIRECTION('',(1.,0.,0.));
#2836=DIRECTION('',(0.,0.,1.));
#2837=DIRECTION('',(1.,0.,0.));
#2838=DIRECTION('',(0.707106781186548,-0.707106781186547,0.));
#2839=DIRECTION('',(-1.,0.,0.));
#2840=DIRECTION('',(0.,-1.,0.));
#2841=DIRECTION('',(-1.,0.,0.));
#2842=DIRECTION('',(0.,-1.,0.));
#2843=DIRECTION('',(0.,0.,1.));
#2844=DIRECTION('',(1.,0.,0.));
#2845=DIRECTION('',(-1.,0.,0.));
#2846=DIRECTION('',(0.,0.,1.));
#2847=DIRECTION('',(1.,0.,0.));
#2848=DIRECTION('',(0.,-1.,0.));
#2849=DIRECTION('',(0.,0.,1.));
#2850=DIRECTION('',(1.,0.,0.));
#2851=DIRECTION('',(-1.,0.,0.));
#2852=DIRECTION('',(0.,0.,1.));
#2853=DIRECTION('',(1.,0.,0.));
#2854=DIRECTION('',(0.,0.,1.));
#2855=DIRECTION('',(1.,0.,0.));
#2856=DIRECTION('',(0.,0.,1.));
#2857=DIRECTION('',(1.,0.,0.));
#2858=DIRECTION('',(0.,-1.,0.));
#2859=DIRECTION('',(0.,0.,1.));
#2860=DIRECTION('',(1.,0.,0.));
#2861=DIRECTION('',(0.,-1.,0.));
#2862=DIRECTION('',(0.,0.,-1.));
#2863=DIRECTION('',(0.,0.,-1.));
#2864=DIRECTION('',(0.,0.,-1.));
#2865=DIRECTION('',(1.,0.,0.));
#2866=DIRECTION('',(0.,0.,-1.));
#2867=DIRECTION('',(0.,0.,1.));
#2868=DIRECTION('',(1.,0.,0.));
#2869=DIRECTION('',(0.,0.,-1.));
#2870=DIRECTION('',(0.,0.,-1.));
#2871=DIRECTION('',(0.,0.,-1.));
#2872=DIRECTION('',(0.,-1.,0.));
#2873=DIRECTION('',(1.,0.,0.));
#2874=DIRECTION('',(0.,0.,-1.));
#2875=DIRECTION('',(0.,0.,1.));
#2876=DIRECTION('',(1.,0.,0.));
#2877=DIRECTION('',(0.,0.,-1.));
#2878=DIRECTION('',(0.,-1.,0.));
#2879=DIRECTION('',(1.,0.,0.));
#2880=DIRECTION('',(0.,0.,-1.));
#2881=DIRECTION('',(0.,0.,-1.));
#2882=DIRECTION('',(-1.,0.,0.));
#2883=DIRECTION('',(0.,0.,-1.));
#2884=DIRECTION('',(-1.,0.,0.));
#2885=DIRECTION('',(0.,0.,-1.));
#2886=DIRECTION('',(-1.,0.,0.));
#2887=DIRECTION('',(0.,0.,-1.));
#2888=DIRECTION('',(-1.,0.,0.));
#2889=DIRECTION('',(0.,0.,1.));
#2890=DIRECTION('',(1.,0.,0.));
#2891=DIRECTION('',(1.,0.,0.));
#2892=DIRECTION('',(0.,0.,-1.));
#2893=DIRECTION('',(0.,0.,1.));
#2894=DIRECTION('',(0.,-1.,0.));
#2895=DIRECTION('',(0.,0.,-1.));
#2896=DIRECTION('',(0.,-1.,0.));
#2897=DIRECTION('',(0.,0.,-1.));
#2898=DIRECTION('',(0.,-1.,0.));
#2899=DIRECTION('',(0.,0.,1.));
#2900=DIRECTION('',(1.,0.,0.));
#2901=DIRECTION('',(0.,0.,-1.));
#2902=DIRECTION('',(0.,-1.,0.));
#2903=DIRECTION('',(1.,0.,0.));
#2904=DIRECTION('',(0.,0.,-1.));
#2905=DIRECTION('',(0.,0.,-1.));
#2906=DIRECTION('',(-1.,0.,0.));
#2907=DIRECTION('',(0.,0.,-1.));
#2908=DIRECTION('',(-1.,0.,0.));
#2909=DIRECTION('',(0.,0.,1.));
#2910=DIRECTION('',(1.,0.,0.));
#2911=DIRECTION('',(0.,0.,-1.));
#2912=DIRECTION('',(-1.,0.,0.));
#2913=DIRECTION('',(0.,0.,-1.));
#2914=DIRECTION('',(-1.,0.,0.));
#2915=DIRECTION('',(0.,0.,1.));
#2916=DIRECTION('',(1.,0.,0.));
#2917=DIRECTION('',(0.,0.,-1.));
#2918=DIRECTION('',(1.,0.,0.));
#2919=DIRECTION('',(0.,-1.,0.));
#2920=DIRECTION('',(-1.,0.,0.));
#2921=DIRECTION('',(0.,-1.,0.));
#2922=DIRECTION('',(-1.,0.,0.));
#2923=DIRECTION('',(0.,0.,-1.));
#2924=DIRECTION('',(-1.,0.,0.));
#2925=DIRECTION('',(-1.,0.,0.));
#2926=DIRECTION('',(0.,0.,1.));
#2927=DIRECTION('',(0.,0.,1.));
#2928=DIRECTION('',(0.,-1.,0.));
#2929=DIRECTION('',(0.,-1.,0.));
#2930=DIRECTION('',(-1.,0.,0.));
#2931=DIRECTION('',(0.,0.,1.));
#2932=DIRECTION('',(0.,0.,1.));
#2933=DIRECTION('',(0.,-1.,0.));
#2934=DIRECTION('',(0.,-1.,0.));
#2935=DIRECTION('',(0.,0.,1.));
#2936=DIRECTION('',(1.,0.,0.));
#2937=DIRECTION('',(-1.,0.,0.));
#2938=DIRECTION('',(0.,-1.,0.));
#2939=DIRECTION('',(0.,-1.,0.));
#2940=DIRECTION('',(0.,1.,0.));
#2941=DIRECTION('',(0.,0.,1.));
#2942=DIRECTION('',(0.,0.,1.));
#2943=DIRECTION('',(-1.,0.,0.));
#2944=DIRECTION('',(-1.,0.,0.));
#2945=DIRECTION('',(0.,1.,0.));
#2946=DIRECTION('',(0.,0.,1.));
#2947=DIRECTION('',(0.,0.,1.));
#2948=DIRECTION('',(-1.,0.,0.));
#2949=DIRECTION('',(-1.,0.,0.));
#2950=DIRECTION('',(0.,0.,1.));
#2951=DIRECTION('',(1.,0.,0.));
#2952=DIRECTION('',(0.,-1.,0.));
#2953=DIRECTION('',(-1.,0.,0.));
#2954=DIRECTION('',(-1.,0.,0.));
#2955=DIRECTION('',(0.,-1.,0.));
#2956=DIRECTION('',(0.,0.,-1.));
#2957=DIRECTION('',(0.,0.,1.));
#2958=DIRECTION('',(1.,0.,0.));
#2959=DIRECTION('',(1.,0.,0.));
#2960=DIRECTION('',(0.,-1.,0.));
#2961=DIRECTION('',(0.,0.,-1.));
#2962=DIRECTION('',(1.,0.,0.));
#2963=DIRECTION('',(0.,0.,1.));
#2964=DIRECTION('',(1.,0.,0.));
#2965=DIRECTION('',(0.,0.,1.));
#2966=DIRECTION('',(1.,0.,0.));
#2967=DIRECTION('',(1.,0.,0.));
#2968=DIRECTION('',(0.,-1.,0.));
#2969=DIRECTION('',(1.,0.,0.));
#2970=DIRECTION('',(-1.,0.,0.));
#2971=DIRECTION('',(0.,0.,1.));
#2972=DIRECTION('',(0.,0.,-1.));
#2973=DIRECTION('',(0.,-1.,0.));
#2974=DIRECTION('',(0.,0.,-1.));
#2975=DIRECTION('',(0.,-1.,0.));
#2976=DIRECTION('',(0.,0.,1.));
#2977=DIRECTION('',(1.,0.,0.));
#2978=DIRECTION('',(0.,-1.,0.));
#2979=DIRECTION('',(-1.,0.,0.));
#2980=DIRECTION('',(0.,-1.,0.));
#2981=DIRECTION('',(-1.,0.,0.));
#2982=DIRECTION('',(0.,1.,0.));
#2983=DIRECTION('',(-1.,0.,0.));
#2984=DIRECTION('',(-1.,0.,0.));
#2985=DIRECTION('',(0.,0.,-1.));
#2986=DIRECTION('',(-1.,0.,0.));
#2987=DIRECTION('',(0.,0.,-1.));
#2988=DIRECTION('',(0.,-1.,0.));
#2989=DIRECTION('',(0.,0.,-1.));
#2990=DIRECTION('',(0.,-1.,0.));
#2991=DIRECTION('',(0.,-1.,0.));
#2992=DIRECTION('',(0.,0.,-1.));
#2993=DIRECTION('',(0.,-1.,0.));
#2994=DIRECTION('',(0.707106781186548,0.,-0.707106781186548));
#2995=DIRECTION('',(-0.707106781186548,0.,-0.707106781186548));
#2996=DIRECTION('',(0.,-1.,0.));
#2997=DIRECTION('',(0.707106781186548,0.,0.707106781186548));
#2998=DIRECTION('',(-0.707106781186548,0.,-0.707106781186547));
#2999=DIRECTION('',(-0.707106781186547,0.,0.707106781186548));
#3000=DIRECTION('',(0.707106781186547,0.,-0.707106781186548));
#3001=DIRECTION('',(0.,-1.,0.));
#3002=DIRECTION('',(1.,0.,0.));
#3003=DIRECTION('',(0.,-1.,0.));
#3004=DIRECTION('',(0.,0.,-1.));
#3005=DIRECTION('',(0.,-1.,0.));
#3006=DIRECTION('',(0.,-1.,0.));
#3007=DIRECTION('',(0.,0.,-1.));
#3008=DIRECTION('',(0.,-1.,0.));
#3009=DIRECTION('',(0.707106781186547,0.,-0.707106781186548));
#3010=DIRECTION('',(-0.707106781186548,0.,-0.707106781186547));
#3011=DIRECTION('',(0.,-1.,0.));
#3012=DIRECTION('',(0.707106781186548,0.,0.707106781186547));
#3013=DIRECTION('',(-0.707106781186548,0.,-0.707106781186547));
#3014=DIRECTION('',(-0.707106781186547,0.,0.707106781186548));
#3015=DIRECTION('',(0.707106781186547,0.,-0.707106781186548));
#3016=DIRECTION('',(0.,-1.,0.));
#3017=DIRECTION('',(1.,0.,0.));
#3018=DIRECTION('',(0.707106781186548,0.,-0.707106781186548));
#3019=DIRECTION('',(-0.707106781186548,0.,-0.707106781186548));
#3020=DIRECTION('',(0.,-1.,0.));
#3021=DIRECTION('',(0.707106781186548,0.,0.707106781186548));
#3022=DIRECTION('',(0.,-1.,0.));
#3023=DIRECTION('',(-0.707106781186548,0.,-0.707106781186547));
#3024=DIRECTION('',(-0.707106781186547,0.,0.707106781186548));
#3025=DIRECTION('',(0.,-1.,0.));
#3026=DIRECTION('',(0.707106781186547,0.,-0.707106781186548));
#3027=DIRECTION('',(0.,-1.,0.));
#3028=DIRECTION('',(0.,0.,-1.));
#3029=DIRECTION('',(-0.707106781186547,-0.707106781186548,0.));
#3030=DIRECTION('',(0.707106781186548,-0.707106781186547,0.));
#3031=DIRECTION('',(0.,-1.,0.));
#3032=DIRECTION('',(0.,0.,-1.));
#3033=DIRECTION('',(0.,-1.,0.));
#3034=DIRECTION('',(1.,0.,0.));
#3035=DIRECTION('',(0.,-0.707106781186548,0.707106781186547));
#3036=DIRECTION('',(1.,0.,0.));
#3037=DIRECTION('',(0.,-0.707106781186547,-0.707106781186548));
#3038=DIRECTION('',(0.577350269189626,-0.577350269189625,-0.577350269189626));
#3039=DIRECTION('',(0.,-0.707106781186548,0.707106781186547));
#3040=DIRECTION('',(0.,-0.707106781186547,-0.707106781186548));
#3041=DIRECTION('',(-0.707106781186547,-0.707106781186548,0.));
#3042=DIRECTION('',(0.,0.,1.));
#3043=DIRECTION('',(-0.707106781186548,0.707106781186547,0.));
#3044=DIRECTION('',(-0.707106781186547,-0.707106781186548,0.));
#3045=DIRECTION('',(0.707106781186548,-0.707106781186547,0.));
#3046=DIRECTION('',(0.,-1.,0.));
#3047=DIRECTION('',(0.,0.,-1.));
#3048=DIRECTION('',(0.,-1.,0.));
#3049=DIRECTION('',(0.,0.,-1.));
#3050=DIRECTION('',(-1.,0.,0.));
#3051=DIRECTION('',(0.,0.,1.));
#3052=DIRECTION('',(-1.,0.,0.));
#3053=DIRECTION('',(0.,0.,1.));
#3054=DIRECTION('',(0.,0.,1.));
#3055=DIRECTION('',(1.,0.,0.));
#3056=DIRECTION('',(0.,0.,1.));
#3057=DIRECTION('',(1.,0.,0.));
#3058=DIRECTION('',(0.,0.,-1.));
#3059=DIRECTION('',(-1.,0.,0.));
#3060=DIRECTION('',(0.,0.,-1.));
#3061=DIRECTION('',(-1.,0.,0.));
#3062=DIRECTION('',(-1.,0.,0.));
#3063=DIRECTION('',(0.,0.,1.));
#3064=DIRECTION('',(1.,0.,0.));
#3065=DIRECTION('',(0.,0.,-1.));
#3066=DIRECTION('',(1.,0.,0.));
#3067=DIRECTION('',(0.,0.,-1.));
#3068=DIRECTION('',(0.,1.,0.));
#3069=DIRECTION('',(0.,0.,1.));
#3070=DIRECTION('',(0.,1.,0.));
#3071=DIRECTION('',(0.,0.,1.));
#3072=DIRECTION('',(0.,-1.,0.));
#3073=DIRECTION('',(0.,0.,-1.));
#3074=DIRECTION('',(1.,0.,0.));
#3075=DIRECTION('',(0.,0.,-1.));
#3076=DIRECTION('',(1.,0.,0.));
#3077=DIRECTION('',(0.,0.,-1.));
#3078=DIRECTION('',(1.,0.,0.));
#3079=DIRECTION('',(0.,0.,-1.));
#3080=DIRECTION('',(0.,0.,-1.));
#3081=DIRECTION('',(-1.,0.,0.));
#3082=DIRECTION('',(0.,0.,1.));
#3083=DIRECTION('',(1.,0.,0.));
#3084=DIRECTION('',(0.,0.,1.));
#3085=DIRECTION('',(1.,0.,0.));
#3086=DIRECTION('',(1.,0.,0.));
#3087=DIRECTION('',(0.,0.,-1.));
#3088=DIRECTION('',(-1.,0.,0.));
#3089=DIRECTION('',(0.,0.,1.));
#3090=DIRECTION('',(0.,1.,0.));
#3091=DIRECTION('',(0.,0.,1.));
#3092=DIRECTION('',(0.,1.,0.));
#3093=DIRECTION('',(0.,0.,1.));
#3094=DIRECTION('',(0.,-1.,0.));
#3095=DIRECTION('',(0.,0.,-1.));
#3096=DIRECTION('',(0.,-1.,0.));
#3097=DIRECTION('',(0.,0.,-1.));
#3098=DIRECTION('',(0.,0.,-1.));
#3099=DIRECTION('',(-1.,0.,0.));
#3100=DIRECTION('',(1.,-1.73472347597681E-15,0.));
#3101=DIRECTION('',(1.73472347597681E-15,1.,0.));
#3102=DIRECTION('',(1.,0.,0.));
#3103=DIRECTION('',(0.,0.,-1.));
#3104=DIRECTION('',(1.,0.,0.));
#3105=DIRECTION('',(0.,0.,-1.));
#3106=DIRECTION('',(0.,-1.,0.));
#3107=DIRECTION('',(0.,0.,-1.));
#3108=DIRECTION('',(0.,-1.,0.));
#3109=DIRECTION('',(0.,0.,-1.));
#3110=DIRECTION('',(0.,0.,1.));
#3111=DIRECTION('',(1.,0.,0.));
#3112=DIRECTION('',(0.,0.,1.));
#3113=DIRECTION('',(1.,0.,0.));
#3114=DIRECTION('',(0.,0.,-1.));
#3115=DIRECTION('',(-1.,0.,0.));
#3116=DIRECTION('',(0.,0.,-1.));
#3117=DIRECTION('',(-1.,0.,0.));
#3118=DIRECTION('',(0.,-1.,0.));
#3119=DIRECTION('',(0.,0.,-1.));
#3120=DIRECTION('',(0.,-1.,0.));
#3121=DIRECTION('',(0.,0.,-1.));
#3122=DIRECTION('',(0.,-1.,0.));
#3123=DIRECTION('',(0.,0.,-1.));
#3124=DIRECTION('',(-1.,0.,0.));
#3125=DIRECTION('',(0.,0.,1.));
#3126=DIRECTION('',(-1.,0.,0.));
#3127=DIRECTION('',(0.,0.,1.));
#3128=DIRECTION('',(1.,0.,0.));
#3129=DIRECTION('',(0.,0.,-1.));
#3130=DIRECTION('',(0.,1.,0.));
#3131=DIRECTION('',(0.,0.,1.));
#3132=DIRECTION('',(0.,-1.,0.));
#3133=DIRECTION('',(0.,0.,-1.));
#3134=DIRECTION('',(0.,-1.,0.));
#3135=DIRECTION('',(0.,0.,-1.));
#3136=DIRECTION('',(0.,0.,-1.));
#3137=DIRECTION('',(-1.,0.,0.));
#3138=DIRECTION('',(0.,0.,1.));
#3139=DIRECTION('',(1.,0.,0.));
#3140=DIRECTION('',(0.,0.,1.));
#3141=DIRECTION('',(1.,0.,0.));
#3142=DIRECTION('',(0.,1.,0.));
#3143=DIRECTION('',(0.,0.,1.));
#3144=DIRECTION('',(0.,-1.,0.));
#3145=DIRECTION('',(0.,0.,-1.));
#3146=DIRECTION('',(-1.,0.,0.));
#3147=DIRECTION('',(0.,0.,1.));
#3148=DIRECTION('',(-1.,0.,0.));
#3149=DIRECTION('',(0.,0.,1.));
#3150=DIRECTION('',(1.,0.,0.));
#3151=DIRECTION('',(0.,0.,-1.));
#3152=DIRECTION('',(1.,0.,0.));
#3153=DIRECTION('',(0.,0.,-1.));
#3154=DIRECTION('',(0.,0.,-1.));
#3155=DIRECTION('',(-1.,0.,0.));
#3156=DIRECTION('',(1.73472347597681E-15,1.,0.));
#3157=DIRECTION('',(-1.,1.73472347597681E-15,0.));
#3158=DIRECTION('',(0.,1.,0.));
#3159=DIRECTION('',(0.,0.,1.));
#3160=DIRECTION('',(-8.67361737988403E-16,1.,0.));
#3161=DIRECTION('',(-1.,-8.67361737988403E-16,0.));
#3162=DIRECTION('',(1.,0.,0.));
#3163=DIRECTION('',(0.,0.,-1.));
#3164=DIRECTION('',(1.,0.,0.));
#3165=DIRECTION('',(0.,0.,-1.));
#3166=DIRECTION('',(0.,0.,1.));
#3167=DIRECTION('',(1.,0.,0.));
#3168=DIRECTION('',(0.,0.,1.));
#3169=DIRECTION('',(1.,0.,0.));
#3170=DIRECTION('',(0.,0.,1.));
#3171=DIRECTION('',(1.,0.,0.));
#3172=DIRECTION('',(0.,0.,-1.));
#3173=DIRECTION('',(-1.,0.,0.));
#3174=DIRECTION('',(1.,0.,0.));
#3175=DIRECTION('',(0.,0.,-1.));
#3176=DIRECTION('',(1.,0.,0.));
#3177=DIRECTION('',(0.,0.,-1.));
#3178=DIRECTION('',(1.,0.,0.));
#3179=DIRECTION('',(0.,0.,-1.));
#3180=DIRECTION('',(0.,-1.,0.));
#3181=DIRECTION('',(0.,0.,-1.));
#3182=DIRECTION('',(0.,-1.,0.));
#3183=DIRECTION('',(0.,0.,-1.));
#3184=DIRECTION('',(0.,1.,0.));
#3185=DIRECTION('',(0.,0.,1.));
#3186=DIRECTION('',(-1.,0.,0.));
#3187=DIRECTION('',(0.,0.,1.));
#3188=DIRECTION('',(1.,0.,0.));
#3189=DIRECTION('',(0.,0.,-1.));
#3190=DIRECTION('',(1.,0.,0.));
#3191=DIRECTION('',(0.,0.,-1.));
#3192=DIRECTION('',(0.,0.,-1.));
#3193=DIRECTION('',(-1.,0.,0.));
#3194=DIRECTION('',(0.,0.,-1.));
#3195=DIRECTION('',(-1.,0.,0.));
#3196=DIRECTION('',(0.,0.,1.));
#3197=DIRECTION('',(1.,0.,0.));
#3198=DIRECTION('',(-1.,0.,0.));
#3199=DIRECTION('',(0.,0.,1.));
#3200=DIRECTION('',(1.,0.,0.));
#3201=DIRECTION('',(0.,0.,-1.));
#3202=DIRECTION('',(0.,-1.,0.));
#3203=DIRECTION('',(0.,0.,-1.));
#3204=DIRECTION('',(0.,-1.,0.));
#3205=DIRECTION('',(0.,0.,-1.));
#3206=DIRECTION('',(0.,1.,0.));
#3207=DIRECTION('',(0.,0.,1.));
#3208=DIRECTION('',(0.,0.923879532511287,0.38268343236509));
#3209=DIRECTION('',(0.,0.382683432365091,-0.923879532511287));
#3210=DIRECTION('',(0.,1.,0.));
#3211=DIRECTION('',(0.,0.,1.));
#3212=DIRECTION('',(0.,1.,0.));
#3213=DIRECTION('',(0.,0.,1.));
#3214=DIRECTION('',(0.,0.,1.));
#3215=DIRECTION('',(1.,0.,0.));
#3216=DIRECTION('',(1.,0.,0.));
#3217=DIRECTION('',(0.,0.,-1.));
#3218=DIRECTION('',(0.,-0.707106781186547,-0.707106781186548));
#3219=DIRECTION('',(0.,0.707106781186548,-0.707106781186547));
#3220=DIRECTION('',(0.,-0.38268343236509,-0.923879532511287));
#3221=DIRECTION('',(0.,-0.923879532511287,0.38268343236509));
#3222=DIRECTION('',(0.,0.,-1.));
#3223=DIRECTION('',(-1.,0.,0.));
#3224=DIRECTION('',(4.33680868994202E-16,0.,-1.));
#3225=DIRECTION('',(-1.,0.,-4.33680868994202E-16));
#3226=DIRECTION('',(-1.,0.,0.));
#3227=DIRECTION('',(0.,0.,1.));
#3228=DIRECTION('',(-1.,0.,0.));
#3229=DIRECTION('',(0.,0.,1.));
#3230=DIRECTION('',(0.,-1.,0.));
#3231=DIRECTION('',(0.,0.,-1.));
#3232=DIRECTION('',(0.,-1.,0.));
#3233=DIRECTION('',(0.,0.,-1.));
#3234=DIRECTION('',(0.,0.,-1.));
#3235=DIRECTION('',(-1.,0.,0.));
#3236=DIRECTION('',(0.,0.,1.));
#3237=DIRECTION('',(1.,0.,0.));
#3238=DIRECTION('',(1.,0.,0.));
#3239=DIRECTION('',(0.,0.,-1.));
#3240=DIRECTION('',(1.,0.,0.));
#3241=DIRECTION('',(0.,0.,-1.));
#3242=DIRECTION('',(0.,1.,0.));
#3243=DIRECTION('',(0.,0.,1.));
#3244=DIRECTION('',(0.,1.,0.));
#3245=DIRECTION('',(0.,0.,1.));
#3246=DIRECTION('',(0.,1.,0.));
#3247=DIRECTION('',(0.,0.,1.));
#3248=DIRECTION('',(0.,0.,1.));
#3249=DIRECTION('',(1.,0.,0.));
#3250=DIRECTION('',(1.,0.,0.));
#3251=DIRECTION('',(0.,0.,-1.));
#3252=DIRECTION('',(1.,0.,0.));
#3253=DIRECTION('',(0.,0.,-1.));
#3254=DIRECTION('',(0.,1.,0.));
#3255=DIRECTION('',(0.,0.,1.));
#3256=DIRECTION('',(0.,-1.,0.));
#3257=DIRECTION('',(0.,0.,-1.));
#3258=DIRECTION('',(1.,0.,0.));
#3259=DIRECTION('',(0.,0.,-1.));
#3260=DIRECTION('',(-1.,0.,0.));
#3261=DIRECTION('',(0.,0.,1.));
#3262=DIRECTION('',(0.,0.,-1.));
#3263=DIRECTION('',(-1.,0.,0.));
#3264=DIRECTION('',(0.,0.,-1.));
#3265=DIRECTION('',(-1.,0.,0.));
#3266=DIRECTION('',(0.,-1.,0.));
#3267=DIRECTION('',(0.,0.,-1.));
#3268=DIRECTION('',(0.,-1.,0.));
#3269=DIRECTION('',(0.,0.,-1.));
#3270=DIRECTION('',(1.,0.,0.));
#3271=DIRECTION('',(0.,0.,-1.));
#3272=DIRECTION('',(-1.,0.,0.));
#3273=DIRECTION('',(0.,0.,1.));
#3274=DIRECTION('',(0.,0.,1.));
#3275=DIRECTION('',(1.,0.,0.));
#3276=DIRECTION('',(-1.,-1.73472347597681E-15,0.));
#3277=DIRECTION('',(1.73472347597681E-15,-1.,0.));
#3278=DIRECTION('',(0.,1.,-4.33680868994202E-16));
#3279=DIRECTION('',(0.,4.33680868994202E-16,1.));
#3280=DIRECTION('',(0.,1.,0.));
#3281=DIRECTION('',(0.,0.,1.));
#3282=DIRECTION('',(0.,0.,1.));
#3283=DIRECTION('',(1.,0.,0.));
#3284=DIRECTION('',(0.,0.,1.));
#3285=DIRECTION('',(1.,0.,0.));
#3286=DIRECTION('',(1.,0.,0.));
#3287=DIRECTION('',(0.,0.,-1.));
#3288=DIRECTION('',(-1.,0.,0.));
#3289=DIRECTION('',(0.,0.,1.));
#3290=DIRECTION('',(0.,1.,0.));
#3291=DIRECTION('',(0.,0.,1.));
#3292=DIRECTION('',(0.,-1.,0.));
#3293=DIRECTION('',(0.,0.,-1.));
#3294=DIRECTION('',(0.,0.,1.));
#3295=DIRECTION('',(1.,0.,0.));
#3296=DIRECTION('',(4.33680868994202E-16,0.,-1.));
#3297=DIRECTION('',(-1.,0.,-4.33680868994202E-16));
#3298=DIRECTION('',(0.,0.,1.));
#3299=DIRECTION('',(1.,0.,0.));
#3300=DIRECTION('',(-1.73472347597681E-15,1.,0.));
#3301=DIRECTION('',(-1.,-1.73472347597681E-15,0.));
#3302=DIRECTION('',(-1.,0.,-4.33680868994202E-16));
#3303=DIRECTION('',(-4.33680868994202E-16,0.,1.));
#3304=DIRECTION('',(-1.,0.,0.));
#3305=DIRECTION('',(0.,0.,1.));
#3306=DIRECTION('',(0.,-1.,0.));
#3307=DIRECTION('',(0.,0.,-1.));
#3308=DIRECTION('',(0.38268343236509,-0.923879532511287,0.));
#3309=DIRECTION('',(0.923879532511287,0.382683432365091,0.));
#3310=DIRECTION('',(-1.,0.,0.));
#3311=DIRECTION('',(0.,0.,1.));
#3312=DIRECTION('',(0.923879532511287,-0.38268343236509,0.));
#3313=DIRECTION('',(-0.38268343236509,-0.923879532511287,0.));
#3314=DIRECTION('',(0.707106781186548,-0.707106781186547,0.));
#3315=DIRECTION('',(0.707106781186547,0.707106781186548,0.));
#3316=CARTESIAN_POINT('',(0.,0.,0.));
#3317=CARTESIAN_POINT('',(-0.0326516504294495,0.0412,0.00786611652351681));
#3318=CARTESIAN_POINT('',(-0.0335355339059327,0.0412,0.00875));
#3319=CARTESIAN_POINT('',(-0.0335355339059327,0.0412,0.00875));
#3320=CARTESIAN_POINT('',(-0.0335355339059327,0.0352,0.00875));
#3321=CARTESIAN_POINT('',(-0.0326516504294495,0.0352,0.00786611652351681));
#3322=CARTESIAN_POINT('',(-0.0317677669529663,0.0352,0.00698223304703363));
#3323=CARTESIAN_POINT('',(-0.0317677669529663,0.0412,0.00698223304703363));
#3324=CARTESIAN_POINT('',(-0.0317677669529663,0.0412,0.00698223304703363));
#3325=CARTESIAN_POINT('',(-0.0326516504294495,0.0412,0.00786611652351681));
#3326=CARTESIAN_POINT('',(-0.03,0.0412,0.00875));
#3327=CARTESIAN_POINT('',(-0.03,0.0352,0.00875));
#3328=CARTESIAN_POINT('',(-0.0317677669529663,0.0352,0.0105177669529664));
#3329=CARTESIAN_POINT('',(-0.0317677669529663,0.0412,0.0105177669529664));
#3330=CARTESIAN_POINT('',(-0.0317677669529663,0.0412,0.0105177669529664));
#3331=CARTESIAN_POINT('',(-0.03,0.0412,0.00875));
#3332=CARTESIAN_POINT('',(-0.0126516504294495,0.0412,0.0296161165235168));
#3333=CARTESIAN_POINT('',(-0.0135355339059327,0.0412,0.0305));
#3334=CARTESIAN_POINT('',(-0.0135355339059327,0.0412,0.0305));
#3335=CARTESIAN_POINT('',(-0.0135355339059327,0.0352,0.0305));
#3336=CARTESIAN_POINT('',(-0.0126516504294495,0.0352,0.0296161165235168));
#3337=CARTESIAN_POINT('',(-0.0117677669529664,0.0352,0.0287322330470337));
#3338=CARTESIAN_POINT('',(-0.0117677669529664,0.0412,0.0287322330470337));
#3339=CARTESIAN_POINT('',(-0.0117677669529664,0.0412,0.0287322330470337));
#3340=CARTESIAN_POINT('',(-0.0126516504294495,0.0412,0.0296161165235168));
#3341=CARTESIAN_POINT('',(-0.01,0.0412,0.0305));
#3342=CARTESIAN_POINT('',(-0.01,0.0352,0.0305));
#3343=CARTESIAN_POINT('',(-0.0117677669529664,0.0352,0.0322677669529663));
#3344=CARTESIAN_POINT('',(-0.0117677669529664,0.0412,0.0322677669529663));
#3345=CARTESIAN_POINT('',(-0.0117677669529664,0.0412,0.0322677669529663));
#3346=CARTESIAN_POINT('',(-0.01,0.0412,0.0305));
#3347=CARTESIAN_POINT('',(-0.0326516504294495,0.0412,0.0313838834764832));
#3348=CARTESIAN_POINT('',(-0.0317677669529663,0.0412,0.0322677669529663));
#3349=CARTESIAN_POINT('',(-0.0317677669529663,0.0412,0.0322677669529663));
#3350=CARTESIAN_POINT('',(-0.0317677669529663,0.0352,0.0322677669529663));
#3351=CARTESIAN_POINT('',(-0.0326516504294495,0.0352,0.0313838834764832));
#3352=CARTESIAN_POINT('',(-0.0335355339059327,0.0352,0.0305));
#3353=CARTESIAN_POINT('',(-0.0335355339059327,0.0412,0.0305));
#3354=CARTESIAN_POINT('',(-0.0335355339059327,0.0412,0.0305));
#3355=CARTESIAN_POINT('',(-0.0326516504294495,0.0412,0.0313838834764832));
#3356=CARTESIAN_POINT('',(-0.0326516504294495,0.0412,0.0296161165235168));
#3357=CARTESIAN_POINT('',(-0.0326516504294495,0.0352,0.0296161165235168));
#3358=CARTESIAN_POINT('',(-0.0317677669529663,0.0352,0.0287322330470337));
#3359=CARTESIAN_POINT('',(-0.0317677669529663,0.0412,0.0287322330470337));
#3360=CARTESIAN_POINT('',(-0.0317677669529663,0.0412,0.0287322330470337));
#3361=CARTESIAN_POINT('',(-0.0326516504294495,0.0412,0.0296161165235168));
#3362=CARTESIAN_POINT('',(-0.0126516504294495,0.0412,0.0313838834764832));
#3363=CARTESIAN_POINT('',(-0.0126516504294495,0.0352,0.0313838834764832));
#3364=CARTESIAN_POINT('',(-0.0126516504294495,0.0412,0.0313838834764832));
#3365=CARTESIAN_POINT('',(-0.03,0.0412,0.0305));
#3366=CARTESIAN_POINT('',(-0.03,0.0352,0.0305));
#3367=CARTESIAN_POINT('',(-0.03,0.0412,0.0305));
#3368=CARTESIAN_POINT('',(-0.0326516504294495,0.0412,0.00963388347648319));
#3369=CARTESIAN_POINT('',(-0.0326516504294495,0.0352,0.00963388347648319));
#3370=CARTESIAN_POINT('',(-0.0326516504294495,0.0412,0.00963388347648319));
#3371=CARTESIAN_POINT('',(-0.0079,0.0342,0.01875));
#3372=CARTESIAN_POINT('',(-0.0153033008588991,0.0342,0.0322677669529663));
#3373=CARTESIAN_POINT('',(-0.0170710678118654,0.0342,0.0305));
#3374=CARTESIAN_POINT('',(-0.0135355339059327,0.0342,0.0340355339059327));
#3375=CARTESIAN_POINT('',(-0.01,0.0342,0.0305));
#3376=CARTESIAN_POINT('',(-0.0135355339059327,0.0342,0.0269644660940672));
#3377=CARTESIAN_POINT('',(-0.0153033008588991,0.0342,0.0287322330470337));
#3378=CARTESIAN_POINT('',(-0.0353033008588991,0.0342,0.0322677669529663));
#3379=CARTESIAN_POINT('',(-0.0370710678118655,0.0342,0.0305));
#3380=CARTESIAN_POINT('',(-0.0335355339059327,0.0342,0.0340355339059327));
#3381=CARTESIAN_POINT('',(-0.03,0.0342,0.0305));
#3382=CARTESIAN_POINT('',(-0.0335355339059327,0.0342,0.0269644660940672));
#3383=CARTESIAN_POINT('',(-0.0353033008588991,0.0342,0.0287322330470337));
#3384=CARTESIAN_POINT('',(0.0242,0.0342,0.0225));
#3385=CARTESIAN_POINT('',(-0.0262,0.0342,0.0225));
#3386=CARTESIAN_POINT('',(0.0222,0.0342,0.0225));
#3387=CARTESIAN_POINT('',(0.0222,0.0342,0.0405));
#3388=CARTESIAN_POINT('',(0.0222,0.0342,0.0385));
#3389=CARTESIAN_POINT('',(-0.04,0.0342,0.0385));
#3390=CARTESIAN_POINT('',(-0.038,0.0342,0.0385));
#3391=CARTESIAN_POINT('',(-0.038,0.0342,-0.003));
#3392=CARTESIAN_POINT('',(-0.038,0.0342,-0.001));
#3393=CARTESIAN_POINT('',(-0.0079,0.0342,-0.001));
#3394=CARTESIAN_POINT('',(-0.0262,0.0342,-0.001));
#3395=CARTESIAN_POINT('',(-0.0262,0.0342,0.0205));
#3396=CARTESIAN_POINT('',(-0.0262,0.0342,0.00550038463814562));
#3397=CARTESIAN_POINT('',(-0.03,0.0342,0.00875));
#3398=CARTESIAN_POINT('',(-0.0335355339059327,0.0342,0.00521446609406726));
#3399=CARTESIAN_POINT('',(-0.0353033008588991,0.0342,0.00698223304703364));
#3400=CARTESIAN_POINT('',(-0.0370710678118655,0.0342,0.00875));
#3401=CARTESIAN_POINT('',(-0.0353033008588991,0.0342,0.0105177669529664));
#3402=CARTESIAN_POINT('',(-0.0335355339059327,0.0342,0.0122855339059327));
#3403=CARTESIAN_POINT('',(-0.03,0.0342,0.00875));
#3404=CARTESIAN_POINT('',(-0.0262,0.0342,0.0119996153618544));
#3405=CARTESIAN_POINT('',(-0.0262,0.0342,0.0205));
#3406=CARTESIAN_POINT('',(0.,0.,0.0205));
#3407=CARTESIAN_POINT('',(-0.0212,0.,0.0205));
#3408=CARTESIAN_POINT('',(-0.0212,-0.014,0.0205));
#3409=CARTESIAN_POINT('',(-0.0212,-0.0182,0.0205));
#3410=CARTESIAN_POINT('',(0.,-0.014,0.0205));
#3411=CARTESIAN_POINT('',(-0.0222,-0.014,0.0205));
#3412=CARTESIAN_POINT('',(-0.0222,0.,0.0205));
#3413=CARTESIAN_POINT('',(-0.0222,-0.0182,0.0205));
#3414=CARTESIAN_POINT('',(-0.0182,-0.0182,0.0205));
#3415=CARTESIAN_POINT('',(-0.0182,-0.0222,0.0205));
#3416=CARTESIAN_POINT('',(-0.012,-0.0222,0.0205));
#3417=CARTESIAN_POINT('',(-0.014,-0.0222,0.0205));
#3418=CARTESIAN_POINT('',(-0.014,0.,0.0205));
#3419=CARTESIAN_POINT('',(-0.014,-0.0212,0.0205));
#3420=CARTESIAN_POINT('',(0.,-0.0212,0.0205));
#3421=CARTESIAN_POINT('',(-0.0182,-0.0212,0.0205));
#3422=CARTESIAN_POINT('',(-0.0182,-0.0182,0.0205));
#3423=CARTESIAN_POINT('',(0.,0.,0.0205));
#3424=CARTESIAN_POINT('',(-0.0242,0.0322,0.0205));
#3425=CARTESIAN_POINT('',(0.0222,0.0322,0.0205));
#3426=CARTESIAN_POINT('',(-0.0222,0.0322,0.0205));
#3427=CARTESIAN_POINT('',(-0.0222,0.,0.0205));
#3428=CARTESIAN_POINT('',(-0.0222,0.014,0.0205));
#3429=CARTESIAN_POINT('',(-0.0212,0.014,0.0205));
#3430=CARTESIAN_POINT('',(-0.0212,0.014,0.0205));
#3431=CARTESIAN_POINT('',(-0.0212,0.,0.0205));
#3432=CARTESIAN_POINT('',(-0.0212,0.0182,0.0205));
#3433=CARTESIAN_POINT('',(-0.0182,0.0182,0.0205));
#3434=CARTESIAN_POINT('',(-0.0182,0.0212,0.0205));
#3435=CARTESIAN_POINT('',(0.,0.0212,0.0205));
#3436=CARTESIAN_POINT('',(0.0182,0.0212,0.0205));
#3437=CARTESIAN_POINT('',(0.0182,0.0182,0.0205));
#3438=CARTESIAN_POINT('',(0.0212,0.0182,0.0205));
#3439=CARTESIAN_POINT('',(0.0212,0.,0.0205));
#3440=CARTESIAN_POINT('',(0.0212,0.014,0.0205));
#3441=CARTESIAN_POINT('',(0.,0.014,0.0205));
#3442=CARTESIAN_POINT('',(0.0222,0.014,0.0205));
#3443=CARTESIAN_POINT('',(0.0222,0.0322,0.0205));
#3444=CARTESIAN_POINT('',(-0.0212,0.,0.0205));
#3445=CARTESIAN_POINT('',(-0.0212,-0.012,0.0085));
#3446=CARTESIAN_POINT('',(-0.0212,-0.012,0.0105));
#3447=CARTESIAN_POINT('',(-0.0212,-0.012,0.0185));
#3448=CARTESIAN_POINT('',(-0.0212,-0.014,0.0185));
#3449=CARTESIAN_POINT('',(-0.0212,-0.0182,0.0205));
#3450=CARTESIAN_POINT('',(-0.0212,-0.0182,0.));
#3451=CARTESIAN_POINT('',(-0.0212,0.,0.));
#3452=CARTESIAN_POINT('',(-0.0212,0.0182,0.));
#3453=CARTESIAN_POINT('',(-0.0212,0.0182,0.0205));
#3454=CARTESIAN_POINT('',(-0.0212,0.014,0.0185));
#3455=CARTESIAN_POINT('',(-0.0212,0.012,0.0185));
#3456=CARTESIAN_POINT('',(-0.0212,0.012,0.0085));
#3457=CARTESIAN_POINT('',(-0.0212,0.012,0.0105));
#3458=CARTESIAN_POINT('',(-0.0212,0.01,0.0105));
#3459=CARTESIAN_POINT('',(-0.0212,0.01,0.0085));
#3460=CARTESIAN_POINT('',(-0.0212,0.,0.0085));
#3461=CARTESIAN_POINT('',(-0.0212,-0.01,0.0085));
#3462=CARTESIAN_POINT('',(-0.0212,-0.01,0.0105));
#3463=CARTESIAN_POINT('',(0.,-0.0212,0.0205));
#3464=CARTESIAN_POINT('',(0.012,-0.0212,0.0085));
#3465=CARTESIAN_POINT('',(0.012,-0.0212,0.0105));
#3466=CARTESIAN_POINT('',(0.012,-0.0212,0.0185));
#3467=CARTESIAN_POINT('',(0.014,-0.0212,0.0185));
#3468=CARTESIAN_POINT('',(0.014,-0.0212,0.0205));
#3469=CARTESIAN_POINT('',(0.,-0.0212,0.0205));
#3470=CARTESIAN_POINT('',(0.0182,-0.0212,0.0205));
#3471=CARTESIAN_POINT('',(0.0182,-0.0212,0.0205));
#3472=CARTESIAN_POINT('',(0.0182,-0.0212,0.));
#3473=CARTESIAN_POINT('',(0.,-0.0212,0.));
#3474=CARTESIAN_POINT('',(-0.0182,-0.0212,0.));
#3475=CARTESIAN_POINT('',(-0.0182,-0.0212,0.0205));
#3476=CARTESIAN_POINT('',(-0.014,-0.0212,0.0185));
#3477=CARTESIAN_POINT('',(-0.012,-0.0212,0.0185));
#3478=CARTESIAN_POINT('',(-0.012,-0.0212,0.0085));
#3479=CARTESIAN_POINT('',(-0.012,-0.0212,0.0105));
#3480=CARTESIAN_POINT('',(-0.01,-0.0212,0.0105));
#3481=CARTESIAN_POINT('',(-0.01,-0.0212,0.0085));
#3482=CARTESIAN_POINT('',(0.,-0.0212,0.0085));
#3483=CARTESIAN_POINT('',(0.01,-0.0212,0.0085));
#3484=CARTESIAN_POINT('',(0.01,-0.0212,0.0105));
#3485=CARTESIAN_POINT('',(0.0242,0.0212,0.0205));
#3486=CARTESIAN_POINT('',(0.0242,-0.014,0.0205));
#3487=CARTESIAN_POINT('',(0.0242,-0.014,0.0105));
#3488=CARTESIAN_POINT('',(0.0242,-0.014,0.0185));
#3489=CARTESIAN_POINT('',(0.0242,-0.0182,0.0185));
#3490=CARTESIAN_POINT('',(0.0242,-0.0182,0.0185));
#3491=CARTESIAN_POINT('',(0.0242,-0.0182,0.0205));
#3492=CARTESIAN_POINT('',(0.0242,-0.0182,-0.001));
#3493=CARTESIAN_POINT('',(0.0242,0.0412,-0.001));
#3494=CARTESIAN_POINT('',(0.0242,0.0392,-0.001));
#3495=CARTESIAN_POINT('',(0.0242,0.0392,0.0205));
#3496=CARTESIAN_POINT('',(0.0242,0.0392,0.0385));
#3497=CARTESIAN_POINT('',(0.0242,0.0212,0.0385));
#3498=CARTESIAN_POINT('',(0.0242,0.0362,0.0385));
#3499=CARTESIAN_POINT('',(0.0242,0.0362,0.0225));
#3500=CARTESIAN_POINT('',(0.0242,0.0362,0.0216715728752538));
#3501=CARTESIAN_POINT('',(0.0242,0.0336142135623731,0.0190857864376269));
#3502=CARTESIAN_POINT('',(0.0242,0.0330284271247462,0.0185));
#3503=CARTESIAN_POINT('',(0.0242,0.012,0.0185));
#3504=CARTESIAN_POINT('',(0.0242,0.014,0.0185));
#3505=CARTESIAN_POINT('',(0.0242,0.014,0.0085));
#3506=CARTESIAN_POINT('',(0.0242,0.014,0.0105));
#3507=CARTESIAN_POINT('',(0.0242,0.01,0.0105));
#3508=CARTESIAN_POINT('',(0.0242,0.01,0.0065));
#3509=CARTESIAN_POINT('',(0.0242,0.0212,0.0065));
#3510=CARTESIAN_POINT('',(0.0242,-0.01,0.0065));
#3511=CARTESIAN_POINT('',(0.0242,-0.01,0.0105));
#3512=CARTESIAN_POINT('',(0.,-0.0242,0.0205));
#3513=CARTESIAN_POINT('',(-0.014,-0.0242,0.0205));
#3514=CARTESIAN_POINT('',(-0.014,-0.0242,0.0105));
#3515=CARTESIAN_POINT('',(-0.014,-0.0242,0.0185));
#3516=CARTESIAN_POINT('',(-0.0182,-0.0242,0.0185));
#3517=CARTESIAN_POINT('',(-0.0182,-0.0242,0.0185));
#3518=CARTESIAN_POINT('',(-0.0182,-0.0242,0.0205));
#3519=CARTESIAN_POINT('',(-0.0182,-0.0242,-0.001));
#3520=CARTESIAN_POINT('',(0.0182,-0.0242,-0.001));
#3521=CARTESIAN_POINT('',(0.0182,-0.0242,-0.001));
#3522=CARTESIAN_POINT('',(0.0182,-0.0242,0.0205));
#3523=CARTESIAN_POINT('',(0.0182,-0.0242,0.0185));
#3524=CARTESIAN_POINT('',(0.012,-0.0242,0.0185));
#3525=CARTESIAN_POINT('',(0.014,-0.0242,0.0185));
#3526=CARTESIAN_POINT('',(0.014,-0.0242,0.0205));
#3527=CARTESIAN_POINT('',(0.014,-0.0242,0.0105));
#3528=CARTESIAN_POINT('',(0.01,-0.0242,0.0105));
#3529=CARTESIAN_POINT('',(0.01,-0.0242,0.0065));
#3530=CARTESIAN_POINT('',(0.,-0.0242,0.0065));
#3531=CARTESIAN_POINT('',(-0.01,-0.0242,0.0065));
#3532=CARTESIAN_POINT('',(-0.01,-0.0242,0.0105));
#3533=CARTESIAN_POINT('',(-0.0179213203435597,0.0150928932188134,-0.003));
#3534=CARTESIAN_POINT('',(-0.0179213203435597,0.0150928932188134,0.));
#3535=CARTESIAN_POINT('',(-0.0186284271247462,0.0158,0.));
#3536=CARTESIAN_POINT('',(-0.0172142135623731,0.0143857864376269,0.));
#3537=CARTESIAN_POINT('',(-0.0172142135623731,0.0143857864376269,-0.003));
#3538=CARTESIAN_POINT('',(-0.0172142135623731,0.0143857864376269,-0.003));
#3539=CARTESIAN_POINT('',(-0.0179213203435597,0.0150928932188134,-0.003));
#3540=CARTESIAN_POINT('',(-0.0186284271247462,0.0158,-0.003));
#3541=CARTESIAN_POINT('',(-0.0186284271247462,0.0158,-0.003));
#3542=CARTESIAN_POINT('',(-0.0179213203435597,0.0165071067811866,-0.003));
#3543=CARTESIAN_POINT('',(-0.0179213203435597,0.0165071067811866,0.));
#3544=CARTESIAN_POINT('',(-0.0172142135623731,0.0172142135623731,0.));
#3545=CARTESIAN_POINT('',(-0.0179213203435597,0.0165071067811866,-0.003));
#3546=CARTESIAN_POINT('',(-0.0172142135623731,0.0172142135623731,-0.003));
#3547=CARTESIAN_POINT('',(-0.0172142135623731,0.0172142135623731,-0.003));
#3548=CARTESIAN_POINT('',(0.0136786796564404,0.0150928932188134,-0.003));
#3549=CARTESIAN_POINT('',(0.0136786796564404,0.0150928932188134,0.));
#3550=CARTESIAN_POINT('',(0.0129715728752538,0.0158,0.));
#3551=CARTESIAN_POINT('',(0.0143857864376269,0.0143857864376269,0.));
#3552=CARTESIAN_POINT('',(0.0143857864376269,0.0143857864376269,-0.003));
#3553=CARTESIAN_POINT('',(0.0143857864376269,0.0143857864376269,-0.003));
#3554=CARTESIAN_POINT('',(0.0136786796564404,0.0150928932188134,-0.003));
#3555=CARTESIAN_POINT('',(0.0129715728752538,0.0158,-0.003));
#3556=CARTESIAN_POINT('',(0.0129715728752538,0.0158,-0.003));
#3557=CARTESIAN_POINT('',(0.0136786796564404,0.0165071067811866,-0.003));
#3558=CARTESIAN_POINT('',(0.0136786796564404,0.0165071067811866,0.));
#3559=CARTESIAN_POINT('',(0.0143857864376269,0.0172142135623731,0.));
#3560=CARTESIAN_POINT('',(0.0136786796564404,0.0165071067811866,-0.003));
#3561=CARTESIAN_POINT('',(0.0143857864376269,0.0172142135623731,-0.003));
#3562=CARTESIAN_POINT('',(0.0143857864376269,0.0172142135623731,-0.003));
#3563=CARTESIAN_POINT('',(0.0136786796564404,-0.0165071067811866,-0.003));
#3564=CARTESIAN_POINT('',(0.0136786796564404,-0.0165071067811866,0.));
#3565=CARTESIAN_POINT('',(0.0129715728752538,-0.0158,0.));
#3566=CARTESIAN_POINT('',(0.0143857864376269,-0.0172142135623731,0.));
#3567=CARTESIAN_POINT('',(0.0143857864376269,-0.0172142135623731,-0.003));
#3568=CARTESIAN_POINT('',(0.0143857864376269,-0.0172142135623731,-0.003));
#3569=CARTESIAN_POINT('',(0.0136786796564404,-0.0165071067811866,-0.003));
#3570=CARTESIAN_POINT('',(0.0129715728752538,-0.0158,-0.003));
#3571=CARTESIAN_POINT('',(0.0129715728752538,-0.0158,-0.003));
#3572=CARTESIAN_POINT('',(0.0136786796564404,-0.0150928932188134,-0.003));
#3573=CARTESIAN_POINT('',(0.0136786796564404,-0.0150928932188134,0.));
#3574=CARTESIAN_POINT('',(0.0143857864376269,-0.0143857864376269,0.));
#3575=CARTESIAN_POINT('',(0.0136786796564404,-0.0150928932188134,-0.003));
#3576=CARTESIAN_POINT('',(0.0143857864376269,-0.0143857864376269,-0.003));
#3577=CARTESIAN_POINT('',(0.0143857864376269,-0.0143857864376269,-0.003));
#3578=CARTESIAN_POINT('',(-0.0132582521472478,-0.00441941738241592,-0.003));
#3579=CARTESIAN_POINT('',(-0.0132582521472478,-0.00441941738241592,0.));
#3580=CARTESIAN_POINT('',(-0.0176776695296637,8.67361737988404E-19,0.));
#3581=CARTESIAN_POINT('',(-0.00883883476483185,-0.00883883476483184,0.));
#3582=CARTESIAN_POINT('',(-0.00883883476483185,-0.00883883476483184,-0.003));
#3583=CARTESIAN_POINT('',(-0.00883883476483185,-0.00883883476483184,-0.003));
#3584=CARTESIAN_POINT('',(-0.0132582521472478,-0.00441941738241592,-0.003));
#3585=CARTESIAN_POINT('',(-0.0176776695296637,8.67361737988404E-19,-0.003));
#3586=CARTESIAN_POINT('',(-0.0176776695296637,8.67361737988404E-19,-0.003));
#3587=CARTESIAN_POINT('',(-0.0132582521472478,0.00441941738241592,-0.003));
#3588=CARTESIAN_POINT('',(-0.0132582521472478,0.00441941738241592,0.));
#3589=CARTESIAN_POINT('',(-0.00883883476483184,0.00883883476483185,0.));
#3590=CARTESIAN_POINT('',(-0.0132582521472478,0.00441941738241592,-0.003));
#3591=CARTESIAN_POINT('',(-0.00883883476483184,0.00883883476483185,-0.003));
#3592=CARTESIAN_POINT('',(-0.00883883476483184,0.00883883476483185,-0.003));
#3593=CARTESIAN_POINT('',(-0.0179213203435597,-0.0165071067811866,-0.003));
#3594=CARTESIAN_POINT('',(-0.0179213203435597,-0.0165071067811866,0.));
#3595=CARTESIAN_POINT('',(-0.0186284271247462,-0.0158,0.));
#3596=CARTESIAN_POINT('',(-0.0172142135623731,-0.0172142135623731,0.));
#3597=CARTESIAN_POINT('',(-0.0172142135623731,-0.0172142135623731,-0.003));
#3598=CARTESIAN_POINT('',(-0.0172142135623731,-0.0172142135623731,-0.003));
#3599=CARTESIAN_POINT('',(-0.0179213203435597,-0.0165071067811866,-0.003));
#3600=CARTESIAN_POINT('',(-0.0186284271247462,-0.0158,-0.003));
#3601=CARTESIAN_POINT('',(-0.0186284271247462,-0.0158,-0.003));
#3602=CARTESIAN_POINT('',(-0.0179213203435597,-0.0150928932188134,-0.003));
#3603=CARTESIAN_POINT('',(-0.0179213203435597,-0.0150928932188134,0.));
#3604=CARTESIAN_POINT('',(-0.0172142135623731,-0.0143857864376269,0.));
#3605=CARTESIAN_POINT('',(-0.0179213203435597,-0.0150928932188134,-0.003));
#3606=CARTESIAN_POINT('',(-0.0172142135623731,-0.0143857864376269,-0.003));
#3607=CARTESIAN_POINT('',(-0.0172142135623731,-0.0143857864376269,-0.003));
#3608=CARTESIAN_POINT('',(-0.0158,0.0158,-0.003));
#3609=CARTESIAN_POINT('',(-0.0158,0.0158,0.));
#3610=CARTESIAN_POINT('',(-0.0158,0.0158,-0.003));
#3611=CARTESIAN_POINT('',(0.0158,0.0158,-0.003));
#3612=CARTESIAN_POINT('',(0.0158,0.0158,0.));
#3613=CARTESIAN_POINT('',(0.0158,0.0158,-0.003));
#3614=CARTESIAN_POINT('',(0.0158,-0.0158,-0.003));
#3615=CARTESIAN_POINT('',(0.0158,-0.0158,0.));
#3616=CARTESIAN_POINT('',(0.0158,-0.0158,-0.003));
#3617=CARTESIAN_POINT('',(0.,0.,-0.003));
#3618=CARTESIAN_POINT('',(0.,0.,0.));
#3619=CARTESIAN_POINT('',(0.,0.,-0.003));
#3620=CARTESIAN_POINT('',(-0.0158,-0.0158,-0.003));
#3621=CARTESIAN_POINT('',(-0.0158,-0.0158,0.));
#3622=CARTESIAN_POINT('',(-0.0158,-0.0158,-0.003));
#3623=CARTESIAN_POINT('',(3.46944695195361E-18,0.,-0.003));
#3624=CARTESIAN_POINT('',(0.00541421356237312,0.00541421356237313,-0.003));
#3625=CARTESIAN_POINT('',(-0.0222,0.0330284271247462,-0.003));
#3626=CARTESIAN_POINT('',(-0.0253715728752538,0.0362,-0.003));
#3627=CARTESIAN_POINT('',(3.46944695195361E-18,0.0362,-0.003));
#3628=CARTESIAN_POINT('',(-0.038,0.0362,-0.003));
#3629=CARTESIAN_POINT('',(-0.038,0.0412,-0.003));
#3630=CARTESIAN_POINT('',(-0.038,0.0392,-0.003));
#3631=CARTESIAN_POINT('',(0.0242,0.0392,-0.003));
#3632=CARTESIAN_POINT('',(0.0222,0.0392,-0.003));
#3633=CARTESIAN_POINT('',(0.0222,-0.0182,-0.003));
#3634=CARTESIAN_POINT('',(0.0222,-0.0182,-0.003));
#3635=CARTESIAN_POINT('',(0.0182,-0.0182,-0.003));
#3636=CARTESIAN_POINT('',(0.0182,-0.0222,-0.003));
#3637=CARTESIAN_POINT('',(-0.0182,-0.0222,-0.003));
#3638=CARTESIAN_POINT('',(-0.0182,-0.0222,-0.003));
#3639=CARTESIAN_POINT('',(-0.0182,-0.0182,-0.003));
#3640=CARTESIAN_POINT('',(-0.0222,-0.0182,-0.003));
#3641=CARTESIAN_POINT('',(-0.0222,0.,-0.003));
#3642=CARTESIAN_POINT('',(3.46944695195361E-18,0.,0.));
#3643=CARTESIAN_POINT('',(0.,0.0212,0.));
#3644=CARTESIAN_POINT('',(0.0182,0.0212,0.));
#3645=CARTESIAN_POINT('',(-0.0182,0.0212,0.));
#3646=CARTESIAN_POINT('',(-0.0182,0.0182,0.));
#3647=CARTESIAN_POINT('',(-0.0182,-0.0182,0.));
#3648=CARTESIAN_POINT('',(0.0182,-0.0182,0.));
#3649=CARTESIAN_POINT('',(0.0212,-0.0182,0.));
#3650=CARTESIAN_POINT('',(0.0212,0.,0.));
#3651=CARTESIAN_POINT('',(0.0212,0.0182,0.));
#3652=CARTESIAN_POINT('',(0.0182,0.0182,0.));
#3653=CARTESIAN_POINT('',(0.,0.0212,0.0205));
#3654=CARTESIAN_POINT('',(0.0182,0.0212,0.0205));
#3655=CARTESIAN_POINT('',(-0.0182,0.0212,0.0205));
#3656=CARTESIAN_POINT('',(0.0212,0.,0.0205));
#3657=CARTESIAN_POINT('',(0.0212,0.012,0.0085));
#3658=CARTESIAN_POINT('',(0.0212,0.012,0.0105));
#3659=CARTESIAN_POINT('',(0.0212,0.012,0.0185));
#3660=CARTESIAN_POINT('',(0.0212,0.014,0.0185));
#3661=CARTESIAN_POINT('',(0.0212,0.0182,0.0205));
#3662=CARTESIAN_POINT('',(0.0212,-0.0182,0.0205));
#3663=CARTESIAN_POINT('',(0.0212,-0.0182,0.0205));
#3664=CARTESIAN_POINT('',(0.0212,0.,0.0205));
#3665=CARTESIAN_POINT('',(0.0212,-0.014,0.0205));
#3666=CARTESIAN_POINT('',(0.0212,-0.014,0.0185));
#3667=CARTESIAN_POINT('',(0.0212,-0.012,0.0185));
#3668=CARTESIAN_POINT('',(0.0212,-0.012,0.0085));
#3669=CARTESIAN_POINT('',(0.0212,-0.012,0.0105));
#3670=CARTESIAN_POINT('',(0.0212,-0.01,0.0105));
#3671=CARTESIAN_POINT('',(0.0212,-0.01,0.0085));
#3672=CARTESIAN_POINT('',(0.0212,0.,0.0085));
#3673=CARTESIAN_POINT('',(0.0212,0.01,0.0085));
#3674=CARTESIAN_POINT('',(0.0212,0.01,0.0105));
#3675=CARTESIAN_POINT('',(0.0182,0.0182,0.0205));
#3676=CARTESIAN_POINT('',(-0.0182,0.0182,0.0205));
#3677=CARTESIAN_POINT('',(-0.0182,-0.0182,0.0205));
#3678=CARTESIAN_POINT('',(0.0182,-0.0182,0.0205));
#3679=CARTESIAN_POINT('',(0.0182,-0.0182,0.0205));
#3680=CARTESIAN_POINT('',(-0.0242,0.003,0.0205));
#3681=CARTESIAN_POINT('',(-0.0242,0.014,0.0205));
#3682=CARTESIAN_POINT('',(-0.0242,0.014,0.0105));
#3683=CARTESIAN_POINT('',(-0.0242,0.014,0.0185));
#3684=CARTESIAN_POINT('',(-0.0242,0.003,0.0185));
#3685=CARTESIAN_POINT('',(-0.0242,0.0322,0.0185));
#3686=CARTESIAN_POINT('',(-0.0242,0.0322,-0.003));
#3687=CARTESIAN_POINT('',(-0.0242,0.0322,-0.001));
#3688=CARTESIAN_POINT('',(-0.0242,0.003,-0.001));
#3689=CARTESIAN_POINT('',(-0.0242,-0.0182,-0.001));
#3690=CARTESIAN_POINT('',(-0.0242,-0.0182,0.0205));
#3691=CARTESIAN_POINT('',(-0.0242,-0.0182,0.0185));
#3692=CARTESIAN_POINT('',(-0.0242,0.003,0.0185));
#3693=CARTESIAN_POINT('',(-0.0242,-0.014,0.0185));
#3694=CARTESIAN_POINT('',(-0.0242,-0.014,0.0205));
#3695=CARTESIAN_POINT('',(-0.0242,-0.014,0.0105));
#3696=CARTESIAN_POINT('',(-0.0242,-0.01,0.0105));
#3697=CARTESIAN_POINT('',(-0.0242,-0.01,0.0065));
#3698=CARTESIAN_POINT('',(-0.0242,0.012,0.0065));
#3699=CARTESIAN_POINT('',(-0.0242,0.01,0.0065));
#3700=CARTESIAN_POINT('',(-0.0242,0.01,0.0105));
#3701=CARTESIAN_POINT('',(0.0182,-0.0182,0.0205));
#3702=CARTESIAN_POINT('',(0.0182,-0.0182,0.0185));
#3703=CARTESIAN_POINT('',(0.0182,-0.0182,-0.001));
#3704=CARTESIAN_POINT('',(-0.0182,-0.0182,0.0205));
#3705=CARTESIAN_POINT('',(-0.0182,-0.0182,0.0185));
#3706=CARTESIAN_POINT('',(-0.0182,-0.0182,-0.001));
#3707=CARTESIAN_POINT('',(0.,0.,0.0205));
#3708=CARTESIAN_POINT('',(0.0222,-0.012,0.0205));
#3709=CARTESIAN_POINT('',(0.0222,-0.0182,0.0205));
#3710=CARTESIAN_POINT('',(0.0222,-0.014,0.0205));
#3711=CARTESIAN_POINT('',(0.0212,-0.014,0.0205));
#3712=CARTESIAN_POINT('',(0.014,-0.0242,0.0205));
#3713=CARTESIAN_POINT('',(0.014,-0.0222,0.0205));
#3714=CARTESIAN_POINT('',(0.0182,-0.0222,0.0205));
#3715=CARTESIAN_POINT('',(0.0182,-0.0222,0.0205));
#3716=CARTESIAN_POINT('',(0.0182,-0.0182,0.0205));
#3717=CARTESIAN_POINT('',(0.012,-0.0227,0.0085));
#3718=CARTESIAN_POINT('',(0.012,-0.0222,0.0085));
#3719=CARTESIAN_POINT('',(0.012,-0.0222,0.0105));
#3720=CARTESIAN_POINT('',(0.012,-0.0222,0.0185));
#3721=CARTESIAN_POINT('',(0.012,-0.0212,0.0185));
#3722=CARTESIAN_POINT('',(0.012,-0.0242,0.0105));
#3723=CARTESIAN_POINT('',(-0.012,-0.0227,0.0085));
#3724=CARTESIAN_POINT('',(-0.012,-0.0222,0.0085));
#3725=CARTESIAN_POINT('',(-0.012,-0.0222,0.0185));
#3726=CARTESIAN_POINT('',(-0.012,-0.0222,0.0105));
#3727=CARTESIAN_POINT('',(-0.012,-0.0227,0.0105));
#3728=CARTESIAN_POINT('',(-0.012,-0.0227,0.0185));
#3729=CARTESIAN_POINT('',(0.,0.,0.0085));
#3730=CARTESIAN_POINT('',(0.,-0.0222,0.0085));
#3731=CARTESIAN_POINT('',(-0.01,-0.0222,0.0085));
#3732=CARTESIAN_POINT('',(0.01,-0.0222,0.0085));
#3733=CARTESIAN_POINT('',(0.01,-0.0212,0.0085));
#3734=CARTESIAN_POINT('',(-0.01,0.,0.0085));
#3735=CARTESIAN_POINT('',(0.0227,0.012,0.0085));
#3736=CARTESIAN_POINT('',(0.0222,0.012,0.0205));
#3737=CARTESIAN_POINT('',(0.0222,0.012,0.0105));
#3738=CARTESIAN_POINT('',(0.0222,0.012,0.0185));
#3739=CARTESIAN_POINT('',(0.0227,0.012,0.0185));
#3740=CARTESIAN_POINT('',(0.0227,0.012,0.0105));
#3741=CARTESIAN_POINT('',(0.0227,-0.012,0.0085));
#3742=CARTESIAN_POINT('',(0.0222,-0.012,0.0085));
#3743=CARTESIAN_POINT('',(0.0222,-0.012,0.0185));
#3744=CARTESIAN_POINT('',(0.0222,-0.012,0.0105));
#3745=CARTESIAN_POINT('',(0.0212,-0.012,0.0105));
#3746=CARTESIAN_POINT('',(0.0242,-0.012,0.0185));
#3747=CARTESIAN_POINT('',(0.,0.,0.0085));
#3748=CARTESIAN_POINT('',(0.0222,0.,0.0085));
#3749=CARTESIAN_POINT('',(0.0222,-0.01,0.0085));
#3750=CARTESIAN_POINT('',(0.0222,0.01,0.0085));
#3751=CARTESIAN_POINT('',(0.,0.01,0.0085));
#3752=CARTESIAN_POINT('',(0.0242,-0.01,0.0085));
#3753=CARTESIAN_POINT('',(-0.0227,0.012,0.0085));
#3754=CARTESIAN_POINT('',(-0.0222,0.012,0.0085));
#3755=CARTESIAN_POINT('',(-0.0222,0.012,0.0185));
#3756=CARTESIAN_POINT('',(-0.0222,0.012,0.0105));
#3757=CARTESIAN_POINT('',(-0.0212,0.012,0.0105));
#3758=CARTESIAN_POINT('',(-0.0242,0.012,0.0185));
#3759=CARTESIAN_POINT('',(-0.0227,-0.012,0.0085));
#3760=CARTESIAN_POINT('',(-0.0227,-0.012,0.0105));
#3761=CARTESIAN_POINT('',(-0.0222,-0.012,0.0105));
#3762=CARTESIAN_POINT('',(-0.0222,-0.012,0.0085));
#3763=CARTESIAN_POINT('',(-0.0222,-0.012,0.0185));
#3764=CARTESIAN_POINT('',(-0.0227,-0.012,0.0185));
#3765=CARTESIAN_POINT('',(0.,0.,0.0085));
#3766=CARTESIAN_POINT('',(-0.0242,0.01,0.0085));
#3767=CARTESIAN_POINT('',(-0.0222,0.01,0.0085));
#3768=CARTESIAN_POINT('',(-0.0222,-0.012,0.0085));
#3769=CARTESIAN_POINT('',(-0.0222,-0.01,0.0085));
#3770=CARTESIAN_POINT('',(0.,-0.01,0.0085));
#3771=CARTESIAN_POINT('',(-0.04,0.0412,0.0305));
#3772=CARTESIAN_POINT('',(-0.04,0.0362,0.0405));
#3773=CARTESIAN_POINT('',(-0.04,0.0362,-0.001));
#3774=CARTESIAN_POINT('',(-0.04,0.0362,0.0385));
#3775=CARTESIAN_POINT('',(-0.04,0.0412,0.0385));
#3776=CARTESIAN_POINT('',(-0.04,0.0392,0.0385));
#3777=CARTESIAN_POINT('',(-0.04,0.0392,0.0305));
#3778=CARTESIAN_POINT('',(-0.04,0.0392,-0.001));
#3779=CARTESIAN_POINT('',(-0.04,0.0342,-0.001));
#3780=CARTESIAN_POINT('',(-0.03,0.0412,0.0405));
#3781=CARTESIAN_POINT('',(0.0222,0.0412,0.0405));
#3782=CARTESIAN_POINT('',(0.0222,0.0362,0.0405));
#3783=CARTESIAN_POINT('',(0.0222,0.0392,0.0405));
#3784=CARTESIAN_POINT('',(-0.03,0.0392,0.0405));
#3785=CARTESIAN_POINT('',(-0.038,0.0392,0.0405));
#3786=CARTESIAN_POINT('',(-0.038,0.0412,0.0405));
#3787=CARTESIAN_POINT('',(-0.038,0.0362,0.0405));
#3788=CARTESIAN_POINT('',(0.0242,0.0362,0.0405));
#3789=CARTESIAN_POINT('',(-0.0079,0.0412,0.01875));
#3790=CARTESIAN_POINT('',(-0.0079,0.0412,0.0385));
#3791=CARTESIAN_POINT('',(-0.038,0.0412,0.0385));
#3792=CARTESIAN_POINT('',(0.0222,0.0412,0.0385));
#3793=CARTESIAN_POINT('',(0.0222,0.0412,0.01875));
#3794=CARTESIAN_POINT('',(0.0222,0.0412,-0.001));
#3795=CARTESIAN_POINT('',(-0.04,0.0412,-0.001));
#3796=CARTESIAN_POINT('',(-0.038,0.0412,-0.001));
#3797=CARTESIAN_POINT('',(-0.038,0.0412,0.01875));
#3798=CARTESIAN_POINT('',(-0.01,0.0352,0.0305));
#3799=CARTESIAN_POINT('',(-0.0135355339059327,0.0352,0.0340355339059327));
#3800=CARTESIAN_POINT('',(-0.0135355339059327,0.0352,0.0340355339059327));
#3801=CARTESIAN_POINT('',(-0.01,0.0352,0.0305));
#3802=CARTESIAN_POINT('',(-0.0135355339059327,0.0352,0.0269644660940672));
#3803=CARTESIAN_POINT('',(-0.0135355339059327,0.0352,0.0269644660940672));
#3804=CARTESIAN_POINT('',(-0.0153033008588991,0.0352,0.0322677669529663));
#3805=CARTESIAN_POINT('',(-0.0170710678118654,0.0352,0.0305));
#3806=CARTESIAN_POINT('',(-0.0170710678118654,0.0352,0.0305));
#3807=CARTESIAN_POINT('',(-0.0153033008588991,0.0352,0.0322677669529663));
#3808=CARTESIAN_POINT('',(-0.0153033008588991,0.0352,0.0287322330470337));
#3809=CARTESIAN_POINT('',(-0.0153033008588991,0.0352,0.0287322330470337));
#3810=CARTESIAN_POINT('',(-0.0079,0.0352,0.01875));
#3811=CARTESIAN_POINT('',(-0.03,0.0352,0.0305));
#3812=CARTESIAN_POINT('',(-0.0335355339059327,0.0352,0.0340355339059327));
#3813=CARTESIAN_POINT('',(-0.0335355339059327,0.0352,0.0340355339059327));
#3814=CARTESIAN_POINT('',(-0.03,0.0352,0.0305));
#3815=CARTESIAN_POINT('',(-0.0335355339059327,0.0352,0.0269644660940672));
#3816=CARTESIAN_POINT('',(-0.0335355339059327,0.0352,0.0269644660940672));
#3817=CARTESIAN_POINT('',(-0.0353033008588991,0.0352,0.0322677669529663));
#3818=CARTESIAN_POINT('',(-0.0370710678118655,0.0352,0.0305));
#3819=CARTESIAN_POINT('',(-0.0370710678118655,0.0352,0.0305));
#3820=CARTESIAN_POINT('',(-0.0353033008588991,0.0352,0.0322677669529663));
#3821=CARTESIAN_POINT('',(-0.0353033008588991,0.0352,0.0287322330470337));
#3822=CARTESIAN_POINT('',(-0.0353033008588991,0.0352,0.0287322330470337));
#3823=CARTESIAN_POINT('',(-0.0079,0.0352,0.01875));
#3824=CARTESIAN_POINT('',(-0.0353033008588991,0.0352,0.0105177669529664));
#3825=CARTESIAN_POINT('',(-0.0370710678118655,0.0352,0.00875));
#3826=CARTESIAN_POINT('',(-0.0370710678118655,0.0352,0.00875));
#3827=CARTESIAN_POINT('',(-0.0353033008588991,0.0352,0.0105177669529664));
#3828=CARTESIAN_POINT('',(-0.0335355339059327,0.0352,0.0122855339059327));
#3829=CARTESIAN_POINT('',(-0.0335355339059327,0.0352,0.0122855339059327));
#3830=CARTESIAN_POINT('',(-0.0353033008588991,0.0352,0.00698223304703364));
#3831=CARTESIAN_POINT('',(-0.0335355339059327,0.0352,0.00521446609406727));
#3832=CARTESIAN_POINT('',(-0.0335355339059327,0.0352,0.00521446609406727));
#3833=CARTESIAN_POINT('',(-0.0353033008588991,0.0352,0.00698223304703364));
#3834=CARTESIAN_POINT('',(-0.03,0.0352,0.00875));
#3835=CARTESIAN_POINT('',(-0.03,0.038,0.00875));
#3836=CARTESIAN_POINT('',(-0.03,0.0352,0.00875));
#3837=CARTESIAN_POINT('',(-0.0079,0.0352,0.01875));
#3838=CARTESIAN_POINT('',(0.,0.0322,0.0205));
#3839=CARTESIAN_POINT('',(0.0222,0.0342,0.0225));
#3840=CARTESIAN_POINT('',(-0.0161333333333334,0.0241333333333334,0.0124333333333333));
#3841=CARTESIAN_POINT('',(-0.0236142135623731,0.0316142135623731,0.0199142135623731));
#3842=CARTESIAN_POINT('',(-0.0222,0.0302,0.0185));
#3843=CARTESIAN_POINT('',(-0.0242,0.0322,0.0205));
#3844=CARTESIAN_POINT('',(-0.0242,0.0322,-0.001));
#3845=CARTESIAN_POINT('',(-0.0222,0.0302,0.0185));
#3846=CARTESIAN_POINT('',(-0.0222,0.,0.0185));
#3847=CARTESIAN_POINT('',(-0.0222,0.014,0.0185));
#3848=CARTESIAN_POINT('',(0.,0.014,0.0185));
#3849=CARTESIAN_POINT('',(-0.0222,0.014,0.0185));
#3850=CARTESIAN_POINT('',(-0.0222,0.014,0.0185));
#3851=CARTESIAN_POINT('',(-0.0222,0.014,0.0185));
#3852=CARTESIAN_POINT('',(-0.0222,0.014,0.0205));
#3853=CARTESIAN_POINT('',(-0.0222,0.014,0.0105));
#3854=CARTESIAN_POINT('',(-0.0227,0.01,0.0105));
#3855=CARTESIAN_POINT('',(-0.0222,0.01,0.0105));
#3856=CARTESIAN_POINT('',(-0.0222,0.01,0.0105));
#3857=CARTESIAN_POINT('',(-0.0222,0.01,0.0065));
#3858=CARTESIAN_POINT('',(-0.0222,0.,0.0065));
#3859=CARTESIAN_POINT('',(-0.0222,-0.01,0.0065));
#3860=CARTESIAN_POINT('',(0.,-0.01,0.0105));
#3861=CARTESIAN_POINT('',(-0.0222,-0.01,0.0105));
#3862=CARTESIAN_POINT('',(-0.0222,-0.01,0.0105));
#3863=CARTESIAN_POINT('',(-0.0222,-0.014,0.0105));
#3864=CARTESIAN_POINT('',(-0.0222,-0.014,0.0085));
#3865=CARTESIAN_POINT('',(-0.0222,-0.014,0.0185));
#3866=CARTESIAN_POINT('',(-0.0227,-0.014,0.0185));
#3867=CARTESIAN_POINT('',(-0.0222,-0.014,0.0185));
#3868=CARTESIAN_POINT('',(-0.0222,-0.014,0.0185));
#3869=CARTESIAN_POINT('',(-0.0222,-0.014,0.0185));
#3870=CARTESIAN_POINT('',(-0.0222,0.,0.0185));
#3871=CARTESIAN_POINT('',(-0.0222,-0.0182,0.0185));
#3872=CARTESIAN_POINT('',(-0.0182,-0.0182,0.0185));
#3873=CARTESIAN_POINT('',(-0.0182,-0.0222,0.0185));
#3874=CARTESIAN_POINT('',(0.,-0.0222,0.0185));
#3875=CARTESIAN_POINT('',(-0.014,-0.0222,0.0185));
#3876=CARTESIAN_POINT('',(-0.014,-0.0227,0.0185));
#3877=CARTESIAN_POINT('',(-0.014,-0.0222,0.0185));
#3878=CARTESIAN_POINT('',(-0.014,-0.0222,0.0185));
#3879=CARTESIAN_POINT('',(-0.014,-0.0222,0.0185));
#3880=CARTESIAN_POINT('',(-0.014,-0.0222,0.0205));
#3881=CARTESIAN_POINT('',(-0.014,-0.0222,0.0105));
#3882=CARTESIAN_POINT('',(-0.01,0.,0.0105));
#3883=CARTESIAN_POINT('',(-0.01,-0.0222,0.0105));
#3884=CARTESIAN_POINT('',(-0.01,-0.0222,0.0105));
#3885=CARTESIAN_POINT('',(-0.01,-0.0222,0.0065));
#3886=CARTESIAN_POINT('',(0.,-0.0222,0.0065));
#3887=CARTESIAN_POINT('',(0.01,-0.0222,0.0065));
#3888=CARTESIAN_POINT('',(0.01,-0.0227,0.0105));
#3889=CARTESIAN_POINT('',(0.01,-0.0222,0.0105));
#3890=CARTESIAN_POINT('',(0.01,-0.0222,0.0105));
#3891=CARTESIAN_POINT('',(0.014,-0.0222,0.0105));
#3892=CARTESIAN_POINT('',(0.014,-0.0222,0.0085));
#3893=CARTESIAN_POINT('',(0.014,-0.0222,0.0185));
#3894=CARTESIAN_POINT('',(0.014,0.,0.0185));
#3895=CARTESIAN_POINT('',(0.014,-0.0222,0.0185));
#3896=CARTESIAN_POINT('',(0.014,-0.0222,0.0185));
#3897=CARTESIAN_POINT('',(0.014,-0.0222,0.0185));
#3898=CARTESIAN_POINT('',(0.,-0.0222,0.0185));
#3899=CARTESIAN_POINT('',(0.0182,-0.0222,0.0185));
#3900=CARTESIAN_POINT('',(0.0182,-0.0182,0.0185));
#3901=CARTESIAN_POINT('',(0.0222,-0.0182,0.0185));
#3902=CARTESIAN_POINT('',(0.0222,0.0212,0.0185));
#3903=CARTESIAN_POINT('',(0.0222,-0.014,0.0185));
#3904=CARTESIAN_POINT('',(0.,-0.014,0.0185));
#3905=CARTESIAN_POINT('',(0.0222,-0.014,0.0185));
#3906=CARTESIAN_POINT('',(0.0222,-0.014,0.0185));
#3907=CARTESIAN_POINT('',(0.0222,-0.014,0.0185));
#3908=CARTESIAN_POINT('',(0.0222,-0.014,0.0205));
#3909=CARTESIAN_POINT('',(0.0222,-0.014,0.0105));
#3910=CARTESIAN_POINT('',(0.0227,-0.01,0.0105));
#3911=CARTESIAN_POINT('',(0.0222,-0.01,0.0105));
#3912=CARTESIAN_POINT('',(0.0222,-0.01,0.0105));
#3913=CARTESIAN_POINT('',(0.0222,-0.01,0.0065));
#3914=CARTESIAN_POINT('',(0.0222,0.0212,0.0065));
#3915=CARTESIAN_POINT('',(0.0222,0.01,0.0065));
#3916=CARTESIAN_POINT('',(0.,0.01,0.0105));
#3917=CARTESIAN_POINT('',(0.0222,0.01,0.0105));
#3918=CARTESIAN_POINT('',(0.0222,0.01,0.0105));
#3919=CARTESIAN_POINT('',(0.0222,0.014,0.0105));
#3920=CARTESIAN_POINT('',(0.0222,0.014,0.0085));
#3921=CARTESIAN_POINT('',(0.0222,0.014,0.0185));
#3922=CARTESIAN_POINT('',(0.0227,0.014,0.0185));
#3923=CARTESIAN_POINT('',(0.0222,0.014,0.0185));
#3924=CARTESIAN_POINT('',(0.0222,0.014,0.0185));
#3925=CARTESIAN_POINT('',(0.0222,0.014,0.0185));
#3926=CARTESIAN_POINT('',(0.0222,0.0212,0.0185));
#3927=CARTESIAN_POINT('',(0.0222,0.0330284271247462,0.0185));
#3928=CARTESIAN_POINT('',(0.0222,0.0392,0.0385));
#3929=CARTESIAN_POINT('',(0.0222,0.0392,0.0385));
#3930=CARTESIAN_POINT('',(0.0222,0.0392,0.0385));
#3931=CARTESIAN_POINT('',(0.0222,0.0392,0.0385));
#3932=CARTESIAN_POINT('',(0.0222,0.0281142135623731,0.0135857864376269));
#3933=CARTESIAN_POINT('',(0.0222,0.0362,0.0216715728752538));
#3934=CARTESIAN_POINT('',(0.0222,0.0392,0.01875));
#3935=CARTESIAN_POINT('',(0.0222,0.0392,-0.001));
#3936=CARTESIAN_POINT('',(-0.03,0.0392,0.0385));
#3937=CARTESIAN_POINT('',(-0.038,0.0392,0.0385));
#3938=CARTESIAN_POINT('',(0.0222,0.0212,0.0385));
#3939=CARTESIAN_POINT('',(0.0222,0.0362,0.0385));
#3940=CARTESIAN_POINT('',(0.0222,0.0362,0.01875));
#3941=CARTESIAN_POINT('',(0.0222,0.0362,0.0385));
#3942=CARTESIAN_POINT('',(0.0222,0.0392,-0.001));
#3943=CARTESIAN_POINT('',(0.0222,0.0392,-0.001));
#3944=CARTESIAN_POINT('',(0.0222,0.0392,-0.001));
#3945=CARTESIAN_POINT('',(-0.038,0.0392,0.0385));
#3946=CARTESIAN_POINT('',(-0.038,0.0392,0.0385));
#3947=CARTESIAN_POINT('',(-0.038,0.0392,0.0385));
#3948=CARTESIAN_POINT('',(0.0222,0.0362,0.0385));
#3949=CARTESIAN_POINT('',(0.0222,0.0362,0.0385));
#3950=CARTESIAN_POINT('',(0.0222,0.,-0.001));
#3951=CARTESIAN_POINT('',(0.0222,-0.0182,-0.001));
#3952=CARTESIAN_POINT('',(-0.0079,0.0392,-0.001));
#3953=CARTESIAN_POINT('',(-0.038,0.0392,-0.001));
#3954=CARTESIAN_POINT('',(-0.038,0.0392,0.0305));
#3955=CARTESIAN_POINT('',(-0.038,0.0392,-0.001));
#3956=CARTESIAN_POINT('',(-0.038,0.0412,0.0385));
#3957=CARTESIAN_POINT('',(-0.038,0.0362,0.0385));
#3958=CARTESIAN_POINT('',(-0.0079,0.0362,0.0385));
#3959=CARTESIAN_POINT('',(-0.038,0.0362,0.0385));
#3960=CARTESIAN_POINT('',(0.0182,-0.0182,-0.001));
#3961=CARTESIAN_POINT('',(0.0182,-0.0222,-0.001));
#3962=CARTESIAN_POINT('',(-0.038,0.0392,-0.001));
#3963=CARTESIAN_POINT('',(-0.038,0.0392,-0.001));
#3964=CARTESIAN_POINT('',(-0.038,0.0362,0.0385));
#3965=CARTESIAN_POINT('',(-0.038,0.0362,0.0385));
#3966=CARTESIAN_POINT('',(3.46944695195361E-18,-0.0222,-0.001));
#3967=CARTESIAN_POINT('',(-0.0182,-0.0222,-0.001));
#3968=CARTESIAN_POINT('',(-0.038,0.0412,-0.001));
#3969=CARTESIAN_POINT('',(-0.038,0.0362,-0.001));
#3970=CARTESIAN_POINT('',(-0.038,0.0362,0.01875));
#3971=CARTESIAN_POINT('',(-0.038,0.0362,-0.001));
#3972=CARTESIAN_POINT('',(-0.0182,-0.0182,-0.001));
#3973=CARTESIAN_POINT('',(-0.0222,-0.0182,-0.001));
#3974=CARTESIAN_POINT('',(-0.038,0.0362,-0.001));
#3975=CARTESIAN_POINT('',(-0.038,0.0362,-0.001));
#3976=CARTESIAN_POINT('',(-0.0222,0.003,-0.001));
#3977=CARTESIAN_POINT('',(-0.0222,0.0330284271247462,-0.001));
#3978=CARTESIAN_POINT('',(3.46944695195361E-18,0.0362,-0.001));
#3979=CARTESIAN_POINT('',(-0.0253715728752538,0.0362,-0.001));
#3980=CARTESIAN_POINT('',(0.00541421356237312,0.00541421356237313,-0.001));
#3981=MECHANICAL_DESIGN_GEOMETRIC_PRESENTATION_REPRESENTATION('',(#2309),
#3982);
#3982=(
GEOMETRIC_REPRESENTATION_CONTEXT(3)
GLOBAL_UNCERTAINTY_ASSIGNED_CONTEXT((#3983))
GLOBAL_UNIT_ASSIGNED_CONTEXT((#3986,#3985,#3984))
REPRESENTATION_CONTEXT('Part 1','TOP_LEVEL_ASSEMBLY_PART')
);
#3983=UNCERTAINTY_MEASURE_WITH_UNIT(LENGTH_MEASURE(1.E-8),#3986,
'DISTANCE_ACCURACY_VALUE','Maximum Tolerance applied to model');
#3984=(
NAMED_UNIT(*)
SI_UNIT($,.STERADIAN.)
SOLID_ANGLE_UNIT()
);
#3985=(
NAMED_UNIT(*)
PLANE_ANGLE_UNIT()
SI_UNIT($,.RADIAN.)
);
#3986=(
LENGTH_UNIT()
NAMED_UNIT(*)
SI_UNIT($,.METRE.)
);
#3987=PRODUCT_DEFINITION_SHAPE('','',#3988);
#3988=PRODUCT_DEFINITION('','',#3990,#3989);
#3989=PRODUCT_DEFINITION_CONTEXT('',#3996,'design');
#3990=PRODUCT_DEFINITION_FORMATION_WITH_SPECIFIED_SOURCE('','',#3992,
 .NOT_KNOWN.);
#3991=PRODUCT_RELATED_PRODUCT_CATEGORY('','',(#3992));
#3992=PRODUCT('Part 1','Part 1','Part 1',(#3994));
#3993=PRODUCT_CATEGORY('','');
#3994=PRODUCT_CONTEXT('',#3996,'mechanical');
#3995=APPLICATION_PROTOCOL_DEFINITION('international standard',
'ap242_managed_model_based_3d_engineering',2020,#3996);
#3996=APPLICATION_CONTEXT('managed model based 3d engineering');
ENDSEC;
END-ISO-10303-21;
