ISO-10303-21;
HEADER;
/* Generated by software containing ST-Developer
 * from STEP Tools, Inc. (www.steptools.com) 
 */
/* OPTION: using custom renumber hook */

FILE_DESCRIPTION(
/* description */ ('STEP AP242 Edition 2',
'CAx-IF Rec.Pracs.---Representation and Presentation of Product Manufa
cturing Information (PMI)---4.0---2014-10-13',
'CAx-IF Rec.Pracs.---3D Tessellated Geometry---0.4---2014-09-14','2;1',
'CAx-IF Rec.Pracs.---User Defined Attributes---1.5---2016-08-15'),
/* implementation_level */ '2;1');

FILE_NAME(
/* name */ 'y axis leadscrew carriage - y axis leadscrew wedge',
/* time_stamp */ '2026-09-19T01:25:27Z',
/* author */ (''),
/* organization */ (''),
/* preprocessor_version */ 'ST-DEVELOPER v20',
/* originating_system */ 'ONSHAPE BY PTC INC, 1.221',
/* authorisation */ '  ');

FILE_SCHEMA (('AP242_MANAGED_MODEL_BASED_3D_ENGINEERING_MIM_LF { 1 0 10303 442 3 1 4 }'));
ENDSEC;

DATA;
#10=SHAPE_REPRESENTATION_RELATIONSHIP('','',#2062,#11);
#11=ADVANCED_BREP_SHAPE_REPRESENTATION('',(#2060),#3544);
#12=(
BOUNDED_SURFACE()
B_SPLINE_SURFACE(3,2,((#3441,#3442,#3443),(#3444,#3445,#3446),(#3447,#3448,
#3449),(#3450,#3451,#3452)),.UNSPECIFIED.,.F.,.F.,.F.)
B_SPLINE_SURFACE_WITH_KNOTS((4,4),(3,3),(3.92699081698724,4.71238898038469),
(0.,1.),.PIECEWISE_BEZIER_KNOTS.)
GEOMETRIC_REPRESENTATION_ITEM()
RATIONAL_B_SPLINE_SURFACE(((1.,0.866025403784439,1.),(1.,0.828237916154378,
1.),(1.,0.772556629840258,1.),(1.,0.707106781186548,1.)))
REPRESENTATION_ITEM('')
SURFACE()
);
#13=TOROIDAL_SURFACE('',#2236,0.002,0.001);
#14=TOROIDAL_SURFACE('',#2256,0.002,0.001);
#15=TOROIDAL_SURFACE('',#2276,0.0035,0.001);
#16=TOROIDAL_SURFACE('',#2282,0.0035,0.001);
#17=SPHERICAL_SURFACE('',#2133,0.001);
#18=SPHERICAL_SURFACE('',#2155,0.001);
#19=SPHERICAL_SURFACE('',#2159,0.001);
#20=SPHERICAL_SURFACE('',#2176,0.001);
#21=SPHERICAL_SURFACE('',#2184,0.001);
#22=SPHERICAL_SURFACE('',#2186,0.001);
#23=SPHERICAL_SURFACE('',#2188,0.001);
#24=SPHERICAL_SURFACE('',#2192,0.001);
#25=SPHERICAL_SURFACE('',#2205,0.001);
#26=SPHERICAL_SURFACE('',#2215,0.001);
#27=SPHERICAL_SURFACE('',#2217,0.001);
#28=SPHERICAL_SURFACE('',#2219,0.001);
#29=SPHERICAL_SURFACE('',#2223,0.001);
#30=SPHERICAL_SURFACE('',#2228,0.001);
#31=SPHERICAL_SURFACE('',#2244,0.001);
#32=SPHERICAL_SURFACE('',#2246,0.001);
#33=SPHERICAL_SURFACE('',#2250,0.001);
#34=SPHERICAL_SURFACE('',#2268,0.001);
#35=SPHERICAL_SURFACE('',#2270,0.001);
#36=DEGENERATE_TOROIDAL_SURFACE('',#2131,0.0004,0.001,.T.);
#37=DEGENERATE_TOROIDAL_SURFACE('',#2132,0.0004,0.001,.T.);
#38=CYLINDRICAL_SURFACE('',#2090,0.0025);
#39=CYLINDRICAL_SURFACE('',#2096,0.0025);
#40=CYLINDRICAL_SURFACE('',#2106,0.0025);
#41=CYLINDRICAL_SURFACE('',#2109,0.0025);
#42=CYLINDRICAL_SURFACE('',#2114,0.0025);
#43=CYLINDRICAL_SURFACE('',#2120,0.0014);
#44=CYLINDRICAL_SURFACE('',#2123,0.0014);
#45=CYLINDRICAL_SURFACE('',#2137,0.001);
#46=CYLINDRICAL_SURFACE('',#2139,0.001);
#47=CYLINDRICAL_SURFACE('',#2142,0.001);
#48=CYLINDRICAL_SURFACE('',#2144,0.001);
#49=CYLINDRICAL_SURFACE('',#2146,0.001);
#50=CYLINDRICAL_SURFACE('',#2148,0.001);
#51=CYLINDRICAL_SURFACE('',#2151,0.001);
#52=CYLINDRICAL_SURFACE('',#2153,0.001);
#53=CYLINDRICAL_SURFACE('',#2157,0.001);
#54=CYLINDRICAL_SURFACE('',#2162,0.001);
#55=CYLINDRICAL_SURFACE('',#2164,0.001);
#56=CYLINDRICAL_SURFACE('',#2166,0.001);
#57=CYLINDRICAL_SURFACE('',#2168,0.001);
#58=CYLINDRICAL_SURFACE('',#2170,0.001);
#59=CYLINDRICAL_SURFACE('',#2172,0.001);
#60=CYLINDRICAL_SURFACE('',#2174,0.001);
#61=CYLINDRICAL_SURFACE('',#2178,0.001);
#62=CYLINDRICAL_SURFACE('',#2181,0.001);
#63=CYLINDRICAL_SURFACE('',#2190,0.001);
#64=CYLINDRICAL_SURFACE('',#2194,0.001);
#65=CYLINDRICAL_SURFACE('',#2196,0.001);
#66=CYLINDRICAL_SURFACE('',#2198,0.001);
#67=CYLINDRICAL_SURFACE('',#2200,0.001);
#68=CYLINDRICAL_SURFACE('',#2202,0.001);
#69=CYLINDRICAL_SURFACE('',#2207,0.001);
#70=CYLINDRICAL_SURFACE('',#2209,0.001);
#71=CYLINDRICAL_SURFACE('',#2212,0.001);
#72=CYLINDRICAL_SURFACE('',#2221,0.001);
#73=CYLINDRICAL_SURFACE('',#2226,0.001);
#74=CYLINDRICAL_SURFACE('',#2230,0.001);
#75=CYLINDRICAL_SURFACE('',#2232,0.001);
#76=CYLINDRICAL_SURFACE('',#2234,0.001);
#77=CYLINDRICAL_SURFACE('',#2239,0.001);
#78=CYLINDRICAL_SURFACE('',#2241,0.001);
#79=CYLINDRICAL_SURFACE('',#2248,0.001);
#80=CYLINDRICAL_SURFACE('',#2252,0.001);
#81=CYLINDRICAL_SURFACE('',#2254,0.001);
#82=CYLINDRICAL_SURFACE('',#2258,0.001);
#83=CYLINDRICAL_SURFACE('',#2260,0.001);
#84=CYLINDRICAL_SURFACE('',#2262,0.001);
#85=CYLINDRICAL_SURFACE('',#2264,0.001);
#86=CYLINDRICAL_SURFACE('',#2266,0.001);
#87=CYLINDRICAL_SURFACE('',#2272,0.001);
#88=CYLINDRICAL_SURFACE('',#2273,0.001);
#89=CYLINDRICAL_SURFACE('',#2278,0.001);
#90=CYLINDRICAL_SURFACE('',#2279,0.001);
#91=CYLINDRICAL_SURFACE('',#2284,0.001);
#92=CYLINDRICAL_SURFACE('',#2285,0.0016);
#93=CYLINDRICAL_SURFACE('',#2286,0.0016);
#94=ELLIPSE('',#2083,0.002,0.001);
#95=ELLIPSE('',#2084,0.002,0.001);
#96=ELLIPSE('',#2105,0.00282842712474619,0.002);
#97=ELLIPSE('',#2138,0.00141421356237309,0.001);
#98=ELLIPSE('',#2140,0.00141421356237309,0.001);
#99=ELLIPSE('',#2143,0.00141421356237309,0.001);
#100=ELLIPSE('',#2147,0.00141421356237309,0.001);
#101=ELLIPSE('',#2150,0.00141421356237309,0.001);
#102=ELLIPSE('',#2152,0.00141421356237309,0.001);
#103=ELLIPSE('',#2154,0.00141421356237309,0.001);
#104=ELLIPSE('',#2158,0.00141421356237309,0.001);
#105=ELLIPSE('',#2182,0.00108239220029239,0.001);
#106=ELLIPSE('',#2211,0.00108239220029239,0.001);
#107=ELLIPSE('',#2238,0.00223606797749979,0.001);
#108=ELLIPSE('',#2253,0.00141421356237309,0.001);
#109=ELLIPSE('',#2255,0.00141421356237309,0.001);
#110=ELLIPSE('',#2259,0.00141421356237309,0.001);
#111=ELLIPSE('',#2274,0.00141421356237309,0.001);
#112=ELLIPSE('',#2280,0.00141421356237309,0.001);
#113=B_SPLINE_CURVE_WITH_KNOTS('',3,(#3025,#3026,#3027,#3028,#3029),
 .UNSPECIFIED.,.F.,.F.,(4,1,4),(0.,0.00102374211662994,0.00204748423325988),
 .UNSPECIFIED.);
#114=CIRCLE('',#2065,0.0016);
#115=CIRCLE('',#2066,0.0016);
#116=CIRCLE('',#2071,0.0035);
#117=CIRCLE('',#2072,0.0035);
#118=CIRCLE('',#2073,0.002);
#119=CIRCLE('',#2076,0.002);
#120=CIRCLE('',#2077,0.0025);
#121=CIRCLE('',#2078,0.0025);
#122=CIRCLE('',#2079,0.0025);
#123=CIRCLE('',#2081,0.0025);
#124=CIRCLE('',#2082,0.0025);
#125=CIRCLE('',#2085,0.0025);
#126=CIRCLE('',#2087,0.0025);
#127=CIRCLE('',#2088,0.0025);
#128=CIRCLE('',#2091,0.0025);
#129=CIRCLE('',#2097,0.0025);
#130=CIRCLE('',#2100,0.0016);
#131=CIRCLE('',#2101,0.0016);
#132=CIRCLE('',#2121,0.0014);
#133=CIRCLE('',#2122,0.0014);
#134=CIRCLE('',#2124,0.0014);
#135=CIRCLE('',#2125,0.0014);
#136=CIRCLE('',#2128,0.0004);
#137=CIRCLE('',#2130,0.0004);
#138=CIRCLE('',#2134,0.001);
#139=CIRCLE('',#2135,0.001);
#140=CIRCLE('',#2136,0.001);
#141=CIRCLE('',#2141,0.001);
#142=CIRCLE('',#2145,0.001);
#143=CIRCLE('',#2149,0.001);
#144=CIRCLE('',#2156,0.001);
#145=CIRCLE('',#2160,0.001);
#146=CIRCLE('',#2161,0.001);
#147=CIRCLE('',#2163,0.001);
#148=CIRCLE('',#2165,0.001);
#149=CIRCLE('',#2167,0.001);
#150=CIRCLE('',#2169,0.001);
#151=CIRCLE('',#2171,0.001);
#152=CIRCLE('',#2173,0.001);
#153=CIRCLE('',#2175,0.001);
#154=CIRCLE('',#2177,0.001);
#155=CIRCLE('',#2179,0.001);
#156=CIRCLE('',#2180,0.001);
#157=CIRCLE('',#2183,0.001);
#158=CIRCLE('',#2185,0.001);
#159=CIRCLE('',#2187,0.001);
#160=CIRCLE('',#2189,0.001);
#161=CIRCLE('',#2191,0.001);
#162=CIRCLE('',#2193,0.001);
#163=CIRCLE('',#2195,0.001);
#164=CIRCLE('',#2197,0.001);
#165=CIRCLE('',#2199,0.001);
#166=CIRCLE('',#2201,0.001);
#167=CIRCLE('',#2203,0.001);
#168=CIRCLE('',#2204,0.001);
#169=CIRCLE('',#2206,0.001);
#170=CIRCLE('',#2208,0.001);
#171=CIRCLE('',#2210,0.001);
#172=CIRCLE('',#2213,0.001);
#173=CIRCLE('',#2214,0.001);
#174=CIRCLE('',#2216,0.001);
#175=CIRCLE('',#2218,0.001);
#176=CIRCLE('',#2220,0.001);
#177=CIRCLE('',#2222,0.001);
#178=CIRCLE('',#2224,0.001);
#179=CIRCLE('',#2225,0.001);
#180=CIRCLE('',#2227,0.001);
#181=CIRCLE('',#2229,0.001);
#182=CIRCLE('',#2231,0.001);
#183=CIRCLE('',#2233,0.001);
#184=CIRCLE('',#2235,0.001);
#185=CIRCLE('',#2237,0.001);
#186=CIRCLE('',#2240,0.001);
#187=CIRCLE('',#2242,0.001);
#188=CIRCLE('',#2243,0.001);
#189=CIRCLE('',#2245,0.001);
#190=CIRCLE('',#2247,0.001);
#191=CIRCLE('',#2249,0.001);
#192=CIRCLE('',#2251,0.001);
#193=CIRCLE('',#2257,0.001);
#194=CIRCLE('',#2261,0.001);
#195=CIRCLE('',#2263,0.001);
#196=CIRCLE('',#2265,0.001);
#197=CIRCLE('',#2267,0.001);
#198=CIRCLE('',#2269,0.001);
#199=CIRCLE('',#2271,0.001);
#200=CIRCLE('',#2275,0.001);
#201=CIRCLE('',#2277,0.001);
#202=CIRCLE('',#2281,0.001);
#203=CIRCLE('',#2283,0.001);
#204=ORIENTED_EDGE('',*,*,#772,.F.);
#205=ORIENTED_EDGE('',*,*,#773,.T.);
#206=ORIENTED_EDGE('',*,*,#774,.T.);
#207=ORIENTED_EDGE('',*,*,#775,.T.);
#208=ORIENTED_EDGE('',*,*,#776,.T.);
#209=ORIENTED_EDGE('',*,*,#777,.T.);
#210=ORIENTED_EDGE('',*,*,#778,.F.);
#211=ORIENTED_EDGE('',*,*,#779,.T.);
#212=ORIENTED_EDGE('',*,*,#780,.F.);
#213=ORIENTED_EDGE('',*,*,#781,.F.);
#214=ORIENTED_EDGE('',*,*,#782,.T.);
#215=ORIENTED_EDGE('',*,*,#783,.T.);
#216=ORIENTED_EDGE('',*,*,#784,.T.);
#217=ORIENTED_EDGE('',*,*,#785,.T.);
#218=ORIENTED_EDGE('',*,*,#786,.T.);
#219=ORIENTED_EDGE('',*,*,#787,.T.);
#220=ORIENTED_EDGE('',*,*,#788,.T.);
#221=ORIENTED_EDGE('',*,*,#789,.T.);
#222=ORIENTED_EDGE('',*,*,#790,.T.);
#223=ORIENTED_EDGE('',*,*,#791,.T.);
#224=ORIENTED_EDGE('',*,*,#792,.T.);
#225=ORIENTED_EDGE('',*,*,#793,.T.);
#226=ORIENTED_EDGE('',*,*,#794,.F.);
#227=ORIENTED_EDGE('',*,*,#795,.F.);
#228=ORIENTED_EDGE('',*,*,#796,.T.);
#229=ORIENTED_EDGE('',*,*,#797,.T.);
#230=ORIENTED_EDGE('',*,*,#798,.T.);
#231=ORIENTED_EDGE('',*,*,#799,.T.);
#232=ORIENTED_EDGE('',*,*,#800,.T.);
#233=ORIENTED_EDGE('',*,*,#801,.T.);
#234=ORIENTED_EDGE('',*,*,#802,.T.);
#235=ORIENTED_EDGE('',*,*,#803,.F.);
#236=ORIENTED_EDGE('',*,*,#804,.F.);
#237=ORIENTED_EDGE('',*,*,#805,.T.);
#238=ORIENTED_EDGE('',*,*,#806,.T.);
#239=ORIENTED_EDGE('',*,*,#807,.T.);
#240=ORIENTED_EDGE('',*,*,#808,.T.);
#241=ORIENTED_EDGE('',*,*,#809,.F.);
#242=ORIENTED_EDGE('',*,*,#810,.T.);
#243=ORIENTED_EDGE('',*,*,#811,.T.);
#244=ORIENTED_EDGE('',*,*,#812,.T.);
#245=ORIENTED_EDGE('',*,*,#813,.T.);
#246=ORIENTED_EDGE('',*,*,#814,.T.);
#247=ORIENTED_EDGE('',*,*,#815,.T.);
#248=ORIENTED_EDGE('',*,*,#816,.T.);
#249=ORIENTED_EDGE('',*,*,#817,.T.);
#250=ORIENTED_EDGE('',*,*,#818,.T.);
#251=ORIENTED_EDGE('',*,*,#819,.T.);
#252=ORIENTED_EDGE('',*,*,#820,.T.);
#253=ORIENTED_EDGE('',*,*,#821,.T.);
#254=ORIENTED_EDGE('',*,*,#822,.T.);
#255=ORIENTED_EDGE('',*,*,#823,.T.);
#256=ORIENTED_EDGE('',*,*,#824,.T.);
#257=ORIENTED_EDGE('',*,*,#825,.T.);
#258=ORIENTED_EDGE('',*,*,#826,.T.);
#259=ORIENTED_EDGE('',*,*,#827,.T.);
#260=ORIENTED_EDGE('',*,*,#828,.T.);
#261=ORIENTED_EDGE('',*,*,#829,.T.);
#262=ORIENTED_EDGE('',*,*,#830,.T.);
#263=ORIENTED_EDGE('',*,*,#831,.T.);
#264=ORIENTED_EDGE('',*,*,#832,.T.);
#265=ORIENTED_EDGE('',*,*,#833,.T.);
#266=ORIENTED_EDGE('',*,*,#834,.T.);
#267=ORIENTED_EDGE('',*,*,#835,.T.);
#268=ORIENTED_EDGE('',*,*,#836,.T.);
#269=ORIENTED_EDGE('',*,*,#837,.T.);
#270=ORIENTED_EDGE('',*,*,#838,.T.);
#271=ORIENTED_EDGE('',*,*,#839,.T.);
#272=ORIENTED_EDGE('',*,*,#809,.T.);
#273=ORIENTED_EDGE('',*,*,#840,.T.);
#274=ORIENTED_EDGE('',*,*,#841,.T.);
#275=ORIENTED_EDGE('',*,*,#842,.T.);
#276=ORIENTED_EDGE('',*,*,#843,.T.);
#277=ORIENTED_EDGE('',*,*,#844,.T.);
#278=ORIENTED_EDGE('',*,*,#845,.T.);
#279=ORIENTED_EDGE('',*,*,#846,.F.);
#280=ORIENTED_EDGE('',*,*,#847,.F.);
#281=ORIENTED_EDGE('',*,*,#848,.T.);
#282=ORIENTED_EDGE('',*,*,#849,.F.);
#283=ORIENTED_EDGE('',*,*,#850,.F.);
#284=ORIENTED_EDGE('',*,*,#851,.T.);
#285=ORIENTED_EDGE('',*,*,#852,.F.);
#286=ORIENTED_EDGE('',*,*,#853,.T.);
#287=ORIENTED_EDGE('',*,*,#854,.F.);
#288=ORIENTED_EDGE('',*,*,#855,.T.);
#289=ORIENTED_EDGE('',*,*,#856,.F.);
#290=ORIENTED_EDGE('',*,*,#857,.T.);
#291=ORIENTED_EDGE('',*,*,#858,.T.);
#292=ORIENTED_EDGE('',*,*,#859,.F.);
#293=ORIENTED_EDGE('',*,*,#860,.T.);
#294=ORIENTED_EDGE('',*,*,#861,.T.);
#295=ORIENTED_EDGE('',*,*,#862,.T.);
#296=ORIENTED_EDGE('',*,*,#863,.T.);
#297=ORIENTED_EDGE('',*,*,#864,.T.);
#298=ORIENTED_EDGE('',*,*,#865,.F.);
#299=ORIENTED_EDGE('',*,*,#866,.F.);
#300=ORIENTED_EDGE('',*,*,#867,.T.);
#301=ORIENTED_EDGE('',*,*,#868,.F.);
#302=ORIENTED_EDGE('',*,*,#869,.T.);
#303=ORIENTED_EDGE('',*,*,#870,.F.);
#304=ORIENTED_EDGE('',*,*,#871,.T.);
#305=ORIENTED_EDGE('',*,*,#872,.T.);
#306=ORIENTED_EDGE('',*,*,#865,.T.);
#307=ORIENTED_EDGE('',*,*,#873,.T.);
#308=ORIENTED_EDGE('',*,*,#874,.F.);
#309=ORIENTED_EDGE('',*,*,#875,.F.);
#310=ORIENTED_EDGE('',*,*,#876,.T.);
#311=ORIENTED_EDGE('',*,*,#877,.F.);
#312=ORIENTED_EDGE('',*,*,#878,.F.);
#313=ORIENTED_EDGE('',*,*,#879,.T.);
#314=ORIENTED_EDGE('',*,*,#880,.T.);
#315=ORIENTED_EDGE('',*,*,#881,.T.);
#316=ORIENTED_EDGE('',*,*,#882,.T.);
#317=ORIENTED_EDGE('',*,*,#883,.T.);
#318=ORIENTED_EDGE('',*,*,#884,.T.);
#319=ORIENTED_EDGE('',*,*,#885,.T.);
#320=ORIENTED_EDGE('',*,*,#886,.T.);
#321=ORIENTED_EDGE('',*,*,#887,.F.);
#322=ORIENTED_EDGE('',*,*,#888,.T.);
#323=ORIENTED_EDGE('',*,*,#889,.T.);
#324=ORIENTED_EDGE('',*,*,#874,.T.);
#325=ORIENTED_EDGE('',*,*,#890,.F.);
#326=ORIENTED_EDGE('',*,*,#891,.T.);
#327=ORIENTED_EDGE('',*,*,#887,.T.);
#328=ORIENTED_EDGE('',*,*,#873,.F.);
#329=ORIENTED_EDGE('',*,*,#889,.F.);
#330=ORIENTED_EDGE('',*,*,#892,.T.);
#331=ORIENTED_EDGE('',*,*,#890,.T.);
#332=ORIENTED_EDGE('',*,*,#875,.T.);
#333=ORIENTED_EDGE('',*,*,#893,.F.);
#334=ORIENTED_EDGE('',*,*,#894,.T.);
#335=ORIENTED_EDGE('',*,*,#895,.T.);
#336=ORIENTED_EDGE('',*,*,#876,.F.);
#337=ORIENTED_EDGE('',*,*,#896,.F.);
#338=ORIENTED_EDGE('',*,*,#897,.T.);
#339=ORIENTED_EDGE('',*,*,#893,.T.);
#340=ORIENTED_EDGE('',*,*,#878,.T.);
#341=ORIENTED_EDGE('',*,*,#895,.F.);
#342=ORIENTED_EDGE('',*,*,#898,.T.);
#343=ORIENTED_EDGE('',*,*,#896,.T.);
#344=ORIENTED_EDGE('',*,*,#877,.T.);
#345=ORIENTED_EDGE('',*,*,#864,.F.);
#346=ORIENTED_EDGE('',*,*,#899,.T.);
#347=ORIENTED_EDGE('',*,*,#900,.T.);
#348=ORIENTED_EDGE('',*,*,#870,.T.);
#349=ORIENTED_EDGE('',*,*,#901,.T.);
#350=ORIENTED_EDGE('',*,*,#902,.T.);
#351=ORIENTED_EDGE('',*,*,#903,.T.);
#352=ORIENTED_EDGE('',*,*,#904,.T.);
#353=ORIENTED_EDGE('',*,*,#866,.T.);
#354=ORIENTED_EDGE('',*,*,#872,.F.);
#355=ORIENTED_EDGE('',*,*,#905,.T.);
#356=ORIENTED_EDGE('',*,*,#906,.T.);
#357=ORIENTED_EDGE('',*,*,#907,.T.);
#358=ORIENTED_EDGE('',*,*,#908,.T.);
#359=ORIENTED_EDGE('',*,*,#909,.T.);
#360=ORIENTED_EDGE('',*,*,#910,.T.);
#361=ORIENTED_EDGE('',*,*,#911,.T.);
#362=ORIENTED_EDGE('',*,*,#912,.T.);
#363=ORIENTED_EDGE('',*,*,#913,.T.);
#364=ORIENTED_EDGE('',*,*,#914,.T.);
#365=ORIENTED_EDGE('',*,*,#915,.T.);
#366=ORIENTED_EDGE('',*,*,#916,.T.);
#367=ORIENTED_EDGE('',*,*,#917,.T.);
#368=ORIENTED_EDGE('',*,*,#918,.T.);
#369=ORIENTED_EDGE('',*,*,#913,.F.);
#370=ORIENTED_EDGE('',*,*,#919,.T.);
#371=ORIENTED_EDGE('',*,*,#920,.T.);
#372=ORIENTED_EDGE('',*,*,#921,.T.);
#373=ORIENTED_EDGE('',*,*,#849,.T.);
#374=ORIENTED_EDGE('',*,*,#922,.F.);
#375=ORIENTED_EDGE('',*,*,#858,.F.);
#376=ORIENTED_EDGE('',*,*,#859,.T.);
#377=ORIENTED_EDGE('',*,*,#922,.T.);
#378=ORIENTED_EDGE('',*,*,#851,.F.);
#379=ORIENTED_EDGE('',*,*,#923,.F.);
#380=ORIENTED_EDGE('',*,*,#923,.T.);
#381=ORIENTED_EDGE('',*,*,#850,.T.);
#382=ORIENTED_EDGE('',*,*,#921,.F.);
#383=ORIENTED_EDGE('',*,*,#860,.F.);
#384=ORIENTED_EDGE('',*,*,#924,.T.);
#385=ORIENTED_EDGE('',*,*,#846,.T.);
#386=ORIENTED_EDGE('',*,*,#925,.F.);
#387=ORIENTED_EDGE('',*,*,#855,.F.);
#388=ORIENTED_EDGE('',*,*,#856,.T.);
#389=ORIENTED_EDGE('',*,*,#925,.T.);
#390=ORIENTED_EDGE('',*,*,#848,.F.);
#391=ORIENTED_EDGE('',*,*,#926,.F.);
#392=ORIENTED_EDGE('',*,*,#926,.T.);
#393=ORIENTED_EDGE('',*,*,#847,.T.);
#394=ORIENTED_EDGE('',*,*,#924,.F.);
#395=ORIENTED_EDGE('',*,*,#857,.F.);
#396=ORIENTED_EDGE('',*,*,#868,.T.);
#397=ORIENTED_EDGE('',*,*,#927,.T.);
#398=ORIENTED_EDGE('',*,*,#853,.F.);
#399=ORIENTED_EDGE('',*,*,#928,.F.);
#400=ORIENTED_EDGE('',*,*,#928,.T.);
#401=ORIENTED_EDGE('',*,*,#852,.T.);
#402=ORIENTED_EDGE('',*,*,#929,.F.);
#403=ORIENTED_EDGE('',*,*,#869,.F.);
#404=ORIENTED_EDGE('',*,*,#929,.T.);
#405=ORIENTED_EDGE('',*,*,#854,.T.);
#406=ORIENTED_EDGE('',*,*,#927,.F.);
#407=ORIENTED_EDGE('',*,*,#867,.F.);
#408=ORIENTED_EDGE('',*,*,#930,.T.);
#409=ORIENTED_EDGE('',*,*,#931,.T.);
#410=ORIENTED_EDGE('',*,*,#932,.T.);
#411=ORIENTED_EDGE('',*,*,#933,.T.);
#412=ORIENTED_EDGE('',*,*,#934,.F.);
#413=ORIENTED_EDGE('',*,*,#935,.T.);
#414=ORIENTED_EDGE('',*,*,#936,.T.);
#415=ORIENTED_EDGE('',*,*,#937,.F.);
#416=ORIENTED_EDGE('',*,*,#937,.T.);
#417=ORIENTED_EDGE('',*,*,#938,.T.);
#418=ORIENTED_EDGE('',*,*,#933,.F.);
#419=ORIENTED_EDGE('',*,*,#939,.T.);
#420=ORIENTED_EDGE('',*,*,#932,.F.);
#421=ORIENTED_EDGE('',*,*,#940,.T.);
#422=ORIENTED_EDGE('',*,*,#934,.T.);
#423=ORIENTED_EDGE('',*,*,#939,.F.);
#424=ORIENTED_EDGE('',*,*,#941,.T.);
#425=ORIENTED_EDGE('',*,*,#942,.T.);
#426=ORIENTED_EDGE('',*,*,#943,.T.);
#427=ORIENTED_EDGE('',*,*,#944,.T.);
#428=ORIENTED_EDGE('',*,*,#945,.T.);
#429=ORIENTED_EDGE('',*,*,#946,.T.);
#430=ORIENTED_EDGE('',*,*,#947,.T.);
#431=ORIENTED_EDGE('',*,*,#948,.T.);
#432=ORIENTED_EDGE('',*,*,#943,.F.);
#433=ORIENTED_EDGE('',*,*,#949,.T.);
#434=ORIENTED_EDGE('',*,*,#950,.T.);
#435=ORIENTED_EDGE('',*,*,#951,.T.);
#436=ORIENTED_EDGE('',*,*,#946,.F.);
#437=ORIENTED_EDGE('',*,*,#948,.F.);
#438=ORIENTED_EDGE('',*,*,#952,.T.);
#439=ORIENTED_EDGE('',*,*,#953,.T.);
#440=ORIENTED_EDGE('',*,*,#947,.F.);
#441=ORIENTED_EDGE('',*,*,#952,.F.);
#442=ORIENTED_EDGE('',*,*,#945,.F.);
#443=ORIENTED_EDGE('',*,*,#953,.F.);
#444=ORIENTED_EDGE('',*,*,#954,.F.);
#445=ORIENTED_EDGE('',*,*,#955,.F.);
#446=ORIENTED_EDGE('',*,*,#956,.F.);
#447=ORIENTED_EDGE('',*,*,#955,.T.);
#448=ORIENTED_EDGE('',*,*,#834,.F.);
#449=ORIENTED_EDGE('',*,*,#957,.F.);
#450=ORIENTED_EDGE('',*,*,#936,.F.);
#451=ORIENTED_EDGE('',*,*,#899,.F.);
#452=ORIENTED_EDGE('',*,*,#863,.F.);
#453=ORIENTED_EDGE('',*,*,#958,.F.);
#454=ORIENTED_EDGE('',*,*,#910,.F.);
#455=ORIENTED_EDGE('',*,*,#959,.F.);
#456=ORIENTED_EDGE('',*,*,#956,.T.);
#457=ORIENTED_EDGE('',*,*,#935,.F.);
#458=ORIENTED_EDGE('',*,*,#960,.F.);
#459=ORIENTED_EDGE('',*,*,#828,.F.);
#460=ORIENTED_EDGE('',*,*,#954,.T.);
#461=ORIENTED_EDGE('',*,*,#827,.F.);
#462=ORIENTED_EDGE('',*,*,#961,.F.);
#463=ORIENTED_EDGE('',*,*,#835,.F.);
#464=ORIENTED_EDGE('',*,*,#957,.T.);
#465=ORIENTED_EDGE('',*,*,#833,.F.);
#466=ORIENTED_EDGE('',*,*,#962,.F.);
#467=ORIENTED_EDGE('',*,*,#938,.F.);
#468=ORIENTED_EDGE('',*,*,#963,.F.);
#469=ORIENTED_EDGE('',*,*,#882,.F.);
#470=ORIENTED_EDGE('',*,*,#964,.F.);
#471=ORIENTED_EDGE('',*,*,#900,.F.);
#472=ORIENTED_EDGE('',*,*,#964,.T.);
#473=ORIENTED_EDGE('',*,*,#881,.F.);
#474=ORIENTED_EDGE('',*,*,#965,.F.);
#475=ORIENTED_EDGE('',*,*,#871,.F.);
#476=ORIENTED_EDGE('',*,*,#862,.F.);
#477=ORIENTED_EDGE('',*,*,#966,.F.);
#478=ORIENTED_EDGE('',*,*,#911,.F.);
#479=ORIENTED_EDGE('',*,*,#958,.T.);
#480=ORIENTED_EDGE('',*,*,#963,.T.);
#481=ORIENTED_EDGE('',*,*,#959,.T.);
#482=ORIENTED_EDGE('',*,*,#967,.F.);
#483=ORIENTED_EDGE('',*,*,#960,.T.);
#484=ORIENTED_EDGE('',*,*,#940,.F.);
#485=ORIENTED_EDGE('',*,*,#968,.F.);
#486=ORIENTED_EDGE('',*,*,#829,.F.);
#487=ORIENTED_EDGE('',*,*,#969,.F.);
#488=ORIENTED_EDGE('',*,*,#961,.T.);
#489=ORIENTED_EDGE('',*,*,#970,.F.);
#490=ORIENTED_EDGE('',*,*,#962,.T.);
#491=ORIENTED_EDGE('',*,*,#832,.F.);
#492=ORIENTED_EDGE('',*,*,#971,.F.);
#493=ORIENTED_EDGE('',*,*,#930,.F.);
#494=ORIENTED_EDGE('',*,*,#968,.T.);
#495=ORIENTED_EDGE('',*,*,#931,.F.);
#496=ORIENTED_EDGE('',*,*,#972,.F.);
#497=ORIENTED_EDGE('',*,*,#830,.F.);
#498=ORIENTED_EDGE('',*,*,#970,.T.);
#499=ORIENTED_EDGE('',*,*,#826,.F.);
#500=ORIENTED_EDGE('',*,*,#973,.F.);
#501=ORIENTED_EDGE('',*,*,#885,.F.);
#502=ORIENTED_EDGE('',*,*,#965,.T.);
#503=ORIENTED_EDGE('',*,*,#880,.F.);
#504=ORIENTED_EDGE('',*,*,#974,.F.);
#505=ORIENTED_EDGE('',*,*,#903,.F.);
#506=ORIENTED_EDGE('',*,*,#861,.F.);
#507=ORIENTED_EDGE('',*,*,#904,.F.);
#508=ORIENTED_EDGE('',*,*,#975,.F.);
#509=ORIENTED_EDGE('',*,*,#912,.F.);
#510=ORIENTED_EDGE('',*,*,#966,.T.);
#511=ORIENTED_EDGE('',*,*,#967,.T.);
#512=ORIENTED_EDGE('',*,*,#909,.F.);
#513=ORIENTED_EDGE('',*,*,#976,.F.);
#514=ORIENTED_EDGE('',*,*,#883,.F.);
#515=ORIENTED_EDGE('',*,*,#969,.T.);
#516=ORIENTED_EDGE('',*,*,#884,.F.);
#517=ORIENTED_EDGE('',*,*,#977,.F.);
#518=ORIENTED_EDGE('',*,*,#836,.F.);
#519=ORIENTED_EDGE('',*,*,#972,.T.);
#520=ORIENTED_EDGE('',*,*,#971,.T.);
#521=ORIENTED_EDGE('',*,*,#978,.F.);
#522=ORIENTED_EDGE('',*,*,#979,.F.);
#523=ORIENTED_EDGE('',*,*,#789,.F.);
#524=ORIENTED_EDGE('',*,*,#980,.F.);
#525=ORIENTED_EDGE('',*,*,#825,.F.);
#526=ORIENTED_EDGE('',*,*,#981,.F.);
#527=ORIENTED_EDGE('',*,*,#790,.F.);
#528=ORIENTED_EDGE('',*,*,#982,.F.);
#529=ORIENTED_EDGE('',*,*,#919,.F.);
#530=ORIENTED_EDGE('',*,*,#973,.T.);
#531=ORIENTED_EDGE('',*,*,#980,.T.);
#532=ORIENTED_EDGE('',*,*,#983,.F.);
#533=ORIENTED_EDGE('',*,*,#975,.T.);
#534=ORIENTED_EDGE('',*,*,#974,.T.);
#535=ORIENTED_EDGE('',*,*,#984,.F.);
#536=ORIENTED_EDGE('',*,*,#977,.T.);
#537=ORIENTED_EDGE('',*,*,#976,.T.);
#538=ORIENTED_EDGE('',*,*,#985,.F.);
#539=ORIENTED_EDGE('',*,*,#978,.T.);
#540=ORIENTED_EDGE('',*,*,#839,.F.);
#541=ORIENTED_EDGE('',*,*,#986,.F.);
#542=ORIENTED_EDGE('',*,*,#831,.F.);
#543=ORIENTED_EDGE('',*,*,#982,.T.);
#544=ORIENTED_EDGE('',*,*,#979,.T.);
#545=ORIENTED_EDGE('',*,*,#987,.F.);
#546=ORIENTED_EDGE('',*,*,#981,.T.);
#547=ORIENTED_EDGE('',*,*,#916,.F.);
#548=ORIENTED_EDGE('',*,*,#988,.F.);
#549=ORIENTED_EDGE('',*,*,#791,.F.);
#550=ORIENTED_EDGE('',*,*,#983,.T.);
#551=ORIENTED_EDGE('',*,*,#788,.F.);
#552=ORIENTED_EDGE('',*,*,#989,.F.);
#553=ORIENTED_EDGE('',*,*,#886,.F.);
#554=ORIENTED_EDGE('',*,*,#984,.T.);
#555=ORIENTED_EDGE('',*,*,#879,.F.);
#556=ORIENTED_EDGE('',*,*,#990,.F.);
#557=ORIENTED_EDGE('',*,*,#905,.F.);
#558=ORIENTED_EDGE('',*,*,#985,.T.);
#559=ORIENTED_EDGE('',*,*,#908,.F.);
#560=ORIENTED_EDGE('',*,*,#991,.F.);
#561=ORIENTED_EDGE('',*,*,#837,.F.);
#562=ORIENTED_EDGE('',*,*,#992,.F.);
#563=ORIENTED_EDGE('',*,*,#838,.F.);
#564=ORIENTED_EDGE('',*,*,#993,.F.);
#565=ORIENTED_EDGE('',*,*,#843,.F.);
#566=ORIENTED_EDGE('',*,*,#986,.T.);
#567=ORIENTED_EDGE('',*,*,#992,.T.);
#568=ORIENTED_EDGE('',*,*,#994,.F.);
#569=ORIENTED_EDGE('',*,*,#987,.T.);
#570=ORIENTED_EDGE('',*,*,#824,.F.);
#571=ORIENTED_EDGE('',*,*,#995,.F.);
#572=ORIENTED_EDGE('',*,*,#920,.F.);
#573=ORIENTED_EDGE('',*,*,#996,.F.);
#574=ORIENTED_EDGE('',*,*,#914,.F.);
#575=ORIENTED_EDGE('',*,*,#997,.F.);
#576=ORIENTED_EDGE('',*,*,#802,.F.);
#577=ORIENTED_EDGE('',*,*,#998,.F.);
#578=ORIENTED_EDGE('',*,*,#915,.F.);
#579=ORIENTED_EDGE('',*,*,#999,.F.);
#580=ORIENTED_EDGE('',*,*,#812,.F.);
#581=ORIENTED_EDGE('',*,*,#988,.T.);
#582=ORIENTED_EDGE('',*,*,#998,.T.);
#583=ORIENTED_EDGE('',*,*,#1000,.F.);
#584=ORIENTED_EDGE('',*,*,#990,.T.);
#585=ORIENTED_EDGE('',*,*,#989,.T.);
#586=ORIENTED_EDGE('',*,*,#1001,.F.);
#587=ORIENTED_EDGE('',*,*,#993,.T.);
#588=ORIENTED_EDGE('',*,*,#991,.T.);
#589=ORIENTED_EDGE('',*,*,#1002,.F.);
#590=ORIENTED_EDGE('',*,*,#994,.T.);
#591=ORIENTED_EDGE('',*,*,#842,.F.);
#592=ORIENTED_EDGE('',*,*,#1003,.F.);
#593=ORIENTED_EDGE('',*,*,#822,.F.);
#594=ORIENTED_EDGE('',*,*,#1004,.F.);
#595=ORIENTED_EDGE('',*,*,#995,.T.);
#596=ORIENTED_EDGE('',*,*,#1005,.F.);
#597=ORIENTED_EDGE('',*,*,#997,.T.);
#598=ORIENTED_EDGE('',*,*,#918,.F.);
#599=ORIENTED_EDGE('',*,*,#1006,.F.);
#600=ORIENTED_EDGE('',*,*,#796,.F.);
#601=ORIENTED_EDGE('',*,*,#999,.T.);
#602=ORIENTED_EDGE('',*,*,#996,.T.);
#603=ORIENTED_EDGE('',*,*,#1007,.F.);
#604=ORIENTED_EDGE('',*,*,#1000,.T.);
#605=ORIENTED_EDGE('',*,*,#815,.F.);
#606=ORIENTED_EDGE('',*,*,#1008,.F.);
#607=ORIENTED_EDGE('',*,*,#782,.F.);
#608=ORIENTED_EDGE('',*,*,#1001,.T.);
#609=ORIENTED_EDGE('',*,*,#787,.F.);
#610=ORIENTED_EDGE('',*,*,#1009,.F.);
#611=ORIENTED_EDGE('',*,*,#906,.F.);
#612=ORIENTED_EDGE('',*,*,#1002,.T.);
#613=ORIENTED_EDGE('',*,*,#907,.F.);
#614=ORIENTED_EDGE('',*,*,#1010,.F.);
#615=ORIENTED_EDGE('',*,*,#844,.F.);
#616=ORIENTED_EDGE('',*,*,#823,.F.);
#617=ORIENTED_EDGE('',*,*,#1003,.T.);
#618=ORIENTED_EDGE('',*,*,#1011,.F.);
#619=ORIENTED_EDGE('',*,*,#1005,.T.);
#620=ORIENTED_EDGE('',*,*,#917,.F.);
#621=ORIENTED_EDGE('',*,*,#1004,.T.);
#622=ORIENTED_EDGE('',*,*,#1012,.F.);
#623=ORIENTED_EDGE('',*,*,#1006,.T.);
#624=ORIENTED_EDGE('',*,*,#1007,.T.);
#625=ORIENTED_EDGE('',*,*,#801,.F.);
#626=ORIENTED_EDGE('',*,*,#1013,.F.);
#627=ORIENTED_EDGE('',*,*,#813,.F.);
#628=ORIENTED_EDGE('',*,*,#1014,.F.);
#629=ORIENTED_EDGE('',*,*,#814,.F.);
#630=ORIENTED_EDGE('',*,*,#1015,.F.);
#631=ORIENTED_EDGE('',*,*,#941,.F.);
#632=ORIENTED_EDGE('',*,*,#1008,.T.);
#633=ORIENTED_EDGE('',*,*,#1014,.T.);
#634=ORIENTED_EDGE('',*,*,#1016,.F.);
#635=ORIENTED_EDGE('',*,*,#1010,.T.);
#636=ORIENTED_EDGE('',*,*,#1009,.T.);
#637=ORIENTED_EDGE('',*,*,#1017,.F.);
#638=ORIENTED_EDGE('',*,*,#1011,.T.);
#639=ORIENTED_EDGE('',*,*,#841,.F.);
#640=ORIENTED_EDGE('',*,*,#1018,.F.);
#641=ORIENTED_EDGE('',*,*,#797,.F.);
#642=ORIENTED_EDGE('',*,*,#1012,.T.);
#643=ORIENTED_EDGE('',*,*,#1015,.T.);
#644=ORIENTED_EDGE('',*,*,#1013,.T.);
#645=ORIENTED_EDGE('',*,*,#1019,.F.);
#646=ORIENTED_EDGE('',*,*,#1016,.T.);
#647=ORIENTED_EDGE('',*,*,#944,.F.);
#648=ORIENTED_EDGE('',*,*,#1020,.F.);
#649=ORIENTED_EDGE('',*,*,#783,.F.);
#650=ORIENTED_EDGE('',*,*,#1017,.T.);
#651=ORIENTED_EDGE('',*,*,#786,.F.);
#652=ORIENTED_EDGE('',*,*,#1021,.F.);
#653=ORIENTED_EDGE('',*,*,#845,.F.);
#654=ORIENTED_EDGE('',*,*,#840,.F.);
#655=ORIENTED_EDGE('',*,*,#808,.F.);
#656=ORIENTED_EDGE('',*,*,#1022,.F.);
#657=ORIENTED_EDGE('',*,*,#1018,.T.);
#658=ORIENTED_EDGE('',*,*,#1019,.T.);
#659=ORIENTED_EDGE('',*,*,#800,.F.);
#660=ORIENTED_EDGE('',*,*,#1023,.F.);
#661=ORIENTED_EDGE('',*,*,#942,.F.);
#662=ORIENTED_EDGE('',*,*,#1020,.T.);
#663=ORIENTED_EDGE('',*,*,#951,.F.);
#664=ORIENTED_EDGE('',*,*,#1024,.F.);
#665=ORIENTED_EDGE('',*,*,#784,.F.);
#666=ORIENTED_EDGE('',*,*,#1021,.T.);
#667=ORIENTED_EDGE('',*,*,#785,.F.);
#668=ORIENTED_EDGE('',*,*,#1025,.F.);
#669=ORIENTED_EDGE('',*,*,#810,.F.);
#670=ORIENTED_EDGE('',*,*,#1022,.T.);
#671=ORIENTED_EDGE('',*,*,#807,.F.);
#672=ORIENTED_EDGE('',*,*,#1026,.F.);
#673=ORIENTED_EDGE('',*,*,#798,.F.);
#674=ORIENTED_EDGE('',*,*,#1023,.T.);
#675=ORIENTED_EDGE('',*,*,#799,.F.);
#676=ORIENTED_EDGE('',*,*,#1027,.F.);
#677=ORIENTED_EDGE('',*,*,#949,.F.);
#678=ORIENTED_EDGE('',*,*,#1025,.T.);
#679=ORIENTED_EDGE('',*,*,#1024,.T.);
#680=ORIENTED_EDGE('',*,*,#1028,.F.);
#681=ORIENTED_EDGE('',*,*,#1027,.T.);
#682=ORIENTED_EDGE('',*,*,#1026,.T.);
#683=ORIENTED_EDGE('',*,*,#1029,.F.);
#684=ORIENTED_EDGE('',*,*,#1028,.T.);
#685=ORIENTED_EDGE('',*,*,#950,.F.);
#686=ORIENTED_EDGE('',*,*,#1029,.T.);
#687=ORIENTED_EDGE('',*,*,#811,.F.);
#688=ORIENTED_EDGE('',*,*,#1030,.F.);
#689=ORIENTED_EDGE('',*,*,#816,.F.);
#690=ORIENTED_EDGE('',*,*,#1031,.F.);
#691=ORIENTED_EDGE('',*,*,#891,.F.);
#692=ORIENTED_EDGE('',*,*,#1031,.T.);
#693=ORIENTED_EDGE('',*,*,#818,.F.);
#694=ORIENTED_EDGE('',*,*,#1032,.F.);
#695=ORIENTED_EDGE('',*,*,#888,.F.);
#696=ORIENTED_EDGE('',*,*,#1030,.T.);
#697=ORIENTED_EDGE('',*,*,#892,.F.);
#698=ORIENTED_EDGE('',*,*,#1032,.T.);
#699=ORIENTED_EDGE('',*,*,#817,.F.);
#700=ORIENTED_EDGE('',*,*,#1033,.F.);
#701=ORIENTED_EDGE('',*,*,#819,.F.);
#702=ORIENTED_EDGE('',*,*,#1034,.F.);
#703=ORIENTED_EDGE('',*,*,#894,.F.);
#704=ORIENTED_EDGE('',*,*,#1034,.T.);
#705=ORIENTED_EDGE('',*,*,#821,.F.);
#706=ORIENTED_EDGE('',*,*,#1035,.F.);
#707=ORIENTED_EDGE('',*,*,#898,.F.);
#708=ORIENTED_EDGE('',*,*,#1033,.T.);
#709=ORIENTED_EDGE('',*,*,#897,.F.);
#710=ORIENTED_EDGE('',*,*,#1035,.T.);
#711=ORIENTED_EDGE('',*,*,#820,.F.);
#712=ORIENTED_EDGE('',*,*,#781,.T.);
#713=ORIENTED_EDGE('',*,*,#902,.F.);
#714=ORIENTED_EDGE('',*,*,#780,.T.);
#715=ORIENTED_EDGE('',*,*,#901,.F.);
#716=ORIENTED_EDGE('',*,*,#1036,.T.);
#717=ORIENTED_EDGE('',*,*,#1037,.T.);
#718=ORIENTED_EDGE('',*,*,#774,.F.);
#719=ORIENTED_EDGE('',*,*,#1038,.T.);
#720=ORIENTED_EDGE('',*,*,#772,.T.);
#721=ORIENTED_EDGE('',*,*,#1039,.T.);
#722=ORIENTED_EDGE('',*,*,#1040,.F.);
#723=ORIENTED_EDGE('',*,*,#1041,.T.);
#724=ORIENTED_EDGE('',*,*,#778,.T.);
#725=ORIENTED_EDGE('',*,*,#1042,.T.);
#726=ORIENTED_EDGE('',*,*,#1043,.F.);
#727=ORIENTED_EDGE('',*,*,#1044,.T.);
#728=ORIENTED_EDGE('',*,*,#1045,.T.);
#729=ORIENTED_EDGE('',*,*,#1046,.T.);
#730=ORIENTED_EDGE('',*,*,#776,.F.);
#731=ORIENTED_EDGE('',*,*,#1047,.T.);
#732=ORIENTED_EDGE('',*,*,#1043,.T.);
#733=ORIENTED_EDGE('',*,*,#1048,.T.);
#734=ORIENTED_EDGE('',*,*,#1045,.F.);
#735=ORIENTED_EDGE('',*,*,#1049,.T.);
#736=ORIENTED_EDGE('',*,*,#1036,.F.);
#737=ORIENTED_EDGE('',*,*,#1050,.T.);
#738=ORIENTED_EDGE('',*,*,#1040,.T.);
#739=ORIENTED_EDGE('',*,*,#1051,.T.);
#740=ORIENTED_EDGE('',*,*,#1048,.F.);
#741=ORIENTED_EDGE('',*,*,#1042,.F.);
#742=ORIENTED_EDGE('',*,*,#777,.F.);
#743=ORIENTED_EDGE('',*,*,#1046,.F.);
#744=ORIENTED_EDGE('',*,*,#1051,.F.);
#745=ORIENTED_EDGE('',*,*,#1039,.F.);
#746=ORIENTED_EDGE('',*,*,#779,.F.);
#747=ORIENTED_EDGE('',*,*,#1044,.F.);
#748=ORIENTED_EDGE('',*,*,#1049,.F.);
#749=ORIENTED_EDGE('',*,*,#1047,.F.);
#750=ORIENTED_EDGE('',*,*,#775,.F.);
#751=ORIENTED_EDGE('',*,*,#1037,.F.);
#752=ORIENTED_EDGE('',*,*,#1050,.F.);
#753=ORIENTED_EDGE('',*,*,#1038,.F.);
#754=ORIENTED_EDGE('',*,*,#773,.F.);
#755=ORIENTED_EDGE('',*,*,#1041,.F.);
#756=ORIENTED_EDGE('',*,*,#804,.T.);
#757=ORIENTED_EDGE('',*,*,#1052,.T.);
#758=ORIENTED_EDGE('',*,*,#792,.F.);
#759=ORIENTED_EDGE('',*,*,#1053,.F.);
#760=ORIENTED_EDGE('',*,*,#1053,.T.);
#761=ORIENTED_EDGE('',*,*,#795,.T.);
#762=ORIENTED_EDGE('',*,*,#1054,.F.);
#763=ORIENTED_EDGE('',*,*,#805,.F.);
#764=ORIENTED_EDGE('',*,*,#1054,.T.);
#765=ORIENTED_EDGE('',*,*,#794,.T.);
#766=ORIENTED_EDGE('',*,*,#1055,.F.);
#767=ORIENTED_EDGE('',*,*,#806,.F.);
#768=ORIENTED_EDGE('',*,*,#803,.T.);
#769=ORIENTED_EDGE('',*,*,#1055,.T.);
#770=ORIENTED_EDGE('',*,*,#793,.F.);
#771=ORIENTED_EDGE('',*,*,#1052,.F.);
#772=EDGE_CURVE('',#1056,#1057,#1223,.T.);
#773=EDGE_CURVE('',#1056,#1058,#1224,.T.);
#774=EDGE_CURVE('',#1058,#1059,#1225,.T.);
#775=EDGE_CURVE('',#1059,#1060,#1226,.F.);
#776=EDGE_CURVE('',#1060,#1061,#1227,.T.);
#777=EDGE_CURVE('',#1061,#1062,#1228,.T.);
#778=EDGE_CURVE('',#1063,#1062,#1229,.T.);
#779=EDGE_CURVE('',#1063,#1057,#1230,.F.);
#780=EDGE_CURVE('',#1064,#1064,#114,.T.);
#781=EDGE_CURVE('',#1065,#1065,#115,.T.);
#782=EDGE_CURVE('',#1066,#1067,#1231,.T.);
#783=EDGE_CURVE('',#1067,#1068,#1232,.F.);
#784=EDGE_CURVE('',#1068,#1069,#1233,.T.);
#785=EDGE_CURVE('',#1069,#1070,#1234,.T.);
#786=EDGE_CURVE('',#1070,#1071,#1235,.T.);
#787=EDGE_CURVE('',#1071,#1072,#1236,.F.);
#788=EDGE_CURVE('',#1072,#1073,#1237,.F.);
#789=EDGE_CURVE('',#1073,#1074,#1238,.T.);
#790=EDGE_CURVE('',#1074,#1075,#1239,.T.);
#791=EDGE_CURVE('',#1075,#1066,#1240,.F.);
#792=EDGE_CURVE('',#1076,#1077,#1241,.T.);
#793=EDGE_CURVE('',#1077,#1078,#1242,.T.);
#794=EDGE_CURVE('',#1079,#1078,#1243,.T.);
#795=EDGE_CURVE('',#1076,#1079,#1244,.T.);
#796=EDGE_CURVE('',#1080,#1081,#1245,.T.);
#797=EDGE_CURVE('',#1081,#1082,#1246,.F.);
#798=EDGE_CURVE('',#1082,#1083,#1247,.F.);
#799=EDGE_CURVE('',#1083,#1084,#1248,.T.);
#800=EDGE_CURVE('',#1084,#1085,#1249,.T.);
#801=EDGE_CURVE('',#1085,#1086,#1250,.T.);
#802=EDGE_CURVE('',#1086,#1080,#1251,.T.);
#803=EDGE_CURVE('',#1087,#1088,#1252,.T.);
#804=EDGE_CURVE('',#1089,#1087,#1253,.T.);
#805=EDGE_CURVE('',#1089,#1090,#1254,.T.);
#806=EDGE_CURVE('',#1090,#1088,#1255,.T.);
#807=EDGE_CURVE('',#1091,#1092,#1256,.T.);
#808=EDGE_CURVE('',#1092,#1093,#113,.F.);
#809=EDGE_CURVE('',#1094,#1093,#1257,.T.);
#810=EDGE_CURVE('',#1094,#1095,#1258,.F.);
#811=EDGE_CURVE('',#1095,#1091,#1259,.T.);
#812=EDGE_CURVE('',#1096,#1097,#1260,.T.);
#813=EDGE_CURVE('',#1097,#1098,#1261,.F.);
#814=EDGE_CURVE('',#1098,#1099,#1262,.T.);
#815=EDGE_CURVE('',#1099,#1096,#1263,.F.);
#816=EDGE_CURVE('',#1100,#1101,#1264,.F.);
#817=EDGE_CURVE('',#1101,#1102,#1265,.T.);
#818=EDGE_CURVE('',#1102,#1100,#116,.F.);
#819=EDGE_CURVE('',#1103,#1104,#1266,.F.);
#820=EDGE_CURVE('',#1104,#1105,#1267,.T.);
#821=EDGE_CURVE('',#1105,#1103,#117,.F.);
#822=EDGE_CURVE('',#1106,#1107,#1268,.F.);
#823=EDGE_CURVE('',#1107,#1108,#118,.F.);
#824=EDGE_CURVE('',#1108,#1109,#1269,.F.);
#825=EDGE_CURVE('',#1109,#1110,#1270,.F.);
#826=EDGE_CURVE('',#1110,#1111,#1271,.T.);
#827=EDGE_CURVE('',#1111,#1112,#1272,.T.);
#828=EDGE_CURVE('',#1112,#1113,#1273,.F.);
#829=EDGE_CURVE('',#1113,#1114,#1274,.T.);
#830=EDGE_CURVE('',#1114,#1115,#1275,.T.);
#831=EDGE_CURVE('',#1115,#1106,#1276,.T.);
#832=EDGE_CURVE('',#1116,#1117,#1277,.T.);
#833=EDGE_CURVE('',#1117,#1118,#1278,.T.);
#834=EDGE_CURVE('',#1118,#1119,#1279,.F.);
#835=EDGE_CURVE('',#1119,#1120,#1280,.F.);
#836=EDGE_CURVE('',#1120,#1121,#1281,.T.);
#837=EDGE_CURVE('',#1121,#1122,#1282,.T.);
#838=EDGE_CURVE('',#1122,#1123,#1283,.F.);
#839=EDGE_CURVE('',#1123,#1116,#1284,.F.);
#840=EDGE_CURVE('',#1093,#1124,#119,.F.);
#841=EDGE_CURVE('',#1124,#1125,#1285,.T.);
#842=EDGE_CURVE('',#1125,#1126,#1286,.T.);
#843=EDGE_CURVE('',#1126,#1127,#1287,.T.);
#844=EDGE_CURVE('',#1127,#1128,#1288,.F.);
#845=EDGE_CURVE('',#1128,#1094,#1289,.F.);
#846=EDGE_CURVE('',#1129,#1130,#120,.T.);
#847=EDGE_CURVE('',#1131,#1129,#1290,.T.);
#848=EDGE_CURVE('',#1131,#1130,#1291,.T.);
#849=EDGE_CURVE('',#1132,#1133,#121,.T.);
#850=EDGE_CURVE('',#1134,#1132,#1292,.T.);
#851=EDGE_CURVE('',#1134,#1133,#1293,.T.);
#852=EDGE_CURVE('',#1135,#1136,#1294,.T.);
#853=EDGE_CURVE('',#1135,#1137,#1295,.T.);
#854=EDGE_CURVE('',#1136,#1137,#122,.T.);
#855=EDGE_CURVE('',#1138,#1139,#123,.F.);
#856=EDGE_CURVE('',#1140,#1139,#1296,.T.);
#857=EDGE_CURVE('',#1140,#1138,#1297,.T.);
#858=EDGE_CURVE('',#1141,#1142,#124,.F.);
#859=EDGE_CURVE('',#1143,#1142,#1298,.T.);
#860=EDGE_CURVE('',#1143,#1141,#1299,.T.);
#861=EDGE_CURVE('',#1144,#1145,#94,.F.);
#862=EDGE_CURVE('',#1145,#1146,#1300,.T.);
#863=EDGE_CURVE('',#1146,#1147,#95,.F.);
#864=EDGE_CURVE('',#1147,#1148,#1301,.T.);
#865=EDGE_CURVE('',#1149,#1148,#1302,.T.);
#866=EDGE_CURVE('',#1144,#1149,#1303,.T.);
#867=EDGE_CURVE('',#1150,#1151,#125,.F.);
#868=EDGE_CURVE('',#1152,#1151,#1304,.T.);
#869=EDGE_CURVE('',#1152,#1150,#1305,.T.);
#870=EDGE_CURVE('',#1153,#1148,#1306,.T.);
#871=EDGE_CURVE('',#1153,#1154,#1307,.F.);
#872=EDGE_CURVE('',#1154,#1149,#1308,.T.);
#873=EDGE_CURVE('',#1155,#1156,#1309,.T.);
#874=EDGE_CURVE('',#1157,#1156,#126,.T.);
#875=EDGE_CURVE('',#1155,#1157,#1310,.T.);
#876=EDGE_CURVE('',#1158,#1159,#1311,.T.);
#877=EDGE_CURVE('',#1160,#1159,#127,.T.);
#878=EDGE_CURVE('',#1158,#1160,#1312,.T.);
#879=EDGE_CURVE('',#1161,#1162,#1313,.T.);
#880=EDGE_CURVE('',#1162,#1163,#1314,.T.);
#881=EDGE_CURVE('',#1163,#1164,#1315,.T.);
#882=EDGE_CURVE('',#1164,#1165,#1316,.F.);
#883=EDGE_CURVE('',#1165,#1166,#1317,.T.);
#884=EDGE_CURVE('',#1166,#1167,#1318,.F.);
#885=EDGE_CURVE('',#1167,#1168,#1319,.F.);
#886=EDGE_CURVE('',#1168,#1161,#1320,.T.);
#887=EDGE_CURVE('',#1169,#1156,#1321,.T.);
#888=EDGE_CURVE('',#1169,#1170,#128,.T.);
#889=EDGE_CURVE('',#1170,#1157,#1322,.T.);
#890=EDGE_CURVE('',#1171,#1155,#1323,.T.);
#891=EDGE_CURVE('',#1171,#1169,#1324,.T.);
#892=EDGE_CURVE('',#1170,#1171,#1325,.F.);
#893=EDGE_CURVE('',#1172,#1158,#1326,.T.);
#894=EDGE_CURVE('',#1172,#1173,#1327,.T.);
#895=EDGE_CURVE('',#1173,#1159,#1328,.T.);
#896=EDGE_CURVE('',#1174,#1160,#1329,.T.);
#897=EDGE_CURVE('',#1174,#1172,#1330,.F.);
#898=EDGE_CURVE('',#1173,#1174,#129,.T.);
#899=EDGE_CURVE('',#1147,#1175,#1331,.F.);
#900=EDGE_CURVE('',#1175,#1153,#1332,.T.);
#901=EDGE_CURVE('',#1176,#1176,#130,.F.);
#902=EDGE_CURVE('',#1177,#1177,#131,.F.);
#903=EDGE_CURVE('',#1154,#1178,#1333,.F.);
#904=EDGE_CURVE('',#1178,#1144,#1334,.T.);
#905=EDGE_CURVE('',#1179,#1180,#1335,.F.);
#906=EDGE_CURVE('',#1180,#1181,#1336,.T.);
#907=EDGE_CURVE('',#1181,#1182,#1337,.T.);
#908=EDGE_CURVE('',#1182,#1183,#1338,.F.);
#909=EDGE_CURVE('',#1183,#1184,#1339,.F.);
#910=EDGE_CURVE('',#1184,#1185,#1340,.T.);
#911=EDGE_CURVE('',#1185,#1186,#1341,.F.);
#912=EDGE_CURVE('',#1186,#1179,#1342,.F.);
#913=EDGE_CURVE('',#1187,#1188,#1343,.T.);
#914=EDGE_CURVE('',#1188,#1189,#1344,.F.);
#915=EDGE_CURVE('',#1189,#1190,#1345,.F.);
#916=EDGE_CURVE('',#1190,#1187,#1346,.T.);
#917=EDGE_CURVE('',#1191,#1192,#96,.T.);
#918=EDGE_CURVE('',#1192,#1188,#1347,.F.);
#919=EDGE_CURVE('',#1187,#1193,#1348,.F.);
#920=EDGE_CURVE('',#1193,#1191,#1349,.T.);
#921=EDGE_CURVE('',#1141,#1132,#1350,.T.);
#922=EDGE_CURVE('',#1142,#1133,#1351,.T.);
#923=EDGE_CURVE('',#1143,#1134,#1352,.T.);
#924=EDGE_CURVE('',#1138,#1129,#1353,.T.);
#925=EDGE_CURVE('',#1139,#1130,#1354,.T.);
#926=EDGE_CURVE('',#1140,#1131,#1355,.T.);
#927=EDGE_CURVE('',#1151,#1137,#1356,.T.);
#928=EDGE_CURVE('',#1152,#1135,#1357,.T.);
#929=EDGE_CURVE('',#1150,#1136,#1358,.T.);
#930=EDGE_CURVE('',#1194,#1195,#1359,.F.);
#931=EDGE_CURVE('',#1195,#1196,#1360,.F.);
#932=EDGE_CURVE('',#1196,#1197,#1361,.T.);
#933=EDGE_CURVE('',#1197,#1194,#1362,.T.);
#934=EDGE_CURVE('',#1198,#1199,#1363,.T.);
#935=EDGE_CURVE('',#1198,#1200,#1364,.T.);
#936=EDGE_CURVE('',#1200,#1201,#1365,.T.);
#937=EDGE_CURVE('',#1199,#1201,#1366,.T.);
#938=EDGE_CURVE('',#1201,#1194,#1367,.F.);
#939=EDGE_CURVE('',#1197,#1199,#1368,.T.);
#940=EDGE_CURVE('',#1196,#1198,#1369,.F.);
#941=EDGE_CURVE('',#1202,#1203,#1370,.F.);
#942=EDGE_CURVE('',#1203,#1204,#1371,.F.);
#943=EDGE_CURVE('',#1204,#1205,#1372,.T.);
#944=EDGE_CURVE('',#1205,#1202,#1373,.T.);
#945=EDGE_CURVE('',#1206,#1206,#132,.F.);
#946=EDGE_CURVE('',#1207,#1207,#133,.T.);
#947=EDGE_CURVE('',#1208,#1208,#134,.F.);
#948=EDGE_CURVE('',#1209,#1209,#135,.T.);
#949=EDGE_CURVE('',#1204,#1210,#1374,.F.);
#950=EDGE_CURVE('',#1210,#1211,#1375,.F.);
#951=EDGE_CURVE('',#1211,#1205,#1376,.F.);
#952=EDGE_CURVE('',#1212,#1212,#136,.T.);
#953=EDGE_CURVE('',#1213,#1213,#137,.T.);
#954=EDGE_CURVE('',#1119,#1112,#138,.F.);
#955=EDGE_CURVE('',#1200,#1119,#139,.F.);
#956=EDGE_CURVE('',#1112,#1200,#140,.F.);
#957=EDGE_CURVE('',#1201,#1118,#97,.F.);
#958=EDGE_CURVE('',#1185,#1146,#98,.F.);
#959=EDGE_CURVE('',#1175,#1184,#141,.T.);
#960=EDGE_CURVE('',#1113,#1198,#99,.T.);
#961=EDGE_CURVE('',#1120,#1111,#142,.T.);
#962=EDGE_CURVE('',#1194,#1117,#100,.F.);
#963=EDGE_CURVE('',#1165,#1175,#143,.T.);
#964=EDGE_CURVE('',#1153,#1164,#101,.F.);
#965=EDGE_CURVE('',#1154,#1163,#102,.F.);
#966=EDGE_CURVE('',#1186,#1145,#103,.F.);
#967=EDGE_CURVE('',#1165,#1184,#144,.F.);
#968=EDGE_CURVE('',#1114,#1196,#104,.T.);
#969=EDGE_CURVE('',#1120,#1167,#145,.F.);
#970=EDGE_CURVE('',#1167,#1111,#146,.F.);
#971=EDGE_CURVE('',#1195,#1116,#147,.T.);
#972=EDGE_CURVE('',#1115,#1195,#148,.T.);
#973=EDGE_CURVE('',#1168,#1110,#149,.T.);
#974=EDGE_CURVE('',#1178,#1162,#150,.T.);
#975=EDGE_CURVE('',#1179,#1178,#151,.T.);
#976=EDGE_CURVE('',#1166,#1183,#152,.T.);
#977=EDGE_CURVE('',#1121,#1166,#153,.T.);
#978=EDGE_CURVE('',#1115,#1116,#154,.F.);
#979=EDGE_CURVE('',#1074,#1109,#155,.T.);
#980=EDGE_CURVE('',#1110,#1073,#156,.T.);
#981=EDGE_CURVE('',#1075,#1187,#105,.F.);
#982=EDGE_CURVE('',#1193,#1074,#157,.T.);
#983=EDGE_CURVE('',#1168,#1073,#158,.F.);
#984=EDGE_CURVE('',#1179,#1162,#159,.F.);
#985=EDGE_CURVE('',#1121,#1183,#160,.F.);
#986=EDGE_CURVE('',#1106,#1123,#161,.T.);
#987=EDGE_CURVE('',#1193,#1109,#162,.F.);
#988=EDGE_CURVE('',#1066,#1190,#163,.T.);
#989=EDGE_CURVE('',#1161,#1072,#164,.T.);
#990=EDGE_CURVE('',#1180,#1161,#165,.T.);
#991=EDGE_CURVE('',#1122,#1182,#166,.T.);
#992=EDGE_CURVE('',#1123,#1126,#167,.T.);
#993=EDGE_CURVE('',#1127,#1122,#168,.T.);
#994=EDGE_CURVE('',#1106,#1126,#169,.F.);
#995=EDGE_CURVE('',#1191,#1108,#170,.F.);
#996=EDGE_CURVE('',#1189,#1086,#171,.T.);
#997=EDGE_CURVE('',#1080,#1188,#106,.F.);
#998=EDGE_CURVE('',#1190,#1096,#172,.T.);
#999=EDGE_CURVE('',#1097,#1189,#173,.T.);
#1000=EDGE_CURVE('',#1066,#1096,#174,.F.);
#1001=EDGE_CURVE('',#1180,#1072,#175,.F.);
#1002=EDGE_CURVE('',#1127,#1182,#176,.F.);
#1003=EDGE_CURVE('',#1107,#1125,#177,.T.);
#1004=EDGE_CURVE('',#1191,#1214,#178,.F.);
#1005=EDGE_CURVE('',#1214,#1108,#179,.F.);
#1006=EDGE_CURVE('',#1081,#1192,#180,.T.);
#1007=EDGE_CURVE('',#1097,#1086,#181,.F.);
#1008=EDGE_CURVE('',#1067,#1099,#182,.T.);
#1009=EDGE_CURVE('',#1181,#1071,#183,.T.);
#1010=EDGE_CURVE('',#1128,#1181,#184,.T.);
#1011=EDGE_CURVE('',#1214,#1125,#185,.T.);
#1012=EDGE_CURVE('',#1081,#1214,#107,.T.);
#1013=EDGE_CURVE('',#1098,#1085,#186,.T.);
#1014=EDGE_CURVE('',#1099,#1202,#187,.T.);
#1015=EDGE_CURVE('',#1203,#1098,#188,.T.);
#1016=EDGE_CURVE('',#1067,#1202,#189,.F.);
#1017=EDGE_CURVE('',#1128,#1071,#190,.F.);
#1018=EDGE_CURVE('',#1082,#1124,#191,.T.);
#1019=EDGE_CURVE('',#1203,#1085,#192,.F.);
#1020=EDGE_CURVE('',#1068,#1205,#108,.T.);
#1021=EDGE_CURVE('',#1094,#1070,#109,.T.);
#1022=EDGE_CURVE('',#1082,#1092,#193,.T.);
#1023=EDGE_CURVE('',#1204,#1084,#110,.F.);
#1024=EDGE_CURVE('',#1069,#1211,#194,.T.);
#1025=EDGE_CURVE('',#1095,#1069,#195,.T.);
#1026=EDGE_CURVE('',#1083,#1091,#196,.T.);
#1027=EDGE_CURVE('',#1210,#1083,#197,.T.);
#1028=EDGE_CURVE('',#1095,#1211,#198,.F.);
#1029=EDGE_CURVE('',#1210,#1091,#199,.F.);
#1030=EDGE_CURVE('',#1101,#1171,#111,.F.);
#1031=EDGE_CURVE('',#1169,#1100,#200,.T.);
#1032=EDGE_CURVE('',#1170,#1102,#201,.T.);
#1033=EDGE_CURVE('',#1104,#1172,#112,.F.);
#1034=EDGE_CURVE('',#1173,#1103,#202,.T.);
#1035=EDGE_CURVE('',#1174,#1105,#203,.T.);
#1036=EDGE_CURVE('',#1215,#1216,#1377,.T.);
#1037=EDGE_CURVE('',#1216,#1059,#1378,.T.);
#1038=EDGE_CURVE('',#1058,#1215,#1379,.T.);
#1039=EDGE_CURVE('',#1057,#1217,#1380,.T.);
#1040=EDGE_CURVE('',#1218,#1217,#1381,.T.);
#1041=EDGE_CURVE('',#1218,#1056,#1382,.T.);
#1042=EDGE_CURVE('',#1062,#1219,#1383,.T.);
#1043=EDGE_CURVE('',#1220,#1219,#1384,.T.);
#1044=EDGE_CURVE('',#1220,#1063,#1385,.T.);
#1045=EDGE_CURVE('',#1221,#1222,#1386,.T.);
#1046=EDGE_CURVE('',#1222,#1061,#1387,.T.);
#1047=EDGE_CURVE('',#1060,#1221,#1388,.T.);
#1048=EDGE_CURVE('',#1219,#1222,#1389,.T.);
#1049=EDGE_CURVE('',#1221,#1216,#1390,.F.);
#1050=EDGE_CURVE('',#1215,#1218,#1391,.T.);
#1051=EDGE_CURVE('',#1217,#1220,#1392,.F.);
#1052=EDGE_CURVE('',#1087,#1077,#1393,.T.);
#1053=EDGE_CURVE('',#1089,#1076,#1394,.T.);
#1054=EDGE_CURVE('',#1090,#1079,#1395,.T.);
#1055=EDGE_CURVE('',#1088,#1078,#1396,.T.);
#1056=VERTEX_POINT('',#2951);
#1057=VERTEX_POINT('',#2952);
#1058=VERTEX_POINT('',#2954);
#1059=VERTEX_POINT('',#2956);
#1060=VERTEX_POINT('',#2958);
#1061=VERTEX_POINT('',#2960);
#1062=VERTEX_POINT('',#2962);
#1063=VERTEX_POINT('',#2964);
#1064=VERTEX_POINT('',#2967);
#1065=VERTEX_POINT('',#2969);
#1066=VERTEX_POINT('',#2971);
#1067=VERTEX_POINT('',#2972);
#1068=VERTEX_POINT('',#2974);
#1069=VERTEX_POINT('',#2976);
#1070=VERTEX_POINT('',#2978);
#1071=VERTEX_POINT('',#2980);
#1072=VERTEX_POINT('',#2982);
#1073=VERTEX_POINT('',#2984);
#1074=VERTEX_POINT('',#2986);
#1075=VERTEX_POINT('',#2988);
#1076=VERTEX_POINT('',#2991);
#1077=VERTEX_POINT('',#2992);
#1078=VERTEX_POINT('',#2994);
#1079=VERTEX_POINT('',#2996);
#1080=VERTEX_POINT('',#3000);
#1081=VERTEX_POINT('',#3001);
#1082=VERTEX_POINT('',#3003);
#1083=VERTEX_POINT('',#3005);
#1084=VERTEX_POINT('',#3007);
#1085=VERTEX_POINT('',#3009);
#1086=VERTEX_POINT('',#3011);
#1087=VERTEX_POINT('',#3014);
#1088=VERTEX_POINT('',#3015);
#1089=VERTEX_POINT('',#3017);
#1090=VERTEX_POINT('',#3019);
#1091=VERTEX_POINT('',#3023);
#1092=VERTEX_POINT('',#3024);
#1093=VERTEX_POINT('',#3030);
#1094=VERTEX_POINT('',#3032);
#1095=VERTEX_POINT('',#3034);
#1096=VERTEX_POINT('',#3038);
#1097=VERTEX_POINT('',#3039);
#1098=VERTEX_POINT('',#3041);
#1099=VERTEX_POINT('',#3043);
#1100=VERTEX_POINT('',#3047);
#1101=VERTEX_POINT('',#3048);
#1102=VERTEX_POINT('',#3050);
#1103=VERTEX_POINT('',#3053);
#1104=VERTEX_POINT('',#3054);
#1105=VERTEX_POINT('',#3056);
#1106=VERTEX_POINT('',#3059);
#1107=VERTEX_POINT('',#3060);
#1108=VERTEX_POINT('',#3062);
#1109=VERTEX_POINT('',#3064);
#1110=VERTEX_POINT('',#3066);
#1111=VERTEX_POINT('',#3068);
#1112=VERTEX_POINT('',#3070);
#1113=VERTEX_POINT('',#3072);
#1114=VERTEX_POINT('',#3074);
#1115=VERTEX_POINT('',#3076);
#1116=VERTEX_POINT('',#3080);
#1117=VERTEX_POINT('',#3081);
#1118=VERTEX_POINT('',#3083);
#1119=VERTEX_POINT('',#3085);
#1120=VERTEX_POINT('',#3087);
#1121=VERTEX_POINT('',#3089);
#1122=VERTEX_POINT('',#3091);
#1123=VERTEX_POINT('',#3093);
#1124=VERTEX_POINT('',#3097);
#1125=VERTEX_POINT('',#3099);
#1126=VERTEX_POINT('',#3101);
#1127=VERTEX_POINT('',#3103);
#1128=VERTEX_POINT('',#3105);
#1129=VERTEX_POINT('',#3108);
#1130=VERTEX_POINT('',#3109);
#1131=VERTEX_POINT('',#3111);
#1132=VERTEX_POINT('',#3114);
#1133=VERTEX_POINT('',#3115);
#1134=VERTEX_POINT('',#3117);
#1135=VERTEX_POINT('',#3120);
#1136=VERTEX_POINT('',#3121);
#1137=VERTEX_POINT('',#3123);
#1138=VERTEX_POINT('',#3127);
#1139=VERTEX_POINT('',#3128);
#1140=VERTEX_POINT('',#3130);
#1141=VERTEX_POINT('',#3133);
#1142=VERTEX_POINT('',#3134);
#1143=VERTEX_POINT('',#3136);
#1144=VERTEX_POINT('',#3139);
#1145=VERTEX_POINT('',#3140);
#1146=VERTEX_POINT('',#3142);
#1147=VERTEX_POINT('',#3144);
#1148=VERTEX_POINT('',#3146);
#1149=VERTEX_POINT('',#3148);
#1150=VERTEX_POINT('',#3151);
#1151=VERTEX_POINT('',#3152);
#1152=VERTEX_POINT('',#3154);
#1153=VERTEX_POINT('',#3158);
#1154=VERTEX_POINT('',#3160);
#1155=VERTEX_POINT('',#3163);
#1156=VERTEX_POINT('',#3164);
#1157=VERTEX_POINT('',#3166);
#1158=VERTEX_POINT('',#3169);
#1159=VERTEX_POINT('',#3170);
#1160=VERTEX_POINT('',#3172);
#1161=VERTEX_POINT('',#3176);
#1162=VERTEX_POINT('',#3177);
#1163=VERTEX_POINT('',#3179);
#1164=VERTEX_POINT('',#3181);
#1165=VERTEX_POINT('',#3183);
#1166=VERTEX_POINT('',#3185);
#1167=VERTEX_POINT('',#3187);
#1168=VERTEX_POINT('',#3189);
#1169=VERTEX_POINT('',#3193);
#1170=VERTEX_POINT('',#3195);
#1171=VERTEX_POINT('',#3199);
#1172=VERTEX_POINT('',#3205);
#1173=VERTEX_POINT('',#3207);
#1174=VERTEX_POINT('',#3211);
#1175=VERTEX_POINT('',#3217);
#1176=VERTEX_POINT('',#3221);
#1177=VERTEX_POINT('',#3223);
#1178=VERTEX_POINT('',#3225);
#1179=VERTEX_POINT('',#3229);
#1180=VERTEX_POINT('',#3230);
#1181=VERTEX_POINT('',#3232);
#1182=VERTEX_POINT('',#3234);
#1183=VERTEX_POINT('',#3236);
#1184=VERTEX_POINT('',#3238);
#1185=VERTEX_POINT('',#3240);
#1186=VERTEX_POINT('',#3242);
#1187=VERTEX_POINT('',#3246);
#1188=VERTEX_POINT('',#3247);
#1189=VERTEX_POINT('',#3249);
#1190=VERTEX_POINT('',#3251);
#1191=VERTEX_POINT('',#3255);
#1192=VERTEX_POINT('',#3256);
#1193=VERTEX_POINT('',#3259);
#1194=VERTEX_POINT('',#3281);
#1195=VERTEX_POINT('',#3282);
#1196=VERTEX_POINT('',#3284);
#1197=VERTEX_POINT('',#3286);
#1198=VERTEX_POINT('',#3290);
#1199=VERTEX_POINT('',#3291);
#1200=VERTEX_POINT('',#3293);
#1201=VERTEX_POINT('',#3295);
#1202=VERTEX_POINT('',#3304);
#1203=VERTEX_POINT('',#3305);
#1204=VERTEX_POINT('',#3307);
#1205=VERTEX_POINT('',#3309);
#1206=VERTEX_POINT('',#3313);
#1207=VERTEX_POINT('',#3315);
#1208=VERTEX_POINT('',#3318);
#1209=VERTEX_POINT('',#3320);
#1210=VERTEX_POINT('',#3323);
#1211=VERTEX_POINT('',#3325);
#1212=VERTEX_POINT('',#3329);
#1213=VERTEX_POINT('',#3332);
#1214=VERTEX_POINT('',#3427);
#1215=VERTEX_POINT('',#3504);
#1216=VERTEX_POINT('',#3505);
#1217=VERTEX_POINT('',#3510);
#1218=VERTEX_POINT('',#3512);
#1219=VERTEX_POINT('',#3516);
#1220=VERTEX_POINT('',#3518);
#1221=VERTEX_POINT('',#3522);
#1222=VERTEX_POINT('',#3523);
#1223=LINE('',#2950,#1397);
#1224=LINE('',#2953,#1398);
#1225=LINE('',#2955,#1399);
#1226=LINE('',#2957,#1400);
#1227=LINE('',#2959,#1401);
#1228=LINE('',#2961,#1402);
#1229=LINE('',#2963,#1403);
#1230=LINE('',#2965,#1404);
#1231=LINE('',#2970,#1405);
#1232=LINE('',#2973,#1406);
#1233=LINE('',#2975,#1407);
#1234=LINE('',#2977,#1408);
#1235=LINE('',#2979,#1409);
#1236=LINE('',#2981,#1410);
#1237=LINE('',#2983,#1411);
#1238=LINE('',#2985,#1412);
#1239=LINE('',#2987,#1413);
#1240=LINE('',#2989,#1414);
#1241=LINE('',#2990,#1415);
#1242=LINE('',#2993,#1416);
#1243=LINE('',#2995,#1417);
#1244=LINE('',#2997,#1418);
#1245=LINE('',#2999,#1419);
#1246=LINE('',#3002,#1420);
#1247=LINE('',#3004,#1421);
#1248=LINE('',#3006,#1422);
#1249=LINE('',#3008,#1423);
#1250=LINE('',#3010,#1424);
#1251=LINE('',#3012,#1425);
#1252=LINE('',#3013,#1426);
#1253=LINE('',#3016,#1427);
#1254=LINE('',#3018,#1428);
#1255=LINE('',#3020,#1429);
#1256=LINE('',#3022,#1430);
#1257=LINE('',#3031,#1431);
#1258=LINE('',#3033,#1432);
#1259=LINE('',#3035,#1433);
#1260=LINE('',#3037,#1434);
#1261=LINE('',#3040,#1435);
#1262=LINE('',#3042,#1436);
#1263=LINE('',#3044,#1437);
#1264=LINE('',#3046,#1438);
#1265=LINE('',#3049,#1439);
#1266=LINE('',#3052,#1440);
#1267=LINE('',#3055,#1441);
#1268=LINE('',#3058,#1442);
#1269=LINE('',#3063,#1443);
#1270=LINE('',#3065,#1444);
#1271=LINE('',#3067,#1445);
#1272=LINE('',#3069,#1446);
#1273=LINE('',#3071,#1447);
#1274=LINE('',#3073,#1448);
#1275=LINE('',#3075,#1449);
#1276=LINE('',#3077,#1450);
#1277=LINE('',#3079,#1451);
#1278=LINE('',#3082,#1452);
#1279=LINE('',#3084,#1453);
#1280=LINE('',#3086,#1454);
#1281=LINE('',#3088,#1455);
#1282=LINE('',#3090,#1456);
#1283=LINE('',#3092,#1457);
#1284=LINE('',#3094,#1458);
#1285=LINE('',#3098,#1459);
#1286=LINE('',#3100,#1460);
#1287=LINE('',#3102,#1461);
#1288=LINE('',#3104,#1462);
#1289=LINE('',#3106,#1463);
#1290=LINE('',#3110,#1464);
#1291=LINE('',#3112,#1465);
#1292=LINE('',#3116,#1466);
#1293=LINE('',#3118,#1467);
#1294=LINE('',#3119,#1468);
#1295=LINE('',#3122,#1469);
#1296=LINE('',#3129,#1470);
#1297=LINE('',#3131,#1471);
#1298=LINE('',#3135,#1472);
#1299=LINE('',#3137,#1473);
#1300=LINE('',#3141,#1474);
#1301=LINE('',#3145,#1475);
#1302=LINE('',#3147,#1476);
#1303=LINE('',#3149,#1477);
#1304=LINE('',#3153,#1478);
#1305=LINE('',#3155,#1479);
#1306=LINE('',#3157,#1480);
#1307=LINE('',#3159,#1481);
#1308=LINE('',#3161,#1482);
#1309=LINE('',#3162,#1483);
#1310=LINE('',#3167,#1484);
#1311=LINE('',#3168,#1485);
#1312=LINE('',#3173,#1486);
#1313=LINE('',#3175,#1487);
#1314=LINE('',#3178,#1488);
#1315=LINE('',#3180,#1489);
#1316=LINE('',#3182,#1490);
#1317=LINE('',#3184,#1491);
#1318=LINE('',#3186,#1492);
#1319=LINE('',#3188,#1493);
#1320=LINE('',#3190,#1494);
#1321=LINE('',#3192,#1495);
#1322=LINE('',#3196,#1496);
#1323=LINE('',#3198,#1497);
#1324=LINE('',#3200,#1498);
#1325=LINE('',#3202,#1499);
#1326=LINE('',#3204,#1500);
#1327=LINE('',#3206,#1501);
#1328=LINE('',#3208,#1502);
#1329=LINE('',#3210,#1503);
#1330=LINE('',#3212,#1504);
#1331=LINE('',#3216,#1505);
#1332=LINE('',#3218,#1506);
#1333=LINE('',#3224,#1507);
#1334=LINE('',#3226,#1508);
#1335=LINE('',#3228,#1509);
#1336=LINE('',#3231,#1510);
#1337=LINE('',#3233,#1511);
#1338=LINE('',#3235,#1512);
#1339=LINE('',#3237,#1513);
#1340=LINE('',#3239,#1514);
#1341=LINE('',#3241,#1515);
#1342=LINE('',#3243,#1516);
#1343=LINE('',#3245,#1517);
#1344=LINE('',#3248,#1518);
#1345=LINE('',#3250,#1519);
#1346=LINE('',#3252,#1520);
#1347=LINE('',#3257,#1521);
#1348=LINE('',#3258,#1522);
#1349=LINE('',#3260,#1523);
#1350=LINE('',#3262,#1524);
#1351=LINE('',#3263,#1525);
#1352=LINE('',#3265,#1526);
#1353=LINE('',#3268,#1527);
#1354=LINE('',#3269,#1528);
#1355=LINE('',#3271,#1529);
#1356=LINE('',#3274,#1530);
#1357=LINE('',#3275,#1531);
#1358=LINE('',#3277,#1532);
#1359=LINE('',#3280,#1533);
#1360=LINE('',#3283,#1534);
#1361=LINE('',#3285,#1535);
#1362=LINE('',#3287,#1536);
#1363=LINE('',#3289,#1537);
#1364=LINE('',#3292,#1538);
#1365=LINE('',#3294,#1539);
#1366=LINE('',#3296,#1540);
#1367=LINE('',#3298,#1541);
#1368=LINE('',#3299,#1542);
#1369=LINE('',#3301,#1543);
#1370=LINE('',#3303,#1544);
#1371=LINE('',#3306,#1545);
#1372=LINE('',#3308,#1546);
#1373=LINE('',#3310,#1547);
#1374=LINE('',#3322,#1548);
#1375=LINE('',#3324,#1549);
#1376=LINE('',#3326,#1550);
#1377=LINE('',#3503,#1551);
#1378=LINE('',#3506,#1552);
#1379=LINE('',#3507,#1553);
#1380=LINE('',#3509,#1554);
#1381=LINE('',#3511,#1555);
#1382=LINE('',#3513,#1556);
#1383=LINE('',#3515,#1557);
#1384=LINE('',#3517,#1558);
#1385=LINE('',#3519,#1559);
#1386=LINE('',#3521,#1560);
#1387=LINE('',#3524,#1561);
#1388=LINE('',#3525,#1562);
#1389=LINE('',#3527,#1563);
#1390=LINE('',#3528,#1564);
#1391=LINE('',#3529,#1565);
#1392=LINE('',#3530,#1566);
#1393=LINE('',#3536,#1567);
#1394=LINE('',#3537,#1568);
#1395=LINE('',#3539,#1569);
#1396=LINE('',#3541,#1570);
#1397=VECTOR('',#2304,1.);
#1398=VECTOR('',#2305,1.);
#1399=VECTOR('',#2306,1.);
#1400=VECTOR('',#2307,1.);
#1401=VECTOR('',#2308,1.);
#1402=VECTOR('',#2309,1.);
#1403=VECTOR('',#2310,1.);
#1404=VECTOR('',#2311,1.);
#1405=VECTOR('',#2316,1.);
#1406=VECTOR('',#2317,1.);
#1407=VECTOR('',#2318,1.);
#1408=VECTOR('',#2319,1.);
#1409=VECTOR('',#2320,1.);
#1410=VECTOR('',#2321,1.);
#1411=VECTOR('',#2322,1.);
#1412=VECTOR('',#2323,1.);
#1413=VECTOR('',#2324,1.);
#1414=VECTOR('',#2325,1.);
#1415=VECTOR('',#2326,1.);
#1416=VECTOR('',#2327,1.);
#1417=VECTOR('',#2328,1.);
#1418=VECTOR('',#2329,1.);
#1419=VECTOR('',#2332,1.);
#1420=VECTOR('',#2333,1.);
#1421=VECTOR('',#2334,1.);
#1422=VECTOR('',#2335,1.);
#1423=VECTOR('',#2336,1.);
#1424=VECTOR('',#2337,1.);
#1425=VECTOR('',#2338,1.);
#1426=VECTOR('',#2339,1.);
#1427=VECTOR('',#2340,1.);
#1428=VECTOR('',#2341,1.);
#1429=VECTOR('',#2342,1.);
#1430=VECTOR('',#2345,1.);
#1431=VECTOR('',#2346,1.);
#1432=VECTOR('',#2347,1.);
#1433=VECTOR('',#2348,1.);
#1434=VECTOR('',#2351,1.);
#1435=VECTOR('',#2352,1.);
#1436=VECTOR('',#2353,1.);
#1437=VECTOR('',#2354,1.);
#1438=VECTOR('',#2357,1.);
#1439=VECTOR('',#2358,1.);
#1440=VECTOR('',#2361,1.);
#1441=VECTOR('',#2362,1.);
#1442=VECTOR('',#2365,1.);
#1443=VECTOR('',#2368,1.);
#1444=VECTOR('',#2369,1.);
#1445=VECTOR('',#2370,1.);
#1446=VECTOR('',#2371,1.);
#1447=VECTOR('',#2372,1.);
#1448=VECTOR('',#2373,1.);
#1449=VECTOR('',#2374,1.);
#1450=VECTOR('',#2375,1.);
#1451=VECTOR('',#2378,1.);
#1452=VECTOR('',#2379,1.);
#1453=VECTOR('',#2380,1.);
#1454=VECTOR('',#2381,1.);
#1455=VECTOR('',#2382,1.);
#1456=VECTOR('',#2383,1.);
#1457=VECTOR('',#2384,1.);
#1458=VECTOR('',#2385,1.);
#1459=VECTOR('',#2390,1.);
#1460=VECTOR('',#2391,1.);
#1461=VECTOR('',#2392,1.);
#1462=VECTOR('',#2393,1.);
#1463=VECTOR('',#2394,1.);
#1464=VECTOR('',#2397,1.);
#1465=VECTOR('',#2398,1.);
#1466=VECTOR('',#2401,1.);
#1467=VECTOR('',#2402,1.);
#1468=VECTOR('',#2403,1.);
#1469=VECTOR('',#2404,1.);
#1470=VECTOR('',#2411,1.);
#1471=VECTOR('',#2412,1.);
#1472=VECTOR('',#2415,1.);
#1473=VECTOR('',#2416,1.);
#1474=VECTOR('',#2419,1.);
#1475=VECTOR('',#2422,1.);
#1476=VECTOR('',#2423,1.);
#1477=VECTOR('',#2424,1.);
#1478=VECTOR('',#2427,1.);
#1479=VECTOR('',#2428,1.);
#1480=VECTOR('',#2431,1.);
#1481=VECTOR('',#2432,1.);
#1482=VECTOR('',#2433,1.);
#1483=VECTOR('',#2434,1.);
#1484=VECTOR('',#2437,1.);
#1485=VECTOR('',#2438,1.);
#1486=VECTOR('',#2441,1.);
#1487=VECTOR('',#2444,1.);
#1488=VECTOR('',#2445,1.);
#1489=VECTOR('',#2446,1.);
#1490=VECTOR('',#2447,1.);
#1491=VECTOR('',#2448,1.);
#1492=VECTOR('',#2449,1.);
#1493=VECTOR('',#2450,1.);
#1494=VECTOR('',#2451,1.);
#1495=VECTOR('',#2454,1.);
#1496=VECTOR('',#2457,1.);
#1497=VECTOR('',#2460,1.);
#1498=VECTOR('',#2461,1.);
#1499=VECTOR('',#2464,1.);
#1500=VECTOR('',#2467,1.);
#1501=VECTOR('',#2468,1.);
#1502=VECTOR('',#2469,1.);
#1503=VECTOR('',#2472,1.);
#1504=VECTOR('',#2473,1.);
#1505=VECTOR('',#2480,1.);
#1506=VECTOR('',#2481,1.);
#1507=VECTOR('',#2488,1.);
#1508=VECTOR('',#2489,1.);
#1509=VECTOR('',#2492,1.);
#1510=VECTOR('',#2493,1.);
#1511=VECTOR('',#2494,1.);
#1512=VECTOR('',#2495,1.);
#1513=VECTOR('',#2496,1.);
#1514=VECTOR('',#2497,1.);
#1515=VECTOR('',#2498,1.);
#1516=VECTOR('',#2499,1.);
#1517=VECTOR('',#2502,1.);
#1518=VECTOR('',#2503,1.);
#1519=VECTOR('',#2504,1.);
#1520=VECTOR('',#2505,1.);
#1521=VECTOR('',#2510,1.);
#1522=VECTOR('',#2511,1.);
#1523=VECTOR('',#2512,1.);
#1524=VECTOR('',#2515,1.);
#1525=VECTOR('',#2516,1.);
#1526=VECTOR('',#2519,1.);
#1527=VECTOR('',#2524,1.);
#1528=VECTOR('',#2525,1.);
#1529=VECTOR('',#2528,1.);
#1530=VECTOR('',#2533,1.);
#1531=VECTOR('',#2534,1.);
#1532=VECTOR('',#2537,1.);
#1533=VECTOR('',#2542,1.);
#1534=VECTOR('',#2543,1.);
#1535=VECTOR('',#2544,1.);
#1536=VECTOR('',#2545,1.);
#1537=VECTOR('',#2548,1.);
#1538=VECTOR('',#2549,1.);
#1539=VECTOR('',#2550,1.);
#1540=VECTOR('',#2551,1.);
#1541=VECTOR('',#2554,1.);
#1542=VECTOR('',#2555,1.);
#1543=VECTOR('',#2558,1.);
#1544=VECTOR('',#2561,1.);
#1545=VECTOR('',#2562,1.);
#1546=VECTOR('',#2563,1.);
#1547=VECTOR('',#2564,1.);
#1548=VECTOR('',#2579,1.);
#1549=VECTOR('',#2580,1.);
#1550=VECTOR('',#2581,1.);
#1551=VECTOR('',#2904,1.);
#1552=VECTOR('',#2905,1.);
#1553=VECTOR('',#2906,1.);
#1554=VECTOR('',#2909,1.);
#1555=VECTOR('',#2910,1.);
#1556=VECTOR('',#2911,1.);
#1557=VECTOR('',#2914,1.);
#1558=VECTOR('',#2915,1.);
#1559=VECTOR('',#2916,1.);
#1560=VECTOR('',#2919,1.);
#1561=VECTOR('',#2920,1.);
#1562=VECTOR('',#2921,1.);
#1563=VECTOR('',#2924,1.);
#1564=VECTOR('',#2925,1.);
#1565=VECTOR('',#2926,1.);
#1566=VECTOR('',#2927,1.);
#1567=VECTOR('',#2938,1.);
#1568=VECTOR('',#2939,1.);
#1569=VECTOR('',#2942,1.);
#1570=VECTOR('',#2945,1.);
#1571=EDGE_LOOP('',(#204,#205,#206,#207,#208,#209,#210,#211));
#1572=EDGE_LOOP('',(#212));
#1573=EDGE_LOOP('',(#213));
#1574=EDGE_LOOP('',(#214,#215,#216,#217,#218,#219,#220,#221,#222,#223));
#1575=EDGE_LOOP('',(#224,#225,#226,#227));
#1576=EDGE_LOOP('',(#228,#229,#230,#231,#232,#233,#234));
#1577=EDGE_LOOP('',(#235,#236,#237,#238));
#1578=EDGE_LOOP('',(#239,#240,#241,#242,#243));
#1579=EDGE_LOOP('',(#244,#245,#246,#247));
#1580=EDGE_LOOP('',(#248,#249,#250));
#1581=EDGE_LOOP('',(#251,#252,#253));
#1582=EDGE_LOOP('',(#254,#255,#256,#257,#258,#259,#260,#261,#262,#263));
#1583=EDGE_LOOP('',(#264,#265,#266,#267,#268,#269,#270,#271));
#1584=EDGE_LOOP('',(#272,#273,#274,#275,#276,#277,#278));
#1585=EDGE_LOOP('',(#279,#280,#281));
#1586=EDGE_LOOP('',(#282,#283,#284));
#1587=EDGE_LOOP('',(#285,#286,#287));
#1588=EDGE_LOOP('',(#288,#289,#290));
#1589=EDGE_LOOP('',(#291,#292,#293));
#1590=EDGE_LOOP('',(#294,#295,#296,#297,#298,#299));
#1591=EDGE_LOOP('',(#300,#301,#302));
#1592=EDGE_LOOP('',(#303,#304,#305,#306));
#1593=EDGE_LOOP('',(#307,#308,#309));
#1594=EDGE_LOOP('',(#310,#311,#312));
#1595=EDGE_LOOP('',(#313,#314,#315,#316,#317,#318,#319,#320));
#1596=EDGE_LOOP('',(#321,#322,#323,#324));
#1597=EDGE_LOOP('',(#325,#326,#327,#328));
#1598=EDGE_LOOP('',(#329,#330,#331,#332));
#1599=EDGE_LOOP('',(#333,#334,#335,#336));
#1600=EDGE_LOOP('',(#337,#338,#339,#340));
#1601=EDGE_LOOP('',(#341,#342,#343,#344));
#1602=EDGE_LOOP('',(#345,#346,#347,#348));
#1603=EDGE_LOOP('',(#349));
#1604=EDGE_LOOP('',(#350));
#1605=EDGE_LOOP('',(#351,#352,#353,#354));
#1606=EDGE_LOOP('',(#355,#356,#357,#358,#359,#360,#361,#362));
#1607=EDGE_LOOP('',(#363,#364,#365,#366));
#1608=EDGE_LOOP('',(#367,#368,#369,#370,#371));
#1609=EDGE_LOOP('',(#372,#373,#374,#375));
#1610=EDGE_LOOP('',(#376,#377,#378,#379));
#1611=EDGE_LOOP('',(#380,#381,#382,#383));
#1612=EDGE_LOOP('',(#384,#385,#386,#387));
#1613=EDGE_LOOP('',(#388,#389,#390,#391));
#1614=EDGE_LOOP('',(#392,#393,#394,#395));
#1615=EDGE_LOOP('',(#396,#397,#398,#399));
#1616=EDGE_LOOP('',(#400,#401,#402,#403));
#1617=EDGE_LOOP('',(#404,#405,#406,#407));
#1618=EDGE_LOOP('',(#408,#409,#410,#411));
#1619=EDGE_LOOP('',(#412,#413,#414,#415));
#1620=EDGE_LOOP('',(#416,#417,#418,#419));
#1621=EDGE_LOOP('',(#420,#421,#422,#423));
#1622=EDGE_LOOP('',(#424,#425,#426,#427));
#1623=EDGE_LOOP('',(#428));
#1624=EDGE_LOOP('',(#429));
#1625=EDGE_LOOP('',(#430));
#1626=EDGE_LOOP('',(#431));
#1627=EDGE_LOOP('',(#432,#433,#434,#435));
#1628=EDGE_LOOP('',(#436));
#1629=EDGE_LOOP('',(#437));
#1630=EDGE_LOOP('',(#438));
#1631=EDGE_LOOP('',(#439));
#1632=EDGE_LOOP('',(#440));
#1633=EDGE_LOOP('',(#441));
#1634=EDGE_LOOP('',(#442));
#1635=EDGE_LOOP('',(#443));
#1636=EDGE_LOOP('',(#444,#445,#446));
#1637=EDGE_LOOP('',(#447,#448,#449,#450));
#1638=EDGE_LOOP('',(#451,#452,#453,#454,#455));
#1639=EDGE_LOOP('',(#456,#457,#458,#459));
#1640=EDGE_LOOP('',(#460,#461,#462,#463));
#1641=EDGE_LOOP('',(#464,#465,#466,#467));
#1642=EDGE_LOOP('',(#468,#469,#470,#471));
#1643=EDGE_LOOP('',(#472,#473,#474,#475));
#1644=EDGE_LOOP('',(#476,#477,#478,#479));
#1645=EDGE_LOOP('',(#480,#481,#482));
#1646=EDGE_LOOP('',(#483,#484,#485,#486));
#1647=EDGE_LOOP('',(#487,#488,#489));
#1648=EDGE_LOOP('',(#490,#491,#492,#493));
#1649=EDGE_LOOP('',(#494,#495,#496,#497));
#1650=EDGE_LOOP('',(#498,#499,#500,#501));
#1651=EDGE_LOOP('',(#502,#503,#504,#505));
#1652=EDGE_LOOP('',(#506,#507,#508,#509,#510));
#1653=EDGE_LOOP('',(#511,#512,#513,#514));
#1654=EDGE_LOOP('',(#515,#516,#517,#518));
#1655=EDGE_LOOP('',(#519,#520,#521));
#1656=EDGE_LOOP('',(#522,#523,#524,#525));
#1657=EDGE_LOOP('',(#526,#527,#528,#529));
#1658=EDGE_LOOP('',(#530,#531,#532));
#1659=EDGE_LOOP('',(#533,#534,#535));
#1660=EDGE_LOOP('',(#536,#537,#538));
#1661=EDGE_LOOP('',(#539,#540,#541,#542));
#1662=EDGE_LOOP('',(#543,#544,#545));
#1663=EDGE_LOOP('',(#546,#547,#548,#549));
#1664=EDGE_LOOP('',(#550,#551,#552,#553));
#1665=EDGE_LOOP('',(#554,#555,#556,#557));
#1666=EDGE_LOOP('',(#558,#559,#560,#561));
#1667=EDGE_LOOP('',(#562,#563,#564,#565));
#1668=EDGE_LOOP('',(#566,#567,#568));
#1669=EDGE_LOOP('',(#569,#570,#571,#572));
#1670=EDGE_LOOP('',(#573,#574,#575,#576));
#1671=EDGE_LOOP('',(#577,#578,#579,#580));
#1672=EDGE_LOOP('',(#581,#582,#583));
#1673=EDGE_LOOP('',(#584,#585,#586));
#1674=EDGE_LOOP('',(#587,#588,#589));
#1675=EDGE_LOOP('',(#590,#591,#592,#593));
#1676=EDGE_LOOP('',(#594,#595,#596));
#1677=EDGE_LOOP('',(#597,#598,#599,#600));
#1678=EDGE_LOOP('',(#601,#602,#603));
#1679=EDGE_LOOP('',(#604,#605,#606,#607));
#1680=EDGE_LOOP('',(#608,#609,#610,#611));
#1681=EDGE_LOOP('',(#612,#613,#614,#615));
#1682=EDGE_LOOP('',(#616,#617,#618,#619));
#1683=EDGE_LOOP('',(#620,#621,#622,#623));
#1684=EDGE_LOOP('',(#624,#625,#626,#627));
#1685=EDGE_LOOP('',(#628,#629,#630,#631));
#1686=EDGE_LOOP('',(#632,#633,#634));
#1687=EDGE_LOOP('',(#635,#636,#637));
#1688=EDGE_LOOP('',(#638,#639,#640,#641,#642));
#1689=EDGE_LOOP('',(#643,#644,#645));
#1690=EDGE_LOOP('',(#646,#647,#648,#649));
#1691=EDGE_LOOP('',(#650,#651,#652,#653));
#1692=EDGE_LOOP('',(#654,#655,#656,#657));
#1693=EDGE_LOOP('',(#658,#659,#660,#661));
#1694=EDGE_LOOP('',(#662,#663,#664,#665));
#1695=EDGE_LOOP('',(#666,#667,#668,#669));
#1696=EDGE_LOOP('',(#670,#671,#672,#673));
#1697=EDGE_LOOP('',(#674,#675,#676,#677));
#1698=EDGE_LOOP('',(#678,#679,#680));
#1699=EDGE_LOOP('',(#681,#682,#683));
#1700=EDGE_LOOP('',(#684,#685,#686,#687));
#1701=EDGE_LOOP('',(#688,#689,#690,#691));
#1702=EDGE_LOOP('',(#692,#693,#694,#695));
#1703=EDGE_LOOP('',(#696,#697,#698,#699));
#1704=EDGE_LOOP('',(#700,#701,#702,#703));
#1705=EDGE_LOOP('',(#704,#705,#706,#707));
#1706=EDGE_LOOP('',(#708,#709,#710,#711));
#1707=EDGE_LOOP('',(#712));
#1708=EDGE_LOOP('',(#713));
#1709=EDGE_LOOP('',(#714));
#1710=EDGE_LOOP('',(#715));
#1711=EDGE_LOOP('',(#716,#717,#718,#719));
#1712=EDGE_LOOP('',(#720,#721,#722,#723));
#1713=EDGE_LOOP('',(#724,#725,#726,#727));
#1714=EDGE_LOOP('',(#728,#729,#730,#731));
#1715=EDGE_LOOP('',(#732,#733,#734,#735,#736,#737,#738,#739));
#1716=EDGE_LOOP('',(#740,#741,#742,#743));
#1717=EDGE_LOOP('',(#744,#745,#746,#747));
#1718=EDGE_LOOP('',(#748,#749,#750,#751));
#1719=EDGE_LOOP('',(#752,#753,#754,#755));
#1720=EDGE_LOOP('',(#756,#757,#758,#759));
#1721=EDGE_LOOP('',(#760,#761,#762,#763));
#1722=EDGE_LOOP('',(#764,#765,#766,#767));
#1723=EDGE_LOOP('',(#768,#769,#770,#771));
#1724=FACE_BOUND('',#1571,.T.);
#1725=FACE_BOUND('',#1572,.T.);
#1726=FACE_BOUND('',#1573,.T.);
#1727=FACE_BOUND('',#1574,.T.);
#1728=FACE_BOUND('',#1575,.T.);
#1729=FACE_BOUND('',#1576,.T.);
#1730=FACE_BOUND('',#1577,.T.);
#1731=FACE_BOUND('',#1578,.T.);
#1732=FACE_BOUND('',#1579,.T.);
#1733=FACE_BOUND('',#1580,.T.);
#1734=FACE_BOUND('',#1581,.T.);
#1735=FACE_BOUND('',#1582,.T.);
#1736=FACE_BOUND('',#1583,.T.);
#1737=FACE_BOUND('',#1584,.T.);
#1738=FACE_BOUND('',#1585,.T.);
#1739=FACE_BOUND('',#1586,.T.);
#1740=FACE_BOUND('',#1587,.T.);
#1741=FACE_BOUND('',#1588,.T.);
#1742=FACE_BOUND('',#1589,.T.);
#1743=FACE_BOUND('',#1590,.T.);
#1744=FACE_BOUND('',#1591,.T.);
#1745=FACE_BOUND('',#1592,.T.);
#1746=FACE_BOUND('',#1593,.T.);
#1747=FACE_BOUND('',#1594,.T.);
#1748=FACE_BOUND('',#1595,.T.);
#1749=FACE_BOUND('',#1596,.T.);
#1750=FACE_BOUND('',#1597,.T.);
#1751=FACE_BOUND('',#1598,.T.);
#1752=FACE_BOUND('',#1599,.T.);
#1753=FACE_BOUND('',#1600,.T.);
#1754=FACE_BOUND('',#1601,.T.);
#1755=FACE_BOUND('',#1602,.T.);
#1756=FACE_BOUND('',#1603,.T.);
#1757=FACE_BOUND('',#1604,.T.);
#1758=FACE_BOUND('',#1605,.T.);
#1759=FACE_BOUND('',#1606,.T.);
#1760=FACE_BOUND('',#1607,.T.);
#1761=FACE_BOUND('',#1608,.T.);
#1762=FACE_BOUND('',#1609,.T.);
#1763=FACE_BOUND('',#1610,.T.);
#1764=FACE_BOUND('',#1611,.T.);
#1765=FACE_BOUND('',#1612,.T.);
#1766=FACE_BOUND('',#1613,.T.);
#1767=FACE_BOUND('',#1614,.T.);
#1768=FACE_BOUND('',#1615,.T.);
#1769=FACE_BOUND('',#1616,.T.);
#1770=FACE_BOUND('',#1617,.T.);
#1771=FACE_BOUND('',#1618,.T.);
#1772=FACE_BOUND('',#1619,.T.);
#1773=FACE_BOUND('',#1620,.T.);
#1774=FACE_BOUND('',#1621,.T.);
#1775=FACE_BOUND('',#1622,.T.);
#1776=FACE_BOUND('',#1623,.T.);
#1777=FACE_BOUND('',#1624,.T.);
#1778=FACE_BOUND('',#1625,.T.);
#1779=FACE_BOUND('',#1626,.T.);
#1780=FACE_BOUND('',#1627,.T.);
#1781=FACE_BOUND('',#1628,.T.);
#1782=FACE_BOUND('',#1629,.T.);
#1783=FACE_BOUND('',#1630,.T.);
#1784=FACE_BOUND('',#1631,.T.);
#1785=FACE_BOUND('',#1632,.T.);
#1786=FACE_BOUND('',#1633,.T.);
#1787=FACE_BOUND('',#1634,.T.);
#1788=FACE_BOUND('',#1635,.T.);
#1789=FACE_BOUND('',#1636,.T.);
#1790=FACE_BOUND('',#1637,.T.);
#1791=FACE_BOUND('',#1638,.T.);
#1792=FACE_BOUND('',#1639,.T.);
#1793=FACE_BOUND('',#1640,.T.);
#1794=FACE_BOUND('',#1641,.T.);
#1795=FACE_BOUND('',#1642,.T.);
#1796=FACE_BOUND('',#1643,.T.);
#1797=FACE_BOUND('',#1644,.T.);
#1798=FACE_BOUND('',#1645,.T.);
#1799=FACE_BOUND('',#1646,.T.);
#1800=FACE_BOUND('',#1647,.T.);
#1801=FACE_BOUND('',#1648,.T.);
#1802=FACE_BOUND('',#1649,.T.);
#1803=FACE_BOUND('',#1650,.T.);
#1804=FACE_BOUND('',#1651,.T.);
#1805=FACE_BOUND('',#1652,.T.);
#1806=FACE_BOUND('',#1653,.T.);
#1807=FACE_BOUND('',#1654,.T.);
#1808=FACE_BOUND('',#1655,.T.);
#1809=FACE_BOUND('',#1656,.T.);
#1810=FACE_BOUND('',#1657,.T.);
#1811=FACE_BOUND('',#1658,.T.);
#1812=FACE_BOUND('',#1659,.T.);
#1813=FACE_BOUND('',#1660,.T.);
#1814=FACE_BOUND('',#1661,.T.);
#1815=FACE_BOUND('',#1662,.T.);
#1816=FACE_BOUND('',#1663,.T.);
#1817=FACE_BOUND('',#1664,.T.);
#1818=FACE_BOUND('',#1665,.T.);
#1819=FACE_BOUND('',#1666,.T.);
#1820=FACE_BOUND('',#1667,.T.);
#1821=FACE_BOUND('',#1668,.T.);
#1822=FACE_BOUND('',#1669,.T.);
#1823=FACE_BOUND('',#1670,.T.);
#1824=FACE_BOUND('',#1671,.T.);
#1825=FACE_BOUND('',#1672,.T.);
#1826=FACE_BOUND('',#1673,.T.);
#1827=FACE_BOUND('',#1674,.T.);
#1828=FACE_BOUND('',#1675,.T.);
#1829=FACE_BOUND('',#1676,.T.);
#1830=FACE_BOUND('',#1677,.T.);
#1831=FACE_BOUND('',#1678,.T.);
#1832=FACE_BOUND('',#1679,.T.);
#1833=FACE_BOUND('',#1680,.T.);
#1834=FACE_BOUND('',#1681,.T.);
#1835=FACE_BOUND('',#1682,.T.);
#1836=FACE_BOUND('',#1683,.T.);
#1837=FACE_BOUND('',#1684,.T.);
#1838=FACE_BOUND('',#1685,.T.);
#1839=FACE_BOUND('',#1686,.T.);
#1840=FACE_BOUND('',#1687,.T.);
#1841=FACE_BOUND('',#1688,.T.);
#1842=FACE_BOUND('',#1689,.T.);
#1843=FACE_BOUND('',#1690,.T.);
#1844=FACE_BOUND('',#1691,.T.);
#1845=FACE_BOUND('',#1692,.T.);
#1846=FACE_BOUND('',#1693,.T.);
#1847=FACE_BOUND('',#1694,.T.);
#1848=FACE_BOUND('',#1695,.T.);
#1849=FACE_BOUND('',#1696,.T.);
#1850=FACE_BOUND('',#1697,.T.);
#1851=FACE_BOUND('',#1698,.T.);
#1852=FACE_BOUND('',#1699,.T.);
#1853=FACE_BOUND('',#1700,.T.);
#1854=FACE_BOUND('',#1701,.T.);
#1855=FACE_BOUND('',#1702,.T.);
#1856=FACE_BOUND('',#1703,.T.);
#1857=FACE_BOUND('',#1704,.T.);
#1858=FACE_BOUND('',#1705,.T.);
#1859=FACE_BOUND('',#1706,.T.);
#1860=FACE_BOUND('',#1707,.T.);
#1861=FACE_BOUND('',#1708,.T.);
#1862=FACE_BOUND('',#1709,.T.);
#1863=FACE_BOUND('',#1710,.T.);
#1864=FACE_BOUND('',#1711,.T.);
#1865=FACE_BOUND('',#1712,.T.);
#1866=FACE_BOUND('',#1713,.T.);
#1867=FACE_BOUND('',#1714,.T.);
#1868=FACE_BOUND('',#1715,.T.);
#1869=FACE_BOUND('',#1716,.T.);
#1870=FACE_BOUND('',#1717,.T.);
#1871=FACE_BOUND('',#1718,.T.);
#1872=FACE_BOUND('',#1719,.T.);
#1873=FACE_BOUND('',#1720,.T.);
#1874=FACE_BOUND('',#1721,.T.);
#1875=FACE_BOUND('',#1722,.T.);
#1876=FACE_BOUND('',#1723,.T.);
#1877=PLANE('',#2064);
#1878=PLANE('',#2067);
#1879=PLANE('',#2068);
#1880=PLANE('',#2069);
#1881=PLANE('',#2070);
#1882=PLANE('',#2074);
#1883=PLANE('',#2075);
#1884=PLANE('',#2080);
#1885=PLANE('',#2086);
#1886=PLANE('',#2089);
#1887=PLANE('',#2092);
#1888=PLANE('',#2093);
#1889=PLANE('',#2094);
#1890=PLANE('',#2095);
#1891=PLANE('',#2098);
#1892=PLANE('',#2099);
#1893=PLANE('',#2102);
#1894=PLANE('',#2103);
#1895=PLANE('',#2104);
#1896=PLANE('',#2107);
#1897=PLANE('',#2108);
#1898=PLANE('',#2110);
#1899=PLANE('',#2111);
#1900=PLANE('',#2112);
#1901=PLANE('',#2113);
#1902=PLANE('',#2115);
#1903=PLANE('',#2116);
#1904=PLANE('',#2117);
#1905=PLANE('',#2118);
#1906=PLANE('',#2119);
#1907=PLANE('',#2126);
#1908=PLANE('',#2127);
#1909=PLANE('',#2129);
#1910=PLANE('',#2287);
#1911=PLANE('',#2288);
#1912=PLANE('',#2289);
#1913=PLANE('',#2290);
#1914=PLANE('',#2291);
#1915=PLANE('',#2292);
#1916=PLANE('',#2293);
#1917=PLANE('',#2294);
#1918=PLANE('',#2295);
#1919=PLANE('',#2296);
#1920=PLANE('',#2297);
#1921=PLANE('',#2298);
#1922=PLANE('',#2299);
#1923=ADVANCED_FACE('',(#1724,#1725,#1726,#1727,#1728),#1877,.F.);
#1924=ADVANCED_FACE('',(#1729,#1730),#1878,.T.);
#1925=ADVANCED_FACE('',(#1731),#1879,.T.);
#1926=ADVANCED_FACE('',(#1732),#1880,.T.);
#1927=ADVANCED_FACE('',(#1733,#1734,#1735),#1881,.T.);
#1928=ADVANCED_FACE('',(#1736),#1882,.T.);
#1929=ADVANCED_FACE('',(#1737,#1738,#1739,#1740),#1883,.T.);
#1930=ADVANCED_FACE('',(#1741,#1742,#1743,#1744),#1884,.T.);
#1931=ADVANCED_FACE('',(#1745,#1746,#1747),#1885,.F.);
#1932=ADVANCED_FACE('',(#1748),#1886,.F.);
#1933=ADVANCED_FACE('',(#1749),#38,.F.);
#1934=ADVANCED_FACE('',(#1750),#1887,.T.);
#1935=ADVANCED_FACE('',(#1751),#1888,.F.);
#1936=ADVANCED_FACE('',(#1752),#1889,.T.);
#1937=ADVANCED_FACE('',(#1753),#1890,.F.);
#1938=ADVANCED_FACE('',(#1754),#39,.F.);
#1939=ADVANCED_FACE('',(#1755),#1891,.F.);
#1940=ADVANCED_FACE('',(#1756,#1757,#1758),#1892,.T.);
#1941=ADVANCED_FACE('',(#1759),#1893,.T.);
#1942=ADVANCED_FACE('',(#1760),#1894,.F.);
#1943=ADVANCED_FACE('',(#1761),#1895,.F.);
#1944=ADVANCED_FACE('',(#1762),#40,.F.);
#1945=ADVANCED_FACE('',(#1763),#1896,.T.);
#1946=ADVANCED_FACE('',(#1764),#1897,.F.);
#1947=ADVANCED_FACE('',(#1765),#41,.F.);
#1948=ADVANCED_FACE('',(#1766),#1898,.T.);
#1949=ADVANCED_FACE('',(#1767),#1899,.F.);
#1950=ADVANCED_FACE('',(#1768),#1900,.T.);
#1951=ADVANCED_FACE('',(#1769),#1901,.F.);
#1952=ADVANCED_FACE('',(#1770),#42,.F.);
#1953=ADVANCED_FACE('',(#1771),#1902,.T.);
#1954=ADVANCED_FACE('',(#1772),#1903,.F.);
#1955=ADVANCED_FACE('',(#1773),#1904,.T.);
#1956=ADVANCED_FACE('',(#1774),#1905,.T.);
#1957=ADVANCED_FACE('',(#1775),#1906,.T.);
#1958=ADVANCED_FACE('',(#1776,#1777),#43,.T.);
#1959=ADVANCED_FACE('',(#1778,#1779),#44,.T.);
#1960=ADVANCED_FACE('',(#1780,#1781,#1782),#1907,.T.);
#1961=ADVANCED_FACE('',(#1783),#1908,.T.);
#1962=ADVANCED_FACE('',(#1784),#1909,.T.);
#1963=ADVANCED_FACE('',(#1785,#1786),#36,.T.);
#1964=ADVANCED_FACE('',(#1787,#1788),#37,.T.);
#1965=ADVANCED_FACE('',(#1789),#17,.T.);
#1966=ADVANCED_FACE('',(#1790),#45,.T.);
#1967=ADVANCED_FACE('',(#1791),#46,.T.);
#1968=ADVANCED_FACE('',(#1792),#47,.T.);
#1969=ADVANCED_FACE('',(#1793),#48,.T.);
#1970=ADVANCED_FACE('',(#1794),#49,.T.);
#1971=ADVANCED_FACE('',(#1795),#50,.T.);
#1972=ADVANCED_FACE('',(#1796),#51,.T.);
#1973=ADVANCED_FACE('',(#1797),#52,.T.);
#1974=ADVANCED_FACE('',(#1798),#18,.T.);
#1975=ADVANCED_FACE('',(#1799),#53,.T.);
#1976=ADVANCED_FACE('',(#1800),#19,.T.);
#1977=ADVANCED_FACE('',(#1801),#54,.T.);
#1978=ADVANCED_FACE('',(#1802),#55,.T.);
#1979=ADVANCED_FACE('',(#1803),#56,.T.);
#1980=ADVANCED_FACE('',(#1804),#57,.T.);
#1981=ADVANCED_FACE('',(#1805),#58,.T.);
#1982=ADVANCED_FACE('',(#1806),#59,.T.);
#1983=ADVANCED_FACE('',(#1807),#60,.T.);
#1984=ADVANCED_FACE('',(#1808),#20,.T.);
#1985=ADVANCED_FACE('',(#1809),#61,.T.);
#1986=ADVANCED_FACE('',(#1810),#62,.T.);
#1987=ADVANCED_FACE('',(#1811),#21,.T.);
#1988=ADVANCED_FACE('',(#1812),#22,.T.);
#1989=ADVANCED_FACE('',(#1813),#23,.T.);
#1990=ADVANCED_FACE('',(#1814),#63,.T.);
#1991=ADVANCED_FACE('',(#1815),#24,.T.);
#1992=ADVANCED_FACE('',(#1816),#64,.T.);
#1993=ADVANCED_FACE('',(#1817),#65,.T.);
#1994=ADVANCED_FACE('',(#1818),#66,.T.);
#1995=ADVANCED_FACE('',(#1819),#67,.T.);
#1996=ADVANCED_FACE('',(#1820),#68,.T.);
#1997=ADVANCED_FACE('',(#1821),#25,.T.);
#1998=ADVANCED_FACE('',(#1822),#69,.T.);
#1999=ADVANCED_FACE('',(#1823),#70,.T.);
#2000=ADVANCED_FACE('',(#1824),#71,.T.);
#2001=ADVANCED_FACE('',(#1825),#26,.T.);
#2002=ADVANCED_FACE('',(#1826),#27,.T.);
#2003=ADVANCED_FACE('',(#1827),#28,.T.);
#2004=ADVANCED_FACE('',(#1828),#72,.T.);
#2005=ADVANCED_FACE('',(#1829),#29,.T.);
#2006=ADVANCED_FACE('',(#1830),#73,.T.);
#2007=ADVANCED_FACE('',(#1831),#30,.T.);
#2008=ADVANCED_FACE('',(#1832),#74,.T.);
#2009=ADVANCED_FACE('',(#1833),#75,.T.);
#2010=ADVANCED_FACE('',(#1834),#76,.T.);
#2011=ADVANCED_FACE('',(#1835),#13,.T.);
#2012=ADVANCED_FACE('',(#1836),#12,.T.);
#2013=ADVANCED_FACE('',(#1837),#77,.T.);
#2014=ADVANCED_FACE('',(#1838),#78,.T.);
#2015=ADVANCED_FACE('',(#1839),#31,.T.);
#2016=ADVANCED_FACE('',(#1840),#32,.T.);
#2017=ADVANCED_FACE('',(#1841),#79,.F.);
#2018=ADVANCED_FACE('',(#1842),#33,.T.);
#2019=ADVANCED_FACE('',(#1843),#80,.T.);
#2020=ADVANCED_FACE('',(#1844),#81,.T.);
#2021=ADVANCED_FACE('',(#1845),#14,.F.);
#2022=ADVANCED_FACE('',(#1846),#82,.T.);
#2023=ADVANCED_FACE('',(#1847),#83,.T.);
#2024=ADVANCED_FACE('',(#1848),#84,.T.);
#2025=ADVANCED_FACE('',(#1849),#85,.T.);
#2026=ADVANCED_FACE('',(#1850),#86,.T.);
#2027=ADVANCED_FACE('',(#1851),#34,.T.);
#2028=ADVANCED_FACE('',(#1852),#35,.T.);
#2029=ADVANCED_FACE('',(#1853),#87,.T.);
#2030=ADVANCED_FACE('',(#1854),#88,.T.);
#2031=ADVANCED_FACE('',(#1855),#15,.T.);
#2032=ADVANCED_FACE('',(#1856),#89,.T.);
#2033=ADVANCED_FACE('',(#1857),#90,.T.);
#2034=ADVANCED_FACE('',(#1858),#16,.T.);
#2035=ADVANCED_FACE('',(#1859),#91,.T.);
#2036=ADVANCED_FACE('',(#1860,#1861),#92,.F.);
#2037=ADVANCED_FACE('',(#1862,#1863),#93,.F.);
#2038=ADVANCED_FACE('',(#1864),#1910,.T.);
#2039=ADVANCED_FACE('',(#1865),#1911,.F.);
#2040=ADVANCED_FACE('',(#1866),#1912,.F.);
#2041=ADVANCED_FACE('',(#1867),#1913,.T.);
#2042=ADVANCED_FACE('',(#1868),#1914,.T.);
#2043=ADVANCED_FACE('',(#1869),#1915,.F.);
#2044=ADVANCED_FACE('',(#1870),#1916,.T.);
#2045=ADVANCED_FACE('',(#1871),#1917,.T.);
#2046=ADVANCED_FACE('',(#1872),#1918,.F.);
#2047=ADVANCED_FACE('',(#1873),#1919,.T.);
#2048=ADVANCED_FACE('',(#1874),#1920,.F.);
#2049=ADVANCED_FACE('',(#1875),#1921,.F.);
#2050=ADVANCED_FACE('',(#1876),#1922,.T.);
#2051=CLOSED_SHELL('',(#1923,#1924,#1925,#1926,#1927,#1928,#1929,#1930,
#1931,#1932,#1933,#1934,#1935,#1936,#1937,#1938,#1939,#1940,#1941,#1942,
#1943,#1944,#1945,#1946,#1947,#1948,#1949,#1950,#1951,#1952,#1953,#1954,
#1955,#1956,#1957,#1958,#1959,#1960,#1961,#1962,#1963,#1964,#1965,#1966,
#1967,#1968,#1969,#1970,#1971,#1972,#1973,#1974,#1975,#1976,#1977,#1978,
#1979,#1980,#1981,#1982,#1983,#1984,#1985,#1986,#1987,#1988,#1989,#1990,
#1991,#1992,#1993,#1994,#1995,#1996,#1997,#1998,#1999,#2000,#2001,#2002,
#2003,#2004,#2005,#2006,#2007,#2008,#2009,#2010,#2011,#2012,#2013,#2014,
#2015,#2016,#2017,#2018,#2019,#2020,#2021,#2022,#2023,#2024,#2025,#2026,
#2027,#2028,#2029,#2030,#2031,#2032,#2033,#2034,#2035,#2036,#2037,#2038,
#2039,#2040,#2041,#2042,#2043,#2044,#2045,#2046,#2047,#2048,#2049,#2050));
#2052=STYLED_ITEM('',(#2053),#2060);
#2053=PRESENTATION_STYLE_ASSIGNMENT((#2054));
#2054=SURFACE_STYLE_USAGE(.BOTH.,#2055);
#2055=SURFACE_SIDE_STYLE('',(#2056));
#2056=SURFACE_STYLE_FILL_AREA(#2057);
#2057=FILL_AREA_STYLE('',(#2058));
#2058=FILL_AREA_STYLE_COLOUR('',#2059);
#2059=COLOUR_RGB('',0.615686274509804,0.811764705882353,0.929411764705882);
#2060=MANIFOLD_SOLID_BREP('y axis leadscrew wedge',#2051);
#2061=SHAPE_DEFINITION_REPRESENTATION(#3549,#2062);
#2062=SHAPE_REPRESENTATION('y axis leadscrew wedge',(#2063),#3544);
#2063=AXIS2_PLACEMENT_3D('',#2948,#2300,#2301);
#2064=AXIS2_PLACEMENT_3D('',#2949,#2302,#2303);
#2065=AXIS2_PLACEMENT_3D('',#2966,#2312,#2313);
#2066=AXIS2_PLACEMENT_3D('',#2968,#2314,#2315);
#2067=AXIS2_PLACEMENT_3D('',#2998,#2330,#2331);
#2068=AXIS2_PLACEMENT_3D('',#3021,#2343,#2344);
#2069=AXIS2_PLACEMENT_3D('',#3036,#2349,#2350);
#2070=AXIS2_PLACEMENT_3D('',#3045,#2355,#2356);
#2071=AXIS2_PLACEMENT_3D('',#3051,#2359,#2360);
#2072=AXIS2_PLACEMENT_3D('',#3057,#2363,#2364);
#2073=AXIS2_PLACEMENT_3D('',#3061,#2366,#2367);
#2074=AXIS2_PLACEMENT_3D('',#3078,#2376,#2377);
#2075=AXIS2_PLACEMENT_3D('',#3095,#2386,#2387);
#2076=AXIS2_PLACEMENT_3D('',#3096,#2388,#2389);
#2077=AXIS2_PLACEMENT_3D('',#3107,#2395,#2396);
#2078=AXIS2_PLACEMENT_3D('',#3113,#2399,#2400);
#2079=AXIS2_PLACEMENT_3D('',#3124,#2405,#2406);
#2080=AXIS2_PLACEMENT_3D('',#3125,#2407,#2408);
#2081=AXIS2_PLACEMENT_3D('',#3126,#2409,#2410);
#2082=AXIS2_PLACEMENT_3D('',#3132,#2413,#2414);
#2083=AXIS2_PLACEMENT_3D('',#3138,#2417,#2418);
#2084=AXIS2_PLACEMENT_3D('',#3143,#2420,#2421);
#2085=AXIS2_PLACEMENT_3D('',#3150,#2425,#2426);
#2086=AXIS2_PLACEMENT_3D('',#3156,#2429,#2430);
#2087=AXIS2_PLACEMENT_3D('',#3165,#2435,#2436);
#2088=AXIS2_PLACEMENT_3D('',#3171,#2439,#2440);
#2089=AXIS2_PLACEMENT_3D('',#3174,#2442,#2443);
#2090=AXIS2_PLACEMENT_3D('',#3191,#2452,#2453);
#2091=AXIS2_PLACEMENT_3D('',#3194,#2455,#2456);
#2092=AXIS2_PLACEMENT_3D('',#3197,#2458,#2459);
#2093=AXIS2_PLACEMENT_3D('',#3201,#2462,#2463);
#2094=AXIS2_PLACEMENT_3D('',#3203,#2465,#2466);
#2095=AXIS2_PLACEMENT_3D('',#3209,#2470,#2471);
#2096=AXIS2_PLACEMENT_3D('',#3213,#2474,#2475);
#2097=AXIS2_PLACEMENT_3D('',#3214,#2476,#2477);
#2098=AXIS2_PLACEMENT_3D('',#3215,#2478,#2479);
#2099=AXIS2_PLACEMENT_3D('',#3219,#2482,#2483);
#2100=AXIS2_PLACEMENT_3D('',#3220,#2484,#2485);
#2101=AXIS2_PLACEMENT_3D('',#3222,#2486,#2487);
#2102=AXIS2_PLACEMENT_3D('',#3227,#2490,#2491);
#2103=AXIS2_PLACEMENT_3D('',#3244,#2500,#2501);
#2104=AXIS2_PLACEMENT_3D('',#3253,#2506,#2507);
#2105=AXIS2_PLACEMENT_3D('',#3254,#2508,#2509);
#2106=AXIS2_PLACEMENT_3D('',#3261,#2513,#2514);
#2107=AXIS2_PLACEMENT_3D('',#3264,#2517,#2518);
#2108=AXIS2_PLACEMENT_3D('',#3266,#2520,#2521);
#2109=AXIS2_PLACEMENT_3D('',#3267,#2522,#2523);
#2110=AXIS2_PLACEMENT_3D('',#3270,#2526,#2527);
#2111=AXIS2_PLACEMENT_3D('',#3272,#2529,#2530);
#2112=AXIS2_PLACEMENT_3D('',#3273,#2531,#2532);
#2113=AXIS2_PLACEMENT_3D('',#3276,#2535,#2536);
#2114=AXIS2_PLACEMENT_3D('',#3278,#2538,#2539);
#2115=AXIS2_PLACEMENT_3D('',#3279,#2540,#2541);
#2116=AXIS2_PLACEMENT_3D('',#3288,#2546,#2547);
#2117=AXIS2_PLACEMENT_3D('',#3297,#2552,#2553);
#2118=AXIS2_PLACEMENT_3D('',#3300,#2556,#2557);
#2119=AXIS2_PLACEMENT_3D('',#3302,#2559,#2560);
#2120=AXIS2_PLACEMENT_3D('',#3311,#2565,#2566);
#2121=AXIS2_PLACEMENT_3D('',#3312,#2567,#2568);
#2122=AXIS2_PLACEMENT_3D('',#3314,#2569,#2570);
#2123=AXIS2_PLACEMENT_3D('',#3316,#2571,#2572);
#2124=AXIS2_PLACEMENT_3D('',#3317,#2573,#2574);
#2125=AXIS2_PLACEMENT_3D('',#3319,#2575,#2576);
#2126=AXIS2_PLACEMENT_3D('',#3321,#2577,#2578);
#2127=AXIS2_PLACEMENT_3D('',#3327,#2582,#2583);
#2128=AXIS2_PLACEMENT_3D('',#3328,#2584,#2585);
#2129=AXIS2_PLACEMENT_3D('',#3330,#2586,#2587);
#2130=AXIS2_PLACEMENT_3D('',#3331,#2588,#2589);
#2131=AXIS2_PLACEMENT_3D('',#3333,#2590,#2591);
#2132=AXIS2_PLACEMENT_3D('',#3334,#2592,#2593);
#2133=AXIS2_PLACEMENT_3D('',#3335,#2594,#2595);
#2134=AXIS2_PLACEMENT_3D('',#3336,#2596,#2597);
#2135=AXIS2_PLACEMENT_3D('',#3337,#2598,#2599);
#2136=AXIS2_PLACEMENT_3D('',#3338,#2600,#2601);
#2137=AXIS2_PLACEMENT_3D('',#3339,#2602,#2603);
#2138=AXIS2_PLACEMENT_3D('',#3340,#2604,#2605);
#2139=AXIS2_PLACEMENT_3D('',#3341,#2606,#2607);
#2140=AXIS2_PLACEMENT_3D('',#3342,#2608,#2609);
#2141=AXIS2_PLACEMENT_3D('',#3343,#2610,#2611);
#2142=AXIS2_PLACEMENT_3D('',#3344,#2612,#2613);
#2143=AXIS2_PLACEMENT_3D('',#3345,#2614,#2615);
#2144=AXIS2_PLACEMENT_3D('',#3346,#2616,#2617);
#2145=AXIS2_PLACEMENT_3D('',#3347,#2618,#2619);
#2146=AXIS2_PLACEMENT_3D('',#3348,#2620,#2621);
#2147=AXIS2_PLACEMENT_3D('',#3349,#2622,#2623);
#2148=AXIS2_PLACEMENT_3D('',#3350,#2624,#2625);
#2149=AXIS2_PLACEMENT_3D('',#3351,#2626,#2627);
#2150=AXIS2_PLACEMENT_3D('',#3352,#2628,#2629);
#2151=AXIS2_PLACEMENT_3D('',#3353,#2630,#2631);
#2152=AXIS2_PLACEMENT_3D('',#3354,#2632,#2633);
#2153=AXIS2_PLACEMENT_3D('',#3355,#2634,#2635);
#2154=AXIS2_PLACEMENT_3D('',#3356,#2636,#2637);
#2155=AXIS2_PLACEMENT_3D('',#3357,#2638,#2639);
#2156=AXIS2_PLACEMENT_3D('',#3358,#2640,#2641);
#2157=AXIS2_PLACEMENT_3D('',#3359,#2642,#2643);
#2158=AXIS2_PLACEMENT_3D('',#3360,#2644,#2645);
#2159=AXIS2_PLACEMENT_3D('',#3361,#2646,#2647);
#2160=AXIS2_PLACEMENT_3D('',#3362,#2648,#2649);
#2161=AXIS2_PLACEMENT_3D('',#3363,#2650,#2651);
#2162=AXIS2_PLACEMENT_3D('',#3364,#2652,#2653);
#2163=AXIS2_PLACEMENT_3D('',#3365,#2654,#2655);
#2164=AXIS2_PLACEMENT_3D('',#3366,#2656,#2657);
#2165=AXIS2_PLACEMENT_3D('',#3367,#2658,#2659);
#2166=AXIS2_PLACEMENT_3D('',#3368,#2660,#2661);
#2167=AXIS2_PLACEMENT_3D('',#3369,#2662,#2663);
#2168=AXIS2_PLACEMENT_3D('',#3370,#2664,#2665);
#2169=AXIS2_PLACEMENT_3D('',#3371,#2666,#2667);
#2170=AXIS2_PLACEMENT_3D('',#3372,#2668,#2669);
#2171=AXIS2_PLACEMENT_3D('',#3373,#2670,#2671);
#2172=AXIS2_PLACEMENT_3D('',#3374,#2672,#2673);
#2173=AXIS2_PLACEMENT_3D('',#3375,#2674,#2675);
#2174=AXIS2_PLACEMENT_3D('',#3376,#2676,#2677);
#2175=AXIS2_PLACEMENT_3D('',#3377,#2678,#2679);
#2176=AXIS2_PLACEMENT_3D('',#3378,#2680,#2681);
#2177=AXIS2_PLACEMENT_3D('',#3379,#2682,#2683);
#2178=AXIS2_PLACEMENT_3D('',#3380,#2684,#2685);
#2179=AXIS2_PLACEMENT_3D('',#3381,#2686,#2687);
#2180=AXIS2_PLACEMENT_3D('',#3382,#2688,#2689);
#2181=AXIS2_PLACEMENT_3D('',#3383,#2690,#2691);
#2182=AXIS2_PLACEMENT_3D('',#3384,#2692,#2693);
#2183=AXIS2_PLACEMENT_3D('',#3385,#2694,#2695);
#2184=AXIS2_PLACEMENT_3D('',#3386,#2696,#2697);
#2185=AXIS2_PLACEMENT_3D('',#3387,#2698,#2699);
#2186=AXIS2_PLACEMENT_3D('',#3388,#2700,#2701);
#2187=AXIS2_PLACEMENT_3D('',#3389,#2702,#2703);
#2188=AXIS2_PLACEMENT_3D('',#3390,#2704,#2705);
#2189=AXIS2_PLACEMENT_3D('',#3391,#2706,#2707);
#2190=AXIS2_PLACEMENT_3D('',#3392,#2708,#2709);
#2191=AXIS2_PLACEMENT_3D('',#3393,#2710,#2711);
#2192=AXIS2_PLACEMENT_3D('',#3394,#2712,#2713);
#2193=AXIS2_PLACEMENT_3D('',#3395,#2714,#2715);
#2194=AXIS2_PLACEMENT_3D('',#3396,#2716,#2717);
#2195=AXIS2_PLACEMENT_3D('',#3397,#2718,#2719);
#2196=AXIS2_PLACEMENT_3D('',#3398,#2720,#2721);
#2197=AXIS2_PLACEMENT_3D('',#3399,#2722,#2723);
#2198=AXIS2_PLACEMENT_3D('',#3400,#2724,#2725);
#2199=AXIS2_PLACEMENT_3D('',#3401,#2726,#2727);
#2200=AXIS2_PLACEMENT_3D('',#3402,#2728,#2729);
#2201=AXIS2_PLACEMENT_3D('',#3403,#2730,#2731);
#2202=AXIS2_PLACEMENT_3D('',#3404,#2732,#2733);
#2203=AXIS2_PLACEMENT_3D('',#3405,#2734,#2735);
#2204=AXIS2_PLACEMENT_3D('',#3406,#2736,#2737);
#2205=AXIS2_PLACEMENT_3D('',#3407,#2738,#2739);
#2206=AXIS2_PLACEMENT_3D('',#3408,#2740,#2741);
#2207=AXIS2_PLACEMENT_3D('',#3409,#2742,#2743);
#2208=AXIS2_PLACEMENT_3D('',#3410,#2744,#2745);
#2209=AXIS2_PLACEMENT_3D('',#3411,#2746,#2747);
#2210=AXIS2_PLACEMENT_3D('',#3412,#2748,#2749);
#2211=AXIS2_PLACEMENT_3D('',#3413,#2750,#2751);
#2212=AXIS2_PLACEMENT_3D('',#3414,#2752,#2753);
#2213=AXIS2_PLACEMENT_3D('',#3415,#2754,#2755);
#2214=AXIS2_PLACEMENT_3D('',#3416,#2756,#2757);
#2215=AXIS2_PLACEMENT_3D('',#3417,#2758,#2759);
#2216=AXIS2_PLACEMENT_3D('',#3418,#2760,#2761);
#2217=AXIS2_PLACEMENT_3D('',#3419,#2762,#2763);
#2218=AXIS2_PLACEMENT_3D('',#3420,#2764,#2765);
#2219=AXIS2_PLACEMENT_3D('',#3421,#2766,#2767);
#2220=AXIS2_PLACEMENT_3D('',#3422,#2768,#2769);
#2221=AXIS2_PLACEMENT_3D('',#3423,#2770,#2771);
#2222=AXIS2_PLACEMENT_3D('',#3424,#2772,#2773);
#2223=AXIS2_PLACEMENT_3D('',#3425,#2774,#2775);
#2224=AXIS2_PLACEMENT_3D('',#3426,#2776,#2777);
#2225=AXIS2_PLACEMENT_3D('',#3428,#2778,#2779);
#2226=AXIS2_PLACEMENT_3D('',#3429,#2780,#2781);
#2227=AXIS2_PLACEMENT_3D('',#3430,#2782,#2783);
#2228=AXIS2_PLACEMENT_3D('',#3431,#2784,#2785);
#2229=AXIS2_PLACEMENT_3D('',#3432,#2786,#2787);
#2230=AXIS2_PLACEMENT_3D('',#3433,#2788,#2789);
#2231=AXIS2_PLACEMENT_3D('',#3434,#2790,#2791);
#2232=AXIS2_PLACEMENT_3D('',#3435,#2792,#2793);
#2233=AXIS2_PLACEMENT_3D('',#3436,#2794,#2795);
#2234=AXIS2_PLACEMENT_3D('',#3437,#2796,#2797);
#2235=AXIS2_PLACEMENT_3D('',#3438,#2798,#2799);
#2236=AXIS2_PLACEMENT_3D('',#3439,#2800,#2801);
#2237=AXIS2_PLACEMENT_3D('',#3440,#2802,#2803);
#2238=AXIS2_PLACEMENT_3D('',#3453,#2804,#2805);
#2239=AXIS2_PLACEMENT_3D('',#3454,#2806,#2807);
#2240=AXIS2_PLACEMENT_3D('',#3455,#2808,#2809);
#2241=AXIS2_PLACEMENT_3D('',#3456,#2810,#2811);
#2242=AXIS2_PLACEMENT_3D('',#3457,#2812,#2813);
#2243=AXIS2_PLACEMENT_3D('',#3458,#2814,#2815);
#2244=AXIS2_PLACEMENT_3D('',#3459,#2816,#2817);
#2245=AXIS2_PLACEMENT_3D('',#3460,#2818,#2819);
#2246=AXIS2_PLACEMENT_3D('',#3461,#2820,#2821);
#2247=AXIS2_PLACEMENT_3D('',#3462,#2822,#2823);
#2248=AXIS2_PLACEMENT_3D('',#3463,#2824,#2825);
#2249=AXIS2_PLACEMENT_3D('',#3464,#2826,#2827);
#2250=AXIS2_PLACEMENT_3D('',#3465,#2828,#2829);
#2251=AXIS2_PLACEMENT_3D('',#3466,#2830,#2831);
#2252=AXIS2_PLACEMENT_3D('',#3467,#2832,#2833);
#2253=AXIS2_PLACEMENT_3D('',#3468,#2834,#2835);
#2254=AXIS2_PLACEMENT_3D('',#3469,#2836,#2837);
#2255=AXIS2_PLACEMENT_3D('',#3470,#2838,#2839);
#2256=AXIS2_PLACEMENT_3D('',#3471,#2840,#2841);
#2257=AXIS2_PLACEMENT_3D('',#3472,#2842,#2843);
#2258=AXIS2_PLACEMENT_3D('',#3473,#2844,#2845);
#2259=AXIS2_PLACEMENT_3D('',#3474,#2846,#2847);
#2260=AXIS2_PLACEMENT_3D('',#3475,#2848,#2849);
#2261=AXIS2_PLACEMENT_3D('',#3476,#2850,#2851);
#2262=AXIS2_PLACEMENT_3D('',#3477,#2852,#2853);
#2263=AXIS2_PLACEMENT_3D('',#3478,#2854,#2855);
#2264=AXIS2_PLACEMENT_3D('',#3479,#2856,#2857);
#2265=AXIS2_PLACEMENT_3D('',#3480,#2858,#2859);
#2266=AXIS2_PLACEMENT_3D('',#3481,#2860,#2861);
#2267=AXIS2_PLACEMENT_3D('',#3482,#2862,#2863);
#2268=AXIS2_PLACEMENT_3D('',#3483,#2864,#2865);
#2269=AXIS2_PLACEMENT_3D('',#3484,#2866,#2867);
#2270=AXIS2_PLACEMENT_3D('',#3485,#2868,#2869);
#2271=AXIS2_PLACEMENT_3D('',#3486,#2870,#2871);
#2272=AXIS2_PLACEMENT_3D('',#3487,#2872,#2873);
#2273=AXIS2_PLACEMENT_3D('',#3488,#2874,#2875);
#2274=AXIS2_PLACEMENT_3D('',#3489,#2876,#2877);
#2275=AXIS2_PLACEMENT_3D('',#3490,#2878,#2879);
#2276=AXIS2_PLACEMENT_3D('',#3491,#2880,#2881);
#2277=AXIS2_PLACEMENT_3D('',#3492,#2882,#2883);
#2278=AXIS2_PLACEMENT_3D('',#3493,#2884,#2885);
#2279=AXIS2_PLACEMENT_3D('',#3494,#2886,#2887);
#2280=AXIS2_PLACEMENT_3D('',#3495,#2888,#2889);
#2281=AXIS2_PLACEMENT_3D('',#3496,#2890,#2891);
#2282=AXIS2_PLACEMENT_3D('',#3497,#2892,#2893);
#2283=AXIS2_PLACEMENT_3D('',#3498,#2894,#2895);
#2284=AXIS2_PLACEMENT_3D('',#3499,#2896,#2897);
#2285=AXIS2_PLACEMENT_3D('',#3500,#2898,#2899);
#2286=AXIS2_PLACEMENT_3D('',#3501,#2900,#2901);
#2287=AXIS2_PLACEMENT_3D('',#3502,#2902,#2903);
#2288=AXIS2_PLACEMENT_3D('',#3508,#2907,#2908);
#2289=AXIS2_PLACEMENT_3D('',#3514,#2912,#2913);
#2290=AXIS2_PLACEMENT_3D('',#3520,#2917,#2918);
#2291=AXIS2_PLACEMENT_3D('',#3526,#2922,#2923);
#2292=AXIS2_PLACEMENT_3D('',#3531,#2928,#2929);
#2293=AXIS2_PLACEMENT_3D('',#3532,#2930,#2931);
#2294=AXIS2_PLACEMENT_3D('',#3533,#2932,#2933);
#2295=AXIS2_PLACEMENT_3D('',#3534,#2934,#2935);
#2296=AXIS2_PLACEMENT_3D('',#3535,#2936,#2937);
#2297=AXIS2_PLACEMENT_3D('',#3538,#2940,#2941);
#2298=AXIS2_PLACEMENT_3D('',#3540,#2943,#2944);
#2299=AXIS2_PLACEMENT_3D('',#3542,#2946,#2947);
#2300=DIRECTION('',(0.,0.,1.));
#2301=DIRECTION('',(1.,0.,0.));
#2302=DIRECTION('',(0.,-1.,0.));
#2303=DIRECTION('',(0.,0.,-1.));
#2304=DIRECTION('',(0.,0.,-1.));
#2305=DIRECTION('',(-0.707106781186548,0.,0.707106781186548));
#2306=DIRECTION('',(-1.,0.,3.46944695195362E-16));
#2307=DIRECTION('',(0.707106781186548,0.,0.707106781186548));
#2308=DIRECTION('',(0.,0.,-1.));
#2309=DIRECTION('',(0.707106781186548,0.,-0.707106781186548));
#2310=DIRECTION('',(-1.,0.,3.46944695195362E-16));
#2311=DIRECTION('',(-0.707106781186548,0.,-0.707106781186548));
#2312=DIRECTION('',(0.,1.,0.));
#2313=DIRECTION('',(0.,0.,1.));
#2314=DIRECTION('',(0.,1.,0.));
#2315=DIRECTION('',(0.,0.,1.));
#2316=DIRECTION('',(1.,0.,0.));
#2317=DIRECTION('',(0.,0.,1.));
#2318=DIRECTION('',(1.,0.,0.));
#2319=DIRECTION('',(0.,0.,-1.));
#2320=DIRECTION('',(1.,0.,0.));
#2321=DIRECTION('',(0.866025403784439,0.,0.5));
#2322=DIRECTION('',(1.,0.,0.));
#2323=DIRECTION('',(0.,0.,1.));
#2324=DIRECTION('',(0.707106781186548,0.,0.707106781186548));
#2325=DIRECTION('',(0.,0.,-1.));
#2326=DIRECTION('',(-1.,0.,0.));
#2327=DIRECTION('',(0.,0.,-1.));
#2328=DIRECTION('',(-1.,0.,0.));
#2329=DIRECTION('',(0.,0.,-1.));
#2330=DIRECTION('',(1.22464679914735E-16,-1.,0.));
#2331=DIRECTION('',(1.,1.22464679914735E-16,0.));
#2332=DIRECTION('',(-0.707106781186548,-8.65956056235493E-17,-0.707106781186548));
#2333=DIRECTION('',(-1.,-1.22464679914735E-16,0.));
#2334=DIRECTION('',(0.,0.,-1.));
#2335=DIRECTION('',(-1.,-1.22464679914735E-16,0.));
#2336=DIRECTION('',(0.,0.,1.));
#2337=DIRECTION('',(-1.,-1.22464679914735E-16,0.));
#2338=DIRECTION('',(0.,0.,-1.));
#2339=DIRECTION('',(0.,0.,-1.));
#2340=DIRECTION('',(-1.,-1.22464679914735E-16,0.));
#2341=DIRECTION('',(0.,0.,-1.));
#2342=DIRECTION('',(-1.,-1.22464679914735E-16,0.));
#2343=DIRECTION('',(1.,0.,0.));
#2344=DIRECTION('',(0.,0.,-1.));
#2345=DIRECTION('',(0.,0.,-1.));
#2346=DIRECTION('',(0.,-1.,0.));
#2347=DIRECTION('',(0.,0.,-1.));
#2348=DIRECTION('',(0.,-1.,0.));
#2349=DIRECTION('',(0.,0.,1.));
#2350=DIRECTION('',(1.,0.,0.));
#2351=DIRECTION('',(3.46944695195362E-16,-1.,0.));
#2352=DIRECTION('',(-1.,-1.22464679914735E-16,0.));
#2353=DIRECTION('',(0.,1.,0.));
#2354=DIRECTION('',(1.,0.,0.));
#2355=DIRECTION('',(-1.,1.7347234759768E-16,0.));
#2356=DIRECTION('',(-1.7347234759768E-16,-1.,0.));
#2357=DIRECTION('',(1.2266347333467E-16,0.707106781186547,0.707106781186548));
#2358=DIRECTION('',(1.2266347333467E-16,0.707106781186548,-0.707106781186547));
#2359=DIRECTION('',(-1.,1.7347234759768E-16,0.));
#2360=DIRECTION('',(-1.7347234759768E-16,-1.,0.));
#2361=DIRECTION('',(1.2266347333467E-16,0.707106781186548,0.707106781186548));
#2362=DIRECTION('',(1.2266347333467E-16,0.707106781186548,-0.707106781186548));
#2363=DIRECTION('',(-1.,1.7347234759768E-16,0.));
#2364=DIRECTION('',(-1.7347234759768E-16,-1.,0.));
#2365=DIRECTION('',(-1.7347234759768E-16,-1.,0.));
#2366=DIRECTION('',(-1.,1.7347234759768E-16,0.));
#2367=DIRECTION('',(-1.7347234759768E-16,-1.,0.));
#2368=DIRECTION('',(-1.7347234759768E-16,-1.,-5.20417042793042E-16));
#2369=DIRECTION('',(0.,0.,1.));
#2370=DIRECTION('',(-1.7347234759768E-16,-1.,0.));
#2371=DIRECTION('',(0.,0.,1.));
#2372=DIRECTION('',(-1.7347234759768E-16,-1.,-4.29895076872151E-32));
#2373=DIRECTION('',(0.,0.,1.));
#2374=DIRECTION('',(-1.7347234759768E-16,-1.,0.));
#2375=DIRECTION('',(0.,0.,1.));
#2376=DIRECTION('',(0.,-1.,0.));
#2377=DIRECTION('',(0.,0.,-1.));
#2378=DIRECTION('',(1.,0.,0.));
#2379=DIRECTION('',(0.,0.,-1.));
#2380=DIRECTION('',(1.,0.,2.47817639425258E-16));
#2381=DIRECTION('',(0.,0.,1.));
#2382=DIRECTION('',(1.,0.,0.));
#2383=DIRECTION('',(0.866025403784439,0.,0.5));
#2384=DIRECTION('',(1.,0.,0.));
#2385=DIRECTION('',(0.,0.,1.));
#2386=DIRECTION('',(0.,0.,1.));
#2387=DIRECTION('',(1.,0.,0.));
#2388=DIRECTION('',(0.,0.,1.));
#2389=DIRECTION('',(1.,0.,0.));
#2390=DIRECTION('',(-1.,-1.22464679914735E-16,0.));
#2391=DIRECTION('',(-1.7347234759768E-16,-1.,0.));
#2392=DIRECTION('',(1.,0.,0.));
#2393=DIRECTION('',(-2.16840434497101E-16,-1.,0.));
#2394=DIRECTION('',(1.,0.,0.));
#2395=DIRECTION('',(0.,0.,1.));
#2396=DIRECTION('',(1.,0.,0.));
#2397=DIRECTION('',(0.707106781186548,0.707106781186547,0.));
#2398=DIRECTION('',(-0.707106781186547,0.707106781186548,0.));
#2399=DIRECTION('',(0.,0.,1.));
#2400=DIRECTION('',(1.,0.,0.));
#2401=DIRECTION('',(0.707106781186548,0.707106781186547,0.));
#2402=DIRECTION('',(-0.707106781186547,0.707106781186548,0.));
#2403=DIRECTION('',(0.707106781186548,0.707106781186548,0.));
#2404=DIRECTION('',(-0.707106781186548,0.707106781186547,0.));
#2405=DIRECTION('',(0.,0.,1.));
#2406=DIRECTION('',(1.,0.,0.));
#2407=DIRECTION('',(0.,0.,-1.));
#2408=DIRECTION('',(-1.,0.,0.));
#2409=DIRECTION('',(0.,0.,-1.));
#2410=DIRECTION('',(-1.,0.,0.));
#2411=DIRECTION('',(-0.707106781186547,0.707106781186548,0.));
#2412=DIRECTION('',(0.707106781186548,0.707106781186547,0.));
#2413=DIRECTION('',(0.,0.,-1.));
#2414=DIRECTION('',(-1.,0.,0.));
#2415=DIRECTION('',(-0.707106781186547,0.707106781186548,0.));
#2416=DIRECTION('',(0.707106781186548,0.707106781186547,0.));
#2417=DIRECTION('',(0.,0.,-1.));
#2418=DIRECTION('',(1.,-2.16840434497101E-16,0.));
#2419=DIRECTION('',(-2.16840434497101E-16,-1.,0.));
#2420=DIRECTION('',(0.,0.,-1.));
#2421=DIRECTION('',(-1.,2.16840434497101E-16,0.));
#2422=DIRECTION('',(-1.,2.16840434497101E-16,0.));
#2423=DIRECTION('',(-2.16840434497101E-16,-1.,0.));
#2424=DIRECTION('',(-1.,2.16840434497101E-16,0.));
#2425=DIRECTION('',(0.,0.,-1.));
#2426=DIRECTION('',(-1.,0.,0.));
#2427=DIRECTION('',(-0.707106781186548,0.707106781186547,0.));
#2428=DIRECTION('',(0.707106781186548,0.707106781186548,0.));
#2429=DIRECTION('',(-1.,2.16840434497101E-16,0.));
#2430=DIRECTION('',(-2.16840434497101E-16,-1.,0.));
#2431=DIRECTION('',(0.,0.,1.));
#2432=DIRECTION('',(-2.16840434497101E-16,-1.,0.));
#2433=DIRECTION('',(0.,0.,1.));
#2434=DIRECTION('',(1.53329341668337E-16,0.707106781186547,0.707106781186548));
#2435=DIRECTION('',(1.,-2.16840434497101E-16,0.));
#2436=DIRECTION('',(2.16840434497101E-16,1.,0.));
#2437=DIRECTION('',(1.53329341668337E-16,0.707106781186548,-0.707106781186547));
#2438=DIRECTION('',(1.53329341668337E-16,0.707106781186548,0.707106781186548));
#2439=DIRECTION('',(1.,-2.16840434497101E-16,0.));
#2440=DIRECTION('',(2.16840434497101E-16,1.,0.));
#2441=DIRECTION('',(1.53329341668337E-16,0.707106781186548,-0.707106781186548));
#2442=DIRECTION('',(0.,0.,1.));
#2443=DIRECTION('',(1.,0.,0.));
#2444=DIRECTION('',(-2.16840434497101E-16,-1.,0.));
#2445=DIRECTION('',(-1.,2.16840434497101E-16,0.));
#2446=DIRECTION('',(-2.16840434497101E-16,-1.,0.));
#2447=DIRECTION('',(-1.,2.16840434497101E-16,0.));
#2448=DIRECTION('',(-2.16840434497101E-16,-1.,0.));
#2449=DIRECTION('',(1.,0.,0.));
#2450=DIRECTION('',(-1.7347234759768E-16,-1.,0.));
#2451=DIRECTION('',(1.,0.,0.));
#2452=DIRECTION('',(1.,-2.16840434497101E-16,0.));
#2453=DIRECTION('',(2.16840434497101E-16,1.,0.));
#2454=DIRECTION('',(1.,-2.16840434497101E-16,0.));
#2455=DIRECTION('',(-1.,1.7347234759768E-16,0.));
#2456=DIRECTION('',(-1.7347234759768E-16,-1.,0.));
#2457=DIRECTION('',(1.,-2.16840434497101E-16,0.));
#2458=DIRECTION('',(1.53329341668337E-16,0.707106781186548,-0.707106781186547));
#2459=DIRECTION('',(0.,0.707106781186547,0.707106781186548));
#2460=DIRECTION('',(1.,-2.16840434497101E-16,0.));
#2461=DIRECTION('',(1.2266347333467E-16,0.707106781186547,0.707106781186548));
#2462=DIRECTION('',(-1.53329341668337E-16,-0.707106781186547,-0.707106781186548));
#2463=DIRECTION('',(0.,0.707106781186548,-0.707106781186547));
#2464=DIRECTION('',(1.2266347333467E-16,0.707106781186548,-0.707106781186547));
#2465=DIRECTION('',(1.53329341668337E-16,0.707106781186548,-0.707106781186548));
#2466=DIRECTION('',(0.,0.707106781186548,0.707106781186548));
#2467=DIRECTION('',(1.,-2.16840434497101E-16,0.));
#2468=DIRECTION('',(1.2266347333467E-16,0.707106781186548,0.707106781186548));
#2469=DIRECTION('',(1.,-2.16840434497101E-16,0.));
#2470=DIRECTION('',(-1.53329341668337E-16,-0.707106781186548,-0.707106781186548));
#2471=DIRECTION('',(0.,0.707106781186548,-0.707106781186548));
#2472=DIRECTION('',(1.,-2.16840434497101E-16,0.));
#2473=DIRECTION('',(1.2266347333467E-16,0.707106781186548,-0.707106781186548));
#2474=DIRECTION('',(1.,-2.16840434497101E-16,0.));
#2475=DIRECTION('',(2.16840434497101E-16,1.,0.));
#2476=DIRECTION('',(-1.,1.7347234759768E-16,0.));
#2477=DIRECTION('',(-1.7347234759768E-16,-1.,0.));
#2478=DIRECTION('',(-2.16840434497101E-16,-1.,0.));
#2479=DIRECTION('',(1.,-2.16840434497101E-16,0.));
#2480=DIRECTION('',(0.866025403784439,-1.87789324842145E-16,0.5));
#2481=DIRECTION('',(-1.,2.16840434497101E-16,0.));
#2482=DIRECTION('',(-2.16840434497101E-16,-1.,0.));
#2483=DIRECTION('',(1.,-2.16840434497101E-16,0.));
#2484=DIRECTION('',(-2.16840434497101E-16,-1.,0.));
#2485=DIRECTION('',(1.,-2.16840434497101E-16,0.));
#2486=DIRECTION('',(-2.16840434497101E-16,-1.,0.));
#2487=DIRECTION('',(1.,-2.16840434497101E-16,0.));
#2488=DIRECTION('',(-1.,2.16840434497101E-16,0.));
#2489=DIRECTION('',(0.866025403784439,-1.87789324842145E-16,0.5));
#2490=DIRECTION('',(0.5,-1.0842021724855E-16,-0.866025403784439));
#2491=DIRECTION('',(-0.866025403784439,1.87789324842145E-16,-0.5));
#2492=DIRECTION('',(-2.16840434497101E-16,-1.,0.));
#2493=DIRECTION('',(0.866025403784439,0.,0.5));
#2494=DIRECTION('',(-2.16840434497101E-16,-1.,0.));
#2495=DIRECTION('',(0.866025403784439,0.,0.5));
#2496=DIRECTION('',(-2.16840434497101E-16,-1.,0.));
#2497=DIRECTION('',(0.866025403784439,-1.87789324842145E-16,0.5));
#2498=DIRECTION('',(-2.16840434497101E-16,-1.,0.));
#2499=DIRECTION('',(0.866025403784439,-1.87789324842145E-16,0.5));
#2500=DIRECTION('',(1.,3.46944695195362E-16,0.));
#2501=DIRECTION('',(-3.46944695195362E-16,1.,0.));
#2502=DIRECTION('',(3.46944695195362E-16,-1.,0.));
#2503=DIRECTION('',(0.,0.,-1.));
#2504=DIRECTION('',(3.46944695195362E-16,-1.,0.));
#2505=DIRECTION('',(0.,0.,-1.));
#2506=DIRECTION('',(0.707106781186548,2.4532694666934E-16,-0.707106781186548));
#2507=DIRECTION('',(3.46944695195362E-16,-1.,0.));
#2508=DIRECTION('',(0.707106781186548,2.4532694666934E-16,-0.707106781186548));
#2509=DIRECTION('',(0.707106781186548,-7.21357354222414E-17,0.707106781186548));
#2510=DIRECTION('',(-0.707106781186548,-8.65956056235493E-17,-0.707106781186548));
#2511=DIRECTION('',(0.707106781186548,0.,0.707106781186548));
#2512=DIRECTION('',(-1.7347234759768E-16,-1.,-5.20417042793042E-16));
#2513=DIRECTION('',(0.,0.,1.));
#2514=DIRECTION('',(1.,0.,0.));
#2515=DIRECTION('',(0.,0.,1.));
#2516=DIRECTION('',(0.,0.,1.));
#2517=DIRECTION('',(0.707106781186548,0.707106781186547,0.));
#2518=DIRECTION('',(-0.707106781186547,0.707106781186548,0.));
#2519=DIRECTION('',(0.,0.,1.));
#2520=DIRECTION('',(0.707106781186547,-0.707106781186548,0.));
#2521=DIRECTION('',(0.707106781186548,0.707106781186547,0.));
#2522=DIRECTION('',(0.,0.,1.));
#2523=DIRECTION('',(1.,0.,0.));
#2524=DIRECTION('',(0.,0.,1.));
#2525=DIRECTION('',(0.,0.,1.));
#2526=DIRECTION('',(0.707106781186548,0.707106781186547,0.));
#2527=DIRECTION('',(-0.707106781186547,0.707106781186548,0.));
#2528=DIRECTION('',(0.,0.,1.));
#2529=DIRECTION('',(0.707106781186547,-0.707106781186548,0.));
#2530=DIRECTION('',(0.707106781186548,0.707106781186547,0.));
#2531=DIRECTION('',(0.707106781186547,0.707106781186548,0.));
#2532=DIRECTION('',(-0.707106781186548,0.707106781186547,0.));
#2533=DIRECTION('',(0.,0.,1.));
#2534=DIRECTION('',(0.,0.,1.));
#2535=DIRECTION('',(0.707106781186548,-0.707106781186548,0.));
#2536=DIRECTION('',(0.707106781186548,0.707106781186548,0.));
#2537=DIRECTION('',(0.,0.,1.));
#2538=DIRECTION('',(0.,0.,1.));
#2539=DIRECTION('',(1.,0.,0.));
#2540=DIRECTION('',(0.,0.,-1.));
#2541=DIRECTION('',(-1.,0.,0.));
#2542=DIRECTION('',(1.,0.,0.));
#2543=DIRECTION('',(-1.7347234759768E-16,-1.,0.));
#2544=DIRECTION('',(1.,0.,0.));
#2545=DIRECTION('',(0.,-1.,0.));
#2546=DIRECTION('',(2.47817639425258E-16,0.,-1.));
#2547=DIRECTION('',(-1.,0.,-2.47817639425258E-16));
#2548=DIRECTION('',(1.,0.,2.47817639425258E-16));
#2549=DIRECTION('',(-1.7347234759768E-16,-1.,-4.29895076872151E-32));
#2550=DIRECTION('',(1.,0.,2.47817639425258E-16));
#2551=DIRECTION('',(0.,-1.,0.));
#2552=DIRECTION('',(-1.,0.,0.));
#2553=DIRECTION('',(0.,0.,1.));
#2554=DIRECTION('',(0.,0.,-1.));
#2555=DIRECTION('',(0.,0.,-1.));
#2556=DIRECTION('',(0.,-1.,0.));
#2557=DIRECTION('',(1.,0.,0.));
#2558=DIRECTION('',(0.,0.,1.));
#2559=DIRECTION('',(1.,0.,0.));
#2560=DIRECTION('',(0.,0.,-1.));
#2561=DIRECTION('',(0.,1.,0.));
#2562=DIRECTION('',(0.,0.,1.));
#2563=DIRECTION('',(0.,1.,0.));
#2564=DIRECTION('',(0.,0.,1.));
#2565=DIRECTION('',(0.,0.,1.));
#2566=DIRECTION('',(1.,0.,0.));
#2567=DIRECTION('',(0.,0.,1.));
#2568=DIRECTION('',(1.,0.,0.));
#2569=DIRECTION('',(0.,0.,1.));
#2570=DIRECTION('',(1.,0.,0.));
#2571=DIRECTION('',(0.,0.,1.));
#2572=DIRECTION('',(1.,0.,0.));
#2573=DIRECTION('',(0.,0.,1.));
#2574=DIRECTION('',(1.,0.,0.));
#2575=DIRECTION('',(0.,0.,1.));
#2576=DIRECTION('',(1.,0.,0.));
#2577=DIRECTION('',(0.,0.,1.));
#2578=DIRECTION('',(1.,0.,0.));
#2579=DIRECTION('',(-1.,-1.22464679914735E-16,0.));
#2580=DIRECTION('',(0.,-1.,0.));
#2581=DIRECTION('',(1.,0.,0.));
#2582=DIRECTION('',(0.,0.,1.));
#2583=DIRECTION('',(1.,0.,0.));
#2584=DIRECTION('',(0.,0.,1.));
#2585=DIRECTION('',(1.,0.,0.));
#2586=DIRECTION('',(0.,0.,1.));
#2587=DIRECTION('',(1.,0.,0.));
#2588=DIRECTION('',(0.,0.,1.));
#2589=DIRECTION('',(1.,0.,0.));
#2590=DIRECTION('',(0.,0.,1.));
#2591=DIRECTION('',(1.,0.,0.));
#2592=DIRECTION('',(0.,0.,1.));
#2593=DIRECTION('',(1.,0.,0.));
#2594=DIRECTION('',(-1.73472347597681E-15,0.,1.));
#2595=DIRECTION('',(1.,0.,1.73472347597681E-15));
#2596=DIRECTION('',(0.,0.,1.));
#2597=DIRECTION('',(1.,0.,0.));
#2598=DIRECTION('',(-1.,0.,-1.73472347597681E-15));
#2599=DIRECTION('',(-1.73472347597681E-15,0.,1.));
#2600=DIRECTION('',(0.,-1.,0.));
#2601=DIRECTION('',(0.,0.,-1.));
#2602=DIRECTION('',(-1.,0.,-2.47817639425258E-16));
#2603=DIRECTION('',(-2.47817639425258E-16,0.,1.));
#2604=DIRECTION('',(-0.707106781186548,0.,-0.707106781186548));
#2605=DIRECTION('',(0.707106781186548,0.,-0.707106781186548));
#2606=DIRECTION('',(-0.866025403784439,1.87789324842145E-16,-0.5));
#2607=DIRECTION('',(-0.5,0.,0.866025403784439));
#2608=DIRECTION('',(-0.612372435695795,-0.707106781186547,-0.353553390593274));
#2609=DIRECTION('',(0.612372435695794,-0.707106781186548,0.353553390593274));
#2610=DIRECTION('',(-0.866025403784443,0.,-0.499999999999993));
#2611=DIRECTION('',(-0.499999999999993,0.,0.866025403784443));
#2612=DIRECTION('',(1.7347234759768E-16,1.,4.29895076872151E-32));
#2613=DIRECTION('',(-1.,1.7347234759768E-16,0.));
#2614=DIRECTION('',(1.2266347333467E-16,0.707106781186548,0.707106781186548));
#2615=DIRECTION('',(1.2266347333467E-16,0.707106781186548,-0.707106781186548));
#2616=DIRECTION('',(0.,0.,1.));
#2617=DIRECTION('',(1.,0.,0.));
#2618=DIRECTION('',(0.,0.,-1.));
#2619=DIRECTION('',(-1.,0.,0.));
#2620=DIRECTION('',(0.,0.,-1.));
#2621=DIRECTION('',(-1.,0.,0.));
#2622=DIRECTION('',(0.707106781186548,0.,-0.707106781186548));
#2623=DIRECTION('',(-0.707106781186548,0.,-0.707106781186548));
#2624=DIRECTION('',(-1.,2.16840434497101E-16,0.));
#2625=DIRECTION('',(-2.16840434497101E-16,-1.,0.));
#2626=DIRECTION('',(1.,-1.38777878078145E-14,0.));
#2627=DIRECTION('',(1.38777878078145E-14,1.,0.));
#2628=DIRECTION('',(0.707106781186547,-0.707106781186548,0.));
#2629=DIRECTION('',(-0.707106781186548,-0.707106781186547,0.));
#2630=DIRECTION('',(-2.16840434497101E-16,-1.,0.));
#2631=DIRECTION('',(1.,-2.16840434497101E-16,0.));
#2632=DIRECTION('',(-0.707106781186548,-0.707106781186547,0.));
#2633=DIRECTION('',(0.707106781186547,-0.707106781186548,0.));
#2634=DIRECTION('',(-2.16840434497101E-16,-1.,0.));
#2635=DIRECTION('',(1.,-2.16840434497101E-16,0.));
#2636=DIRECTION('',(0.612372435695794,-0.707106781186548,0.353553390593274));
#2637=DIRECTION('',(0.612372435695795,0.707106781186547,0.353553390593274));
#2638=DIRECTION('',(-6.93889390390725E-15,1.,0.));
#2639=DIRECTION('',(-1.,-6.93889390390725E-15,0.));
#2640=DIRECTION('',(0.,1.,0.));
#2641=DIRECTION('',(0.,0.,1.));
#2642=DIRECTION('',(0.,0.,1.));
#2643=DIRECTION('',(1.,0.,0.));
#2644=DIRECTION('',(-1.2266347333467E-16,-0.707106781186548,0.707106781186548));
#2645=DIRECTION('',(1.2266347333467E-16,0.707106781186548,0.707106781186548));
#2646=DIRECTION('',(-1.,0.,0.));
#2647=DIRECTION('',(0.,0.,1.));
#2648=DIRECTION('',(-1.,0.,0.));
#2649=DIRECTION('',(0.,0.,1.));
#2650=DIRECTION('',(0.,-1.,0.));
#2651=DIRECTION('',(0.,0.,-1.));
#2652=DIRECTION('',(1.,0.,0.));
#2653=DIRECTION('',(0.,0.,-1.));
#2654=DIRECTION('',(-1.,8.67361737988403E-16,0.));
#2655=DIRECTION('',(-8.67361737988403E-16,-1.,0.));
#2656=DIRECTION('',(-1.7347234759768E-16,-1.,0.));
#2657=DIRECTION('',(1.,-1.7347234759768E-16,0.));
#2658=DIRECTION('',(0.,-1.,0.));
#2659=DIRECTION('',(0.,0.,-1.));
#2660=DIRECTION('',(1.7347234759768E-16,1.,0.));
#2661=DIRECTION('',(-1.,1.7347234759768E-16,0.));
#2662=DIRECTION('',(0.,1.,0.));
#2663=DIRECTION('',(0.,0.,1.));
#2664=DIRECTION('',(1.,-2.16840434497101E-16,0.));
#2665=DIRECTION('',(2.16840434497101E-16,1.,0.));
#2666=DIRECTION('',(1.,0.,-6.93889390390722E-15));
#2667=DIRECTION('',(-6.93889390390722E-15,0.,-1.));
#2668=DIRECTION('',(0.866025403784439,-1.87789324842145E-16,0.5));
#2669=DIRECTION('',(0.5,0.,-0.866025403784439));
#2670=DIRECTION('',(-0.866025403784438,-3.46944695195362E-15,-0.5));
#2671=DIRECTION('',(-0.5,0.,0.866025403784438));
#2672=DIRECTION('',(2.16840434497101E-16,1.,0.));
#2673=DIRECTION('',(-1.,2.16840434497101E-16,0.));
#2674=DIRECTION('',(0.,-1.,0.));
#2675=DIRECTION('',(0.,0.,-1.));
#2676=DIRECTION('',(-1.,0.,0.));
#2677=DIRECTION('',(0.,0.,1.));
#2678=DIRECTION('',(1.,0.,-2.08166817117217E-14));
#2679=DIRECTION('',(-2.08166817117217E-14,0.,-1.));
#2680=DIRECTION('',(8.67361737988404E-16,0.,-1.));
#2681=DIRECTION('',(-1.,0.,-8.67361737988404E-16));
#2682=DIRECTION('',(0.,0.,-1.));
#2683=DIRECTION('',(-1.,0.,0.));
#2684=DIRECTION('',(0.,0.,-1.));
#2685=DIRECTION('',(-1.,0.,0.));
#2686=DIRECTION('',(3.30681662608079E-15,0.,1.));
#2687=DIRECTION('',(1.,0.,-3.30681662608079E-15));
#2688=DIRECTION('',(0.,0.,-1.));
#2689=DIRECTION('',(-1.,0.,0.));
#2690=DIRECTION('',(0.707106781186548,0.,0.707106781186548));
#2691=DIRECTION('',(0.707106781186548,0.,-0.707106781186548));
#2692=DIRECTION('',(-0.38268343236509,0.,-0.923879532511287));
#2693=DIRECTION('',(0.923879532511287,0.,-0.38268343236509));
#2694=DIRECTION('',(-0.707106781186548,-2.03161377710547E-15,-0.707106781186548));
#2695=DIRECTION('',(-0.707106781186548,0.,0.707106781186548));
#2696=DIRECTION('',(-1.,0.,0.));
#2697=DIRECTION('',(0.,0.,1.));
#2698=DIRECTION('',(-1.,0.,0.));
#2699=DIRECTION('',(0.,0.,1.));
#2700=DIRECTION('',(-1.38777878078144E-14,-1.,0.));
#2701=DIRECTION('',(1.,-1.38777878078144E-14,0.));
#2702=DIRECTION('',(0.,-1.,0.));
#2703=DIRECTION('',(0.,0.,-1.));
#2704=DIRECTION('',(6.93889390390722E-15,-1.,0.));
#2705=DIRECTION('',(1.,6.93889390390722E-15,0.));
#2706=DIRECTION('',(-0.866025403784438,-1.54879637418509E-14,-0.5));
#2707=DIRECTION('',(-0.5,0.,0.866025403784438));
#2708=DIRECTION('',(0.,0.,1.));
#2709=DIRECTION('',(1.,0.,0.));
#2710=DIRECTION('',(0.,0.,1.));
#2711=DIRECTION('',(1.,0.,0.));
#2712=DIRECTION('',(0.,1.,-3.14418630020796E-15));
#2713=DIRECTION('',(0.,3.14418630020796E-15,1.));
#2714=DIRECTION('',(0.,1.,0.));
#2715=DIRECTION('',(0.,0.,1.));
#2716=DIRECTION('',(0.,0.,-1.));
#2717=DIRECTION('',(-1.,0.,0.));
#2718=DIRECTION('',(3.46944695195362E-15,0.,1.));
#2719=DIRECTION('',(1.,0.,-3.46944695195362E-15));
#2720=DIRECTION('',(1.,0.,0.));
#2721=DIRECTION('',(0.,0.,-1.));
#2722=DIRECTION('',(1.,-6.93889390390722E-15,0.));
#2723=DIRECTION('',(6.93889390390722E-15,1.,0.));
#2724=DIRECTION('',(2.16840434497101E-16,1.,0.));
#2725=DIRECTION('',(-1.,2.16840434497101E-16,0.));
#2726=DIRECTION('',(0.,1.,0.));
#2727=DIRECTION('',(0.,0.,1.));
#2728=DIRECTION('',(0.866025403784439,0.,0.5));
#2729=DIRECTION('',(0.5,0.,-0.866025403784439));
#2730=DIRECTION('',(0.866025403784437,0.,0.5));
#2731=DIRECTION('',(0.5,0.,-0.866025403784437));
#2732=DIRECTION('',(1.,0.,0.));
#2733=DIRECTION('',(0.,0.,-1.));
#2734=DIRECTION('',(-1.,0.,0.));
#2735=DIRECTION('',(0.,0.,1.));
#2736=DIRECTION('',(1.,1.38777878078144E-14,0.));
#2737=DIRECTION('',(-1.38777878078144E-14,1.,0.));
#2738=DIRECTION('',(0.,-1.,0.));
#2739=DIRECTION('',(0.,0.,-1.));
#2740=DIRECTION('',(0.,-1.,0.));
#2741=DIRECTION('',(0.,0.,-1.));
#2742=DIRECTION('',(1.7347234759768E-16,1.,5.20417042793042E-16));
#2743=DIRECTION('',(0.,-5.20417042793042E-16,1.));
#2744=DIRECTION('',(1.7347234759768E-16,1.,5.20417042793042E-16));
#2745=DIRECTION('',(0.,-5.20417042793042E-16,1.));
#2746=DIRECTION('',(0.,0.,1.));
#2747=DIRECTION('',(1.,0.,0.));
#2748=DIRECTION('',(0.,0.,1.));
#2749=DIRECTION('',(1.,0.,0.));
#2750=DIRECTION('',(0.38268343236509,4.6865204053263E-17,0.923879532511287));
#2751=DIRECTION('',(-0.923879532511287,-1.1314261122877E-16,0.38268343236509));
#2752=DIRECTION('',(-3.46944695195362E-16,1.,0.));
#2753=DIRECTION('',(-1.,-3.46944695195362E-16,0.));
#2754=DIRECTION('',(0.,1.,0.));
#2755=DIRECTION('',(0.,0.,1.));
#2756=DIRECTION('',(6.50521303491301E-16,-1.,0.));
#2757=DIRECTION('',(1.,6.50521303491301E-16,0.));
#2758=DIRECTION('',(-1.,0.,0.));
#2759=DIRECTION('',(0.,0.,1.));
#2760=DIRECTION('',(-1.,-3.46944695195361E-15,0.));
#2761=DIRECTION('',(3.46944695195361E-15,-1.,0.));
#2762=DIRECTION('',(-1.38777878078144E-14,1.,0.));
#2763=DIRECTION('',(-1.,-1.38777878078144E-14,0.));
#2764=DIRECTION('',(-0.866025403784439,0.,-0.5));
#2765=DIRECTION('',(-0.5,0.,0.86602540378444));
#2766=DIRECTION('',(0.,-1.,-1.51788304147971E-15));
#2767=DIRECTION('',(0.,1.51788304147971E-15,-1.));
#2768=DIRECTION('',(0.,-1.,0.));
#2769=DIRECTION('',(0.,0.,-1.));
#2770=DIRECTION('',(-1.7347234759768E-16,-1.,0.));
#2771=DIRECTION('',(1.,-1.7347234759768E-16,0.));
#2772=DIRECTION('',(2.16840434497101E-16,1.,0.));
#2773=DIRECTION('',(-1.,2.16840434497101E-16,0.));
#2774=DIRECTION('',(0.,0.707106781186548,-0.707106781186548));
#2775=DIRECTION('',(0.,0.707106781186548,0.707106781186548));
#2776=DIRECTION('',(-0.577350269189626,-0.577350269189626,-0.577350269189626));
#2777=DIRECTION('',(0.,0.707106781186547,-0.707106781186548));
#2778=DIRECTION('',(1.14997006251253E-16,0.707106781186548,0.707106781186548));
#2779=DIRECTION('',(0.,-0.707106781186548,0.707106781186548));
#2780=DIRECTION('',(0.707106781186548,8.65956056235493E-17,0.707106781186548));
#2781=DIRECTION('',(0.707106781186548,0.,-0.707106781186548));
#2782=DIRECTION('',(-0.707106781186548,0.,-0.707106781186547));
#2783=DIRECTION('',(-0.707106781186547,0.,0.707106781186548));
#2784=DIRECTION('',(-1.,-4.33680868994202E-16,0.));
#2785=DIRECTION('',(4.33680868994202E-16,-1.,0.));
#2786=DIRECTION('',(-1.,0.,3.46944695195361E-15));
#2787=DIRECTION('',(3.46944695195361E-15,0.,1.));
#2788=DIRECTION('',(-1.,0.,0.));
#2789=DIRECTION('',(0.,0.,1.));
#2790=DIRECTION('',(1.,0.,-3.4694469519536E-15));
#2791=DIRECTION('',(-3.4694469519536E-15,0.,-1.));
#2792=DIRECTION('',(-0.866025403784439,0.,-0.5));
#2793=DIRECTION('',(-0.5,0.,0.866025403784439));
#2794=DIRECTION('',(0.866025403784439,1.41869211348683E-14,0.5));
#2795=DIRECTION('',(0.5,0.,-0.866025403784439));
#2796=DIRECTION('',(-2.16840434497101E-16,-1.,0.));
#2797=DIRECTION('',(1.,-2.16840434497101E-16,0.));
#2798=DIRECTION('',(0.,1.,0.));
#2799=DIRECTION('',(0.,0.,1.));
#2800=DIRECTION('',(-1.,1.7347234759768E-16,0.));
#2801=DIRECTION('',(-1.7347234759768E-16,-1.,0.));
#2802=DIRECTION('',(-1.,1.7347234759768E-16,0.));
#2803=DIRECTION('',(-1.7347234759768E-16,-1.,0.));
#2804=DIRECTION('',(-0.447213595499958,-2.55548899329489E-16,0.894427190999916));
#2805=DIRECTION('',(0.894427190999916,0.,0.447213595499958));
#2806=DIRECTION('',(-1.,-1.22464679914735E-16,0.));
#2807=DIRECTION('',(1.22464679914735E-16,-1.,0.));
#2808=DIRECTION('',(1.,-3.46944695195361E-15,0.));
#2809=DIRECTION('',(3.46944695195361E-15,1.,0.));
#2810=DIRECTION('',(0.,1.,0.));
#2811=DIRECTION('',(0.,0.,1.));
#2812=DIRECTION('',(0.,1.,0.));
#2813=DIRECTION('',(0.,0.,1.));
#2814=DIRECTION('',(0.,-1.,0.));
#2815=DIRECTION('',(0.,0.,-1.));
#2816=DIRECTION('',(3.46944695195361E-15,0.,1.));
#2817=DIRECTION('',(1.,0.,-3.46944695195361E-15));
#2818=DIRECTION('',(0.,3.46944695195361E-15,1.));
#2819=DIRECTION('',(0.,-1.,3.46944695195361E-15));
#2820=DIRECTION('',(0.,1.,6.50521303491302E-16));
#2821=DIRECTION('',(0.,-6.50521303491302E-16,1.));
#2822=DIRECTION('',(1.,0.,0.));
#2823=DIRECTION('',(0.,0.,-1.));
#2824=DIRECTION('',(1.,1.22464679914735E-16,0.));
#2825=DIRECTION('',(-1.22464679914735E-16,1.,0.));
#2826=DIRECTION('',(-1.,0.,0.));
#2827=DIRECTION('',(0.,0.,1.));
#2828=DIRECTION('',(3.46944695195361E-15,0.,1.));
#2829=DIRECTION('',(1.,0.,-3.46944695195361E-15));
#2830=DIRECTION('',(0.,0.,1.));
#2831=DIRECTION('',(1.,0.,0.));
#2832=DIRECTION('',(0.,0.,-1.));
#2833=DIRECTION('',(-1.,0.,0.));
#2834=DIRECTION('',(0.707106781186548,0.,-0.707106781186548));
#2835=DIRECTION('',(-0.707106781186548,0.,-0.707106781186548));
#2836=DIRECTION('',(-1.,0.,0.));
#2837=DIRECTION('',(0.,0.,1.));
#2838=DIRECTION('',(-0.707106781186548,0.,0.707106781186548));
#2839=DIRECTION('',(0.707106781186548,0.,0.707106781186548));
#2840=DIRECTION('',(0.,0.,1.));
#2841=DIRECTION('',(1.,0.,0.));
#2842=DIRECTION('',(0.,0.,1.));
#2843=DIRECTION('',(1.,0.,0.));
#2844=DIRECTION('',(0.,0.,1.));
#2845=DIRECTION('',(1.,0.,0.));
#2846=DIRECTION('',(-0.707106781186548,-8.65956056235493E-17,0.707106781186548));
#2847=DIRECTION('',(0.707106781186548,8.65956056235493E-17,0.707106781186548));
#2848=DIRECTION('',(-1.,0.,0.));
#2849=DIRECTION('',(0.,0.,1.));
#2850=DIRECTION('',(1.,0.,0.));
#2851=DIRECTION('',(0.,0.,-1.));
#2852=DIRECTION('',(0.,0.,1.));
#2853=DIRECTION('',(1.,0.,0.));
#2854=DIRECTION('',(0.,3.46944695195361E-15,1.));
#2855=DIRECTION('',(0.,-1.,3.46944695195361E-15));
#2856=DIRECTION('',(0.,0.,-1.));
#2857=DIRECTION('',(-1.,0.,0.));
#2858=DIRECTION('',(0.,0.,1.));
#2859=DIRECTION('',(1.,0.,0.));
#2860=DIRECTION('',(-1.,-1.22464679914735E-16,0.));
#2861=DIRECTION('',(1.22464679914735E-16,-1.,0.));
#2862=DIRECTION('',(1.,0.,0.));
#2863=DIRECTION('',(0.,0.,-1.));
#2864=DIRECTION('',(0.,1.,-3.46944695195361E-15));
#2865=DIRECTION('',(0.,3.46944695195361E-15,1.));
#2866=DIRECTION('',(0.,1.,0.));
#2867=DIRECTION('',(0.,0.,1.));
#2868=DIRECTION('',(0.,-1.,0.));
#2869=DIRECTION('',(0.,0.,-1.));
#2870=DIRECTION('',(0.,-1.,-8.67361737988403E-16));
#2871=DIRECTION('',(0.,8.67361737988403E-16,-1.));
#2872=DIRECTION('',(0.,-1.,0.));
#2873=DIRECTION('',(0.,0.,-1.));
#2874=DIRECTION('',(1.2266347333467E-16,0.707106781186547,0.707106781186548));
#2875=DIRECTION('',(0.,-0.707106781186548,0.707106781186547));
#2876=DIRECTION('',(-6.9726111936842E-32,-3.92523114670944E-16,1.));
#2877=DIRECTION('',(-1.7347234759768E-16,-1.,-3.92523114670944E-16));
#2878=DIRECTION('',(0.,0.707106781186548,0.707106781186548));
#2879=DIRECTION('',(0.,-0.707106781186548,0.707106781186548));
#2880=DIRECTION('',(-1.,1.7347234759768E-16,0.));
#2881=DIRECTION('',(-1.7347234759768E-16,-1.,0.));
#2882=DIRECTION('',(-1.83995210002005E-15,-0.707106781186547,0.707106781186548));
#2883=DIRECTION('',(0.,-0.707106781186548,-0.707106781186547));
#2884=DIRECTION('',(-1.2266347333467E-16,-0.707106781186548,0.707106781186547));
#2885=DIRECTION('',(0.,-0.707106781186547,-0.707106781186548));
#2886=DIRECTION('',(1.2266347333467E-16,0.707106781186548,0.707106781186548));
#2887=DIRECTION('',(0.,-0.707106781186548,0.707106781186548));
#2888=DIRECTION('',(0.,0.,1.));
#2889=DIRECTION('',(-1.7347234759768E-16,-1.,0.));
#2890=DIRECTION('',(6.13317366673351E-16,0.707106781186548,0.707106781186547));
#2891=DIRECTION('',(0.,-0.707106781186547,0.707106781186548));
#2892=DIRECTION('',(-1.,1.7347234759768E-16,0.));
#2893=DIRECTION('',(-1.7347234759768E-16,-1.,0.));
#2894=DIRECTION('',(-1.2266347333467E-15,-0.707106781186547,0.707106781186549));
#2895=DIRECTION('',(0.,-0.707106781186549,-0.707106781186547));
#2896=DIRECTION('',(-1.2266347333467E-16,-0.707106781186548,0.707106781186548));
#2897=DIRECTION('',(0.,-0.707106781186548,-0.707106781186548));
#2898=DIRECTION('',(0.,1.,0.));
#2899=DIRECTION('',(0.,0.,1.));
#2900=DIRECTION('',(0.,1.,0.));
#2901=DIRECTION('',(0.,0.,1.));
#2902=DIRECTION('',(-3.46944695195362E-16,0.,-1.));
#2903=DIRECTION('',(-1.,0.,3.46944695195362E-16));
#2904=DIRECTION('',(-1.,0.,3.46944695195362E-16));
#2905=DIRECTION('',(0.,1.,0.));
#2906=DIRECTION('',(0.,-1.,0.));
#2907=DIRECTION('',(1.,0.,0.));
#2908=DIRECTION('',(0.,0.,-1.));
#2909=DIRECTION('',(0.,-1.,0.));
#2910=DIRECTION('',(0.,0.,-1.));
#2911=DIRECTION('',(0.,1.,0.));
#2912=DIRECTION('',(-3.46944695195362E-16,0.,-1.));
#2913=DIRECTION('',(-1.,0.,3.46944695195362E-16));
#2914=DIRECTION('',(0.,-1.,0.));
#2915=DIRECTION('',(-1.,0.,3.46944695195362E-16));
#2916=DIRECTION('',(0.,1.,0.));
#2917=DIRECTION('',(1.,0.,0.));
#2918=DIRECTION('',(0.,0.,-1.));
#2919=DIRECTION('',(0.,0.,-1.));
#2920=DIRECTION('',(0.,1.,0.));
#2921=DIRECTION('',(0.,-1.,0.));
#2922=DIRECTION('',(0.,1.,0.));
#2923=DIRECTION('',(-1.,0.,0.));
#2924=DIRECTION('',(-0.707106781186548,0.,0.707106781186548));
#2925=DIRECTION('',(-0.707106781186548,0.,-0.707106781186548));
#2926=DIRECTION('',(0.707106781186548,0.,-0.707106781186548));
#2927=DIRECTION('',(0.707106781186548,0.,0.707106781186548));
#2928=DIRECTION('',(-0.707106781186548,0.,-0.707106781186548));
#2929=DIRECTION('',(0.,1.,0.));
#2930=DIRECTION('',(-0.707106781186548,0.,0.707106781186548));
#2931=DIRECTION('',(0.,-1.,0.));
#2932=DIRECTION('',(0.707106781186548,0.,-0.707106781186548));
#2933=DIRECTION('',(0.,-1.,0.));
#2934=DIRECTION('',(0.707106781186548,0.,0.707106781186548));
#2935=DIRECTION('',(0.,1.,0.));
#2936=DIRECTION('',(0.,0.,-1.));
#2937=DIRECTION('',(-1.,0.,0.));
#2938=DIRECTION('',(0.,1.,0.));
#2939=DIRECTION('',(0.,1.,0.));
#2940=DIRECTION('',(1.,0.,0.));
#2941=DIRECTION('',(0.,0.,-1.));
#2942=DIRECTION('',(0.,1.,0.));
#2943=DIRECTION('',(0.,0.,-1.));
#2944=DIRECTION('',(-1.,0.,0.));
#2945=DIRECTION('',(0.,1.,0.));
#2946=DIRECTION('',(1.,0.,0.));
#2947=DIRECTION('',(0.,0.,-1.));
#2948=CARTESIAN_POINT('',(0.,0.,0.));
#2949=CARTESIAN_POINT('',(0.0085,0.02,-0.033));
#2950=CARTESIAN_POINT('',(0.0325,0.02,-0.023));
#2951=CARTESIAN_POINT('',(0.0325,0.02,-0.019));
#2952=CARTESIAN_POINT('',(0.0325,0.02,-0.027));
#2953=CARTESIAN_POINT('',(0.0275,0.02,-0.014));
#2954=CARTESIAN_POINT('',(0.0315,0.02,-0.018));
#2955=CARTESIAN_POINT('',(0.0225,0.02,-0.018));
#2956=CARTESIAN_POINT('',(0.0135,0.02,-0.018));
#2957=CARTESIAN_POINT('',(0.0035,0.02,-0.028));
#2958=CARTESIAN_POINT('',(0.0125,0.02,-0.019));
#2959=CARTESIAN_POINT('',(0.0125,0.02,-0.023));
#2960=CARTESIAN_POINT('',(0.0125,0.02,-0.027));
#2961=CARTESIAN_POINT('',(0.0135,0.02,-0.028));
#2962=CARTESIAN_POINT('',(0.0135,0.02,-0.028));
#2963=CARTESIAN_POINT('',(0.0225,0.02,-0.028));
#2964=CARTESIAN_POINT('',(0.0315,0.02,-0.028));
#2965=CARTESIAN_POINT('',(0.0175,0.02,-0.042));
#2966=CARTESIAN_POINT('',(0.03,0.02,-0.016));
#2967=CARTESIAN_POINT('',(0.03,0.02,-0.0144));
#2968=CARTESIAN_POINT('',(0.015,0.02,-0.016));
#2969=CARTESIAN_POINT('',(0.015,0.02,-0.0144));
#2970=CARTESIAN_POINT('',(0.0196,0.02,0.0255));
#2971=CARTESIAN_POINT('',(0.012,0.02,0.0255));
#2972=CARTESIAN_POINT('',(0.0186,0.02,0.0255));
#2973=CARTESIAN_POINT('',(0.0186,0.02,0.0221));
#2974=CARTESIAN_POINT('',(0.0186,0.02,0.0211));
#2975=CARTESIAN_POINT('',(0.04,0.02,0.0211));
#2976=CARTESIAN_POINT('',(0.039,0.02,0.0211));
#2977=CARTESIAN_POINT('',(0.039,0.02,0.));
#2978=CARTESIAN_POINT('',(0.039,0.02,-0.001));
#2979=CARTESIAN_POINT('',(0.091,0.02,-0.001));
#2980=CARTESIAN_POINT('',(0.0872679491924311,0.02,-0.001));
#2981=CARTESIAN_POINT('',(0.033342323350227,0.02,-0.0321339745962156));
#2982=CARTESIAN_POINT('',(0.0335743741577959,0.02,-0.032));
#2983=CARTESIAN_POINT('',(0.0085,0.02,-0.032));
#2984=CARTESIAN_POINT('',(0.007,0.02,-0.032));
#2985=CARTESIAN_POINT('',(0.007,0.02,0.));
#2986=CARTESIAN_POINT('',(0.007,0.02,-0.000414213562373088));
#2987=CARTESIAN_POINT('',(-0.00854289321881345,0.02,-0.0159571067811866));
#2988=CARTESIAN_POINT('',(0.012,0.02,0.0045857864376269));
#2989=CARTESIAN_POINT('',(0.012,0.02,-0.033));
#2990=CARTESIAN_POINT('',(0.0298,0.02,0.0196));
#2991=CARTESIAN_POINT('',(0.0313,0.02,0.0196));
#2992=CARTESIAN_POINT('',(0.0283,0.02,0.0196));
#2993=CARTESIAN_POINT('',(0.0283,0.02,0.0191));
#2994=CARTESIAN_POINT('',(0.0283,0.02,0.0186));
#2995=CARTESIAN_POINT('',(0.0298,0.02,0.0186));
#2996=CARTESIAN_POINT('',(0.0313,0.02,0.0186));
#2997=CARTESIAN_POINT('',(0.0313,0.02,0.0191));
#2998=CARTESIAN_POINT('',(0.0255,1.94907507094025E-18,0.0265));
#2999=CARTESIAN_POINT('',(0.00670710678118655,-3.52390581773538E-19,-0.000707106781186545));
#3000=CARTESIAN_POINT('',(0.012,2.95801892091324E-19,0.00458578643762691));
#3001=CARTESIAN_POINT('',(0.0084142135623731,-1.43330296235254E-19,0.001));
#3002=CARTESIAN_POINT('',(0.04,3.72481292970391E-18,0.001));
#3003=CARTESIAN_POINT('',(0.039,3.60234824978918E-18,0.001));
#3004=CARTESIAN_POINT('',(0.039,3.60234824978918E-18,0.0265));
#3005=CARTESIAN_POINT('',(0.039,3.60234824978918E-18,0.0211));
#3006=CARTESIAN_POINT('',(0.0255,1.94907507094025E-18,0.0211));
#3007=CARTESIAN_POINT('',(0.0186,1.10406877952858E-18,0.0211));
#3008=CARTESIAN_POINT('',(0.0186,1.10406877952858E-18,0.0265));
#3009=CARTESIAN_POINT('',(0.0186,1.10406877952858E-18,0.0255));
#3010=CARTESIAN_POINT('',(0.0255,1.94907507094025E-18,0.0255));
#3011=CARTESIAN_POINT('',(0.012,2.95801892091324E-19,0.0255));
#3012=CARTESIAN_POINT('',(0.012,2.95801892091324E-19,0.005));
#3013=CARTESIAN_POINT('',(0.0283,2.29207115527014E-18,0.0191));
#3014=CARTESIAN_POINT('',(0.0283,2.29197617470151E-18,0.0196));
#3015=CARTESIAN_POINT('',(0.0283,2.29207115527014E-18,0.0186));
#3016=CARTESIAN_POINT('',(0.0298,2.4754537883507E-18,0.0196));
#3017=CARTESIAN_POINT('',(0.0313,2.65925993790487E-18,0.0196));
#3018=CARTESIAN_POINT('',(0.0313,2.65925993790487E-18,0.0191));
#3019=CARTESIAN_POINT('',(0.0313,2.4754537883507E-18,0.0186));
#3020=CARTESIAN_POINT('',(0.0298,2.4754537883507E-18,0.0186));
#3021=CARTESIAN_POINT('',(0.04,0.01,0.0265));
#3022=CARTESIAN_POINT('',(0.04,0.001,0.0265));
#3023=CARTESIAN_POINT('',(0.04,0.001,0.0211));
#3024=CARTESIAN_POINT('',(0.04,0.001,0.001));
#3025=CARTESIAN_POINT('',(0.04,0.00273205080756888,0.));
#3026=CARTESIAN_POINT('',(0.04,0.00238539670161878,-8.26854896498669E-19));
#3027=CARTESIAN_POINT('',(0.04,0.00173216335782259,0.000267154570766243));
#3028=CARTESIAN_POINT('',(0.04,0.00124129893419342,0.000758702272291391));
#3029=CARTESIAN_POINT('',(0.04,0.001,0.001));
#3030=CARTESIAN_POINT('',(0.04,0.00273205080756888,0.));
#3031=CARTESIAN_POINT('',(0.04,0.01,0.));
#3032=CARTESIAN_POINT('',(0.04,0.019,0.));
#3033=CARTESIAN_POINT('',(0.04,0.019,0.0221));
#3034=CARTESIAN_POINT('',(0.04,0.019,0.0211));
#3035=CARTESIAN_POINT('',(0.04,0.01,0.0211));
#3036=CARTESIAN_POINT('',(0.053,3.46944695195361E-18,0.0265));
#3037=CARTESIAN_POINT('',(0.012,1.07552855510562E-17,0.0265));
#3038=CARTESIAN_POINT('',(0.012,0.019,0.0265));
#3039=CARTESIAN_POINT('',(0.012,0.001,0.0265));
#3040=CARTESIAN_POINT('',(0.053,0.001,0.0265));
#3041=CARTESIAN_POINT('',(0.0186,0.001,0.0265));
#3042=CARTESIAN_POINT('',(0.0186,3.46944695195361E-18,0.0265));
#3043=CARTESIAN_POINT('',(0.0186,0.019,0.0265));
#3044=CARTESIAN_POINT('',(0.011,0.019,0.0265));
#3045=CARTESIAN_POINT('',(0.006,3.46944695195361E-18,-0.033));
#3046=CARTESIAN_POINT('',(0.006,-0.00897487373415291,-0.0240251262658471));
#3047=CARTESIAN_POINT('',(0.006,0.00752512626584709,-0.00752512626584709));
#3048=CARTESIAN_POINT('',(0.006,0.00505025253169417,-0.01));
#3049=CARTESIAN_POINT('',(0.006,0.00752512626584708,-0.0124748737341529));
#3050=CARTESIAN_POINT('',(0.006,0.00752512626584709,-0.0124748737341529));
#3051=CARTESIAN_POINT('',(0.006,0.01,-0.01));
#3052=CARTESIAN_POINT('',(0.006,-0.0189748737341529,-0.0140251262658471));
#3053=CARTESIAN_POINT('',(0.006,-0.0124748737341529,-0.00752512626584709));
#3054=CARTESIAN_POINT('',(0.006,-0.0149497474683058,-0.01));
#3055=CARTESIAN_POINT('',(0.006,-0.0124748737341529,-0.0124748737341529));
#3056=CARTESIAN_POINT('',(0.006,-0.0124748737341529,-0.0124748737341529));
#3057=CARTESIAN_POINT('',(0.006,-0.01,-0.01));
#3058=CARTESIAN_POINT('',(0.006,3.46944695195361E-18,-0.001));
#3059=CARTESIAN_POINT('',(0.006,-0.019,-0.001));
#3060=CARTESIAN_POINT('',(0.006,-0.001,-0.001));
#3061=CARTESIAN_POINT('',(0.006,-0.001,0.001));
#3062=CARTESIAN_POINT('',(0.006,0.000414213562373095,-0.000414213562373095));
#3063=CARTESIAN_POINT('',(0.006,0.02,-0.000414213562373085));
#3064=CARTESIAN_POINT('',(0.006,0.019,-0.000414213562373086));
#3065=CARTESIAN_POINT('',(0.006,0.019,-0.033));
#3066=CARTESIAN_POINT('',(0.006,0.019,-0.032));
#3067=CARTESIAN_POINT('',(0.006,-0.02,-0.032));
#3068=CARTESIAN_POINT('',(0.006,-0.019,-0.032));
#3069=CARTESIAN_POINT('',(0.006,-0.019,-0.033));
#3070=CARTESIAN_POINT('',(0.006,-0.019,-0.00875));
#3071=CARTESIAN_POINT('',(0.006,-0.0165,-0.00875));
#3072=CARTESIAN_POINT('',(0.006,-0.0155,-0.00875));
#3073=CARTESIAN_POINT('',(0.006,-0.0155,-0.033));
#3074=CARTESIAN_POINT('',(0.006,-0.0155,-0.00125));
#3075=CARTESIAN_POINT('',(0.006,3.46944695195361E-18,-0.00125));
#3076=CARTESIAN_POINT('',(0.006,-0.019,-0.00125));
#3077=CARTESIAN_POINT('',(0.006,-0.019,-0.033));
#3078=CARTESIAN_POINT('',(0.0085,-0.02,-0.033));
#3079=CARTESIAN_POINT('',(0.0085,-0.02,-0.00125));
#3080=CARTESIAN_POINT('',(0.007,-0.02,-0.00125));
#3081=CARTESIAN_POINT('',(0.049,-0.02,-0.00125));
#3082=CARTESIAN_POINT('',(0.049,-0.02,-0.033));
#3083=CARTESIAN_POINT('',(0.049,-0.02,-0.00875));
#3084=CARTESIAN_POINT('',(0.006,-0.02,-0.00875));
#3085=CARTESIAN_POINT('',(0.007,-0.02,-0.00875));
#3086=CARTESIAN_POINT('',(0.007,-0.02,-0.033));
#3087=CARTESIAN_POINT('',(0.007,-0.02,-0.032));
#3088=CARTESIAN_POINT('',(0.033842323350227,-0.02,-0.032));
#3089=CARTESIAN_POINT('',(0.0335743741577959,-0.02,-0.032));
#3090=CARTESIAN_POINT('',(0.0143355808375568,-0.02,-0.0431075225023237));
#3091=CARTESIAN_POINT('',(0.0872679491924311,-0.02,-0.001));
#3092=CARTESIAN_POINT('',(0.0085,-0.02,-0.001));
#3093=CARTESIAN_POINT('',(0.007,-0.02,-0.001));
#3094=CARTESIAN_POINT('',(0.007,-0.02,-0.033));
#3095=CARTESIAN_POINT('',(0.0025,3.46944695195361E-18,0.));
#3096=CARTESIAN_POINT('',(0.039,0.001,0.));
#3097=CARTESIAN_POINT('',(0.039,-0.001,0.));
#3098=CARTESIAN_POINT('',(0.006,-0.001,0.));
#3099=CARTESIAN_POINT('',(0.007,-0.001,0.));
#3100=CARTESIAN_POINT('',(0.007,2.68882138776405E-18,0.));
#3101=CARTESIAN_POINT('',(0.007,-0.019,0.));
#3102=CARTESIAN_POINT('',(0.0025,-0.019,0.));
#3103=CARTESIAN_POINT('',(0.0872679491924311,-0.019,0.));
#3104=CARTESIAN_POINT('',(0.0872679491924311,-1.49116719823613E-17,0.));
#3105=CARTESIAN_POINT('',(0.0872679491924311,0.019,0.));
#3106=CARTESIAN_POINT('',(0.04,0.019,0.));
#3107=CARTESIAN_POINT('',(0.076,0.01,0.));
#3108=CARTESIAN_POINT('',(0.0777677669529664,0.00823223304703363,0.));
#3109=CARTESIAN_POINT('',(0.0742322330470336,0.00823223304703364,0.));
#3110=CARTESIAN_POINT('',(0.0768838834764832,0.00734834957055045,0.));
#3111=CARTESIAN_POINT('',(0.076,0.00646446609406728,0.));
#3112=CARTESIAN_POINT('',(0.0751161165235168,0.00734834957055045,0.));
#3113=CARTESIAN_POINT('',(0.064,0.01,0.));
#3114=CARTESIAN_POINT('',(0.0657677669529664,0.00823223304703363,0.));
#3115=CARTESIAN_POINT('',(0.0622322330470336,0.00823223304703363,0.));
#3116=CARTESIAN_POINT('',(0.0648838834764832,0.00734834957055045,0.));
#3117=CARTESIAN_POINT('',(0.064,0.00646446609406727,0.));
#3118=CARTESIAN_POINT('',(0.0631161165235168,0.00734834957055045,0.));
#3119=CARTESIAN_POINT('',(0.0528838834764832,0.00734834957055045,0.));
#3120=CARTESIAN_POINT('',(0.052,0.00646446609406727,0.));
#3121=CARTESIAN_POINT('',(0.0537677669529664,0.00823223304703364,0.));
#3122=CARTESIAN_POINT('',(0.0511161165235168,0.00734834957055045,0.));
#3123=CARTESIAN_POINT('',(0.0502322330470336,0.00823223304703364,0.));
#3124=CARTESIAN_POINT('',(0.052,0.01,0.));
#3125=CARTESIAN_POINT('',(0.091,-1.21430643318376E-17,-0.005));
#3126=CARTESIAN_POINT('',(0.076,0.01,-0.005));
#3127=CARTESIAN_POINT('',(0.0777677669529664,0.00823223304703362,-0.005));
#3128=CARTESIAN_POINT('',(0.0742322330470336,0.00823223304703364,-0.005));
#3129=CARTESIAN_POINT('',(0.0751161165235168,0.00734834957055045,-0.005));
#3130=CARTESIAN_POINT('',(0.076,0.00646446609406727,-0.005));
#3131=CARTESIAN_POINT('',(0.0768838834764832,0.00734834957055045,-0.005));
#3132=CARTESIAN_POINT('',(0.064,0.01,-0.005));
#3133=CARTESIAN_POINT('',(0.0657677669529664,0.00823223304703361,-0.005));
#3134=CARTESIAN_POINT('',(0.0622322330470336,0.00823223304703363,-0.005));
#3135=CARTESIAN_POINT('',(0.0631161165235168,0.00734834957055045,-0.005));
#3136=CARTESIAN_POINT('',(0.064,0.00646446609406727,-0.005));
#3137=CARTESIAN_POINT('',(0.0648838834764832,0.00734834957055045,-0.005));
#3138=CARTESIAN_POINT('',(0.0803397459621556,0.016,-0.005));
#3139=CARTESIAN_POINT('',(0.0803397459621556,0.015,-0.005));
#3140=CARTESIAN_POINT('',(0.0820717967697245,0.0155,-0.005));
#3141=CARTESIAN_POINT('',(0.0820717967697245,-1.02070688641063E-17,-0.005));
#3142=CARTESIAN_POINT('',(0.0820717967697245,-0.0155,-0.005));
#3143=CARTESIAN_POINT('',(0.0803397459621556,-0.016,-0.005));
#3144=CARTESIAN_POINT('',(0.0803397459621556,-0.015,-0.005));
#3145=CARTESIAN_POINT('',(0.091,-0.015,-0.005));
#3146=CARTESIAN_POINT('',(0.011,-0.015,-0.005));
#3147=CARTESIAN_POINT('',(0.011,5.20417042793042E-18,-0.005));
#3148=CARTESIAN_POINT('',(0.011,0.015,-0.005));
#3149=CARTESIAN_POINT('',(0.091,0.015,-0.005));
#3150=CARTESIAN_POINT('',(0.052,0.01,-0.005));
#3151=CARTESIAN_POINT('',(0.0537677669529664,0.00823223304703364,-0.005));
#3152=CARTESIAN_POINT('',(0.0502322330470336,0.00823223304703364,-0.005));
#3153=CARTESIAN_POINT('',(0.0511161165235168,0.00734834957055045,-0.005));
#3154=CARTESIAN_POINT('',(0.052,0.00646446609406727,-0.005));
#3155=CARTESIAN_POINT('',(0.0528838834764832,0.00734834957055045,-0.005));
#3156=CARTESIAN_POINT('',(0.011,3.46944695195361E-18,-0.033));
#3157=CARTESIAN_POINT('',(0.011,-0.015,-0.019));
#3158=CARTESIAN_POINT('',(0.011,-0.015,-0.032));
#3159=CARTESIAN_POINT('',(0.011,3.46944695195361E-18,-0.032));
#3160=CARTESIAN_POINT('',(0.011,0.015,-0.032));
#3161=CARTESIAN_POINT('',(0.011,0.015,-0.019));
#3162=CARTESIAN_POINT('',(0.011,0.00734834957055045,-0.00911611652351681));
#3163=CARTESIAN_POINT('',(0.011,0.00646446609406727,-0.01));
#3164=CARTESIAN_POINT('',(0.011,0.00823223304703363,-0.00823223304703363));
#3165=CARTESIAN_POINT('',(0.011,0.01,-0.01));
#3166=CARTESIAN_POINT('',(0.011,0.00823223304703363,-0.0117677669529664));
#3167=CARTESIAN_POINT('',(0.011,0.00734834957055045,-0.0108838834764832));
#3168=CARTESIAN_POINT('',(0.011,-0.0126516504294495,-0.00911611652351682));
#3169=CARTESIAN_POINT('',(0.011,-0.0135355339059327,-0.01));
#3170=CARTESIAN_POINT('',(0.011,-0.0117677669529664,-0.00823223304703363));
#3171=CARTESIAN_POINT('',(0.011,-0.01,-0.01));
#3172=CARTESIAN_POINT('',(0.011,-0.0117677669529664,-0.0117677669529664));
#3173=CARTESIAN_POINT('',(0.011,-0.0126516504294496,-0.0108838834764832));
#3174=CARTESIAN_POINT('',(0.0025,3.46944695195361E-18,-0.033));
#3175=CARTESIAN_POINT('',(0.0335743741577959,0.015,-0.033));
#3176=CARTESIAN_POINT('',(0.0335743741577959,0.019,-0.033));
#3177=CARTESIAN_POINT('',(0.0335743741577959,0.016,-0.033));
#3178=CARTESIAN_POINT('',(0.011,0.016,-0.033));
#3179=CARTESIAN_POINT('',(0.01,0.016,-0.033));
#3180=CARTESIAN_POINT('',(0.01,1.84314369322536E-18,-0.033));
#3181=CARTESIAN_POINT('',(0.01,-0.016,-0.033));
#3182=CARTESIAN_POINT('',(0.0025,-0.016,-0.033));
#3183=CARTESIAN_POINT('',(0.0335743741577959,-0.016,-0.033));
#3184=CARTESIAN_POINT('',(0.0335743741577959,-0.02,-0.033));
#3185=CARTESIAN_POINT('',(0.0335743741577959,-0.019,-0.033));
#3186=CARTESIAN_POINT('',(0.006,-0.019,-0.033));
#3187=CARTESIAN_POINT('',(0.007,-0.019,-0.033));
#3188=CARTESIAN_POINT('',(0.007,0.02,-0.033));
#3189=CARTESIAN_POINT('',(0.007,0.019,-0.033));
#3190=CARTESIAN_POINT('',(0.0025,0.019,-0.033));
#3191=CARTESIAN_POINT('',(0.005998,0.01,-0.01));
#3192=CARTESIAN_POINT('',(0.005998,0.00823223304703363,-0.00823223304703363));
#3193=CARTESIAN_POINT('',(0.007,0.00823223304703363,-0.00823223304703363));
#3194=CARTESIAN_POINT('',(0.007,0.01,-0.01));
#3195=CARTESIAN_POINT('',(0.007,0.00823223304703363,-0.0117677669529664));
#3196=CARTESIAN_POINT('',(0.005998,0.00823223304703363,-0.0117677669529664));
#3197=CARTESIAN_POINT('',(0.005998,0.00734834957055045,-0.00911611652351681));
#3198=CARTESIAN_POINT('',(0.005998,0.00646446609406726,-0.01));
#3199=CARTESIAN_POINT('',(0.007,0.00646446609406726,-0.01));
#3200=CARTESIAN_POINT('',(0.007,0.00734834957055045,-0.00911611652351681));
#3201=CARTESIAN_POINT('',(0.005998,0.00734834957055045,-0.0108838834764832));
#3202=CARTESIAN_POINT('',(0.007,0.00646446609406726,-0.01));
#3203=CARTESIAN_POINT('',(0.005998,-0.0126516504294495,-0.00911611652351682));
#3204=CARTESIAN_POINT('',(0.005998,-0.0135355339059327,-0.01));
#3205=CARTESIAN_POINT('',(0.007,-0.0135355339059327,-0.01));
#3206=CARTESIAN_POINT('',(0.007,-0.0126516504294495,-0.00911611652351682));
#3207=CARTESIAN_POINT('',(0.007,-0.0117677669529664,-0.00823223304703363));
#3208=CARTESIAN_POINT('',(0.005998,-0.0117677669529664,-0.00823223304703363));
#3209=CARTESIAN_POINT('',(0.005998,-0.0126516504294495,-0.0108838834764832));
#3210=CARTESIAN_POINT('',(0.005998,-0.0117677669529664,-0.0117677669529664));
#3211=CARTESIAN_POINT('',(0.007,-0.0117677669529664,-0.0117677669529664));
#3212=CARTESIAN_POINT('',(0.007,-0.0135355339059327,-0.01));
#3213=CARTESIAN_POINT('',(0.005998,-0.01,-0.01));
#3214=CARTESIAN_POINT('',(0.007,-0.01,-0.01));
#3215=CARTESIAN_POINT('',(0.091,-0.015,-0.019));
#3216=CARTESIAN_POINT('',(0.033342323350227,-0.015,-0.0321339745962156));
#3217=CARTESIAN_POINT('',(0.0335743741577959,-0.015,-0.032));
#3218=CARTESIAN_POINT('',(0.091,-0.015,-0.032));
#3219=CARTESIAN_POINT('',(0.091,0.015,-0.019));
#3220=CARTESIAN_POINT('',(0.03,0.015,-0.016));
#3221=CARTESIAN_POINT('',(0.0316,0.015,-0.016));
#3222=CARTESIAN_POINT('',(0.015,0.015,-0.016));
#3223=CARTESIAN_POINT('',(0.0166,0.015,-0.016));
#3224=CARTESIAN_POINT('',(0.033842323350227,0.015,-0.032));
#3225=CARTESIAN_POINT('',(0.0335743741577959,0.015,-0.032));
#3226=CARTESIAN_POINT('',(0.0822727586640478,0.015,-0.00388397459621556));
#3227=CARTESIAN_POINT('',(0.091,-1.57209315010398E-17,0.));
#3228=CARTESIAN_POINT('',(0.0340743741577959,0.02,-0.0328660254037845));
#3229=CARTESIAN_POINT('',(0.0340743741577959,0.016,-0.0328660254037845));
#3230=CARTESIAN_POINT('',(0.0340743741577959,0.019,-0.0328660254037845));
#3231=CARTESIAN_POINT('',(0.091,0.019,-2.32609967224313E-18));
#3232=CARTESIAN_POINT('',(0.0877679491924311,0.019,-0.00186602540378444));
#3233=CARTESIAN_POINT('',(0.0877679491924311,-1.50200921996099E-17,-0.00186602540378444));
#3234=CARTESIAN_POINT('',(0.0877679491924311,-0.019,-0.00186602540378444));
#3235=CARTESIAN_POINT('',(0.091,-0.019,1.78399858600038E-18));
#3236=CARTESIAN_POINT('',(0.0340743741577959,-0.019,-0.0328660254037845));
#3237=CARTESIAN_POINT('',(0.0340743741577959,-0.015,-0.0328660254037845));
#3238=CARTESIAN_POINT('',(0.0340743741577959,-0.016,-0.0328660254037845));
#3239=CARTESIAN_POINT('',(0.0823397459621556,-0.016,-0.005));
#3240=CARTESIAN_POINT('',(0.0825717967697245,-0.016,-0.00486602540378444));
#3241=CARTESIAN_POINT('',(0.0825717967697245,-1.3893356250557E-17,-0.00486602540378444));
#3242=CARTESIAN_POINT('',(0.0825717967697245,0.016,-0.00486602540378444));
#3243=CARTESIAN_POINT('',(0.091,0.016,-1.97215226305253E-34));
#3244=CARTESIAN_POINT('',(0.011,0.01,0.0265));
#3245=CARTESIAN_POINT('',(0.011,0.01,0.005));
#3246=CARTESIAN_POINT('',(0.011,0.019,0.005));
#3247=CARTESIAN_POINT('',(0.011,0.001,0.005));
#3248=CARTESIAN_POINT('',(0.011,0.001,0.0265));
#3249=CARTESIAN_POINT('',(0.011,0.001,0.0255));
#3250=CARTESIAN_POINT('',(0.011,0.02,0.0255));
#3251=CARTESIAN_POINT('',(0.011,0.019,0.0255));
#3252=CARTESIAN_POINT('',(0.011,0.019,0.0265));
#3253=CARTESIAN_POINT('',(0.011,0.01,0.005));
#3254=CARTESIAN_POINT('',(0.00770710678118655,-0.001,0.00170710678118655));
#3255=CARTESIAN_POINT('',(0.00629289321881345,0.000414213562373094,0.000292893218813452));
#3256=CARTESIAN_POINT('',(0.00770710678118655,0.001,0.00170710678118655));
#3257=CARTESIAN_POINT('',(0.011,0.001,0.005));
#3258=CARTESIAN_POINT('',(0.011,0.019,0.005));
#3259=CARTESIAN_POINT('',(0.00629289321881346,0.019,0.000292893218813462));
#3260=CARTESIAN_POINT('',(0.00629289321881345,-2.4532694666934E-19,0.000292893218813452));
#3261=CARTESIAN_POINT('',(0.064,0.01,-0.005002));
#3262=CARTESIAN_POINT('',(0.0657677669529664,0.00823223304703363,-0.005002));
#3263=CARTESIAN_POINT('',(0.0622322330470336,0.00823223304703363,-0.005002));
#3264=CARTESIAN_POINT('',(0.0631161165235168,0.00734834957055045,-0.005002));
#3265=CARTESIAN_POINT('',(0.064,0.00646446609406727,-0.005002));
#3266=CARTESIAN_POINT('',(0.0648838834764832,0.00734834957055045,-0.005002));
#3267=CARTESIAN_POINT('',(0.076,0.01,-0.005002));
#3268=CARTESIAN_POINT('',(0.0777677669529664,0.00823223304703363,-0.005002));
#3269=CARTESIAN_POINT('',(0.0742322330470336,0.00823223304703364,-0.005002));
#3270=CARTESIAN_POINT('',(0.0751161165235168,0.00734834957055045,-0.005002));
#3271=CARTESIAN_POINT('',(0.076,0.00646446609406727,-0.005002));
#3272=CARTESIAN_POINT('',(0.0768838834764832,0.00734834957055045,-0.005002));
#3273=CARTESIAN_POINT('',(0.0511161165235168,0.00734834957055045,-0.005002));
#3274=CARTESIAN_POINT('',(0.0502322330470336,0.00823223304703364,-0.005002));
#3275=CARTESIAN_POINT('',(0.052,0.00646446609406727,-0.005002));
#3276=CARTESIAN_POINT('',(0.0528838834764832,0.00734834957055045,-0.005002));
#3277=CARTESIAN_POINT('',(0.0537677669529664,0.00823223304703364,-0.005002));
#3278=CARTESIAN_POINT('',(0.052,0.01,-0.005002));
#3279=CARTESIAN_POINT('',(0.027,-0.0165,-0.00225));
#3280=CARTESIAN_POINT('',(0.027,-0.019,-0.00225));
#3281=CARTESIAN_POINT('',(0.048,-0.019,-0.00225));
#3282=CARTESIAN_POINT('',(0.007,-0.019,-0.00225));
#3283=CARTESIAN_POINT('',(0.007,-0.0165,-0.00225));
#3284=CARTESIAN_POINT('',(0.007,-0.0165,-0.00225));
#3285=CARTESIAN_POINT('',(0.027,-0.0165,-0.00225));
#3286=CARTESIAN_POINT('',(0.048,-0.0165,-0.00225));
#3287=CARTESIAN_POINT('',(0.048,-0.0165,-0.00225));
#3288=CARTESIAN_POINT('',(0.027,-0.0165,-0.00775));
#3289=CARTESIAN_POINT('',(0.027,-0.0165,-0.00775));
#3290=CARTESIAN_POINT('',(0.007,-0.0165,-0.00775));
#3291=CARTESIAN_POINT('',(0.048,-0.0165,-0.00775));
#3292=CARTESIAN_POINT('',(0.007,-0.02,-0.00775));
#3293=CARTESIAN_POINT('',(0.007,-0.019,-0.00775));
#3294=CARTESIAN_POINT('',(0.048,-0.019,-0.00775));
#3295=CARTESIAN_POINT('',(0.048,-0.019,-0.00775));
#3296=CARTESIAN_POINT('',(0.048,-0.0165,-0.00775));
#3297=CARTESIAN_POINT('',(0.048,-0.0165,-0.005));
#3298=CARTESIAN_POINT('',(0.048,-0.019,-0.005));
#3299=CARTESIAN_POINT('',(0.048,-0.0165,-0.005));
#3300=CARTESIAN_POINT('',(0.0485,-0.0165,-0.0165));
#3301=CARTESIAN_POINT('',(0.007,-0.0165,-0.0165));
#3302=CARTESIAN_POINT('',(0.0196,0.01,0.0221));
#3303=CARTESIAN_POINT('',(0.0196,0.01,0.0255));
#3304=CARTESIAN_POINT('',(0.0196,0.019,0.0255));
#3305=CARTESIAN_POINT('',(0.0196,0.001,0.0255));
#3306=CARTESIAN_POINT('',(0.0196,0.001,0.0221));
#3307=CARTESIAN_POINT('',(0.0196,0.001,0.0221));
#3308=CARTESIAN_POINT('',(0.0196,0.01,0.0221));
#3309=CARTESIAN_POINT('',(0.0196,0.019,0.0221));
#3310=CARTESIAN_POINT('',(0.0196,0.019,0.0265));
#3311=CARTESIAN_POINT('',(0.0226,0.0025,0.0221));
#3312=CARTESIAN_POINT('',(0.0226,0.0025,0.0285));
#3313=CARTESIAN_POINT('',(0.024,0.0025,0.0285));
#3314=CARTESIAN_POINT('',(0.0226,0.0025,0.0221));
#3315=CARTESIAN_POINT('',(0.024,0.0025,0.0221));
#3316=CARTESIAN_POINT('',(0.0226,0.0175,0.0221));
#3317=CARTESIAN_POINT('',(0.0226,0.0175,0.0285));
#3318=CARTESIAN_POINT('',(0.024,0.0175,0.0285));
#3319=CARTESIAN_POINT('',(0.0226,0.0175,0.0221));
#3320=CARTESIAN_POINT('',(0.024,0.0175,0.0221));
#3321=CARTESIAN_POINT('',(0.0255,0.01,0.0221));
#3322=CARTESIAN_POINT('',(0.0255,0.001,0.0221));
#3323=CARTESIAN_POINT('',(0.039,0.001,0.0221));
#3324=CARTESIAN_POINT('',(0.039,0.01,0.0221));
#3325=CARTESIAN_POINT('',(0.039,0.019,0.0221));
#3326=CARTESIAN_POINT('',(0.0196,0.019,0.0221));
#3327=CARTESIAN_POINT('',(0.0255,0.01,0.0295));
#3328=CARTESIAN_POINT('',(0.0226,0.0175,0.0295));
#3329=CARTESIAN_POINT('',(0.023,0.0175,0.0295));
#3330=CARTESIAN_POINT('',(0.0255,0.01,0.0295));
#3331=CARTESIAN_POINT('',(0.0226,0.0025,0.0295));
#3332=CARTESIAN_POINT('',(0.023,0.0025,0.0295));
#3333=CARTESIAN_POINT('',(0.0226,0.0175,0.0285));
#3334=CARTESIAN_POINT('',(0.0226,0.0025,0.0285));
#3335=CARTESIAN_POINT('',(0.007,-0.019,-0.00875));
#3336=CARTESIAN_POINT('',(0.007,-0.019,-0.00875));
#3337=CARTESIAN_POINT('',(0.007,-0.019,-0.00875));
#3338=CARTESIAN_POINT('',(0.007,-0.019,-0.00875));
#3339=CARTESIAN_POINT('',(0.027,-0.019,-0.00875));
#3340=CARTESIAN_POINT('',(0.049,-0.019,-0.00875));
#3341=CARTESIAN_POINT('',(0.0905,-0.016,0.000866025403784439));
#3342=CARTESIAN_POINT('',(0.0820717967697245,-0.016,-0.004));
#3343=CARTESIAN_POINT('',(0.0335743741577959,-0.016,-0.032));
#3344=CARTESIAN_POINT('',(0.007,-0.0165,-0.00875));
#3345=CARTESIAN_POINT('',(0.007,-0.0155,-0.00875));
#3346=CARTESIAN_POINT('',(0.007,-0.019,-0.033));
#3347=CARTESIAN_POINT('',(0.007,-0.019,-0.032));
#3348=CARTESIAN_POINT('',(0.049,-0.019,-0.033));
#3349=CARTESIAN_POINT('',(0.049,-0.019,-0.00125));
#3350=CARTESIAN_POINT('',(0.091,-0.016,-0.032));
#3351=CARTESIAN_POINT('',(0.0335743741577959,-0.016,-0.032));
#3352=CARTESIAN_POINT('',(0.01,-0.016,-0.032));
#3353=CARTESIAN_POINT('',(0.01,1.84314369322536E-18,-0.032));
#3354=CARTESIAN_POINT('',(0.01,0.016,-0.032));
#3355=CARTESIAN_POINT('',(0.0820717967697245,-1.02070688641063E-17,-0.004));
#3356=CARTESIAN_POINT('',(0.0820717967697245,0.016,-0.004));
#3357=CARTESIAN_POINT('',(0.0335743741577959,-0.016,-0.032));
#3358=CARTESIAN_POINT('',(0.0335743741577959,-0.016,-0.032));
#3359=CARTESIAN_POINT('',(0.007,-0.0155,-0.033));
#3360=CARTESIAN_POINT('',(0.007,-0.0155,-0.00125));
#3361=CARTESIAN_POINT('',(0.007,-0.019,-0.032));
#3362=CARTESIAN_POINT('',(0.007,-0.019,-0.032));
#3363=CARTESIAN_POINT('',(0.007,-0.019,-0.032));
#3364=CARTESIAN_POINT('',(0.0085,-0.019,-0.00125));
#3365=CARTESIAN_POINT('',(0.007,-0.019,-0.00125));
#3366=CARTESIAN_POINT('',(0.007,3.29597460435593E-18,-0.00125));
#3367=CARTESIAN_POINT('',(0.007,-0.019,-0.00125));
#3368=CARTESIAN_POINT('',(0.007,3.29597460435593E-18,-0.032));
#3369=CARTESIAN_POINT('',(0.007,0.019,-0.032));
#3370=CARTESIAN_POINT('',(0.0025,0.016,-0.032));
#3371=CARTESIAN_POINT('',(0.0335743741577959,0.016,-0.032));
#3372=CARTESIAN_POINT('',(0.0822727586640478,0.016,-0.00388397459621556));
#3373=CARTESIAN_POINT('',(0.0335743741577959,0.016,-0.032));
#3374=CARTESIAN_POINT('',(0.0335743741577959,-3.26873384214834E-18,-0.032));
#3375=CARTESIAN_POINT('',(0.0335743741577959,-0.019,-0.032));
#3376=CARTESIAN_POINT('',(0.0085,-0.019,-0.032));
#3377=CARTESIAN_POINT('',(0.0335743741577959,-0.019,-0.032));
#3378=CARTESIAN_POINT('',(0.007,-0.019,-0.00125));
#3379=CARTESIAN_POINT('',(0.007,-0.019,-0.00125));
#3380=CARTESIAN_POINT('',(0.007,0.019,-0.033));
#3381=CARTESIAN_POINT('',(0.007,0.019,-0.000414213562373088));
#3382=CARTESIAN_POINT('',(0.007,0.019,-0.032));
#3383=CARTESIAN_POINT('',(-0.00854289321881346,0.019,-0.0159571067811866));
#3384=CARTESIAN_POINT('',(0.012,0.019,0.00458578643762689));
#3385=CARTESIAN_POINT('',(0.007,0.019,-0.000414213562373086));
#3386=CARTESIAN_POINT('',(0.007,0.019,-0.032));
#3387=CARTESIAN_POINT('',(0.007,0.019,-0.032));
#3388=CARTESIAN_POINT('',(0.0335743741577959,0.016,-0.032));
#3389=CARTESIAN_POINT('',(0.0335743741577959,0.016,-0.032));
#3390=CARTESIAN_POINT('',(0.0335743741577959,-0.019,-0.032));
#3391=CARTESIAN_POINT('',(0.0335743741577959,-0.019,-0.032));
#3392=CARTESIAN_POINT('',(0.007,-0.019,-0.033));
#3393=CARTESIAN_POINT('',(0.007,-0.019,-0.001));
#3394=CARTESIAN_POINT('',(0.007,0.019,-0.000414213562373086));
#3395=CARTESIAN_POINT('',(0.007,0.019,-0.000414213562373086));
#3396=CARTESIAN_POINT('',(0.012,0.019,0.0265));
#3397=CARTESIAN_POINT('',(0.012,0.019,0.0255));
#3398=CARTESIAN_POINT('',(0.0025,0.019,-0.032));
#3399=CARTESIAN_POINT('',(0.0335743741577959,0.019,-0.032));
#3400=CARTESIAN_POINT('',(0.0335743741577959,-3.26873384214834E-18,-0.032));
#3401=CARTESIAN_POINT('',(0.0335743741577959,0.019,-0.032));
#3402=CARTESIAN_POINT('',(0.0143355808375568,-0.019,-0.0431075225023237));
#3403=CARTESIAN_POINT('',(0.0872679491924311,-0.019,-0.001));
#3404=CARTESIAN_POINT('',(0.0025,-0.019,-0.001));
#3405=CARTESIAN_POINT('',(0.007,-0.019,-0.001));
#3406=CARTESIAN_POINT('',(0.0872679491924311,-0.019,-0.001));
#3407=CARTESIAN_POINT('',(0.007,-0.019,-0.001));
#3408=CARTESIAN_POINT('',(0.007,-0.019,-0.001));
#3409=CARTESIAN_POINT('',(0.007,0.01,-0.00041421356237309));
#3410=CARTESIAN_POINT('',(0.007,0.000414213562373095,-0.000414213562373095));
#3411=CARTESIAN_POINT('',(0.012,0.001,0.0265));
#3412=CARTESIAN_POINT('',(0.012,0.001,0.0255));
#3413=CARTESIAN_POINT('',(0.012,0.001,0.00458578643762691));
#3414=CARTESIAN_POINT('',(0.012,-1.07552855510562E-17,0.0255));
#3415=CARTESIAN_POINT('',(0.012,0.019,0.0255));
#3416=CARTESIAN_POINT('',(0.012,0.001,0.0255));
#3417=CARTESIAN_POINT('',(0.012,0.019,0.0255));
#3418=CARTESIAN_POINT('',(0.012,0.019,0.0255));
#3419=CARTESIAN_POINT('',(0.0335743741577959,0.019,-0.032));
#3420=CARTESIAN_POINT('',(0.0335743741577959,0.019,-0.032));
#3421=CARTESIAN_POINT('',(0.0872679491924311,-0.019,-0.001));
#3422=CARTESIAN_POINT('',(0.0872679491924311,-0.019,-0.001));
#3423=CARTESIAN_POINT('',(0.007,2.68882138776405E-18,-0.001));
#3424=CARTESIAN_POINT('',(0.007,-0.001,-0.001));
#3425=CARTESIAN_POINT('',(0.007,0.000414213562373095,-0.000414213562373095));
#3426=CARTESIAN_POINT('',(0.007,0.000414213562373095,-0.000414213562373095));
#3427=CARTESIAN_POINT('',(0.007,-0.000292893218813453,0.000292893218813453));
#3428=CARTESIAN_POINT('',(0.007,0.000414213562373095,-0.000414213562373095));
#3429=CARTESIAN_POINT('',(0.0297071067811865,0.001,0.0222928932188135));
#3430=CARTESIAN_POINT('',(0.0084142135623731,0.001,0.001));
#3431=CARTESIAN_POINT('',(0.012,0.001,0.0255));
#3432=CARTESIAN_POINT('',(0.012,0.001,0.0255));
#3433=CARTESIAN_POINT('',(0.0085,0.019,0.0255));
#3434=CARTESIAN_POINT('',(0.0186,0.019,0.0255));
#3435=CARTESIAN_POINT('',(0.0905,0.019,0.000866025403784437));
#3436=CARTESIAN_POINT('',(0.0872679491924311,0.019,-0.001));
#3437=CARTESIAN_POINT('',(0.0872679491924311,-1.49116719823613E-17,-0.001));
#3438=CARTESIAN_POINT('',(0.0872679491924311,0.019,-0.001));
#3439=CARTESIAN_POINT('',(0.007,-0.001,0.001));
#3440=CARTESIAN_POINT('',(0.007,-0.001,0.001));
#3441=CARTESIAN_POINT('',(0.007,-0.000292893218813451,0.000292893218813451));
#3442=CARTESIAN_POINT('',(0.00652859547920897,-5.71909584179347E-5,0.000528595479208967));
#3443=CARTESIAN_POINT('',(0.00629289321881345,0.000414213562373096,0.000292893218813452));
#3444=CARTESIAN_POINT('',(0.00737024026542191,-0.000107773086105729,0.000478013351521173));
#3445=CARTESIAN_POINT('',(0.00687271291868301,0.000157882431368378,0.000872712918682381));
#3446=CARTESIAN_POINT('',(0.00666313348423523,0.000784453827782074,0.000663133484235222));
#3447=CARTESIAN_POINT('',(0.00789061476495745,1.92086086956334E-18,0.000738200601292495));
#3448=CARTESIAN_POINT('',(0.00734767655353294,0.000169437051855599,0.00134767655353357));
#3449=CARTESIAN_POINT('',(0.00718350798377122,0.000999999999994383,0.00118350798377122));
#3450=CARTESIAN_POINT('',(0.00841421356237309,2.60208521396521E-18,0.000999999999999997));
#3451=CARTESIAN_POINT('',(0.00770710678118655,4.33680868994202E-18,0.00170710678118654));
#3452=CARTESIAN_POINT('',(0.00770710678118655,0.001,0.00170710678118654));
#3453=CARTESIAN_POINT('',(0.0084142135623731,-0.001,0.001));
#3454=CARTESIAN_POINT('',(0.0255,0.001,0.0255));
#3455=CARTESIAN_POINT('',(0.0186,0.001,0.0255));
#3456=CARTESIAN_POINT('',(0.0186,3.46944695195361E-18,0.0255));
#3457=CARTESIAN_POINT('',(0.0186,0.019,0.0255));
#3458=CARTESIAN_POINT('',(0.0186,0.001,0.0255));
#3459=CARTESIAN_POINT('',(0.0186,0.019,0.0255));
#3460=CARTESIAN_POINT('',(0.0186,0.019,0.0255));
#3461=CARTESIAN_POINT('',(0.0872679491924311,0.019,-0.001));
#3462=CARTESIAN_POINT('',(0.0872679491924311,0.019,-0.001));
#3463=CARTESIAN_POINT('',(0.0025,-0.001,0.001));
#3464=CARTESIAN_POINT('',(0.039,-0.001,0.001));
#3465=CARTESIAN_POINT('',(0.0186,0.001,0.0255));
#3466=CARTESIAN_POINT('',(0.0186,0.001,0.0255));
#3467=CARTESIAN_POINT('',(0.0186,0.019,0.0221));
#3468=CARTESIAN_POINT('',(0.0186,0.019,0.0211));
#3469=CARTESIAN_POINT('',(0.0085,0.019,-0.001));
#3470=CARTESIAN_POINT('',(0.039,0.019,-0.001));
#3471=CARTESIAN_POINT('',(0.039,0.001,0.001));
#3472=CARTESIAN_POINT('',(0.039,0.001,0.001));
#3473=CARTESIAN_POINT('',(0.0186,0.001,0.0265));
#3474=CARTESIAN_POINT('',(0.0186,0.001,0.0211));
#3475=CARTESIAN_POINT('',(0.0085,0.019,0.0211));
#3476=CARTESIAN_POINT('',(0.039,0.019,0.0211));
#3477=CARTESIAN_POINT('',(0.039,0.019,-0.033));
#3478=CARTESIAN_POINT('',(0.039,0.019,0.0211));
#3479=CARTESIAN_POINT('',(0.039,0.001,0.0265));
#3480=CARTESIAN_POINT('',(0.039,0.001,0.0211));
#3481=CARTESIAN_POINT('',(0.0255,0.001,0.0211));
#3482=CARTESIAN_POINT('',(0.039,0.001,0.0211));
#3483=CARTESIAN_POINT('',(0.039,0.019,0.0211));
#3484=CARTESIAN_POINT('',(0.039,0.019,0.0211));
#3485=CARTESIAN_POINT('',(0.039,0.001,0.0211));
#3486=CARTESIAN_POINT('',(0.039,0.001,0.0211));
#3487=CARTESIAN_POINT('',(0.039,0.01,0.0211));
#3488=CARTESIAN_POINT('',(0.007,0.0066412427893639,-0.00840900974233026));
#3489=CARTESIAN_POINT('',(0.007,0.00505025253169417,-0.01));
#3490=CARTESIAN_POINT('',(0.007,0.00752512626584708,-0.00752512626584708));
#3491=CARTESIAN_POINT('',(0.007,0.01,-0.01));
#3492=CARTESIAN_POINT('',(0.007,0.00752512626584709,-0.0124748737341529));
#3493=CARTESIAN_POINT('',(0.007,0.0140251262658471,-0.0189748737341529));
#3494=CARTESIAN_POINT('',(0.007,-0.0133587572106361,-0.00840900974233027));
#3495=CARTESIAN_POINT('',(0.007,-0.0149497474683058,-0.01));
#3496=CARTESIAN_POINT('',(0.007,-0.0124748737341529,-0.00752512626584709));
#3497=CARTESIAN_POINT('',(0.007,-0.01,-0.01));
#3498=CARTESIAN_POINT('',(0.007,-0.0124748737341529,-0.0124748737341529));
#3499=CARTESIAN_POINT('',(0.007,0.00402512626584709,-0.0289748737341529));
#3500=CARTESIAN_POINT('',(0.015,0.014998,-0.016));
#3501=CARTESIAN_POINT('',(0.03,0.014998,-0.016));
#3502=CARTESIAN_POINT('',(0.0225,0.0175,-0.018));
#3503=CARTESIAN_POINT('',(0.0225,0.0175,-0.018));
#3504=CARTESIAN_POINT('',(0.0315,0.0175,-0.018));
#3505=CARTESIAN_POINT('',(0.0135,0.0175,-0.018));
#3506=CARTESIAN_POINT('',(0.0135,0.02,-0.018));
#3507=CARTESIAN_POINT('',(0.0315,0.0175,-0.018));
#3508=CARTESIAN_POINT('',(0.0325,0.0175,-0.023));
#3509=CARTESIAN_POINT('',(0.0325,0.0175,-0.027));
#3510=CARTESIAN_POINT('',(0.0325,0.0175,-0.027));
#3511=CARTESIAN_POINT('',(0.0325,0.0175,-0.023));
#3512=CARTESIAN_POINT('',(0.0325,0.0175,-0.019));
#3513=CARTESIAN_POINT('',(0.0325,0.0175,-0.019));
#3514=CARTESIAN_POINT('',(0.0225,0.0175,-0.028));
#3515=CARTESIAN_POINT('',(0.0135,0.0175,-0.028));
#3516=CARTESIAN_POINT('',(0.0135,0.0175,-0.028));
#3517=CARTESIAN_POINT('',(0.0225,0.0175,-0.028));
#3518=CARTESIAN_POINT('',(0.0315,0.0175,-0.028));
#3519=CARTESIAN_POINT('',(0.0315,0.02,-0.028));
#3520=CARTESIAN_POINT('',(0.0125,0.0175,-0.023));
#3521=CARTESIAN_POINT('',(0.0125,0.0175,-0.023));
#3522=CARTESIAN_POINT('',(0.0125,0.0175,-0.019));
#3523=CARTESIAN_POINT('',(0.0125,0.0175,-0.027));
#3524=CARTESIAN_POINT('',(0.0125,0.0175,-0.027));
#3525=CARTESIAN_POINT('',(0.0125,0.0175,-0.019));
#3526=CARTESIAN_POINT('',(0.0471339745962156,0.0175,-0.00375));
#3527=CARTESIAN_POINT('',(0.0181919872981078,0.0175,-0.0326919872981078));
#3528=CARTESIAN_POINT('',(0.0374419872981077,0.0175,0.00594198729810778));
#3529=CARTESIAN_POINT('',(0.0321919872981078,0.0175,-0.0186919872981078));
#3530=CARTESIAN_POINT('',(0.0514419872981078,0.0175,-0.00805801270189221));
#3531=CARTESIAN_POINT('',(0.0125,0.0175,-0.027));
#3532=CARTESIAN_POINT('',(0.0315,0.0175,-0.028));
#3533=CARTESIAN_POINT('',(0.0135,0.0175,-0.018));
#3534=CARTESIAN_POINT('',(0.0325,0.0175,-0.019));
#3535=CARTESIAN_POINT('',(0.0298,-1.99999999999506E-6,0.0196));
#3536=CARTESIAN_POINT('',(0.0283,-1.99999999999506E-6,0.0196));
#3537=CARTESIAN_POINT('',(0.0313,-1.99999999999506E-6,0.0196));
#3538=CARTESIAN_POINT('',(0.0313,-1.99999999999506E-6,0.0191));
#3539=CARTESIAN_POINT('',(0.0313,-1.99999999999506E-6,0.0186));
#3540=CARTESIAN_POINT('',(0.0298,-1.99999999999506E-6,0.0186));
#3541=CARTESIAN_POINT('',(0.0283,-1.99999999999506E-6,0.0186));
#3542=CARTESIAN_POINT('',(0.0283,-1.99999999999506E-6,0.0191));
#3543=MECHANICAL_DESIGN_GEOMETRIC_PRESENTATION_REPRESENTATION('',(#2052),
#3544);
#3544=(
GEOMETRIC_REPRESENTATION_CONTEXT(3)
GLOBAL_UNCERTAINTY_ASSIGNED_CONTEXT((#3545))
GLOBAL_UNIT_ASSIGNED_CONTEXT((#3548,#3547,#3546))
REPRESENTATION_CONTEXT('y axis leadscrew wedge',
'TOP_LEVEL_ASSEMBLY_PART')
);
#3545=UNCERTAINTY_MEASURE_WITH_UNIT(LENGTH_MEASURE(2.E-5),#3548,
'DISTANCE_ACCURACY_VALUE','Maximum Tolerance applied to model');
#3546=(
NAMED_UNIT(*)
SI_UNIT($,.STERADIAN.)
SOLID_ANGLE_UNIT()
);
#3547=(
NAMED_UNIT(*)
PLANE_ANGLE_UNIT()
SI_UNIT($,.RADIAN.)
);
#3548=(
LENGTH_UNIT()
NAMED_UNIT(*)
SI_UNIT($,.METRE.)
);
#3549=PRODUCT_DEFINITION_SHAPE('','',#3550);
#3550=PRODUCT_DEFINITION('','',#3552,#3551);
#3551=PRODUCT_DEFINITION_CONTEXT('',#3558,'design');
#3552=PRODUCT_DEFINITION_FORMATION_WITH_SPECIFIED_SOURCE('','',#3554,
 .NOT_KNOWN.);
#3553=PRODUCT_RELATED_PRODUCT_CATEGORY('','',(#3554));
#3554=PRODUCT('y axis leadscrew wedge','y axis leadscrew wedge',
'y axis leadscrew wedge',(#3556));
#3555=PRODUCT_CATEGORY('','');
#3556=PRODUCT_CONTEXT('',#3558,'mechanical');
#3557=APPLICATION_PROTOCOL_DEFINITION('international standard',
'ap242_managed_model_based_3d_engineering',2020,#3558);
#3558=APPLICATION_CONTEXT('managed model based 3d engineering');
ENDSEC;
END-ISO-10303-21;
